user_id,channel,signup_date
u000000,search,2023-07-06
u000001,search,2023-07-12
u000002,search,2023-07-08
u000003,search,2023-07-10
u000004,search,2023-07-22
u000005,search,2023-07-20
u000006,search,2023-07-19
u000007,search,2023-07-12
u000008,search,2023-07-30
u000009,search,2023-07-03
u000010,search,2023-07-11
u000011,search,2023-07-04
u000012,search,2023-07-11
u000013,search,2023-07-30
u000014,search,2023-07-12
u000015,search,2023-07-29
u000016,search,2023-07-16
u000017,search,2023-07-22
u000018,search,2023-07-15
u000019,search,2023-07-09
u000020,search,2023-07-24
u000021,search,2023-07-31
u000022,search,2023-07-09
u000023,search,2023-07-25
u000024,search,2023-07-09
u000025,search,2023-07-23
u000026,search,2023-07-25
u000027,search,2023-07-14
u000028,search,2023-07-23
u000029,search,2023-07-09
u000030,search,2023-07-03
u000031,search,2023-07-03
u000032,search,2023-07-14
u000033,search,2023-07-28
u000034,search,2023-07-04
u000035,search,2023-07-15
u000036,search,2023-07-22
u000037,search,2023-07-07
u000038,search,2023-07-23
u000039,search,2023-07-10
u000040,search,2023-07-26
u000041,search,2023-07-18
u000042,search,2023-07-17
u000043,search,2023-07-06
u000044,search,2023-07-15
u000045,search,2023-07-27
u000046,search,2023-07-01
u000047,search,2023-07-24
u000048,search,2023-07-16
u000049,search,2023-07-23
u000050,search,2023-07-21
u000051,search,2023-07-14
u000052,search,2023-07-10
u000053,search,2023-07-20
u000054,search,2023-07-05
u000055,search,2023-07-19
u000056,search,2023-07-03
u000057,search,2023-07-21
u000058,search,2023-07-20
u000059,search,2023-07-03
u000060,search,2023-07-24
u000061,search,2023-07-13
u000062,search,2023-07-25
u000063,search,2023-07-02
u000064,search,2023-07-06
u000065,search,2023-07-16
u000066,search,2023-07-06
u000067,search,2023-07-11
u000068,search,2023-07-21
u000069,search,2023-07-05
u000070,search,2023-07-22
u000071,search,2023-07-04
u000072,search,2023-07-06
u000073,search,2023-07-19
u000074,search,2023-07-25
u000075,search,2023-07-06
u000076,search,2023-07-10
u000077,search,2023-07-29
u000078,search,2023-07-31
u000079,search,2023-07-19
u000080,search,2023-07-14
u000081,search,2023-07-11
u000082,search,2023-07-19
u000083,search,2023-07-19
u000084,search,2023-07-10
u000085,search,2023-07-01
u000086,search,2023-07-05
u000087,search,2023-07-30
u000088,search,2023-07-13
u000089,search,2023-07-15
u000090,search,2023-07-15
u000091,search,2023-07-25
u000092,search,2023-07-03
u000093,search,2023-07-03
u000094,search,2023-07-09
u000095,search,2023-07-16
u000096,search,2023-07-21
u000097,search,2023-07-16
u000098,search,2023-07-14
u000099,search,2023-07-30
u000100,search,2023-07-05
u000101,search,2023-07-18
u000102,search,2023-07-17
u000103,search,2023-07-15
u000104,search,2023-07-26
u000105,search,2023-07-09
u000106,search,2023-07-30
u000107,search,2023-07-11
u000108,search,2023-07-17
u000109,search,2023-07-17
u000110,search,2023-07-27
u000111,search,2023-07-14
u000112,search,2023-07-09
u000113,search,2023-07-01
u000114,search,2023-07-12
u000115,search,2023-07-26
u000116,search,2023-07-01
u000117,search,2023-07-28
u000118,search,2023-07-17
u000119,search,2023-07-05
u000120,display,2023-07-01
u000121,display,2023-07-03
u000122,display,2023-07-16
u000123,display,2023-07-16
u000124,display,2023-07-10
u000125,display,2023-07-09
u000126,display,2023-07-03
u000127,display,2023-07-21
u000128,display,2023-07-12
u000129,display,2023-07-04
u000130,display,2023-07-13
u000131,display,2023-07-30
u000132,display,2023-07-09
u000133,display,2023-07-28
u000134,display,2023-07-09
u000135,display,2023-07-06
u000136,display,2023-07-09
u000137,display,2023-07-11
u000138,display,2023-07-04
u000139,display,2023-07-19
u000140,display,2023-07-11
u000141,display,2023-07-23
u000142,display,2023-07-16
u000143,display,2023-07-14
u000144,display,2023-07-15
u000145,display,2023-07-05
u000146,display,2023-07-23
u000147,display,2023-07-04
u000148,display,2023-07-23
u000149,display,2023-07-31
u000150,display,2023-07-24
u000151,display,2023-07-15
u000152,display,2023-07-10
u000153,display,2023-07-28
u000154,display,2023-07-08
u000155,display,2023-07-15
u000156,display,2023-07-24
u000157,display,2023-07-29
u000158,display,2023-07-29
u000159,display,2023-07-03
u000160,display,2023-07-28
u000161,display,2023-07-04
u000162,display,2023-07-19
u000163,display,2023-07-29
u000164,display,2023-07-21
u000165,display,2023-07-30
u000166,display,2023-07-11
u000167,display,2023-07-10
u000168,display,2023-07-11
u000169,display,2023-07-12
u000170,display,2023-07-22
u000171,display,2023-07-15
u000172,display,2023-07-23
u000173,display,2023-07-13
u000174,display,2023-07-10
u000175,display,2023-07-06
u000176,display,2023-07-18
u000177,display,2023-07-28
u000178,display,2023-07-27
u000179,display,2023-07-08
u000180,retargeting,2023-07-27
u000181,retargeting,2023-07-01
u000182,retargeting,2023-07-29
u000183,retargeting,2023-07-21
u000184,retargeting,2023-07-11
u000185,retargeting,2023-07-01
u000186,retargeting,2023-07-19
u000187,retargeting,2023-07-03
u000188,retargeting,2023-07-19
u000189,retargeting,2023-07-24
u000190,retargeting,2023-07-09
u000191,retargeting,2023-07-08
u000192,retargeting,2023-07-07
u000193,retargeting,2023-07-07
u000194,retargeting,2023-07-04
u000195,retargeting,2023-07-08
u000196,retargeting,2023-07-21
u000197,retargeting,2023-07-10
u000198,retargeting,2023-07-25
u000199,retargeting,2023-07-26
u000200,retargeting,2023-07-24
u000201,retargeting,2023-07-17
u000202,retargeting,2023-07-10
u000203,retargeting,2023-07-29
u000204,retargeting,2023-07-07
u000205,retargeting,2023-07-15
u000206,retargeting,2023-07-15
u000207,retargeting,2023-07-24
u000208,retargeting,2023-07-17
u000209,retargeting,2023-07-25
u000210,brand,2023-07-13
u000211,brand,2023-07-15
u000212,brand,2023-07-19
u000213,brand,2023-07-10
u000214,brand,2023-07-02
u000215,brand,2023-07-18
u000216,brand,2023-07-26
u000217,brand,2023-07-03
u000218,brand,2023-07-07
u000219,brand,2023-07-09
u000220,brand,2023-07-25
u000221,brand,2023-07-16
u000222,brand,2023-07-17
u000223,brand,2023-07-21
u000224,brand,2023-07-09
u000225,brand,2023-07-23
u000226,brand,2023-07-01
u000227,brand,2023-07-04
u000228,brand,2023-07-26
u000229,brand,2023-07-21
u000230,brand,2023-07-06
u000231,brand,2023-07-14
u000232,brand,2023-07-02
u000233,brand,2023-07-21
u000234,brand,2023-07-24
u000235,brand,2023-07-09
u000236,brand,2023-07-11
u000237,brand,2023-07-08
u000238,brand,2023-07-13
u000239,brand,2023-07-09
u000240,brand,2023-07-08
u000241,brand,2023-07-14
u000242,brand,2023-07-27
u000243,brand,2023-07-24
u000244,brand,2023-07-10
u000245,brand,2023-07-30
u000246,brand,2023-07-07
u000247,brand,2023-07-29
u000248,brand,2023-07-10
u000249,brand,2023-07-17
u000250,brand,2023-07-07
u000251,brand,2023-07-24
u000252,brand,2023-07-10
u000253,brand,2023-07-28
u000254,brand,2023-07-03
u000255,brand,2023-07-16
u000256,brand,2023-07-05
u000257,brand,2023-07-28
u000258,brand,2023-07-13
u000259,brand,2023-07-21
u000260,brand,2023-07-28
u000261,brand,2023-07-17
u000262,brand,2023-07-02
u000263,brand,2023-07-07
u000264,brand,2023-07-07
u000265,brand,2023-07-29
u000266,brand,2023-07-29
u000267,brand,2023-07-15
u000268,brand,2023-07-28
u000269,brand,2023-07-08
u000270,brand,2023-07-22
u000271,brand,2023-07-13
u000272,brand,2023-07-08
u000273,brand,2023-07-08
u000274,brand,2023-07-14
u000275,brand,2023-07-11
u000276,brand,2023-07-07
u000277,brand,2023-07-11
u000278,brand,2023-07-04
u000279,brand,2023-07-31
u000280,brand,2023-07-12
u000281,brand,2023-07-04
u000282,brand,2023-07-18
u000283,brand,2023-07-28
u000284,brand,2023-07-12
u000285,brand,2023-07-27
u000286,brand,2023-07-19
u000287,brand,2023-07-23
u000288,brand,2023-07-10
u000289,brand,2023-07-02
u000290,brand,2023-07-11
u000291,brand,2023-07-29
u000292,brand,2023-07-25
u000293,brand,2023-07-25
u000294,brand,2023-07-28
u000295,brand,2023-07-12
u000296,brand,2023-07-10
u000297,brand,2023-07-29
u000298,brand,2023-07-18
u000299,brand,2023-07-10
u000300,organic,2023-07-18
u000301,organic,2023-07-16
u000302,organic,2023-07-22
u000303,organic,2023-07-26
u000304,organic,2023-07-11
u000305,organic,2023-07-06
u000306,organic,2023-07-14
u000307,organic,2023-07-19
u000308,organic,2023-07-24
u000309,organic,2023-07-24
u000310,organic,2023-07-11
u000311,organic,2023-07-30
u000312,organic,2023-07-03
u000313,organic,2023-07-04
u000314,organic,2023-07-01
u000315,organic,2023-07-29
u000316,organic,2023-07-06
u000317,organic,2023-07-19
u000318,organic,2023-07-26
u000319,organic,2023-07-24
u000320,organic,2023-07-30
u000321,organic,2023-07-02
u000322,organic,2023-07-13
u000323,organic,2023-07-16
u000324,organic,2023-07-22
u000325,organic,2023-07-20
u000326,organic,2023-07-18
u000327,organic,2023-07-10
u000328,organic,2023-07-04
u000329,organic,2023-07-14
u000330,organic,2023-07-09
u000331,organic,2023-07-18
u000332,organic,2023-07-25
u000333,organic,2023-07-18
u000334,organic,2023-07-19
u000335,organic,2023-07-02
u000336,organic,2023-07-20
u000337,organic,2023-07-14
u000338,organic,2023-07-04
u000339,organic,2023-07-07
u000340,organic,2023-07-25
u000341,organic,2023-07-29
u000342,organic,2023-07-16
u000343,organic,2023-07-31
u000344,organic,2023-07-06
u000345,organic,2023-07-10
u000346,organic,2023-07-29
u000347,organic,2023-07-06
u000348,organic,2023-07-21
u000349,organic,2023-07-07
u000350,organic,2023-07-11
u000351,organic,2023-07-15
u000352,organic,2023-07-12
u000353,organic,2023-07-28
u000354,organic,2023-07-31
u000355,organic,2023-07-16
u000356,organic,2023-07-17
u000357,organic,2023-07-02
u000358,organic,2023-07-08
u000359,organic,2023-07-02
u000360,organic,2023-07-27
u000361,organic,2023-07-08
u000362,organic,2023-07-11
u000363,organic,2023-07-27
u000364,organic,2023-07-23
u000365,organic,2023-07-20
u000366,organic,2023-07-02
u000367,organic,2023-07-18
u000368,organic,2023-07-18
u000369,organic,2023-07-10
u000370,organic,2023-07-24
u000371,organic,2023-07-29
u000372,organic,2023-07-09
u000373,organic,2023-07-11
u000374,organic,2023-07-10
u000375,organic,2023-07-26
u000376,organic,2023-07-03
u000377,organic,2023-07-28
u000378,organic,2023-07-25
u000379,organic,2023-07-15
u000380,organic,2023-07-19
u000381,organic,2023-07-28
u000382,organic,2023-07-24
u000383,organic,2023-07-09
u000384,organic,2023-07-02
u000385,organic,2023-07-21
u000386,organic,2023-07-05
u000387,organic,2023-07-03
u000388,organic,2023-07-31
u000389,organic,2023-07-15
u000390,organic,2023-07-21
u000391,organic,2023-07-07
u000392,organic,2023-07-04
u000393,organic,2023-07-02
u000394,organic,2023-07-11
u000395,organic,2023-07-01
u000396,organic,2023-07-14
u000397,organic,2023-07-11
u000398,organic,2023-07-17
u000399,organic,2023-07-19
u000400,organic,2023-07-10
u000401,organic,2023-07-15
u000402,organic,2023-07-03
u000403,organic,2023-07-10
u000404,organic,2023-07-31
u000405,organic,2023-07-31
u000406,organic,2023-07-16
u000407,organic,2023-07-30
u000408,organic,2023-07-16
u000409,organic,2023-07-04
u000410,organic,2023-07-27
u000411,organic,2023-07-13
u000412,organic,2023-07-19
u000413,organic,2023-07-21
u000414,organic,2023-07-10
u000415,organic,2023-07-23
u000416,organic,2023-07-16
u000417,organic,2023-07-12
u000418,organic,2023-07-10
u000419,organic,2023-07-24
u000420,search,2023-08-26
u000421,search,2023-08-12
u000422,search,2023-08-05
u000423,search,2023-08-01
u000424,search,2023-08-12
u000425,search,2023-08-04
u000426,search,2023-08-28
u000427,search,2023-08-31
u000428,search,2023-08-31
u000429,search,2023-08-29
u000430,search,2023-08-19
u000431,search,2023-08-11
u000432,search,2023-08-14
u000433,search,2023-08-09
u000434,search,2023-08-27
u000435,search,2023-08-14
u000436,search,2023-08-12
u000437,search,2023-08-22
u000438,search,2023-08-12
u000439,search,2023-08-12
u000440,search,2023-08-08
u000441,search,2023-08-03
u000442,search,2023-08-02
u000443,search,2023-08-13
u000444,search,2023-08-31
u000445,search,2023-08-09
u000446,search,2023-08-20
u000447,search,2023-08-11
u000448,search,2023-08-10
u000449,search,2023-08-06
u000450,search,2023-08-18
u000451,search,2023-08-21
u000452,search,2023-08-11
u000453,search,2023-08-17
u000454,search,2023-08-15
u000455,search,2023-08-09
u000456,search,2023-08-22
u000457,search,2023-08-18
u000458,search,2023-08-03
u000459,search,2023-08-16
u000460,search,2023-08-13
u000461,search,2023-08-25
u000462,search,2023-08-10
u000463,search,2023-08-30
u000464,search,2023-08-20
u000465,search,2023-08-05
u000466,search,2023-08-13
u000467,search,2023-08-28
u000468,search,2023-08-08
u000469,search,2023-08-22
u000470,search,2023-08-25
u000471,search,2023-08-22
u000472,search,2023-08-03
u000473,search,2023-08-12
u000474,search,2023-08-11
u000475,search,2023-08-11
u000476,search,2023-08-28
u000477,search,2023-08-01
u000478,search,2023-08-17
u000479,search,2023-08-31
u000480,search,2023-08-28
u000481,search,2023-08-19
u000482,search,2023-08-31
u000483,search,2023-08-13
u000484,search,2023-08-19
u000485,search,2023-08-17
u000486,search,2023-08-02
u000487,search,2023-08-02
u000488,search,2023-08-28
u000489,search,2023-08-06
u000490,search,2023-08-11
u000491,search,2023-08-20
u000492,search,2023-08-18
u000493,search,2023-08-16
u000494,search,2023-08-31
u000495,search,2023-08-25
u000496,search,2023-08-30
u000497,search,2023-08-21
u000498,search,2023-08-31
u000499,search,2023-08-19
u000500,search,2023-08-17
u000501,search,2023-08-26
u000502,search,2023-08-27
u000503,search,2023-08-03
u000504,search,2023-08-29
u000505,search,2023-08-22
u000506,search,2023-08-28
u000507,search,2023-08-23
u000508,search,2023-08-29
u000509,search,2023-08-09
u000510,search,2023-08-06
u000511,search,2023-08-07
u000512,search,2023-08-08
u000513,search,2023-08-07
u000514,search,2023-08-14
u000515,search,2023-08-07
u000516,search,2023-08-05
u000517,search,2023-08-17
u000518,search,2023-08-25
u000519,search,2023-08-05
u000520,search,2023-08-16
u000521,search,2023-08-21
u000522,search,2023-08-22
u000523,search,2023-08-04
u000524,search,2023-08-23
u000525,search,2023-08-01
u000526,search,2023-08-08
u000527,search,2023-08-10
u000528,search,2023-08-27
u000529,search,2023-08-06
u000530,search,2023-08-25
u000531,search,2023-08-31
u000532,search,2023-08-30
u000533,search,2023-08-10
u000534,search,2023-08-03
u000535,search,2023-08-07
u000536,search,2023-08-24
u000537,search,2023-08-07
u000538,search,2023-08-21
u000539,search,2023-08-12
u000540,display,2023-08-24
u000541,display,2023-08-08
u000542,display,2023-08-30
u000543,display,2023-08-12
u000544,display,2023-08-06
u000545,display,2023-08-19
u000546,display,2023-08-15
u000547,display,2023-08-15
u000548,display,2023-08-30
u000549,display,2023-08-12
u000550,display,2023-08-13
u000551,display,2023-08-20
u000552,display,2023-08-06
u000553,display,2023-08-26
u000554,display,2023-08-08
u000555,display,2023-08-08
u000556,display,2023-08-01
u000557,display,2023-08-11
u000558,display,2023-08-19
u000559,display,2023-08-22
u000560,display,2023-08-28
u000561,display,2023-08-25
u000562,display,2023-08-10
u000563,display,2023-08-26
u000564,display,2023-08-07
u000565,display,2023-08-07
u000566,display,2023-08-12
u000567,display,2023-08-17
u000568,display,2023-08-07
u000569,display,2023-08-28
u000570,display,2023-08-09
u000571,display,2023-08-13
u000572,display,2023-08-19
u000573,display,2023-08-14
u000574,display,2023-08-13
u000575,display,2023-08-31
u000576,display,2023-08-14
u000577,display,2023-08-04
u000578,display,2023-08-23
u000579,display,2023-08-22
u000580,display,2023-08-07
u000581,display,2023-08-27
u000582,display,2023-08-13
u000583,display,2023-08-05
u000584,display,2023-08-06
u000585,display,2023-08-23
u000586,display,2023-08-07
u000587,display,2023-08-15
u000588,display,2023-08-23
u000589,display,2023-08-27
u000590,display,2023-08-16
u000591,display,2023-08-29
u000592,display,2023-08-10
u000593,display,2023-08-28
u000594,display,2023-08-08
u000595,display,2023-08-02
u000596,display,2023-08-23
u000597,display,2023-08-24
u000598,display,2023-08-29
u000599,display,2023-08-29
u000600,retargeting,2023-08-29
u000601,retargeting,2023-08-24
u000602,retargeting,2023-08-01
u000603,retargeting,2023-08-03
u000604,retargeting,2023-08-02
u000605,retargeting,2023-08-13
u000606,retargeting,2023-08-13
u000607,retargeting,2023-08-23
u000608,retargeting,2023-08-21
u000609,retargeting,2023-08-01
u000610,retargeting,2023-08-15
u000611,retargeting,2023-08-25
u000612,retargeting,2023-08-28
u000613,retargeting,2023-08-10
u000614,retargeting,2023-08-02
u000615,retargeting,2023-08-05
u000616,retargeting,2023-08-11
u000617,retargeting,2023-08-14
u000618,retargeting,2023-08-11
u000619,retargeting,2023-08-03
u000620,retargeting,2023-08-11
u000621,retargeting,2023-08-09
u000622,retargeting,2023-08-16
u000623,retargeting,2023-08-03
u000624,retargeting,2023-08-25
u000625,retargeting,2023-08-13
u000626,retargeting,2023-08-10
u000627,retargeting,2023-08-29
u000628,retargeting,2023-08-24
u000629,retargeting,2023-08-05
u000630,brand,2023-08-07
u000631,brand,2023-08-26
u000632,brand,2023-08-27
u000633,brand,2023-08-14
u000634,brand,2023-08-15
u000635,brand,2023-08-16
u000636,brand,2023-08-26
u000637,brand,2023-08-06
u000638,brand,2023-08-11
u000639,brand,2023-08-20
u000640,brand,2023-08-22
u000641,brand,2023-08-10
u000642,brand,2023-08-04
u000643,brand,2023-08-16
u000644,brand,2023-08-20
u000645,brand,2023-08-24
u000646,brand,2023-08-01
u000647,brand,2023-08-01
u000648,brand,2023-08-12
u000649,brand,2023-08-18
u000650,brand,2023-08-01
u000651,brand,2023-08-06
u000652,brand,2023-08-13
u000653,brand,2023-08-09
u000654,brand,2023-08-23
u000655,brand,2023-08-02
u000656,brand,2023-08-28
u000657,brand,2023-08-06
u000658,brand,2023-08-14
u000659,brand,2023-08-31
u000660,brand,2023-08-21
u000661,brand,2023-08-31
u000662,brand,2023-08-01
u000663,brand,2023-08-23
u000664,brand,2023-08-03
u000665,brand,2023-08-19
u000666,brand,2023-08-11
u000667,brand,2023-08-25
u000668,brand,2023-08-04
u000669,brand,2023-08-28
u000670,brand,2023-08-15
u000671,brand,2023-08-17
u000672,brand,2023-08-18
u000673,brand,2023-08-02
u000674,brand,2023-08-10
u000675,brand,2023-08-22
u000676,brand,2023-08-30
u000677,brand,2023-08-31
u000678,brand,2023-08-17
u000679,brand,2023-08-08
u000680,brand,2023-08-15
u000681,brand,2023-08-15
u000682,brand,2023-08-13
u000683,brand,2023-08-12
u000684,brand,2023-08-27
u000685,brand,2023-08-13
u000686,brand,2023-08-01
u000687,brand,2023-08-23
u000688,brand,2023-08-21
u000689,brand,2023-08-12
u000690,brand,2023-08-20
u000691,brand,2023-08-30
u000692,brand,2023-08-29
u000693,brand,2023-08-25
u000694,brand,2023-08-19
u000695,brand,2023-08-01
u000696,brand,2023-08-16
u000697,brand,2023-08-26
u000698,brand,2023-08-27
u000699,brand,2023-08-24
u000700,brand,2023-08-31
u000701,brand,2023-08-17
u000702,brand,2023-08-04
u000703,brand,2023-08-16
u000704,brand,2023-08-10
u000705,brand,2023-08-26
u000706,brand,2023-08-25
u000707,brand,2023-08-14
u000708,brand,2023-08-13
u000709,brand,2023-08-05
u000710,brand,2023-08-02
u000711,brand,2023-08-10
u000712,brand,2023-08-08
u000713,brand,2023-08-09
u000714,brand,2023-08-31
u000715,brand,2023-08-22
u000716,brand,2023-08-18
u000717,brand,2023-08-06
u000718,brand,2023-08-27
u000719,brand,2023-08-20
u000720,organic,2023-08-09
u000721,organic,2023-08-05
u000722,organic,2023-08-18
u000723,organic,2023-08-05
u000724,organic,2023-08-22
u000725,organic,2023-08-08
u000726,organic,2023-08-18
u000727,organic,2023-08-17
u000728,organic,2023-08-20
u000729,organic,2023-08-24
u000730,organic,2023-08-18
u000731,organic,2023-08-27
u000732,organic,2023-08-09
u000733,organic,2023-08-24
u000734,organic,2023-08-11
u000735,organic,2023-08-20
u000736,organic,2023-08-16
u000737,organic,2023-08-29
u000738,organic,2023-08-09
u000739,organic,2023-08-17
u000740,organic,2023-08-06
u000741,organic,2023-08-20
u000742,organic,2023-08-02
u000743,organic,2023-08-13
u000744,organic,2023-08-01
u000745,organic,2023-08-11
u000746,organic,2023-08-16
u000747,organic,2023-08-11
u000748,organic,2023-08-12
u000749,organic,2023-08-05
u000750,organic,2023-08-23
u000751,organic,2023-08-25
u000752,organic,2023-08-15
u000753,organic,2023-08-02
u000754,organic,2023-08-02
u000755,organic,2023-08-21
u000756,organic,2023-08-29
u000757,organic,2023-08-27
u000758,organic,2023-08-13
u000759,organic,2023-08-16
u000760,organic,2023-08-06
u000761,organic,2023-08-03
u000762,organic,2023-08-24
u000763,organic,2023-08-14
u000764,organic,2023-08-16
u000765,organic,2023-08-11
u000766,organic,2023-08-10
u000767,organic,2023-08-31
u000768,organic,2023-08-26
u000769,organic,2023-08-22
u000770,organic,2023-08-13
u000771,organic,2023-08-23
u000772,organic,2023-08-11
u000773,organic,2023-08-16
u000774,organic,2023-08-05
u000775,organic,2023-08-22
u000776,organic,2023-08-02
u000777,organic,2023-08-23
u000778,organic,2023-08-19
u000779,organic,2023-08-03
u000780,organic,2023-08-16
u000781,organic,2023-08-07
u000782,organic,2023-08-15
u000783,organic,2023-08-01
u000784,organic,2023-08-23
u000785,organic,2023-08-16
u000786,organic,2023-08-12
u000787,organic,2023-08-28
u000788,organic,2023-08-20
u000789,organic,2023-08-19
u000790,organic,2023-08-05
u000791,organic,2023-08-16
u000792,organic,2023-08-22
u000793,organic,2023-08-29
u000794,organic,2023-08-19
u000795,organic,2023-08-06
u000796,organic,2023-08-22
u000797,organic,2023-08-03
u000798,organic,2023-08-10
u000799,organic,2023-08-29
u000800,organic,2023-08-25
u000801,organic,2023-08-28
u000802,organic,2023-08-11
u000803,organic,2023-08-22
u000804,organic,2023-08-22
u000805,organic,2023-08-08
u000806,organic,2023-08-30
u000807,organic,2023-08-31
u000808,organic,2023-08-04
u000809,organic,2023-08-24
u000810,organic,2023-08-14
u000811,organic,2023-08-21
u000812,organic,2023-08-18
u000813,organic,2023-08-07
u000814,organic,2023-08-03
u000815,organic,2023-08-16
u000816,organic,2023-08-26
u000817,organic,2023-08-26
u000818,organic,2023-08-09
u000819,organic,2023-08-27
u000820,organic,2023-08-12
u000821,organic,2023-08-18
u000822,organic,2023-08-11
u000823,organic,2023-08-17
u000824,organic,2023-08-17
u000825,organic,2023-08-22
u000826,organic,2023-08-15
u000827,organic,2023-08-17
u000828,organic,2023-08-21
u000829,organic,2023-08-13
u000830,organic,2023-08-17
u000831,organic,2023-08-03
u000832,organic,2023-08-27
u000833,organic,2023-08-04
u000834,organic,2023-08-28
u000835,organic,2023-08-24
u000836,organic,2023-08-30
u000837,organic,2023-08-01
u000838,organic,2023-08-07
u000839,organic,2023-08-02
u000840,search,2023-09-06
u000841,search,2023-09-15
u000842,search,2023-09-14
u000843,search,2023-09-17
u000844,search,2023-09-29
u000845,search,2023-09-20
u000846,search,2023-09-18
u000847,search,2023-09-11
u000848,search,2023-09-20
u000849,search,2023-09-29
u000850,search,2023-09-01
u000851,search,2023-09-11
u000852,search,2023-09-02
u000853,search,2023-09-07
u000854,search,2023-09-03
u000855,search,2023-09-18
u000856,search,2023-09-25
u000857,search,2023-09-29
u000858,search,2023-09-08
u000859,search,2023-09-21
u000860,search,2023-09-10
u000861,search,2023-09-10
u000862,search,2023-09-19
u000863,search,2023-09-21
u000864,search,2023-09-18
u000865,search,2023-09-03
u000866,search,2023-09-13
u000867,search,2023-09-09
u000868,search,2023-09-01
u000869,search,2023-09-02
u000870,search,2023-09-14
u000871,search,2023-09-04
u000872,search,2023-09-23
u000873,search,2023-09-02
u000874,search,2023-09-08
u000875,search,2023-09-30
u000876,search,2023-09-22
u000877,search,2023-09-17
u000878,search,2023-09-01
u000879,search,2023-09-02
u000880,search,2023-09-28
u000881,search,2023-09-24
u000882,search,2023-09-29
u000883,search,2023-09-25
u000884,search,2023-09-01
u000885,search,2023-09-25
u000886,search,2023-09-14
u000887,search,2023-09-21
u000888,search,2023-09-13
u000889,search,2023-09-22
u000890,search,2023-09-26
u000891,search,2023-09-30
u000892,search,2023-09-17
u000893,search,2023-09-09
u000894,search,2023-09-19
u000895,search,2023-09-15
u000896,search,2023-09-07
u000897,search,2023-09-22
u000898,search,2023-09-03
u000899,search,2023-09-13
u000900,search,2023-09-21
u000901,search,2023-09-28
u000902,search,2023-09-19
u000903,search,2023-09-30
u000904,search,2023-09-25
u000905,search,2023-09-08
u000906,search,2023-09-26
u000907,search,2023-09-11
u000908,search,2023-09-19
u000909,search,2023-09-07
u000910,search,2023-09-17
u000911,search,2023-09-21
u000912,search,2023-09-28
u000913,search,2023-09-29
u000914,search,2023-09-25
u000915,search,2023-09-17
u000916,search,2023-09-27
u000917,search,2023-09-04
u000918,search,2023-09-30
u000919,search,2023-09-07
u000920,search,2023-09-13
u000921,search,2023-09-28
u000922,search,2023-09-22
u000923,search,2023-09-26
u000924,search,2023-09-21
u000925,search,2023-09-19
u000926,search,2023-09-06
u000927,search,2023-09-30
u000928,search,2023-09-20
u000929,search,2023-09-21
u000930,search,2023-09-13
u000931,search,2023-09-29
u000932,search,2023-09-14
u000933,search,2023-09-06
u000934,search,2023-09-06
u000935,search,2023-09-21
u000936,search,2023-09-23
u000937,search,2023-09-07
u000938,search,2023-09-21
u000939,search,2023-09-30
u000940,search,2023-09-16
u000941,search,2023-09-30
u000942,search,2023-09-05
u000943,search,2023-09-13
u000944,search,2023-09-17
u000945,search,2023-09-11
u000946,search,2023-09-04
u000947,search,2023-09-14
u000948,search,2023-09-11
u000949,search,2023-09-07
u000950,search,2023-09-12
u000951,search,2023-09-13
u000952,search,2023-09-27
u000953,search,2023-09-15
u000954,search,2023-09-13
u000955,search,2023-09-12
u000956,search,2023-09-18
u000957,search,2023-09-09
u000958,search,2023-09-27
u000959,search,2023-09-13
u000960,display,2023-09-18
u000961,display,2023-09-27
u000962,display,2023-09-22
u000963,display,2023-09-29
u000964,display,2023-09-13
u000965,display,2023-09-03
u000966,display,2023-09-15
u000967,display,2023-09-30
u000968,display,2023-09-20
u000969,display,2023-09-22
u000970,display,2023-09-19
u000971,display,2023-09-18
u000972,display,2023-09-02
u000973,display,2023-09-13
u000974,display,2023-09-03
u000975,display,2023-09-11
u000976,display,2023-09-22
u000977,display,2023-09-25
u000978,display,2023-09-07
u000979,display,2023-09-20
u000980,display,2023-09-07
u000981,display,2023-09-07
u000982,display,2023-09-29
u000983,display,2023-09-19
u000984,display,2023-09-06
u000985,display,2023-09-05
u000986,display,2023-09-02
u000987,display,2023-09-15
u000988,display,2023-09-04
u000989,display,2023-09-18
u000990,display,2023-09-14
u000991,display,2023-09-20
u000992,display,2023-09-07
u000993,display,2023-09-05
u000994,display,2023-09-04
u000995,display,2023-09-03
u000996,display,2023-09-03
u000997,display,2023-09-08
u000998,display,2023-09-25
u000999,display,2023-09-19
u001000,display,2023-09-08
u001001,display,2023-09-28
u001002,display,2023-09-23
u001003,display,2023-09-24
u001004,display,2023-09-27
u001005,display,2023-09-23
u001006,display,2023-09-29
u001007,display,2023-09-10
u001008,display,2023-09-26
u001009,display,2023-09-04
u001010,display,2023-09-10
u001011,display,2023-09-27
u001012,display,2023-09-05
u001013,display,2023-09-16
u001014,display,2023-09-11
u001015,display,2023-09-04
u001016,display,2023-09-08
u001017,display,2023-09-17
u001018,display,2023-09-19
u001019,display,2023-09-21
u001020,retargeting,2023-09-16
u001021,retargeting,2023-09-08
u001022,retargeting,2023-09-28
u001023,retargeting,2023-09-12
u001024,retargeting,2023-09-01
u001025,retargeting,2023-09-28
u001026,retargeting,2023-09-02
u001027,retargeting,2023-09-27
u001028,retargeting,2023-09-08
u001029,retargeting,2023-09-03
u001030,retargeting,2023-09-07
u001031,retargeting,2023-09-20
u001032,retargeting,2023-09-17
u001033,retargeting,2023-09-05
u001034,retargeting,2023-09-10
u001035,retargeting,2023-09-07
u001036,retargeting,2023-09-20
u001037,retargeting,2023-09-26
u001038,retargeting,2023-09-08
u001039,retargeting,2023-09-27
u001040,retargeting,2023-09-13
u001041,retargeting,2023-09-03
u001042,retargeting,2023-09-10
u001043,retargeting,2023-09-27
u001044,retargeting,2023-09-25
u001045,retargeting,2023-09-22
u001046,retargeting,2023-09-12
u001047,retargeting,2023-09-24
u001048,retargeting,2023-09-22
u001049,retargeting,2023-09-24
u001050,brand,2023-09-08
u001051,brand,2023-09-15
u001052,brand,2023-09-13
u001053,brand,2023-09-11
u001054,brand,2023-09-24
u001055,brand,2023-09-15
u001056,brand,2023-09-11
u001057,brand,2023-09-15
u001058,brand,2023-09-27
u001059,brand,2023-09-30
u001060,brand,2023-09-08
u001061,brand,2023-09-02
u001062,brand,2023-09-01
u001063,brand,2023-09-14
u001064,brand,2023-09-19
u001065,brand,2023-09-02
u001066,brand,2023-09-16
u001067,brand,2023-09-12
u001068,brand,2023-09-28
u001069,brand,2023-09-19
u001070,brand,2023-09-13
u001071,brand,2023-09-18
u001072,brand,2023-09-05
u001073,brand,2023-09-15
u001074,brand,2023-09-10
u001075,brand,2023-09-06
u001076,brand,2023-09-12
u001077,brand,2023-09-20
u001078,brand,2023-09-18
u001079,brand,2023-09-29
u001080,brand,2023-09-09
u001081,brand,2023-09-21
u001082,brand,2023-09-17
u001083,brand,2023-09-27
u001084,brand,2023-09-28
u001085,brand,2023-09-22
u001086,brand,2023-09-13
u001087,brand,2023-09-17
u001088,brand,2023-09-20
u001089,brand,2023-09-25
u001090,brand,2023-09-07
u001091,brand,2023-09-27
u001092,brand,2023-09-25
u001093,brand,2023-09-03
u001094,brand,2023-09-09
u001095,brand,2023-09-08
u001096,brand,2023-09-18
u001097,brand,2023-09-07
u001098,brand,2023-09-10
u001099,brand,2023-09-06
u001100,brand,2023-09-03
u001101,brand,2023-09-14
u001102,brand,2023-09-10
u001103,brand,2023-09-16
u001104,brand,2023-09-07
u001105,brand,2023-09-09
u001106,brand,2023-09-27
u001107,brand,2023-09-25
u001108,brand,2023-09-08
u001109,brand,2023-09-05
u001110,brand,2023-09-30
u001111,brand,2023-09-21
u001112,brand,2023-09-15
u001113,brand,2023-09-21
u001114,brand,2023-09-07
u001115,brand,2023-09-13
u001116,brand,2023-09-12
u001117,brand,2023-09-22
u001118,brand,2023-09-06
u001119,brand,2023-09-15
u001120,brand,2023-09-26
u001121,brand,2023-09-06
u001122,brand,2023-09-04
u001123,brand,2023-09-25
u001124,brand,2023-09-27
u001125,brand,2023-09-13
u001126,brand,2023-09-02
u001127,brand,2023-09-17
u001128,brand,2023-09-09
u001129,brand,2023-09-18
u001130,brand,2023-09-05
u001131,brand,2023-09-25
u001132,brand,2023-09-21
u001133,brand,2023-09-20
u001134,brand,2023-09-16
u001135,brand,2023-09-07
u001136,brand,2023-09-29
u001137,brand,2023-09-08
u001138,brand,2023-09-11
u001139,brand,2023-09-28
u001140,organic,2023-09-25
u001141,organic,2023-09-01
u001142,organic,2023-09-27
u001143,organic,2023-09-11
u001144,organic,2023-09-01
u001145,organic,2023-09-19
u001146,organic,2023-09-09
u001147,organic,2023-09-10
u001148,organic,2023-09-15
u001149,organic,2023-09-18
u001150,organic,2023-09-05
u001151,organic,2023-09-02
u001152,organic,2023-09-14
u001153,organic,2023-09-11
u001154,organic,2023-09-18
u001155,organic,2023-09-23
u001156,organic,2023-09-19
u001157,organic,2023-09-04
u001158,organic,2023-09-30
u001159,organic,2023-09-22
u001160,organic,2023-09-02
u001161,organic,2023-09-23
u001162,organic,2023-09-27
u001163,organic,2023-09-18
u001164,organic,2023-09-25
u001165,organic,2023-09-27
u001166,organic,2023-09-29
u001167,organic,2023-09-29
u001168,organic,2023-09-06
u001169,organic,2023-09-02
u001170,organic,2023-09-20
u001171,organic,2023-09-21
u001172,organic,2023-09-18
u001173,organic,2023-09-08
u001174,organic,2023-09-29
u001175,organic,2023-09-13
u001176,organic,2023-09-23
u001177,organic,2023-09-19
u001178,organic,2023-09-27
u001179,organic,2023-09-22
u001180,organic,2023-09-20
u001181,organic,2023-09-26
u001182,organic,2023-09-02
u001183,organic,2023-09-22
u001184,organic,2023-09-18
u001185,organic,2023-09-24
u001186,organic,2023-09-07
u001187,organic,2023-09-18
u001188,organic,2023-09-09
u001189,organic,2023-09-04
u001190,organic,2023-09-18
u001191,organic,2023-09-01
u001192,organic,2023-09-03
u001193,organic,2023-09-16
u001194,organic,2023-09-27
u001195,organic,2023-09-22
u001196,organic,2023-09-01
u001197,organic,2023-09-04
u001198,organic,2023-09-13
u001199,organic,2023-09-13
u001200,organic,2023-09-02
u001201,organic,2023-09-08
u001202,organic,2023-09-04
u001203,organic,2023-09-18
u001204,organic,2023-09-20
u001205,organic,2023-09-12
u001206,organic,2023-09-18
u001207,organic,2023-09-07
u001208,organic,2023-09-26
u001209,organic,2023-09-01
u001210,organic,2023-09-16
u001211,organic,2023-09-10
u001212,organic,2023-09-14
u001213,organic,2023-09-16
u001214,organic,2023-09-20
u001215,organic,2023-09-28
u001216,organic,2023-09-17
u001217,organic,2023-09-07
u001218,organic,2023-09-16
u001219,organic,2023-09-16
u001220,organic,2023-09-26
u001221,organic,2023-09-17
u001222,organic,2023-09-27
u001223,organic,2023-09-20
u001224,organic,2023-09-18
u001225,organic,2023-09-10
u001226,organic,2023-09-08
u001227,organic,2023-09-03
u001228,organic,2023-09-17
u001229,organic,2023-09-28
u001230,organic,2023-09-01
u001231,organic,2023-09-29
u001232,organic,2023-09-26
u001233,organic,2023-09-14
u001234,organic,2023-09-10
u001235,organic,2023-09-18
u001236,organic,2023-09-26
u001237,organic,2023-09-01
u001238,organic,2023-09-14
u001239,organic,2023-09-02
u001240,organic,2023-09-20
u001241,organic,2023-09-03
u001242,organic,2023-09-10
u001243,organic,2023-09-23
u001244,organic,2023-09-23
u001245,organic,2023-09-07
u001246,organic,2023-09-16
u001247,organic,2023-09-06
u001248,organic,2023-09-18
u001249,organic,2023-09-01
u001250,organic,2023-09-25
u001251,organic,2023-09-01
u001252,organic,2023-09-19
u001253,organic,2023-09-13
u001254,organic,2023-09-07
u001255,organic,2023-09-17
u001256,organic,2023-09-05
u001257,organic,2023-09-18
u001258,organic,2023-09-20
u001259,organic,2023-09-14
u001260,search,2023-10-25
u001261,search,2023-10-17
u001262,search,2023-10-04
u001263,search,2023-10-05
u001264,search,2023-10-23
u001265,search,2023-10-17
u001266,search,2023-10-17
u001267,search,2023-10-09
u001268,search,2023-10-09
u001269,search,2023-10-13
u001270,search,2023-10-17
u001271,search,2023-10-15
u001272,search,2023-10-28
u001273,search,2023-10-06
u001274,search,2023-10-15
u001275,search,2023-10-08
u001276,search,2023-10-01
u001277,search,2023-10-13
u001278,search,2023-10-02
u001279,search,2023-10-12
u001280,search,2023-10-20
u001281,search,2023-10-12
u001282,search,2023-10-22
u001283,search,2023-10-10
u001284,search,2023-10-13
u001285,search,2023-10-28
u001286,search,2023-10-08
u001287,search,2023-10-16
u001288,search,2023-10-23
u001289,search,2023-10-12
u001290,search,2023-10-10
u001291,search,2023-10-22
u001292,search,2023-10-03
u001293,search,2023-10-09
u001294,search,2023-10-13
u001295,search,2023-10-07
u001296,search,2023-10-17
u001297,search,2023-10-20
u001298,search,2023-10-30
u001299,search,2023-10-19
u001300,search,2023-10-19
u001301,search,2023-10-23
u001302,search,2023-10-07
u001303,search,2023-10-15
u001304,search,2023-10-26
u001305,search,2023-10-06
u001306,search,2023-10-10
u001307,search,2023-10-07
u001308,search,2023-10-30
u001309,search,2023-10-11
u001310,search,2023-10-11
u001311,search,2023-10-26
u001312,search,2023-10-29
u001313,search,2023-10-01
u001314,search,2023-10-28
u001315,search,2023-10-22
u001316,search,2023-10-27
u001317,search,2023-10-03
u001318,search,2023-10-02
u001319,search,2023-10-11
u001320,search,2023-10-27
u001321,search,2023-10-16
u001322,search,2023-10-23
u001323,search,2023-10-08
u001324,search,2023-10-11
u001325,search,2023-10-28
u001326,search,2023-10-16
u001327,search,2023-10-25
u001328,search,2023-10-20
u001329,search,2023-10-06
u001330,search,2023-10-30
u001331,search,2023-10-30
u001332,search,2023-10-25
u001333,search,2023-10-15
u001334,search,2023-10-14
u001335,search,2023-10-10
u001336,search,2023-10-21
u001337,search,2023-10-10
u001338,search,2023-10-06
u001339,search,2023-10-02
u001340,search,2023-10-14
u001341,search,2023-10-26
u001342,search,2023-10-25
u001343,search,2023-10-27
u001344,search,2023-10-19
u001345,search,2023-10-27
u001346,search,2023-10-25
u001347,search,2023-10-26
u001348,search,2023-10-16
u001349,search,2023-10-03
u001350,search,2023-10-12
u001351,search,2023-10-27
u001352,search,2023-10-24
u001353,search,2023-10-01
u001354,search,2023-10-03
u001355,search,2023-10-21
u001356,search,2023-10-31
u001357,search,2023-10-23
u001358,search,2023-10-30
u001359,search,2023-10-03
u001360,search,2023-10-28
u001361,search,2023-10-04
u001362,search,2023-10-28
u001363,search,2023-10-31
u001364,search,2023-10-16
u001365,search,2023-10-17
u001366,search,2023-10-16
u001367,search,2023-10-18
u001368,search,2023-10-26
u001369,search,2023-10-09
u001370,search,2023-10-09
u001371,search,2023-10-31
u001372,search,2023-10-27
u001373,search,2023-10-17
u001374,search,2023-10-07
u001375,search,2023-10-30
u001376,search,2023-10-28
u001377,search,2023-10-11
u001378,search,2023-10-17
u001379,search,2023-10-14
u001380,display,2023-10-14
u001381,display,2023-10-02
u001382,display,2023-10-17
u001383,display,2023-10-10
u001384,display,2023-10-17
u001385,display,2023-10-02
u001386,display,2023-10-27
u001387,display,2023-10-23
u001388,display,2023-10-11
u001389,display,2023-10-12
u001390,display,2023-10-10
u001391,display,2023-10-31
u001392,display,2023-10-22
u001393,display,2023-10-15
u001394,display,2023-10-21
u001395,display,2023-10-02
u001396,display,2023-10-26
u001397,display,2023-10-19
u001398,display,2023-10-10
u001399,display,2023-10-22
u001400,display,2023-10-01
u001401,display,2023-10-16
u001402,display,2023-10-30
u001403,display,2023-10-24
u001404,display,2023-10-02
u001405,display,2023-10-19
u001406,display,2023-10-22
u001407,display,2023-10-17
u001408,display,2023-10-10
u001409,display,2023-10-22
u001410,display,2023-10-14
u001411,display,2023-10-30
u001412,display,2023-10-26
u001413,display,2023-10-29
u001414,display,2023-10-14
u001415,display,2023-10-22
u001416,display,2023-10-05
u001417,display,2023-10-24
u001418,display,2023-10-24
u001419,display,2023-10-25
u001420,display,2023-10-01
u001421,display,2023-10-15
u001422,display,2023-10-09
u001423,display,2023-10-29
u001424,display,2023-10-17
u001425,display,2023-10-19
u001426,display,2023-10-14
u001427,display,2023-10-04
u001428,display,2023-10-20
u001429,display,2023-10-19
u001430,display,2023-10-12
u001431,display,2023-10-20
u001432,display,2023-10-13
u001433,display,2023-10-21
u001434,display,2023-10-11
u001435,display,2023-10-24
u001436,display,2023-10-28
u001437,display,2023-10-16
u001438,display,2023-10-01
u001439,display,2023-10-22
u001440,retargeting,2023-10-27
u001441,retargeting,2023-10-12
u001442,retargeting,2023-10-20
u001443,retargeting,2023-10-14
u001444,retargeting,2023-10-15
u001445,retargeting,2023-10-16
u001446,retargeting,2023-10-31
u001447,retargeting,2023-10-24
u001448,retargeting,2023-10-12
u001449,retargeting,2023-10-13
u001450,retargeting,2023-10-13
u001451,retargeting,2023-10-23
u001452,retargeting,2023-10-19
u001453,retargeting,2023-10-17
u001454,retargeting,2023-10-14
u001455,retargeting,2023-10-13
u001456,retargeting,2023-10-18
u001457,retargeting,2023-10-26
u001458,retargeting,2023-10-30
u001459,retargeting,2023-10-02
u001460,retargeting,2023-10-08
u001461,retargeting,2023-10-22
u001462,retargeting,2023-10-05
u001463,retargeting,2023-10-19
u001464,retargeting,2023-10-14
u001465,retargeting,2023-10-06
u001466,retargeting,2023-10-16
u001467,retargeting,2023-10-16
u001468,retargeting,2023-10-23
u001469,retargeting,2023-10-26
u001470,brand,2023-10-13
u001471,brand,2023-10-14
u001472,brand,2023-10-14
u001473,brand,2023-10-06
u001474,brand,2023-10-04
u001475,brand,2023-10-09
u001476,brand,2023-10-12
u001477,brand,2023-10-05
u001478,brand,2023-10-02
u001479,brand,2023-10-29
u001480,brand,2023-10-28
u001481,brand,2023-10-10
u001482,brand,2023-10-20
u001483,brand,2023-10-05
u001484,brand,2023-10-29
u001485,brand,2023-10-26
u001486,brand,2023-10-06
u001487,brand,2023-10-07
u001488,brand,2023-10-11
u001489,brand,2023-10-03
u001490,brand,2023-10-11
u001491,brand,2023-10-21
u001492,brand,2023-10-23
u001493,brand,2023-10-01
u001494,brand,2023-10-11
u001495,brand,2023-10-26
u001496,brand,2023-10-27
u001497,brand,2023-10-18
u001498,brand,2023-10-23
u001499,brand,2023-10-08
u001500,brand,2023-10-27
u001501,brand,2023-10-15
u001502,brand,2023-10-22
u001503,brand,2023-10-09
u001504,brand,2023-10-06
u001505,brand,2023-10-17
u001506,brand,2023-10-17
u001507,brand,2023-10-18
u001508,brand,2023-10-26
u001509,brand,2023-10-24
u001510,brand,2023-10-10
u001511,brand,2023-10-15
u001512,brand,2023-10-03
u001513,brand,2023-10-25
u001514,brand,2023-10-05
u001515,brand,2023-10-03
u001516,brand,2023-10-17
u001517,brand,2023-10-29
u001518,brand,2023-10-12
u001519,brand,2023-10-06
u001520,brand,2023-10-06
u001521,brand,2023-10-26
u001522,brand,2023-10-21
u001523,brand,2023-10-16
u001524,brand,2023-10-29
u001525,brand,2023-10-04
u001526,brand,2023-10-20
u001527,brand,2023-10-12
u001528,brand,2023-10-08
u001529,brand,2023-10-29
u001530,brand,2023-10-30
u001531,brand,2023-10-26
u001532,brand,2023-10-05
u001533,brand,2023-10-23
u001534,brand,2023-10-12
u001535,brand,2023-10-12
u001536,brand,2023-10-07
u001537,brand,2023-10-19
u001538,brand,2023-10-27
u001539,brand,2023-10-08
u001540,brand,2023-10-17
u001541,brand,2023-10-21
u001542,brand,2023-10-20
u001543,brand,2023-10-09
u001544,brand,2023-10-01
u001545,brand,2023-10-26
u001546,brand,2023-10-19
u001547,brand,2023-10-22
u001548,brand,2023-10-17
u001549,brand,2023-10-12
u001550,brand,2023-10-08
u001551,brand,2023-10-21
u001552,brand,2023-10-26
u001553,brand,2023-10-11
u001554,brand,2023-10-01
u001555,brand,2023-10-05
u001556,brand,2023-10-18
u001557,brand,2023-10-08
u001558,brand,2023-10-26
u001559,brand,2023-10-09
u001560,organic,2023-10-04
u001561,organic,2023-10-21
u001562,organic,2023-10-28
u001563,organic,2023-10-26
u001564,organic,2023-10-12
u001565,organic,2023-10-02
u001566,organic,2023-10-12
u001567,organic,2023-10-19
u001568,organic,2023-10-24
u001569,organic,2023-10-05
u001570,organic,2023-10-10
u001571,organic,2023-10-19
u001572,organic,2023-10-23
u001573,organic,2023-10-10
u001574,organic,2023-10-26
u001575,organic,2023-10-25
u001576,organic,2023-10-12
u001577,organic,2023-10-17
u001578,organic,2023-10-15
u001579,organic,2023-10-21
u001580,organic,2023-10-10
u001581,organic,2023-10-11
u001582,organic,2023-10-14
u001583,organic,2023-10-07
u001584,organic,2023-10-19
u001585,organic,2023-10-30
u001586,organic,2023-10-11
u001587,organic,2023-10-27
u001588,organic,2023-10-15
u001589,organic,2023-10-06
u001590,organic,2023-10-16
u001591,organic,2023-10-16
u001592,organic,2023-10-01
u001593,organic,2023-10-15
u001594,organic,2023-10-06
u001595,organic,2023-10-25
u001596,organic,2023-10-17
u001597,organic,2023-10-10
u001598,organic,2023-10-01
u001599,organic,2023-10-18
u001600,organic,2023-10-22
u001601,organic,2023-10-14
u001602,organic,2023-10-29
u001603,organic,2023-10-07
u001604,organic,2023-10-24
u001605,organic,2023-10-16
u001606,organic,2023-10-10
u001607,organic,2023-10-09
u001608,organic,2023-10-14
u001609,organic,2023-10-03
u001610,organic,2023-10-21
u001611,organic,2023-10-13
u001612,organic,2023-10-22
u001613,organic,2023-10-16
u001614,organic,2023-10-31
u001615,organic,2023-10-03
u001616,organic,2023-10-16
u001617,organic,2023-10-17
u001618,organic,2023-10-08
u001619,organic,2023-10-21
u001620,organic,2023-10-12
u001621,organic,2023-10-24
u001622,organic,2023-10-29
u001623,organic,2023-10-27
u001624,organic,2023-10-20
u001625,organic,2023-10-23
u001626,organic,2023-10-27
u001627,organic,2023-10-31
u001628,organic,2023-10-23
u001629,organic,2023-10-29
u001630,organic,2023-10-30
u001631,organic,2023-10-06
u001632,organic,2023-10-16
u001633,organic,2023-10-12
u001634,organic,2023-10-30
u001635,organic,2023-10-24
u001636,organic,2023-10-28
u001637,organic,2023-10-11
u001638,organic,2023-10-27
u001639,organic,2023-10-03
u001640,organic,2023-10-30
u001641,organic,2023-10-08
u001642,organic,2023-10-17
u001643,organic,2023-10-23
u001644,organic,2023-10-24
u001645,organic,2023-10-07
u001646,organic,2023-10-18
u001647,organic,2023-10-17
u001648,organic,2023-10-25
u001649,organic,2023-10-10
u001650,organic,2023-10-24
u001651,organic,2023-10-20
u001652,organic,2023-10-24
u001653,organic,2023-10-28
u001654,organic,2023-10-14
u001655,organic,2023-10-14
u001656,organic,2023-10-25
u001657,organic,2023-10-25
u001658,organic,2023-10-28
u001659,organic,2023-10-18
u001660,organic,2023-10-20
u001661,organic,2023-10-02
u001662,organic,2023-10-15
u001663,organic,2023-10-08
u001664,organic,2023-10-27
u001665,organic,2023-10-04
u001666,organic,2023-10-25
u001667,organic,2023-10-26
u001668,organic,2023-10-15
u001669,organic,2023-10-21
u001670,organic,2023-10-18
u001671,organic,2023-10-22
u001672,organic,2023-10-22
u001673,organic,2023-10-08
u001674,organic,2023-10-22
u001675,organic,2023-10-28
u001676,organic,2023-10-10
u001677,organic,2023-10-10
u001678,organic,2023-10-10
u001679,organic,2023-10-29
u001680,search,2023-11-19
u001681,search,2023-11-18
u001682,search,2023-11-22
u001683,search,2023-11-23
u001684,search,2023-11-09
u001685,search,2023-11-24
u001686,search,2023-11-18
u001687,search,2023-11-11
u001688,search,2023-11-04
u001689,search,2023-11-18
u001690,search,2023-11-14
u001691,search,2023-11-15
u001692,search,2023-11-21
u001693,search,2023-11-22
u001694,search,2023-11-06
u001695,search,2023-11-09
u001696,search,2023-11-28
u001697,search,2023-11-18
u001698,search,2023-11-13
u001699,search,2023-11-30
u001700,search,2023-11-21
u001701,search,2023-11-26
u001702,search,2023-11-15
u001703,search,2023-11-05
u001704,search,2023-11-22
u001705,search,2023-11-25
u001706,search,2023-11-18
u001707,search,2023-11-13
u001708,search,2023-11-04
u001709,search,2023-11-08
u001710,search,2023-11-28
u001711,search,2023-11-06
u001712,search,2023-11-20
u001713,search,2023-11-20
u001714,search,2023-11-15
u001715,search,2023-11-30
u001716,search,2023-11-21
u001717,search,2023-11-30
u001718,search,2023-11-08
u001719,search,2023-11-23
u001720,search,2023-11-24
u001721,search,2023-11-28
u001722,search,2023-11-13
u001723,search,2023-11-10
u001724,search,2023-11-25
u001725,search,2023-11-22
u001726,search,2023-11-09
u001727,search,2023-11-10
u001728,search,2023-11-24
u001729,search,2023-11-18
u001730,search,2023-11-28
u001731,search,2023-11-19
u001732,search,2023-11-30
u001733,search,2023-11-10
u001734,search,2023-11-24
u001735,search,2023-11-06
u001736,search,2023-11-22
u001737,search,2023-11-13
u001738,search,2023-11-16
u001739,search,2023-11-25
u001740,search,2023-11-04
u001741,search,2023-11-07
u001742,search,2023-11-17
u001743,search,2023-11-13
u001744,search,2023-11-17
u001745,search,2023-11-13
u001746,search,2023-11-02
u001747,search,2023-11-29
u001748,search,2023-11-21
u001749,search,2023-11-19
u001750,search,2023-11-05
u001751,search,2023-11-06
u001752,search,2023-11-18
u001753,search,2023-11-02
u001754,search,2023-11-15
u001755,search,2023-11-27
u001756,search,2023-11-27
u001757,search,2023-11-16
u001758,search,2023-11-07
u001759,search,2023-11-03
u001760,search,2023-11-06
u001761,search,2023-11-09
u001762,search,2023-11-17
u001763,search,2023-11-22
u001764,search,2023-11-14
u001765,search,2023-11-25
u001766,search,2023-11-05
u001767,search,2023-11-13
u001768,search,2023-11-19
u001769,search,2023-11-02
u001770,search,2023-11-28
u001771,search,2023-11-30
u001772,search,2023-11-23
u001773,search,2023-11-22
u001774,search,2023-11-07
u001775,search,2023-11-06
u001776,search,2023-11-08
u001777,search,2023-11-05
u001778,search,2023-11-17
u001779,search,2023-11-29
u001780,search,2023-11-21
u001781,search,2023-11-27
u001782,search,2023-11-30
u001783,search,2023-11-20
u001784,search,2023-11-04
u001785,search,2023-11-28
u001786,search,2023-11-17
u001787,search,2023-11-17
u001788,search,2023-11-30
u001789,search,2023-11-21
u001790,search,2023-11-04
u001791,search,2023-11-23
u001792,search,2023-11-30
u001793,search,2023-11-08
u001794,search,2023-11-14
u001795,search,2023-11-04
u001796,search,2023-11-22
u001797,search,2023-11-05
u001798,search,2023-11-13
u001799,search,2023-11-20
u001800,display,2023-11-04
u001801,display,2023-11-28
u001802,display,2023-11-06
u001803,display,2023-11-08
u001804,display,2023-11-29
u001805,display,2023-11-04
u001806,display,2023-11-17
u001807,display,2023-11-18
u001808,display,2023-11-07
u001809,display,2023-11-12
u001810,display,2023-11-24
u001811,display,2023-11-22
u001812,display,2023-11-18
u001813,display,2023-11-17
u001814,display,2023-11-12
u001815,display,2023-11-19
u001816,display,2023-11-01
u001817,display,2023-11-03
u001818,display,2023-11-24
u001819,display,2023-11-06
u001820,display,2023-11-22
u001821,display,2023-11-01
u001822,display,2023-11-08
u001823,display,2023-11-29
u001824,display,2023-11-08
u001825,display,2023-11-30
u001826,display,2023-11-09
u001827,display,2023-11-20
u001828,display,2023-11-21
u001829,display,2023-11-20
u001830,display,2023-11-09
u001831,display,2023-11-23
u001832,display,2023-11-10
u001833,display,2023-11-25
u001834,display,2023-11-12
u001835,display,2023-11-26
u001836,display,2023-11-30
u001837,display,2023-11-23
u001838,display,2023-11-14
u001839,display,2023-11-13
u001840,display,2023-11-12
u001841,display,2023-11-11
u001842,display,2023-11-15
u001843,display,2023-11-15
u001844,display,2023-11-22
u001845,display,2023-11-27
u001846,display,2023-11-27
u001847,display,2023-11-19
u001848,display,2023-11-30
u001849,display,2023-11-27
u001850,display,2023-11-15
u001851,display,2023-11-13
u001852,display,2023-11-14
u001853,display,2023-11-01
u001854,display,2023-11-10
u001855,display,2023-11-12
u001856,display,2023-11-24
u001857,display,2023-11-08
u001858,display,2023-11-20
u001859,display,2023-11-10
u001860,retargeting,2023-11-07
u001861,retargeting,2023-11-12
u001862,retargeting,2023-11-14
u001863,retargeting,2023-11-19
u001864,retargeting,2023-11-08
u001865,retargeting,2023-11-08
u001866,retargeting,2023-11-21
u001867,retargeting,2023-11-07
u001868,retargeting,2023-11-05
u001869,retargeting,2023-11-05
u001870,retargeting,2023-11-10
u001871,retargeting,2023-11-01
u001872,retargeting,2023-11-02
u001873,retargeting,2023-11-22
u001874,retargeting,2023-11-17
u001875,retargeting,2023-11-05
u001876,retargeting,2023-11-08
u001877,retargeting,2023-11-21
u001878,retargeting,2023-11-25
u001879,retargeting,2023-11-27
u001880,retargeting,2023-11-07
u001881,retargeting,2023-11-26
u001882,retargeting,2023-11-13
u001883,retargeting,2023-11-09
u001884,retargeting,2023-11-18
u001885,retargeting,2023-11-04
u001886,retargeting,2023-11-14
u001887,retargeting,2023-11-14
u001888,retargeting,2023-11-18
u001889,retargeting,2023-11-06
u001890,brand,2023-11-18
u001891,brand,2023-11-08
u001892,brand,2023-11-07
u001893,brand,2023-11-18
u001894,brand,2023-11-09
u001895,brand,2023-11-17
u001896,brand,2023-11-21
u001897,brand,2023-11-08
u001898,brand,2023-11-18
u001899,brand,2023-11-30
u001900,brand,2023-11-17
u001901,brand,2023-11-05
u001902,brand,2023-11-23
u001903,brand,2023-11-14
u001904,brand,2023-11-22
u001905,brand,2023-11-01
u001906,brand,2023-11-22
u001907,brand,2023-11-21
u001908,brand,2023-11-01
u001909,brand,2023-11-14
u001910,brand,2023-11-15
u001911,brand,2023-11-17
u001912,brand,2023-11-19
u001913,brand,2023-11-21
u001914,brand,2023-11-28
u001915,brand,2023-11-23
u001916,brand,2023-11-10
u001917,brand,2023-11-29
u001918,brand,2023-11-15
u001919,brand,2023-11-26
u001920,brand,2023-11-15
u001921,brand,2023-11-10
u001922,brand,2023-11-22
u001923,brand,2023-11-22
u001924,brand,2023-11-04
u001925,brand,2023-11-03
u001926,brand,2023-11-23
u001927,brand,2023-11-05
u001928,brand,2023-11-14
u001929,brand,2023-11-14
u001930,brand,2023-11-14
u001931,brand,2023-11-14
u001932,brand,2023-11-29
u001933,brand,2023-11-16
u001934,brand,2023-11-27
u001935,brand,2023-11-15
u001936,brand,2023-11-15
u001937,brand,2023-11-20
u001938,brand,2023-11-08
u001939,brand,2023-11-29
u001940,brand,2023-11-28
u001941,brand,2023-11-06
u001942,brand,2023-11-05
u001943,brand,2023-11-11
u001944,brand,2023-11-06
u001945,brand,2023-11-03
u001946,brand,2023-11-25
u001947,brand,2023-11-06
u001948,brand,2023-11-12
u001949,brand,2023-11-30
u001950,brand,2023-11-12
u001951,brand,2023-11-02
u001952,brand,2023-11-08
u001953,brand,2023-11-07
u001954,brand,2023-11-17
u001955,brand,2023-11-13
u001956,brand,2023-11-03
u001957,brand,2023-11-09
u001958,brand,2023-11-15
u001959,brand,2023-11-17
u001960,brand,2023-11-13
u001961,brand,2023-11-30
u001962,brand,2023-11-15
u001963,brand,2023-11-22
u001964,brand,2023-11-18
u001965,brand,2023-11-13
u001966,brand,2023-11-01
u001967,brand,2023-11-21
u001968,brand,2023-11-26
u001969,brand,2023-11-27
u001970,brand,2023-11-24
u001971,brand,2023-11-07
u001972,brand,2023-11-14
u001973,brand,2023-11-22
u001974,brand,2023-11-22
u001975,brand,2023-11-19
u001976,brand,2023-11-02
u001977,brand,2023-11-23
u001978,brand,2023-11-17
u001979,brand,2023-11-03
u001980,organic,2023-11-29
u001981,organic,2023-11-08
u001982,organic,2023-11-04
u001983,organic,2023-11-24
u001984,organic,2023-11-20
u001985,organic,2023-11-06
u001986,organic,2023-11-28
u001987,organic,2023-11-22
u001988,organic,2023-11-17
u001989,organic,2023-11-04
u001990,organic,2023-11-29
u001991,organic,2023-11-16
u001992,organic,2023-11-18
u001993,organic,2023-11-01
u001994,organic,2023-11-21
u001995,organic,2023-11-26
u001996,organic,2023-11-24
u001997,organic,2023-11-12
u001998,organic,2023-11-06
u001999,organic,2023-11-14
u002000,organic,2023-11-17
u002001,organic,2023-11-09
u002002,organic,2023-11-19
u002003,organic,2023-11-28
u002004,organic,2023-11-04
u002005,organic,2023-11-08
u002006,organic,2023-11-14
u002007,organic,2023-11-06
u002008,organic,2023-11-24
u002009,organic,2023-11-02
u002010,organic,2023-11-02
u002011,organic,2023-11-11
u002012,organic,2023-11-13
u002013,organic,2023-11-22
u002014,organic,2023-11-05
u002015,organic,2023-11-24
u002016,organic,2023-11-06
u002017,organic,2023-11-29
u002018,organic,2023-11-16
u002019,organic,2023-11-23
u002020,organic,2023-11-01
u002021,organic,2023-11-22
u002022,organic,2023-11-13
u002023,organic,2023-11-16
u002024,organic,2023-11-01
u002025,organic,2023-11-19
u002026,organic,2023-11-28
u002027,organic,2023-11-30
u002028,organic,2023-11-27
u002029,organic,2023-11-22
u002030,organic,2023-11-07
u002031,organic,2023-11-12
u002032,organic,2023-11-02
u002033,organic,2023-11-07
u002034,organic,2023-11-08
u002035,organic,2023-11-21
u002036,organic,2023-11-01
u002037,organic,2023-11-28
u002038,organic,2023-11-23
u002039,organic,2023-11-21
u002040,organic,2023-11-18
u002041,organic,2023-11-08
u002042,organic,2023-11-17
u002043,organic,2023-11-20
u002044,organic,2023-11-26
u002045,organic,2023-11-21
u002046,organic,2023-11-25
u002047,organic,2023-11-14
u002048,organic,2023-11-13
u002049,organic,2023-11-24
u002050,organic,2023-11-19
u002051,organic,2023-11-12
u002052,organic,2023-11-14
u002053,organic,2023-11-17
u002054,organic,2023-11-19
u002055,organic,2023-11-11
u002056,organic,2023-11-05
u002057,organic,2023-11-27
u002058,organic,2023-11-10
u002059,organic,2023-11-05
u002060,organic,2023-11-08
u002061,organic,2023-11-27
u002062,organic,2023-11-06
u002063,organic,2023-11-21
u002064,organic,2023-11-13
u002065,organic,2023-11-19
u002066,organic,2023-11-22
u002067,organic,2023-11-07
u002068,organic,2023-11-12
u002069,organic,2023-11-24
u002070,organic,2023-11-30
u002071,organic,2023-11-26
u002072,organic,2023-11-10
u002073,organic,2023-11-08
u002074,organic,2023-11-29
u002075,organic,2023-11-21
u002076,organic,2023-11-06
u002077,organic,2023-11-20
u002078,organic,2023-11-10
u002079,organic,2023-11-05
u002080,organic,2023-11-05
u002081,organic,2023-11-12
u002082,organic,2023-11-08
u002083,organic,2023-11-24
u002084,organic,2023-11-05
u002085,organic,2023-11-06
u002086,organic,2023-11-19
u002087,organic,2023-11-14
u002088,organic,2023-11-07
u002089,organic,2023-11-03
u002090,organic,2023-11-03
u002091,organic,2023-11-09
u002092,organic,2023-11-08
u002093,organic,2023-11-18
u002094,organic,2023-11-21
u002095,organic,2023-11-05
u002096,organic,2023-11-13
u002097,organic,2023-11-14
u002098,organic,2023-11-05
u002099,organic,2023-11-15
u002100,search,2023-12-04
u002101,search,2023-12-25
u002102,search,2023-12-05
u002103,search,2023-12-26
u002104,search,2023-12-20
u002105,search,2023-12-17
u002106,search,2023-12-16
u002107,search,2023-12-05
u002108,search,2023-12-21
u002109,search,2023-12-12
u002110,search,2023-12-25
u002111,search,2023-12-27
u002112,search,2023-12-29
u002113,search,2023-12-29
u002114,search,2023-12-24
u002115,search,2023-12-09
u002116,search,2023-12-09
u002117,search,2023-12-30
u002118,search,2023-12-30
u002119,search,2023-12-09
u002120,search,2023-12-21
u002121,search,2023-12-29
u002122,search,2023-12-27
u002123,search,2023-12-29
u002124,search,2023-12-11
u002125,search,2023-12-16
u002126,search,2023-12-19
u002127,search,2023-12-30
u002128,search,2023-12-31
u002129,search,2023-12-18
u002130,search,2023-12-27
u002131,search,2023-12-12
u002132,search,2023-12-19
u002133,search,2023-12-26
u002134,search,2023-12-28
u002135,search,2023-12-04
u002136,search,2023-12-03
u002137,search,2023-12-07
u002138,search,2023-12-04
u002139,search,2023-12-07
u002140,search,2023-12-30
u002141,search,2023-12-20
u002142,search,2023-12-04
u002143,search,2023-12-22
u002144,search,2023-12-30
u002145,search,2023-12-26
u002146,search,2023-12-27
u002147,search,2023-12-28
u002148,search,2023-12-24
u002149,search,2023-12-28
u002150,search,2023-12-25
u002151,search,2023-12-22
u002152,search,2023-12-07
u002153,search,2023-12-29
u002154,search,2023-12-03
u002155,search,2023-12-09
u002156,search,2023-12-23
u002157,search,2023-12-23
u002158,search,2023-12-28
u002159,search,2023-12-03
u002160,search,2023-12-25
u002161,search,2023-12-04
u002162,search,2023-12-19
u002163,search,2023-12-08
u002164,search,2023-12-18
u002165,search,2023-12-04
u002166,search,2023-12-02
u002167,search,2023-12-30
u002168,search,2023-12-16
u002169,search,2023-12-15
u002170,search,2023-12-13
u002171,search,2023-12-29
u002172,search,2023-12-25
u002173,search,2023-12-15
u002174,search,2023-12-04
u002175,search,2023-12-22
u002176,search,2023-12-07
u002177,search,2023-12-10
u002178,search,2023-12-21
u002179,search,2023-12-30
u002180,search,2023-12-07
u002181,search,2023-12-02
u002182,search,2023-12-14
u002183,search,2023-12-22
u002184,search,2023-12-21
u002185,search,2023-12-30
u002186,search,2023-12-07
u002187,search,2023-12-25
u002188,search,2023-12-24
u002189,search,2023-12-26
u002190,search,2023-12-28
u002191,search,2023-12-10
u002192,search,2023-12-10
u002193,search,2023-12-15
u002194,search,2023-12-11
u002195,search,2023-12-05
u002196,search,2023-12-11
u002197,search,2023-12-12
u002198,search,2023-12-24
u002199,search,2023-12-01
u002200,search,2023-12-24
u002201,search,2023-12-25
u002202,search,2023-12-05
u002203,search,2023-12-30
u002204,search,2023-12-23
u002205,search,2023-12-22
u002206,search,2023-12-24
u002207,search,2023-12-26
u002208,search,2023-12-13
u002209,search,2023-12-16
u002210,search,2023-12-19
u002211,search,2023-12-06
u002212,search,2023-12-02
u002213,search,2023-12-23
u002214,search,2023-12-08
u002215,search,2023-12-10
u002216,search,2023-12-04
u002217,search,2023-12-15
u002218,search,2023-12-18
u002219,search,2023-12-28
u002220,display,2023-12-29
u002221,display,2023-12-17
u002222,display,2023-12-25
u002223,display,2023-12-02
u002224,display,2023-12-19
u002225,display,2023-12-03
u002226,display,2023-12-14
u002227,display,2023-12-24
u002228,display,2023-12-02
u002229,display,2023-12-13
u002230,display,2023-12-13
u002231,display,2023-12-08
u002232,display,2023-12-17
u002233,display,2023-12-26
u002234,display,2023-12-31
u002235,display,2023-12-29
u002236,display,2023-12-30
u002237,display,2023-12-07
u002238,display,2023-12-04
u002239,display,2023-12-06
u002240,display,2023-12-31
u002241,display,2023-12-07
u002242,display,2023-12-24
u002243,display,2023-12-13
u002244,display,2023-12-22
u002245,display,2023-12-24
u002246,display,2023-12-29
u002247,display,2023-12-03
u002248,display,2023-12-11
u002249,display,2023-12-04
u002250,display,2023-12-13
u002251,display,2023-12-12
u002252,display,2023-12-27
u002253,display,2023-12-22
u002254,display,2023-12-04
u002255,display,2023-12-14
u002256,display,2023-12-22
u002257,display,2023-12-23
u002258,display,2023-12-26
u002259,display,2023-12-07
u002260,display,2023-12-28
u002261,display,2023-12-29
u002262,display,2023-12-07
u002263,display,2023-12-21
u002264,display,2023-12-22
u002265,display,2023-12-28
u002266,display,2023-12-03
u002267,display,2023-12-08
u002268,display,2023-12-27
u002269,display,2023-12-02
u002270,display,2023-12-15
u002271,display,2023-12-10
u002272,display,2023-12-20
u002273,display,2023-12-15
u002274,display,2023-12-27
u002275,display,2023-12-03
u002276,display,2023-12-16
u002277,display,2023-12-17
u002278,display,2023-12-16
u002279,display,2023-12-03
u002280,retargeting,2023-12-28
u002281,retargeting,2023-12-11
u002282,retargeting,2023-12-08
u002283,retargeting,2023-12-28
u002284,retargeting,2023-12-31
u002285,retargeting,2023-12-15
u002286,retargeting,2023-12-04
u002287,retargeting,2023-12-19
u002288,retargeting,2023-12-26
u002289,retargeting,2023-12-15
u002290,retargeting,2023-12-05
u002291,retargeting,2023-12-23
u002292,retargeting,2023-12-24
u002293,retargeting,2023-12-28
u002294,retargeting,2023-12-27
u002295,retargeting,2023-12-15
u002296,retargeting,2023-12-10
u002297,retargeting,2023-12-06
u002298,retargeting,2023-12-04
u002299,retargeting,2023-12-26
u002300,retargeting,2023-12-31
u002301,retargeting,2023-12-20
u002302,retargeting,2023-12-31
u002303,retargeting,2023-12-10
u002304,retargeting,2023-12-24
u002305,retargeting,2023-12-13
u002306,retargeting,2023-12-12
u002307,retargeting,2023-12-20
u002308,retargeting,2023-12-05
u002309,retargeting,2023-12-13
u002310,brand,2023-12-22
u002311,brand,2023-12-12
u002312,brand,2023-12-01
u002313,brand,2023-12-28
u002314,brand,2023-12-01
u002315,brand,2023-12-16
u002316,brand,2023-12-03
u002317,brand,2023-12-28
u002318,brand,2023-12-01
u002319,brand,2023-12-22
u002320,brand,2023-12-24
u002321,brand,2023-12-23
u002322,brand,2023-12-17
u002323,brand,2023-12-19
u002324,brand,2023-12-16
u002325,brand,2023-12-24
u002326,brand,2023-12-03
u002327,brand,2023-12-28
u002328,brand,2023-12-25
u002329,brand,2023-12-31
u002330,brand,2023-12-03
u002331,brand,2023-12-07
u002332,brand,2023-12-07
u002333,brand,2023-12-13
u002334,brand,2023-12-26
u002335,brand,2023-12-25
u002336,brand,2023-12-22
u002337,brand,2023-12-13
u002338,brand,2023-12-03
u002339,brand,2023-12-22
u002340,brand,2023-12-03
u002341,brand,2023-12-07
u002342,brand,2023-12-13
u002343,brand,2023-12-25
u002344,brand,2023-12-19
u002345,brand,2023-12-04
u002346,brand,2023-12-08
u002347,brand,2023-12-27
u002348,brand,2023-12-19
u002349,brand,2023-12-21
u002350,brand,2023-12-12
u002351,brand,2023-12-26
u002352,brand,2023-12-19
u002353,brand,2023-12-03
u002354,brand,2023-12-23
u002355,brand,2023-12-09
u002356,brand,2023-12-27
u002357,brand,2023-12-20
u002358,brand,2023-12-07
u002359,brand,2023-12-01
u002360,brand,2023-12-03
u002361,brand,2023-12-08
u002362,brand,2023-12-04
u002363,brand,2023-12-21
u002364,brand,2023-12-06
u002365,brand,2023-12-14
u002366,brand,2023-12-11
u002367,brand,2023-12-21
u002368,brand,2023-12-01
u002369,brand,2023-12-13
u002370,brand,2023-12-26
u002371,brand,2023-12-08
u002372,brand,2023-12-27
u002373,brand,2023-12-06
u002374,brand,2023-12-23
u002375,brand,2023-12-09
u002376,brand,2023-12-12
u002377,brand,2023-12-17
u002378,brand,2023-12-22
u002379,brand,2023-12-17
u002380,brand,2023-12-18
u002381,brand,2023-12-09
u002382,brand,2023-12-21
u002383,brand,2023-12-03
u002384,brand,2023-12-03
u002385,brand,2023-12-05
u002386,brand,2023-12-28
u002387,brand,2023-12-20
u002388,brand,2023-12-11
u002389,brand,2023-12-20
u002390,brand,2023-12-09
u002391,brand,2023-12-23
u002392,brand,2023-12-13
u002393,brand,2023-12-20
u002394,brand,2023-12-08
u002395,brand,2023-12-02
u002396,brand,2023-12-31
u002397,brand,2023-12-21
u002398,brand,2023-12-21
u002399,brand,2023-12-19
u002400,organic,2023-12-12
u002401,organic,2023-12-10
u002402,organic,2023-12-22
u002403,organic,2023-12-31
u002404,organic,2023-12-19
u002405,organic,2023-12-18
u002406,organic,2023-12-31
u002407,organic,2023-12-06
u002408,organic,2023-12-03
u002409,organic,2023-12-03
u002410,organic,2023-12-19
u002411,organic,2023-12-28
u002412,organic,2023-12-08
u002413,organic,2023-12-23
u002414,organic,2023-12-28
u002415,organic,2023-12-29
u002416,organic,2023-12-25
u002417,organic,2023-12-12
u002418,organic,2023-12-21
u002419,organic,2023-12-18
u002420,organic,2023-12-15
u002421,organic,2023-12-22
u002422,organic,2023-12-22
u002423,organic,2023-12-26
u002424,organic,2023-12-18
u002425,organic,2023-12-21
u002426,organic,2023-12-09
u002427,organic,2023-12-15
u002428,organic,2023-12-26
u002429,organic,2023-12-24
u002430,organic,2023-12-16
u002431,organic,2023-12-18
u002432,organic,2023-12-08
u002433,organic,2023-12-12
u002434,organic,2023-12-21
u002435,organic,2023-12-04
u002436,organic,2023-12-01
u002437,organic,2023-12-19
u002438,organic,2023-12-23
u002439,organic,2023-12-31
u002440,organic,2023-12-15
u002441,organic,2023-12-04
u002442,organic,2023-12-20
u002443,organic,2023-12-10
u002444,organic,2023-12-05
u002445,organic,2023-12-20
u002446,organic,2023-12-23
u002447,organic,2023-12-02
u002448,organic,2023-12-23
u002449,organic,2023-12-18
u002450,organic,2023-12-23
u002451,organic,2023-12-20
u002452,organic,2023-12-15
u002453,organic,2023-12-11
u002454,organic,2023-12-20
u002455,organic,2023-12-07
u002456,organic,2023-12-18
u002457,organic,2023-12-24
u002458,organic,2023-12-08
u002459,organic,2023-12-03
u002460,organic,2023-12-01
u002461,organic,2023-12-18
u002462,organic,2023-12-13
u002463,organic,2023-12-21
u002464,organic,2023-12-26
u002465,organic,2023-12-31
u002466,organic,2023-12-10
u002467,organic,2023-12-04
u002468,organic,2023-12-24
u002469,organic,2023-12-01
u002470,organic,2023-12-20
u002471,organic,2023-12-09
u002472,organic,2023-12-11
u002473,organic,2023-12-04
u002474,organic,2023-12-01
u002475,organic,2023-12-07
u002476,organic,2023-12-14
u002477,organic,2023-12-10
u002478,organic,2023-12-13
u002479,organic,2023-12-04
u002480,organic,2023-12-05
u002481,organic,2023-12-24
u002482,organic,2023-12-26
u002483,organic,2023-12-23
u002484,organic,2023-12-30
u002485,organic,2023-12-23
u002486,organic,2023-12-04
u002487,organic,2023-12-23
u002488,organic,2023-12-08
u002489,organic,2023-12-25
u002490,organic,2023-12-20
u002491,organic,2023-12-27
u002492,organic,2023-12-30
u002493,organic,2023-12-22
u002494,organic,2023-12-29
u002495,organic,2023-12-17
u002496,organic,2023-12-29
u002497,organic,2023-12-03
u002498,organic,2023-12-14
u002499,organic,2023-12-24
u002500,organic,2023-12-31
u002501,organic,2023-12-27
u002502,organic,2023-12-12
u002503,organic,2023-12-20
u002504,organic,2023-12-03
u002505,organic,2023-12-04
u002506,organic,2023-12-22
u002507,organic,2023-12-10
u002508,organic,2023-12-18
u002509,organic,2023-12-07
u002510,organic,2023-12-25
u002511,organic,2023-12-03
u002512,organic,2023-12-20
u002513,organic,2023-12-21
u002514,organic,2023-12-26
u002515,organic,2023-12-08
u002516,organic,2023-12-11
u002517,organic,2023-12-18
u002518,organic,2023-12-09
u002519,organic,2023-12-23
u002520,search,2024-01-16
u002521,search,2024-01-03
u002522,search,2024-01-12
u002523,search,2024-01-18
u002524,search,2024-01-26
u002525,search,2024-01-09
u002526,search,2024-01-08
u002527,search,2024-01-27
u002528,search,2024-01-17
u002529,search,2024-01-23
u002530,search,2024-01-29
u002531,search,2024-01-02
u002532,search,2024-01-19
u002533,search,2024-01-03
u002534,search,2024-01-29
u002535,search,2024-01-14
u002536,search,2024-01-14
u002537,search,2024-01-06
u002538,search,2024-01-20
u002539,search,2024-01-17
u002540,search,2024-01-30
u002541,search,2024-01-01
u002542,search,2024-01-23
u002543,search,2024-01-30
u002544,search,2024-01-29
u002545,search,2024-01-20
u002546,search,2024-01-26
u002547,search,2024-01-02
u002548,search,2024-01-03
u002549,search,2024-01-22
u002550,search,2024-01-09
u002551,search,2024-01-22
u002552,search,2024-01-23
u002553,search,2024-01-21
u002554,search,2024-01-28
u002555,search,2024-01-07
u002556,search,2024-01-25
u002557,search,2024-01-25
u002558,search,2024-01-10
u002559,search,2024-01-07
u002560,search,2024-01-20
u002561,search,2024-01-28
u002562,search,2024-01-21
u002563,search,2024-01-04
u002564,search,2024-01-14
u002565,search,2024-01-13
u002566,search,2024-01-19
u002567,search,2024-01-19
u002568,search,2024-01-31
u002569,search,2024-01-27
u002570,search,2024-01-17
u002571,search,2024-01-05
u002572,search,2024-01-07
u002573,search,2024-01-06
u002574,search,2024-01-16
u002575,search,2024-01-05
u002576,search,2024-01-06
u002577,search,2024-01-05
u002578,search,2024-01-22
u002579,search,2024-01-09
u002580,search,2024-01-28
u002581,search,2024-01-16
u002582,search,2024-01-21
u002583,search,2024-01-17
u002584,search,2024-01-28
u002585,search,2024-01-04
u002586,search,2024-01-23
u002587,search,2024-01-18
u002588,search,2024-01-14
u002589,search,2024-01-22
u002590,search,2024-01-17
u002591,search,2024-01-20
u002592,search,2024-01-17
u002593,search,2024-01-04
u002594,search,2024-01-13
u002595,search,2024-01-31
u002596,search,2024-01-03
u002597,search,2024-01-08
u002598,search,2024-01-22
u002599,search,2024-01-05
u002600,search,2024-01-02
u002601,search,2024-01-24
u002602,search,2024-01-07
u002603,search,2024-01-07
u002604,search,2024-01-15
u002605,search,2024-01-27
u002606,search,2024-01-31
u002607,search,2024-01-09
u002608,search,2024-01-10
u002609,search,2024-01-17
u002610,search,2024-01-25
u002611,search,2024-01-03
u002612,search,2024-01-14
u002613,search,2024-01-04
u002614,search,2024-01-07
u002615,search,2024-01-20
u002616,search,2024-01-01
u002617,search,2024-01-27
u002618,search,2024-01-03
u002619,search,2024-01-26
u002620,search,2024-01-13
u002621,search,2024-01-18
u002622,search,2024-01-13
u002623,search,2024-01-12
u002624,search,2024-01-20
u002625,search,2024-01-10
u002626,search,2024-01-02
u002627,search,2024-01-01
u002628,search,2024-01-09
u002629,search,2024-01-07
u002630,search,2024-01-01
u002631,search,2024-01-04
u002632,search,2024-01-28
u002633,search,2024-01-16
u002634,search,2024-01-13
u002635,search,2024-01-29
u002636,search,2024-01-19
u002637,search,2024-01-04
u002638,search,2024-01-23
u002639,search,2024-01-23
u002640,display,2024-01-07
u002641,display,2024-01-23
u002642,display,2024-01-30
u002643,display,2024-01-03
u002644,display,2024-01-13
u002645,display,2024-01-13
u002646,display,2024-01-16
u002647,display,2024-01-24
u002648,display,2024-01-17
u002649,display,2024-01-05
u002650,display,2024-01-08
u002651,display,2024-01-23
u002652,display,2024-01-08
u002653,display,2024-01-16
u002654,display,2024-01-12
u002655,display,2024-01-14
u002656,display,2024-01-24
u002657,display,2024-01-08
u002658,display,2024-01-22
u002659,display,2024-01-24
u002660,display,2024-01-31
u002661,display,2024-01-15
u002662,display,2024-01-03
u002663,display,2024-01-21
u002664,display,2024-01-24
u002665,display,2024-01-01
u002666,display,2024-01-07
u002667,display,2024-01-11
u002668,display,2024-01-16
u002669,display,2024-01-16
u002670,display,2024-01-07
u002671,display,2024-01-07
u002672,display,2024-01-30
u002673,display,2024-01-23
u002674,display,2024-01-16
u002675,display,2024-01-11
u002676,display,2024-01-15
u002677,display,2024-01-30
u002678,display,2024-01-10
u002679,display,2024-01-11
u002680,display,2024-01-14
u002681,display,2024-01-06
u002682,display,2024-01-04
u002683,display,2024-01-28
u002684,display,2024-01-22
u002685,display,2024-01-11
u002686,display,2024-01-18
u002687,display,2024-01-16
u002688,display,2024-01-04
u002689,display,2024-01-24
u002690,display,2024-01-04
u002691,display,2024-01-18
u002692,display,2024-01-10
u002693,display,2024-01-14
u002694,display,2024-01-15
u002695,display,2024-01-14
u002696,display,2024-01-07
u002697,display,2024-01-03
u002698,display,2024-01-05
u002699,display,2024-01-23
u002700,retargeting,2024-01-14
u002701,retargeting,2024-01-02
u002702,retargeting,2024-01-11
u002703,retargeting,2024-01-02
u002704,retargeting,2024-01-14
u002705,retargeting,2024-01-09
u002706,retargeting,2024-01-28
u002707,retargeting,2024-01-12
u002708,retargeting,2024-01-19
u002709,retargeting,2024-01-06
u002710,retargeting,2024-01-15
u002711,retargeting,2024-01-28
u002712,retargeting,2024-01-01
u002713,retargeting,2024-01-10
u002714,retargeting,2024-01-12
u002715,retargeting,2024-01-15
u002716,retargeting,2024-01-13
u002717,retargeting,2024-01-31
u002718,retargeting,2024-01-05
u002719,retargeting,2024-01-08
u002720,retargeting,2024-01-15
u002721,retargeting,2024-01-20
u002722,retargeting,2024-01-03
u002723,retargeting,2024-01-24
u002724,retargeting,2024-01-17
u002725,retargeting,2024-01-09
u002726,retargeting,2024-01-12
u002727,retargeting,2024-01-02
u002728,retargeting,2024-01-21
u002729,retargeting,2024-01-25
u002730,brand,2024-01-31
u002731,brand,2024-01-29
u002732,brand,2024-01-27
u002733,brand,2024-01-10
u002734,brand,2024-01-14
u002735,brand,2024-01-16
u002736,brand,2024-01-21
u002737,brand,2024-01-05
u002738,brand,2024-01-27
u002739,brand,2024-01-20
u002740,brand,2024-01-07
u002741,brand,2024-01-02
u002742,brand,2024-01-01
u002743,brand,2024-01-12
u002744,brand,2024-01-10
u002745,brand,2024-01-05
u002746,brand,2024-01-14
u002747,brand,2024-01-01
u002748,brand,2024-01-20
u002749,brand,2024-01-14
u002750,brand,2024-01-09
u002751,brand,2024-01-15
u002752,brand,2024-01-14
u002753,brand,2024-01-27
u002754,brand,2024-01-21
u002755,brand,2024-01-08
u002756,brand,2024-01-26
u002757,brand,2024-01-11
u002758,brand,2024-01-08
u002759,brand,2024-01-23
u002760,brand,2024-01-25
u002761,brand,2024-01-01
u002762,brand,2024-01-30
u002763,brand,2024-01-20
u002764,brand,2024-01-13
u002765,brand,2024-01-24
u002766,brand,2024-01-18
u002767,brand,2024-01-30
u002768,brand,2024-01-01
u002769,brand,2024-01-17
u002770,brand,2024-01-23
u002771,brand,2024-01-02
u002772,brand,2024-01-28
u002773,brand,2024-01-11
u002774,brand,2024-01-01
u002775,brand,2024-01-12
u002776,brand,2024-01-27
u002777,brand,2024-01-30
u002778,brand,2024-01-05
u002779,brand,2024-01-13
u002780,brand,2024-01-27
u002781,brand,2024-01-01
u002782,brand,2024-01-17
u002783,brand,2024-01-17
u002784,brand,2024-01-12
u002785,brand,2024-01-10
u002786,brand,2024-01-30
u002787,brand,2024-01-12
u002788,brand,2024-01-19
u002789,brand,2024-01-24
u002790,brand,2024-01-02
u002791,brand,2024-01-26
u002792,brand,2024-01-24
u002793,brand,2024-01-06
u002794,brand,2024-01-06
u002795,brand,2024-01-18
u002796,brand,2024-01-29
u002797,brand,2024-01-28
u002798,brand,2024-01-06
u002799,brand,2024-01-19
u002800,brand,2024-01-16
u002801,brand,2024-01-22
u002802,brand,2024-01-17
u002803,brand,2024-01-18
u002804,brand,2024-01-18
u002805,brand,2024-01-01
u002806,brand,2024-01-17
u002807,brand,2024-01-05
u002808,brand,2024-01-14
u002809,brand,2024-01-17
u002810,brand,2024-01-23
u002811,brand,2024-01-27
u002812,brand,2024-01-05
u002813,brand,2024-01-19
u002814,brand,2024-01-25
u002815,brand,2024-01-11
u002816,brand,2024-01-02
u002817,brand,2024-01-29
u002818,brand,2024-01-27
u002819,brand,2024-01-22
u002820,organic,2024-01-12
u002821,organic,2024-01-09
u002822,organic,2024-01-18
u002823,organic,2024-01-05
u002824,organic,2024-01-25
u002825,organic,2024-01-08
u002826,organic,2024-01-22
u002827,organic,2024-01-21
u002828,organic,2024-01-24
u002829,organic,2024-01-17
u002830,organic,2024-01-05
u002831,organic,2024-01-02
u002832,organic,2024-01-01
u002833,organic,2024-01-05
u002834,organic,2024-01-28
u002835,organic,2024-01-04
u002836,organic,2024-01-14
u002837,organic,2024-01-16
u002838,organic,2024-01-20
u002839,organic,2024-01-04
u002840,organic,2024-01-03
u002841,organic,2024-01-27
u002842,organic,2024-01-22
u002843,organic,2024-01-19
u002844,organic,2024-01-04
u002845,organic,2024-01-22
u002846,organic,2024-01-25
u002847,organic,2024-01-27
u002848,organic,2024-01-02
u002849,organic,2024-01-18
u002850,organic,2024-01-03
u002851,organic,2024-01-11
u002852,organic,2024-01-11
u002853,organic,2024-01-05
u002854,organic,2024-01-07
u002855,organic,2024-01-29
u002856,organic,2024-01-31
u002857,organic,2024-01-17
u002858,organic,2024-01-14
u002859,organic,2024-01-31
u002860,organic,2024-01-15
u002861,organic,2024-01-14
u002862,organic,2024-01-02
u002863,organic,2024-01-05
u002864,organic,2024-01-16
u002865,organic,2024-01-10
u002866,organic,2024-01-02
u002867,organic,2024-01-23
u002868,organic,2024-01-20
u002869,organic,2024-01-02
u002870,organic,2024-01-31
u002871,organic,2024-01-08
u002872,organic,2024-01-11
u002873,organic,2024-01-06
u002874,organic,2024-01-26
u002875,organic,2024-01-30
u002876,organic,2024-01-30
u002877,organic,2024-01-04
u002878,organic,2024-01-31
u002879,organic,2024-01-02
u002880,organic,2024-01-24
u002881,organic,2024-01-21
u002882,organic,2024-01-27
u002883,organic,2024-01-17
u002884,organic,2024-01-11
u002885,organic,2024-01-21
u002886,organic,2024-01-19
u002887,organic,2024-01-06
u002888,organic,2024-01-21
u002889,organic,2024-01-22
u002890,organic,2024-01-07
u002891,organic,2024-01-20
u002892,organic,2024-01-10
u002893,organic,2024-01-17
u002894,organic,2024-01-12
u002895,organic,2024-01-21
u002896,organic,2024-01-03
u002897,organic,2024-01-06
u002898,organic,2024-01-15
u002899,organic,2024-01-21
u002900,organic,2024-01-25
u002901,organic,2024-01-06
u002902,organic,2024-01-21
u002903,organic,2024-01-31
u002904,organic,2024-01-20
u002905,organic,2024-01-02
u002906,organic,2024-01-19
u002907,organic,2024-01-12
u002908,organic,2024-01-01
u002909,organic,2024-01-13
u002910,organic,2024-01-01
u002911,organic,2024-01-04
u002912,organic,2024-01-06
u002913,organic,2024-01-07
u002914,organic,2024-01-29
u002915,organic,2024-01-08
u002916,organic,2024-01-27
u002917,organic,2024-01-06
u002918,organic,2024-01-18
u002919,organic,2024-01-11
u002920,organic,2024-01-12
u002921,organic,2024-01-17
u002922,organic,2024-01-30
u002923,organic,2024-01-22
u002924,organic,2024-01-03
u002925,organic,2024-01-29
u002926,organic,2024-01-04
u002927,organic,2024-01-15
u002928,organic,2024-01-20
u002929,organic,2024-01-18
u002930,organic,2024-01-17
u002931,organic,2024-01-22
u002932,organic,2024-01-31
u002933,organic,2024-01-07
u002934,organic,2024-01-25
u002935,organic,2024-01-01
u002936,organic,2024-01-30
u002937,organic,2024-01-13
u002938,organic,2024-01-23
u002939,organic,2024-01-08
u002940,search,2024-02-01
u002941,search,2024-02-12
u002942,search,2024-02-18
u002943,search,2024-02-04
u002944,search,2024-02-13
u002945,search,2024-02-06
u002946,search,2024-02-26
u002947,search,2024-02-22
u002948,search,2024-02-28
u002949,search,2024-02-11
u002950,search,2024-02-17
u002951,search,2024-02-11
u002952,search,2024-02-12
u002953,search,2024-02-16
u002954,search,2024-02-28
u002955,search,2024-02-26
u002956,search,2024-02-08
u002957,search,2024-02-09
u002958,search,2024-02-15
u002959,search,2024-02-23
u002960,search,2024-02-11
u002961,search,2024-02-02
u002962,search,2024-02-05
u002963,search,2024-02-12
u002964,search,2024-02-26
u002965,search,2024-02-21
u002966,search,2024-02-08
u002967,search,2024-02-18
u002968,search,2024-02-24
u002969,search,2024-02-09
u002970,search,2024-02-22
u002971,search,2024-02-19
u002972,search,2024-02-20
u002973,search,2024-02-04
u002974,search,2024-02-04
u002975,search,2024-02-14
u002976,search,2024-02-12
u002977,search,2024-02-09
u002978,search,2024-02-27
u002979,search,2024-02-08
u002980,search,2024-02-11
u002981,search,2024-02-02
u002982,search,2024-02-01
u002983,search,2024-02-10
u002984,search,2024-02-22
u002985,search,2024-02-18
u002986,search,2024-02-20
u002987,search,2024-02-22
u002988,search,2024-02-17
u002989,search,2024-02-13
u002990,search,2024-02-11
u002991,search,2024-02-02
u002992,search,2024-02-10
u002993,search,2024-02-15
u002994,search,2024-02-07
u002995,search,2024-02-05
u002996,search,2024-02-18
u002997,search,2024-02-14
u002998,search,2024-02-29
u002999,search,2024-02-24
u003000,search,2024-02-23
u003001,search,2024-02-15
u003002,search,2024-02-19
u003003,search,2024-02-26
u003004,search,2024-02-17
u003005,search,2024-02-08
u003006,search,2024-02-21
u003007,search,2024-02-04
u003008,search,2024-02-15
u003009,search,2024-02-25
u003010,search,2024-02-25
u003011,search,2024-02-23
u003012,search,2024-02-17
u003013,search,2024-02-11
u003014,search,2024-02-08
u003015,search,2024-02-15
u003016,search,2024-02-17
u003017,search,2024-02-10
u003018,search,2024-02-08
u003019,search,2024-02-23
u003020,search,2024-02-16
u003021,search,2024-02-15
u003022,search,2024-02-24
u003023,search,2024-02-29
u003024,search,2024-02-22
u003025,search,2024-02-23
u003026,search,2024-02-08
u003027,search,2024-02-25
u003028,search,2024-02-22
u003029,search,2024-02-17
u003030,search,2024-02-04
u003031,search,2024-02-16
u003032,search,2024-02-19
u003033,search,2024-02-06
u003034,search,2024-02-10
u003035,search,2024-02-23
u003036,search,2024-02-18
u003037,search,2024-02-07
u003038,search,2024-02-26
u003039,search,2024-02-25
u003040,search,2024-02-04
u003041,search,2024-02-02
u003042,search,2024-02-21
u003043,search,2024-02-03
u003044,search,2024-02-20
u003045,search,2024-02-16
u003046,search,2024-02-22
u003047,search,2024-02-01
u003048,search,2024-02-29
u003049,search,2024-02-03
u003050,search,2024-02-15
u003051,search,2024-02-24
u003052,search,2024-02-04
u003053,search,2024-02-22
u003054,search,2024-02-21
u003055,search,2024-02-26
u003056,search,2024-02-16
u003057,search,2024-02-09
u003058,search,2024-02-24
u003059,search,2024-02-05
u003060,display,2024-02-19
u003061,display,2024-02-05
u003062,display,2024-02-15
u003063,display,2024-02-08
u003064,display,2024-02-09
u003065,display,2024-02-17
u003066,display,2024-02-29
u003067,display,2024-02-06
u003068,display,2024-02-08
u003069,display,2024-02-08
u003070,display,2024-02-07
u003071,display,2024-02-28
u003072,display,2024-02-04
u003073,display,2024-02-06
u003074,display,2024-02-20
u003075,display,2024-02-11
u003076,display,2024-02-27
u003077,display,2024-02-18
u003078,display,2024-02-04
u003079,display,2024-02-15
u003080,display,2024-02-04
u003081,display,2024-02-13
u003082,display,2024-02-27
u003083,display,2024-02-14
u003084,display,2024-02-20
u003085,display,2024-02-12
u003086,display,2024-02-29
u003087,display,2024-02-18
u003088,display,2024-02-21
u003089,display,2024-02-24
u003090,display,2024-02-23
u003091,display,2024-02-28
u003092,display,2024-02-14
u003093,display,2024-02-05
u003094,display,2024-02-07
u003095,display,2024-02-07
u003096,display,2024-02-17
u003097,display,2024-02-03
u003098,display,2024-02-11
u003099,display,2024-02-22
u003100,display,2024-02-14
u003101,display,2024-02-10
u003102,display,2024-02-15
u003103,display,2024-02-04
u003104,display,2024-02-01
u003105,display,2024-02-21
u003106,display,2024-02-18
u003107,display,2024-02-20
u003108,display,2024-02-11
u003109,display,2024-02-07
u003110,display,2024-02-24
u003111,display,2024-02-22
u003112,display,2024-02-02
u003113,display,2024-02-29
u003114,display,2024-02-17
u003115,display,2024-02-09
u003116,display,2024-02-11
u003117,display,2024-02-16
u003118,display,2024-02-03
u003119,display,2024-02-03
u003120,retargeting,2024-02-28
u003121,retargeting,2024-02-12
u003122,retargeting,2024-02-10
u003123,retargeting,2024-02-10
u003124,retargeting,2024-02-20
u003125,retargeting,2024-02-27
u003126,retargeting,2024-02-08
u003127,retargeting,2024-02-27
u003128,retargeting,2024-02-27
u003129,retargeting,2024-02-28
u003130,retargeting,2024-02-18
u003131,retargeting,2024-02-01
u003132,retargeting,2024-02-10
u003133,retargeting,2024-02-16
u003134,retargeting,2024-02-24
u003135,retargeting,2024-02-01
u003136,retargeting,2024-02-17
u003137,retargeting,2024-02-18
u003138,retargeting,2024-02-02
u003139,retargeting,2024-02-15
u003140,retargeting,2024-02-13
u003141,retargeting,2024-02-13
u003142,retargeting,2024-02-22
u003143,retargeting,2024-02-02
u003144,retargeting,2024-02-22
u003145,retargeting,2024-02-04
u003146,retargeting,2024-02-21
u003147,retargeting,2024-02-10
u003148,retargeting,2024-02-16
u003149,retargeting,2024-02-08
u003150,brand,2024-02-15
u003151,brand,2024-02-22
u003152,brand,2024-02-19
u003153,brand,2024-02-21
u003154,brand,2024-02-02
u003155,brand,2024-02-27
u003156,brand,2024-02-13
u003157,brand,2024-02-13
u003158,brand,2024-02-23
u003159,brand,2024-02-13
u003160,brand,2024-02-23
u003161,brand,2024-02-24
u003162,brand,2024-02-16
u003163,brand,2024-02-17
u003164,brand,2024-02-26
u003165,brand,2024-02-22
u003166,brand,2024-02-22
u003167,brand,2024-02-21
u003168,brand,2024-02-24
u003169,brand,2024-02-23
u003170,brand,2024-02-23
u003171,brand,2024-02-12
u003172,brand,2024-02-22
u003173,brand,2024-02-15
u003174,brand,2024-02-25
u003175,brand,2024-02-15
u003176,brand,2024-02-03
u003177,brand,2024-02-24
u003178,brand,2024-02-15
u003179,brand,2024-02-02
u003180,brand,2024-02-24
u003181,brand,2024-02-02
u003182,brand,2024-02-04
u003183,brand,2024-02-21
u003184,brand,2024-02-05
u003185,brand,2024-02-08
u003186,brand,2024-02-12
u003187,brand,2024-02-29
u003188,brand,2024-02-17
u003189,brand,2024-02-29
u003190,brand,2024-02-21
u003191,brand,2024-02-09
u003192,brand,2024-02-17
u003193,brand,2024-02-10
u003194,brand,2024-02-07
u003195,brand,2024-02-16
u003196,brand,2024-02-25
u003197,brand,2024-02-23
u003198,brand,2024-02-08
u003199,brand,2024-02-08
u003200,brand,2024-02-25
u003201,brand,2024-02-19
u003202,brand,2024-02-15
u003203,brand,2024-02-24
u003204,brand,2024-02-02
u003205,brand,2024-02-22
u003206,brand,2024-02-14
u003207,brand,2024-02-15
u003208,brand,2024-02-19
u003209,brand,2024-02-07
u003210,brand,2024-02-26
u003211,brand,2024-02-03
u003212,brand,2024-02-17
u003213,brand,2024-02-14
u003214,brand,2024-02-29
u003215,brand,2024-02-19
u003216,brand,2024-02-12
u003217,brand,2024-02-13
u003218,brand,2024-02-08
u003219,brand,2024-02-02
u003220,brand,2024-02-13
u003221,brand,2024-02-01
u003222,brand,2024-02-20
u003223,brand,2024-02-27
u003224,brand,2024-02-03
u003225,brand,2024-02-29
u003226,brand,2024-02-03
u003227,brand,2024-02-14
u003228,brand,2024-02-19
u003229,brand,2024-02-19
u003230,brand,2024-02-12
u003231,brand,2024-02-02
u003232,brand,2024-02-23
u003233,brand,2024-02-14
u003234,brand,2024-02-08
u003235,brand,2024-02-14
u003236,brand,2024-02-13
u003237,brand,2024-02-18
u003238,brand,2024-02-15
u003239,brand,2024-02-18
u003240,organic,2024-02-12
u003241,organic,2024-02-07
u003242,organic,2024-02-08
u003243,organic,2024-02-24
u003244,organic,2024-02-21
u003245,organic,2024-02-20
u003246,organic,2024-02-03
u003247,organic,2024-02-28
u003248,organic,2024-02-28
u003249,organic,2024-02-20
u003250,organic,2024-02-12
u003251,organic,2024-02-02
u003252,organic,2024-02-13
u003253,organic,2024-02-04
u003254,organic,2024-02-19
u003255,organic,2024-02-21
u003256,organic,2024-02-03
u003257,organic,2024-02-08
u003258,organic,2024-02-19
u003259,organic,2024-02-08
u003260,organic,2024-02-25
u003261,organic,2024-02-12
u003262,organic,2024-02-20
u003263,organic,2024-02-22
u003264,organic,2024-02-18
u003265,organic,2024-02-19
u003266,organic,2024-02-17
u003267,organic,2024-02-06
u003268,organic,2024-02-09
u003269,organic,2024-02-26
u003270,organic,2024-02-11
u003271,organic,2024-02-29
u003272,organic,2024-02-17
u003273,organic,2024-02-23
u003274,organic,2024-02-07
u003275,organic,2024-02-06
u003276,organic,2024-02-12
u003277,organic,2024-02-24
u003278,organic,2024-02-20
u003279,organic,2024-02-16
u003280,organic,2024-02-06
u003281,organic,2024-02-01
u003282,organic,2024-02-04
u003283,organic,2024-02-20
u003284,organic,2024-02-28
u003285,organic,2024-02-29
u003286,organic,2024-02-23
u003287,organic,2024-02-13
u003288,organic,2024-02-21
u003289,organic,2024-02-02
u003290,organic,2024-02-11
u003291,organic,2024-02-07
u003292,organic,2024-02-29
u003293,organic,2024-02-17
u003294,organic,2024-02-28
u003295,organic,2024-02-23
u003296,organic,2024-02-22
u003297,organic,2024-02-06
u003298,organic,2024-02-03
u003299,organic,2024-02-07
u003300,organic,2024-02-24
u003301,organic,2024-02-27
u003302,organic,2024-02-21
u003303,organic,2024-02-26
u003304,organic,2024-02-03
u003305,organic,2024-02-27
u003306,organic,2024-02-04
u003307,organic,2024-02-06
u003308,organic,2024-02-25
u003309,organic,2024-02-28
u003310,organic,2024-02-05
u003311,organic,2024-02-10
u003312,organic,2024-02-24
u003313,organic,2024-02-15
u003314,organic,2024-02-12
u003315,organic,2024-02-14
u003316,organic,2024-02-09
u003317,organic,2024-02-29
u003318,organic,2024-02-16
u003319,organic,2024-02-08
u003320,organic,2024-02-26
u003321,organic,2024-02-28
u003322,organic,2024-02-02
u003323,organic,2024-02-28
u003324,organic,2024-02-29
u003325,organic,2024-02-27
u003326,organic,2024-02-05
u003327,organic,2024-02-11
u003328,organic,2024-02-26
u003329,organic,2024-02-11
u003330,organic,2024-02-13
u003331,organic,2024-02-06
u003332,organic,2024-02-13
u003333,organic,2024-02-14
u003334,organic,2024-02-12
u003335,organic,2024-02-08
u003336,organic,2024-02-03
u003337,organic,2024-02-19
u003338,organic,2024-02-02
u003339,organic,2024-02-26
u003340,organic,2024-02-03
u003341,organic,2024-02-28
u003342,organic,2024-02-17
u003343,organic,2024-02-13
u003344,organic,2024-02-25
u003345,organic,2024-02-13
u003346,organic,2024-02-05
u003347,organic,2024-02-15
u003348,organic,2024-02-15
u003349,organic,2024-02-27
u003350,organic,2024-02-15
u003351,organic,2024-02-03
u003352,organic,2024-02-10
u003353,organic,2024-02-09
u003354,organic,2024-02-07
u003355,organic,2024-02-06
u003356,organic,2024-02-03
u003357,organic,2024-02-23
u003358,organic,2024-02-12
u003359,organic,2024-02-11
u003360,search,2024-03-16
u003361,search,2024-03-15
u003362,search,2024-03-08
u003363,search,2024-03-01
u003364,search,2024-03-08
u003365,search,2024-03-31
u003366,search,2024-03-28
u003367,search,2024-03-22
u003368,search,2024-03-09
u003369,search,2024-03-01
u003370,search,2024-03-28
u003371,search,2024-03-14
u003372,search,2024-03-17
u003373,search,2024-03-30
u003374,search,2024-03-29
u003375,search,2024-03-18
u003376,search,2024-03-23
u003377,search,2024-03-18
u003378,search,2024-03-13
u003379,search,2024-03-08
u003380,search,2024-03-02
u003381,search,2024-03-30
u003382,search,2024-03-28
u003383,search,2024-03-13
u003384,search,2024-03-22
u003385,search,2024-03-04
u003386,search,2024-03-05
u003387,search,2024-03-27
u003388,search,2024-03-29
u003389,search,2024-03-19
u003390,search,2024-03-16
u003391,search,2024-03-21
u003392,search,2024-03-01
u003393,search,2024-03-10
u003394,search,2024-03-10
u003395,search,2024-03-17
u003396,search,2024-03-27
u003397,search,2024-03-03
u003398,search,2024-03-13
u003399,search,2024-03-24
u003400,search,2024-03-26
u003401,search,2024-03-27
u003402,search,2024-03-13
u003403,search,2024-03-30
u003404,search,2024-03-05
u003405,search,2024-03-26
u003406,search,2024-03-07
u003407,search,2024-03-21
u003408,search,2024-03-28
u003409,search,2024-03-22
u003410,search,2024-03-06
u003411,search,2024-03-28
u003412,search,2024-03-29
u003413,search,2024-03-16
u003414,search,2024-03-09
u003415,search,2024-03-20
u003416,search,2024-03-31
u003417,search,2024-03-31
u003418,search,2024-03-04
u003419,search,2024-03-05
u003420,search,2024-03-18
u003421,search,2024-03-27
u003422,search,2024-03-02
u003423,search,2024-03-22
u003424,search,2024-03-08
u003425,search,2024-03-10
u003426,search,2024-03-27
u003427,search,2024-03-09
u003428,search,2024-03-06
u003429,search,2024-03-30
u003430,search,2024-03-28
u003431,search,2024-03-29
u003432,search,2024-03-19
u003433,search,2024-03-09
u003434,search,2024-03-23
u003435,search,2024-03-24
u003436,search,2024-03-12
u003437,search,2024-03-18
u003438,search,2024-03-31
u003439,search,2024-03-18
u003440,search,2024-03-26
u003441,search,2024-03-01
u003442,search,2024-03-29
u003443,search,2024-03-30
u003444,search,2024-03-05
u003445,search,2024-03-14
u003446,search,2024-03-09
u003447,search,2024-03-18
u003448,search,2024-03-27
u003449,search,2024-03-06
u003450,search,2024-03-21
u003451,search,2024-03-04
u003452,search,2024-03-12
u003453,search,2024-03-17
u003454,search,2024-03-15
u003455,search,2024-03-04
u003456,search,2024-03-14
u003457,search,2024-03-11
u003458,search,2024-03-18
u003459,search,2024-03-11
u003460,search,2024-03-16
u003461,search,2024-03-30
u003462,search,2024-03-15
u003463,search,2024-03-23
u003464,search,2024-03-11
u003465,search,2024-03-21
u003466,search,2024-03-14
u003467,search,2024-03-20
u003468,search,2024-03-06
u003469,search,2024-03-26
u003470,search,2024-03-06
u003471,search,2024-03-06
u003472,search,2024-03-22
u003473,search,2024-03-10
u003474,search,2024-03-30
u003475,search,2024-03-22
u003476,search,2024-03-07
u003477,search,2024-03-31
u003478,search,2024-03-29
u003479,search,2024-03-10
u003480,display,2024-03-20
u003481,display,2024-03-10
u003482,display,2024-03-16
u003483,display,2024-03-05
u003484,display,2024-03-25
u003485,display,2024-03-31
u003486,display,2024-03-11
u003487,display,2024-03-01
u003488,display,2024-03-23
u003489,display,2024-03-05
u003490,display,2024-03-16
u003491,display,2024-03-12
u003492,display,2024-03-04
u003493,display,2024-03-07
u003494,display,2024-03-27
u003495,display,2024-03-22
u003496,display,2024-03-10
u003497,display,2024-03-01
u003498,display,2024-03-06
u003499,display,2024-03-16
u003500,display,2024-03-23
u003501,display,2024-03-07
u003502,display,2024-03-22
u003503,display,2024-03-20
u003504,display,2024-03-03
u003505,display,2024-03-04
u003506,display,2024-03-06
u003507,display,2024-03-07
u003508,display,2024-03-01
u003509,display,2024-03-26
u003510,display,2024-03-27
u003511,display,2024-03-28
u003512,display,2024-03-28
u003513,display,2024-03-12
u003514,display,2024-03-13
u003515,display,2024-03-19
u003516,display,2024-03-29
u003517,display,2024-03-21
u003518,display,2024-03-19
u003519,display,2024-03-24
u003520,display,2024-03-27
u003521,display,2024-03-17
u003522,display,2024-03-24
u003523,display,2024-03-18
u003524,display,2024-03-24
u003525,display,2024-03-25
u003526,display,2024-03-23
u003527,display,2024-03-17
u003528,display,2024-03-28
u003529,display,2024-03-17
u003530,display,2024-03-11
u003531,display,2024-03-09
u003532,display,2024-03-11
u003533,display,2024-03-26
u003534,display,2024-03-30
u003535,display,2024-03-14
u003536,display,2024-03-10
u003537,display,2024-03-18
u003538,display,2024-03-12
u003539,display,2024-03-20
u003540,retargeting,2024-03-16
u003541,retargeting,2024-03-29
u003542,retargeting,2024-03-14
u003543,retargeting,2024-03-23
u003544,retargeting,2024-03-03
u003545,retargeting,2024-03-15
u003546,retargeting,2024-03-14
u003547,retargeting,2024-03-19
u003548,retargeting,2024-03-24
u003549,retargeting,2024-03-01
u003550,retargeting,2024-03-10
u003551,retargeting,2024-03-14
u003552,retargeting,2024-03-21
u003553,retargeting,2024-03-04
u003554,retargeting,2024-03-22
u003555,retargeting,2024-03-23
u003556,retargeting,2024-03-17
u003557,retargeting,2024-03-25
u003558,retargeting,2024-03-16
u003559,retargeting,2024-03-31
u003560,retargeting,2024-03-02
u003561,retargeting,2024-03-15
u003562,retargeting,2024-03-23
u003563,retargeting,2024-03-03
u003564,retargeting,2024-03-21
u003565,retargeting,2024-03-05
u003566,retargeting,2024-03-19
u003567,retargeting,2024-03-29
u003568,retargeting,2024-03-08
u003569,retargeting,2024-03-07
u003570,brand,2024-03-15
u003571,brand,2024-03-27
u003572,brand,2024-03-12
u003573,brand,2024-03-17
u003574,brand,2024-03-27
u003575,brand,2024-03-05
u003576,brand,2024-03-27
u003577,brand,2024-03-26
u003578,brand,2024-03-17
u003579,brand,2024-03-08
u003580,brand,2024-03-05
u003581,brand,2024-03-24
u003582,brand,2024-03-12
u003583,brand,2024-03-17
u003584,brand,2024-03-03
u003585,brand,2024-03-16
u003586,brand,2024-03-03
u003587,brand,2024-03-17
u003588,brand,2024-03-27
u003589,brand,2024-03-31
u003590,brand,2024-03-27
u003591,brand,2024-03-19
u003592,brand,2024-03-24
u003593,brand,2024-03-02
u003594,brand,2024-03-22
u003595,brand,2024-03-30
u003596,brand,2024-03-05
u003597,brand,2024-03-09
u003598,brand,2024-03-31
u003599,brand,2024-03-15
u003600,brand,2024-03-23
u003601,brand,2024-03-26
u003602,brand,2024-03-30
u003603,brand,2024-03-03
u003604,brand,2024-03-12
u003605,brand,2024-03-08
u003606,brand,2024-03-26
u003607,brand,2024-03-28
u003608,brand,2024-03-27
u003609,brand,2024-03-04
u003610,brand,2024-03-21
u003611,brand,2024-03-17
u003612,brand,2024-03-23
u003613,brand,2024-03-06
u003614,brand,2024-03-05
u003615,brand,2024-03-11
u003616,brand,2024-03-11
u003617,brand,2024-03-25
u003618,brand,2024-03-06
u003619,brand,2024-03-30
u003620,brand,2024-03-01
u003621,brand,2024-03-18
u003622,brand,2024-03-17
u003623,brand,2024-03-12
u003624,brand,2024-03-04
u003625,brand,2024-03-03
u003626,brand,2024-03-09
u003627,brand,2024-03-13
u003628,brand,2024-03-06
u003629,brand,2024-03-26
u003630,brand,2024-03-31
u003631,brand,2024-03-24
u003632,brand,2024-03-26
u003633,brand,2024-03-12
u003634,brand,2024-03-27
u003635,brand,2024-03-06
u003636,brand,2024-03-19
u003637,brand,2024-03-17
u003638,brand,2024-03-15
u003639,brand,2024-03-26
u003640,brand,2024-03-11
u003641,brand,2024-03-18
u003642,brand,2024-03-15
u003643,brand,2024-03-17
u003644,brand,2024-03-11
u003645,brand,2024-03-22
u003646,brand,2024-03-19
u003647,brand,2024-03-05
u003648,brand,2024-03-14
u003649,brand,2024-03-20
u003650,brand,2024-03-03
u003651,brand,2024-03-03
u003652,brand,2024-03-17
u003653,brand,2024-03-05
u003654,brand,2024-03-18
u003655,brand,2024-03-02
u003656,brand,2024-03-27
u003657,brand,2024-03-20
u003658,brand,2024-03-20
u003659,brand,2024-03-30
u003660,organic,2024-03-21
u003661,organic,2024-03-06
u003662,organic,2024-03-30
u003663,organic,2024-03-04
u003664,organic,2024-03-20
u003665,organic,2024-03-21
u003666,organic,2024-03-21
u003667,organic,2024-03-21
u003668,organic,2024-03-14
u003669,organic,2024-03-04
u003670,organic,2024-03-20
u003671,organic,2024-03-07
u003672,organic,2024-03-07
u003673,organic,2024-03-26
u003674,organic,2024-03-05
u003675,organic,2024-03-17
u003676,organic,2024-03-12
u003677,organic,2024-03-06
u003678,organic,2024-03-30
u003679,organic,2024-03-21
u003680,organic,2024-03-15
u003681,organic,2024-03-27
u003682,organic,2024-03-11
u003683,organic,2024-03-11
u003684,organic,2024-03-02
u003685,organic,2024-03-24
u003686,organic,2024-03-30
u003687,organic,2024-03-27
u003688,organic,2024-03-01
u003689,organic,2024-03-11
u003690,organic,2024-03-30
u003691,organic,2024-03-29
u003692,organic,2024-03-07
u003693,organic,2024-03-13
u003694,organic,2024-03-18
u003695,organic,2024-03-04
u003696,organic,2024-03-13
u003697,organic,2024-03-24
u003698,organic,2024-03-24
u003699,organic,2024-03-06
u003700,organic,2024-03-17
u003701,organic,2024-03-07
u003702,organic,2024-03-24
u003703,organic,2024-03-21
u003704,organic,2024-03-22
u003705,organic,2024-03-16
u003706,organic,2024-03-12
u003707,organic,2024-03-03
u003708,organic,2024-03-24
u003709,organic,2024-03-25
u003710,organic,2024-03-14
u003711,organic,2024-03-01
u003712,organic,2024-03-18
u003713,organic,2024-03-06
u003714,organic,2024-03-29
u003715,organic,2024-03-20
u003716,organic,2024-03-31
u003717,organic,2024-03-24
u003718,organic,2024-03-28
u003719,organic,2024-03-15
u003720,organic,2024-03-30
u003721,organic,2024-03-15
u003722,organic,2024-03-13
u003723,organic,2024-03-30
u003724,organic,2024-03-12
u003725,organic,2024-03-10
u003726,organic,2024-03-17
u003727,organic,2024-03-17
u003728,organic,2024-03-17
u003729,organic,2024-03-20
u003730,organic,2024-03-15
u003731,organic,2024-03-29
u003732,organic,2024-03-28
u003733,organic,2024-03-24
u003734,organic,2024-03-12
u003735,organic,2024-03-04
u003736,organic,2024-03-01
u003737,organic,2024-03-24
u003738,organic,2024-03-05
u003739,organic,2024-03-20
u003740,organic,2024-03-14
u003741,organic,2024-03-25
u003742,organic,2024-03-27
u003743,organic,2024-03-04
u003744,organic,2024-03-15
u003745,organic,2024-03-29
u003746,organic,2024-03-12
u003747,organic,2024-03-25
u003748,organic,2024-03-23
u003749,organic,2024-03-27
u003750,organic,2024-03-03
u003751,organic,2024-03-28
u003752,organic,2024-03-01
u003753,organic,2024-03-03
u003754,organic,2024-03-06
u003755,organic,2024-03-25
u003756,organic,2024-03-05
u003757,organic,2024-03-22
u003758,organic,2024-03-10
u003759,organic,2024-03-22
u003760,organic,2024-03-22
u003761,organic,2024-03-12
u003762,organic,2024-03-30
u003763,organic,2024-03-09
u003764,organic,2024-03-03
u003765,organic,2024-03-19
u003766,organic,2024-03-02
u003767,organic,2024-03-09
u003768,organic,2024-03-16
u003769,organic,2024-03-29
u003770,organic,2024-03-22
u003771,organic,2024-03-19
u003772,organic,2024-03-17
u003773,organic,2024-03-12
u003774,organic,2024-03-26
u003775,organic,2024-03-01
u003776,organic,2024-03-05
u003777,organic,2024-03-05
u003778,organic,2024-03-20
u003779,organic,2024-03-10
u003780,search,2024-04-11
u003781,search,2024-04-21
u003782,search,2024-04-02
u003783,search,2024-04-15
u003784,search,2024-04-21
u003785,search,2024-04-09
u003786,search,2024-04-27
u003787,search,2024-04-27
u003788,search,2024-04-20
u003789,search,2024-04-20
u003790,search,2024-04-09
u003791,search,2024-04-28
u003792,search,2024-04-15
u003793,search,2024-04-03
u003794,search,2024-04-11
u003795,search,2024-04-24
u003796,search,2024-04-18
u003797,search,2024-04-18
u003798,search,2024-04-21
u003799,search,2024-04-10
u003800,search,2024-04-08
u003801,search,2024-04-27
u003802,search,2024-04-15
u003803,search,2024-04-24
u003804,search,2024-04-19
u003805,search,2024-04-18
u003806,search,2024-04-16
u003807,search,2024-04-30
u003808,search,2024-04-18
u003809,search,2024-04-24
u003810,search,2024-04-07
u003811,search,2024-04-15
u003812,search,2024-04-17
u003813,search,2024-04-02
u003814,search,2024-04-30
u003815,search,2024-04-19
u003816,search,2024-04-04
u003817,search,2024-04-14
u003818,search,2024-04-30
u003819,search,2024-04-18
u003820,search,2024-04-07
u003821,search,2024-04-02
u003822,search,2024-04-13
u003823,search,2024-04-25
u003824,search,2024-04-09
u003825,search,2024-04-25
u003826,search,2024-04-17
u003827,search,2024-04-23
u003828,search,2024-04-28
u003829,search,2024-04-24
u003830,search,2024-04-21
u003831,search,2024-04-06
u003832,search,2024-04-23
u003833,search,2024-04-16
u003834,search,2024-04-07
u003835,search,2024-04-23
u003836,search,2024-04-28
u003837,search,2024-04-19
u003838,search,2024-04-27
u003839,search,2024-04-16
u003840,search,2024-04-27
u003841,search,2024-04-11
u003842,search,2024-04-01
u003843,search,2024-04-20
u003844,search,2024-04-11
u003845,search,2024-04-02
u003846,search,2024-04-17
u003847,search,2024-04-01
u003848,search,2024-04-16
u003849,search,2024-04-14
u003850,search,2024-04-09
u003851,search,2024-04-17
u003852,search,2024-04-13
u003853,search,2024-04-10
u003854,search,2024-04-03
u003855,search,2024-04-21
u003856,search,2024-04-03
u003857,search,2024-04-28
u003858,search,2024-04-26
u003859,search,2024-04-04
u003860,search,2024-04-11
u003861,search,2024-04-15
u003862,search,2024-04-18
u003863,search,2024-04-29
u003864,search,2024-04-01
u003865,search,2024-04-29
u003866,search,2024-04-20
u003867,search,2024-04-15
u003868,search,2024-04-10
u003869,search,2024-04-24
u003870,search,2024-04-02
u003871,search,2024-04-06
u003872,search,2024-04-26
u003873,search,2024-04-25
u003874,search,2024-04-14
u003875,search,2024-04-30
u003876,search,2024-04-12
u003877,search,2024-04-10
u003878,search,2024-04-05
u003879,search,2024-04-08
u003880,search,2024-04-08
u003881,search,2024-04-04
u003882,search,2024-04-30
u003883,search,2024-04-14
u003884,search,2024-04-30
u003885,search,2024-04-10
u003886,search,2024-04-27
u003887,search,2024-04-15
u003888,search,2024-04-08
u003889,search,2024-04-16
u003890,search,2024-04-07
u003891,search,2024-04-26
u003892,search,2024-04-10
u003893,search,2024-04-27
u003894,search,2024-04-23
u003895,search,2024-04-14
u003896,search,2024-04-14
u003897,search,2024-04-23
u003898,search,2024-04-01
u003899,search,2024-04-17
u003900,display,2024-04-25
u003901,display,2024-04-21
u003902,display,2024-04-05
u003903,display,2024-04-15
u003904,display,2024-04-19
u003905,display,2024-04-17
u003906,display,2024-04-01
u003907,display,2024-04-11
u003908,display,2024-04-30
u003909,display,2024-04-24
u003910,display,2024-04-23
u003911,display,2024-04-16
u003912,display,2024-04-17
u003913,display,2024-04-15
u003914,display,2024-04-08
u003915,display,2024-04-17
u003916,display,2024-04-26
u003917,display,2024-04-29
u003918,display,2024-04-11
u003919,display,2024-04-25
u003920,display,2024-04-10
u003921,display,2024-04-02
u003922,display,2024-04-09
u003923,display,2024-04-11
u003924,display,2024-04-30
u003925,display,2024-04-05
u003926,display,2024-04-14
u003927,display,2024-04-28
u003928,display,2024-04-07
u003929,display,2024-04-08
u003930,display,2024-04-19
u003931,display,2024-04-23
u003932,display,2024-04-08
u003933,display,2024-04-19
u003934,display,2024-04-20
u003935,display,2024-04-24
u003936,display,2024-04-18
u003937,display,2024-04-21
u003938,display,2024-04-11
u003939,display,2024-04-09
u003940,display,2024-04-13
u003941,display,2024-04-15
u003942,display,2024-04-17
u003943,display,2024-04-06
u003944,display,2024-04-25
u003945,display,2024-04-07
u003946,display,2024-04-08
u003947,display,2024-04-04
u003948,display,2024-04-08
u003949,display,2024-04-27
u003950,display,2024-04-27
u003951,display,2024-04-09
u003952,display,2024-04-08
u003953,display,2024-04-04
u003954,display,2024-04-10
u003955,display,2024-04-08
u003956,display,2024-04-03
u003957,display,2024-04-08
u003958,display,2024-04-07
u003959,display,2024-04-04
u003960,retargeting,2024-04-10
u003961,retargeting,2024-04-26
u003962,retargeting,2024-04-02
u003963,retargeting,2024-04-11
u003964,retargeting,2024-04-01
u003965,retargeting,2024-04-25
u003966,retargeting,2024-04-20
u003967,retargeting,2024-04-02
u003968,retargeting,2024-04-17
u003969,retargeting,2024-04-07
u003970,retargeting,2024-04-24
u003971,retargeting,2024-04-06
u003972,retargeting,2024-04-17
u003973,retargeting,2024-04-21
u003974,retargeting,2024-04-06
u003975,retargeting,2024-04-02
u003976,retargeting,2024-04-26
u003977,retargeting,2024-04-04
u003978,retargeting,2024-04-27
u003979,retargeting,2024-04-08
u003980,retargeting,2024-04-24
u003981,retargeting,2024-04-19
u003982,retargeting,2024-04-29
u003983,retargeting,2024-04-13
u003984,retargeting,2024-04-27
u003985,retargeting,2024-04-15
u003986,retargeting,2024-04-15
u003987,retargeting,2024-04-26
u003988,retargeting,2024-04-26
u003989,retargeting,2024-04-02
u003990,brand,2024-04-13
u003991,brand,2024-04-05
u003992,brand,2024-04-03
u003993,brand,2024-04-11
u003994,brand,2024-04-26
u003995,brand,2024-04-13
u003996,brand,2024-04-07
u003997,brand,2024-04-08
u003998,brand,2024-04-21
u003999,brand,2024-04-17
u004000,brand,2024-04-14
u004001,brand,2024-04-11
u004002,brand,2024-04-29
u004003,brand,2024-04-05
u004004,brand,2024-04-24
u004005,brand,2024-04-30
u004006,brand,2024-04-25
u004007,brand,2024-04-17
u004008,brand,2024-04-19
u004009,brand,2024-04-26
u004010,brand,2024-04-05
u004011,brand,2024-04-25
u004012,brand,2024-04-06
u004013,brand,2024-04-05
u004014,brand,2024-04-02
u004015,brand,2024-04-04
u004016,brand,2024-04-19
u004017,brand,2024-04-03
u004018,brand,2024-04-21
u004019,brand,2024-04-03
u004020,brand,2024-04-07
u004021,brand,2024-04-11
u004022,brand,2024-04-26
u004023,brand,2024-04-05
u004024,brand,2024-04-11
u004025,brand,2024-04-04
u004026,brand,2024-04-07
u004027,brand,2024-04-17
u004028,brand,2024-04-23
u004029,brand,2024-04-16
u004030,brand,2024-04-19
u004031,brand,2024-04-11
u004032,brand,2024-04-06
u004033,brand,2024-04-20
u004034,brand,2024-04-25
u004035,brand,2024-04-19
u004036,brand,2024-04-04
u004037,brand,2024-04-30
u004038,brand,2024-04-06
u004039,brand,2024-04-17
u004040,brand,2024-04-24
u004041,brand,2024-04-30
u004042,brand,2024-04-17
u004043,brand,2024-04-28
u004044,brand,2024-04-13
u004045,brand,2024-04-03
u004046,brand,2024-04-05
u004047,brand,2024-04-28
u004048,brand,2024-04-03
u004049,brand,2024-04-28
u004050,brand,2024-04-14
u004051,brand,2024-04-29
u004052,brand,2024-04-30
u004053,brand,2024-04-03
u004054,brand,2024-04-19
u004055,brand,2024-04-01
u004056,brand,2024-04-10
u004057,brand,2024-04-29
u004058,brand,2024-04-30
u004059,brand,2024-04-05
u004060,brand,2024-04-30
u004061,brand,2024-04-06
u004062,brand,2024-04-11
u004063,brand,2024-04-16
u004064,brand,2024-04-07
u004065,brand,2024-04-02
u004066,brand,2024-04-06
u004067,brand,2024-04-02
u004068,brand,2024-04-18
u004069,brand,2024-04-20
u004070,brand,2024-04-10
u004071,brand,2024-04-26
u004072,brand,2024-04-24
u004073,brand,2024-04-11
u004074,brand,2024-04-11
u004075,brand,2024-04-12
u004076,brand,2024-04-19
u004077,brand,2024-04-26
u004078,brand,2024-04-08
u004079,brand,2024-04-10
u004080,organic,2024-04-14
u004081,organic,2024-04-08
u004082,organic,2024-04-13
u004083,organic,2024-04-11
u004084,organic,2024-04-22
u004085,organic,2024-04-18
u004086,organic,2024-04-28
u004087,organic,2024-04-15
u004088,organic,2024-04-20
u004089,organic,2024-04-13
u004090,organic,2024-04-23
u004091,organic,2024-04-13
u004092,organic,2024-04-24
u004093,organic,2024-04-23
u004094,organic,2024-04-07
u004095,organic,2024-04-15
u004096,organic,2024-04-24
u004097,organic,2024-04-19
u004098,organic,2024-04-20
u004099,organic,2024-04-03
u004100,organic,2024-04-27
u004101,organic,2024-04-19
u004102,organic,2024-04-03
u004103,organic,2024-04-02
u004104,organic,2024-04-08
u004105,organic,2024-04-24
u004106,organic,2024-04-21
u004107,organic,2024-04-01
u004108,organic,2024-04-10
u004109,organic,2024-04-23
u004110,organic,2024-04-08
u004111,organic,2024-04-16
u004112,organic,2024-04-24
u004113,organic,2024-04-22
u004114,organic,2024-04-29
u004115,organic,2024-04-08
u004116,organic,2024-04-16
u004117,organic,2024-04-16
u004118,organic,2024-04-13
u004119,organic,2024-04-26
u004120,organic,2024-04-11
u004121,organic,2024-04-07
u004122,organic,2024-04-01
u004123,organic,2024-04-01
u004124,organic,2024-04-03
u004125,organic,2024-04-23
u004126,organic,2024-04-18
u004127,organic,2024-04-22
u004128,organic,2024-04-07
u004129,organic,2024-04-05
u004130,organic,2024-04-23
u004131,organic,2024-04-11
u004132,organic,2024-04-24
u004133,organic,2024-04-13
u004134,organic,2024-04-04
u004135,organic,2024-04-02
u004136,organic,2024-04-03
u004137,organic,2024-04-12
u004138,organic,2024-04-10
u004139,organic,2024-04-03
u004140,organic,2024-04-07
u004141,organic,2024-04-30
u004142,organic,2024-04-19
u004143,organic,2024-04-30
u004144,organic,2024-04-16
u004145,organic,2024-04-17
u004146,organic,2024-04-15
u004147,organic,2024-04-15
u004148,organic,2024-04-10
u004149,organic,2024-04-29
u004150,organic,2024-04-03
u004151,organic,2024-04-21
u004152,organic,2024-04-27
u004153,organic,2024-04-04
u004154,organic,2024-04-28
u004155,organic,2024-04-07
u004156,organic,2024-04-29
u004157,organic,2024-04-20
u004158,organic,2024-04-14
u004159,organic,2024-04-29
u004160,organic,2024-04-06
u004161,organic,2024-04-10
u004162,organic,2024-04-18
u004163,organic,2024-04-04
u004164,organic,2024-04-05
u004165,organic,2024-04-23
u004166,organic,2024-04-05
u004167,organic,2024-04-07
u004168,organic,2024-04-27
u004169,organic,2024-04-03
u004170,organic,2024-04-19
u004171,organic,2024-04-21
u004172,organic,2024-04-03
u004173,organic,2024-04-17
u004174,organic,2024-04-13
u004175,organic,2024-04-14
u004176,organic,2024-04-10
u004177,organic,2024-04-02
u004178,organic,2024-04-16
u004179,organic,2024-04-01
u004180,organic,2024-04-13
u004181,organic,2024-04-13
u004182,organic,2024-04-19
u004183,organic,2024-04-19
u004184,organic,2024-04-23
u004185,organic,2024-04-27
u004186,organic,2024-04-16
u004187,organic,2024-04-18
u004188,organic,2024-04-16
u004189,organic,2024-04-15
u004190,organic,2024-04-18
u004191,organic,2024-04-06
u004192,organic,2024-04-01
u004193,organic,2024-04-05
u004194,organic,2024-04-06
u004195,organic,2024-04-19
u004196,organic,2024-04-04
u004197,organic,2024-04-11
u004198,organic,2024-04-04
u004199,organic,2024-04-05
u004200,search,2024-05-08
u004201,search,2024-05-20
u004202,search,2024-05-14
u004203,search,2024-05-16
u004204,search,2024-05-24
u004205,search,2024-05-30
u004206,search,2024-05-19
u004207,search,2024-05-04
u004208,search,2024-05-11
u004209,search,2024-05-07
u004210,search,2024-05-31
u004211,search,2024-05-30
u004212,search,2024-05-16
u004213,search,2024-05-07
u004214,search,2024-05-20
u004215,search,2024-05-30
u004216,search,2024-05-16
u004217,search,2024-05-08
u004218,search,2024-05-04
u004219,search,2024-05-19
u004220,search,2024-05-17
u004221,search,2024-05-11
u004222,search,2024-05-09
u004223,search,2024-05-24
u004224,search,2024-05-01
u004225,search,2024-05-23
u004226,search,2024-05-06
u004227,search,2024-05-31
u004228,search,2024-05-29
u004229,search,2024-05-03
u004230,search,2024-05-25
u004231,search,2024-05-19
u004232,search,2024-05-01
u004233,search,2024-05-11
u004234,search,2024-05-19
u004235,search,2024-05-05
u004236,search,2024-05-19
u004237,search,2024-05-10
u004238,search,2024-05-15
u004239,search,2024-05-05
u004240,search,2024-05-05
u004241,search,2024-05-30
u004242,search,2024-05-30
u004243,search,2024-05-26
u004244,search,2024-05-17
u004245,search,2024-05-29
u004246,search,2024-05-23
u004247,search,2024-05-17
u004248,search,2024-05-27
u004249,search,2024-05-27
u004250,search,2024-05-30
u004251,search,2024-05-31
u004252,search,2024-05-04
u004253,search,2024-05-31
u004254,search,2024-05-12
u004255,search,2024-05-21
u004256,search,2024-05-17
u004257,search,2024-05-10
u004258,search,2024-05-18
u004259,search,2024-05-19
u004260,search,2024-05-29
u004261,search,2024-05-31
u004262,search,2024-05-15
u004263,search,2024-05-02
u004264,search,2024-05-24
u004265,search,2024-05-28
u004266,search,2024-05-14
u004267,search,2024-05-10
u004268,search,2024-05-12
u004269,search,2024-05-13
u004270,search,2024-05-09
u004271,search,2024-05-11
u004272,search,2024-05-10
u004273,search,2024-05-04
u004274,search,2024-05-20
u004275,search,2024-05-12
u004276,search,2024-05-02
u004277,search,2024-05-20
u004278,search,2024-05-10
u004279,search,2024-05-05
u004280,search,2024-05-21
u004281,search,2024-05-22
u004282,search,2024-05-03
u004283,search,2024-05-24
u004284,search,2024-05-17
u004285,search,2024-05-05
u004286,search,2024-05-15
u004287,search,2024-05-31
u004288,search,2024-05-03
u004289,search,2024-05-16
u004290,search,2024-05-03
u004291,search,2024-05-07
u004292,search,2024-05-19
u004293,search,2024-05-19
u004294,search,2024-05-17
u004295,search,2024-05-19
u004296,search,2024-05-23
u004297,search,2024-05-15
u004298,search,2024-05-20
u004299,search,2024-05-28
u004300,search,2024-05-16
u004301,search,2024-05-04
u004302,search,2024-05-14
u004303,search,2024-05-22
u004304,search,2024-05-10
u004305,search,2024-05-11
u004306,search,2024-05-02
u004307,search,2024-05-29
u004308,search,2024-05-03
u004309,search,2024-05-27
u004310,search,2024-05-18
u004311,search,2024-05-23
u004312,search,2024-05-18
u004313,search,2024-05-03
u004314,search,2024-05-02
u004315,search,2024-05-09
u004316,search,2024-05-14
u004317,search,2024-05-30
u004318,search,2024-05-30
u004319,search,2024-05-05
u004320,display,2024-05-18
u004321,display,2024-05-21
u004322,display,2024-05-31
u004323,display,2024-05-17
u004324,display,2024-05-10
u004325,display,2024-05-26
u004326,display,2024-05-27
u004327,display,2024-05-23
u004328,display,2024-05-25
u004329,display,2024-05-19
u004330,display,2024-05-19
u004331,display,2024-05-03
u004332,display,2024-05-05
u004333,display,2024-05-25
u004334,display,2024-05-30
u004335,display,2024-05-26
u004336,display,2024-05-22
u004337,display,2024-05-28
u004338,display,2024-05-17
u004339,display,2024-05-04
u004340,display,2024-05-09
u004341,display,2024-05-31
u004342,display,2024-05-27
u004343,display,2024-05-14
u004344,display,2024-05-03
u004345,display,2024-05-07
u004346,display,2024-05-25
u004347,display,2024-05-23
u004348,display,2024-05-27
u004349,display,2024-05-25
u004350,display,2024-05-25
u004351,display,2024-05-01
u004352,display,2024-05-09
u004353,display,2024-05-11
u004354,display,2024-05-20
u004355,display,2024-05-15
u004356,display,2024-05-05
u004357,display,2024-05-27
u004358,display,2024-05-12
u004359,display,2024-05-01
u004360,display,2024-05-26
u004361,display,2024-05-24
u004362,display,2024-05-30
u004363,display,2024-05-29
u004364,display,2024-05-13
u004365,display,2024-05-30
u004366,display,2024-05-25
u004367,display,2024-05-07
u004368,display,2024-05-22
u004369,display,2024-05-20
u004370,display,2024-05-09
u004371,display,2024-05-15
u004372,display,2024-05-07
u004373,display,2024-05-20
u004374,display,2024-05-16
u004375,display,2024-05-17
u004376,display,2024-05-21
u004377,display,2024-05-29
u004378,display,2024-05-13
u004379,display,2024-05-23
u004380,retargeting,2024-05-09
u004381,retargeting,2024-05-06
u004382,retargeting,2024-05-09
u004383,retargeting,2024-05-31
u004384,retargeting,2024-05-21
u004385,retargeting,2024-05-20
u004386,retargeting,2024-05-14
u004387,retargeting,2024-05-08
u004388,retargeting,2024-05-02
u004389,retargeting,2024-05-24
u004390,retargeting,2024-05-03
u004391,retargeting,2024-05-06
u004392,retargeting,2024-05-19
u004393,retargeting,2024-05-16
u004394,retargeting,2024-05-12
u004395,retargeting,2024-05-21
u004396,retargeting,2024-05-20
u004397,retargeting,2024-05-10
u004398,retargeting,2024-05-24
u004399,retargeting,2024-05-31
u004400,retargeting,2024-05-11
u004401,retargeting,2024-05-25
u004402,retargeting,2024-05-19
u004403,retargeting,2024-05-17
u004404,retargeting,2024-05-14
u004405,retargeting,2024-05-20
u004406,retargeting,2024-05-29
u004407,retargeting,2024-05-06
u004408,retargeting,2024-05-30
u004409,retargeting,2024-05-07
u004410,brand,2024-05-30
u004411,brand,2024-05-23
u004412,brand,2024-05-16
u004413,brand,2024-05-13
u004414,brand,2024-05-10
u004415,brand,2024-05-08
u004416,brand,2024-05-12
u004417,brand,2024-05-04
u004418,brand,2024-05-01
u004419,brand,2024-05-07
u004420,brand,2024-05-15
u004421,brand,2024-05-04
u004422,brand,2024-05-11
u004423,brand,2024-05-29
u004424,brand,2024-05-18
u004425,brand,2024-05-28
u004426,brand,2024-05-06
u004427,brand,2024-05-24
u004428,brand,2024-05-04
u004429,brand,2024-05-01
u004430,brand,2024-05-01
u004431,brand,2024-05-17
u004432,brand,2024-05-01
u004433,brand,2024-05-08
u004434,brand,2024-05-22
u004435,brand,2024-05-03
u004436,brand,2024-05-28
u004437,brand,2024-05-01
u004438,brand,2024-05-26
u004439,brand,2024-05-23
u004440,brand,2024-05-27
u004441,brand,2024-05-12
u004442,brand,2024-05-02
u004443,brand,2024-05-19
u004444,brand,2024-05-30
u004445,brand,2024-05-25
u004446,brand,2024-05-21
u004447,brand,2024-05-14
u004448,brand,2024-05-08
u004449,brand,2024-05-05
u004450,brand,2024-05-02
u004451,brand,2024-05-30
u004452,brand,2024-05-30
u004453,brand,2024-05-21
u004454,brand,2024-05-14
u004455,brand,2024-05-07
u004456,brand,2024-05-30
u004457,brand,2024-05-22
u004458,brand,2024-05-02
u004459,brand,2024-05-14
u004460,brand,2024-05-11
u004461,brand,2024-05-25
u004462,brand,2024-05-23
u004463,brand,2024-05-23
u004464,brand,2024-05-25
u004465,brand,2024-05-09
u004466,brand,2024-05-14
u004467,brand,2024-05-23
u004468,brand,2024-05-08
u004469,brand,2024-05-18
u004470,brand,2024-05-26
u004471,brand,2024-05-21
u004472,brand,2024-05-11
u004473,brand,2024-05-13
u004474,brand,2024-05-20
u004475,brand,2024-05-04
u004476,brand,2024-05-25
u004477,brand,2024-05-02
u004478,brand,2024-05-25
u004479,brand,2024-05-25
u004480,brand,2024-05-20
u004481,brand,2024-05-09
u004482,brand,2024-05-13
u004483,brand,2024-05-19
u004484,brand,2024-05-30
u004485,brand,2024-05-27
u004486,brand,2024-05-02
u004487,brand,2024-05-30
u004488,brand,2024-05-22
u004489,brand,2024-05-31
u004490,brand,2024-05-12
u004491,brand,2024-05-25
u004492,brand,2024-05-04
u004493,brand,2024-05-17
u004494,brand,2024-05-14
u004495,brand,2024-05-09
u004496,brand,2024-05-11
u004497,brand,2024-05-01
u004498,brand,2024-05-21
u004499,brand,2024-05-07
u004500,organic,2024-05-24
u004501,organic,2024-05-01
u004502,organic,2024-05-27
u004503,organic,2024-05-26
u004504,organic,2024-05-24
u004505,organic,2024-05-24
u004506,organic,2024-05-27
u004507,organic,2024-05-04
u004508,organic,2024-05-16
u004509,organic,2024-05-17
u004510,organic,2024-05-16
u004511,organic,2024-05-11
u004512,organic,2024-05-27
u004513,organic,2024-05-04
u004514,organic,2024-05-12
u004515,organic,2024-05-15
u004516,organic,2024-05-06
u004517,organic,2024-05-01
u004518,organic,2024-05-26
u004519,organic,2024-05-15
u004520,organic,2024-05-02
u004521,organic,2024-05-05
u004522,organic,2024-05-09
u004523,organic,2024-05-11
u004524,organic,2024-05-09
u004525,organic,2024-05-12
u004526,organic,2024-05-08
u004527,organic,2024-05-03
u004528,organic,2024-05-31
u004529,organic,2024-05-20
u004530,organic,2024-05-07
u004531,organic,2024-05-16
u004532,organic,2024-05-13
u004533,organic,2024-05-21
u004534,organic,2024-05-16
u004535,organic,2024-05-26
u004536,organic,2024-05-05
u004537,organic,2024-05-11
u004538,organic,2024-05-18
u004539,organic,2024-05-16
u004540,organic,2024-05-12
u004541,organic,2024-05-25
u004542,organic,2024-05-12
u004543,organic,2024-05-11
u004544,organic,2024-05-15
u004545,organic,2024-05-18
u004546,organic,2024-05-06
u004547,organic,2024-05-18
u004548,organic,2024-05-08
u004549,organic,2024-05-09
u004550,organic,2024-05-20
u004551,organic,2024-05-17
u004552,organic,2024-05-29
u004553,organic,2024-05-08
u004554,organic,2024-05-16
u004555,organic,2024-05-05
u004556,organic,2024-05-12
u004557,organic,2024-05-25
u004558,organic,2024-05-16
u004559,organic,2024-05-27
u004560,organic,2024-05-21
u004561,organic,2024-05-25
u004562,organic,2024-05-04
u004563,organic,2024-05-20
u004564,organic,2024-05-28
u004565,organic,2024-05-03
u004566,organic,2024-05-05
u004567,organic,2024-05-17
u004568,organic,2024-05-24
u004569,organic,2024-05-30
u004570,organic,2024-05-19
u004571,organic,2024-05-29
u004572,organic,2024-05-15
u004573,organic,2024-05-26
u004574,organic,2024-05-05
u004575,organic,2024-05-22
u004576,organic,2024-05-10
u004577,organic,2024-05-16
u004578,organic,2024-05-28
u004579,organic,2024-05-14
u004580,organic,2024-05-03
u004581,organic,2024-05-19
u004582,organic,2024-05-02
u004583,organic,2024-05-15
u004584,organic,2024-05-06
u004585,organic,2024-05-13
u004586,organic,2024-05-22
u004587,organic,2024-05-19
u004588,organic,2024-05-08
u004589,organic,2024-05-29
u004590,organic,2024-05-06
u004591,organic,2024-05-07
u004592,organic,2024-05-21
u004593,organic,2024-05-05
u004594,organic,2024-05-31
u004595,organic,2024-05-05
u004596,organic,2024-05-12
u004597,organic,2024-05-22
u004598,organic,2024-05-24
u004599,organic,2024-05-27
u004600,organic,2024-05-16
u004601,organic,2024-05-24
u004602,organic,2024-05-21
u004603,organic,2024-05-13
u004604,organic,2024-05-06
u004605,organic,2024-05-18
u004606,organic,2024-05-25
u004607,organic,2024-05-02
u004608,organic,2024-05-18
u004609,organic,2024-05-15
u004610,organic,2024-05-29
u004611,organic,2024-05-24
u004612,organic,2024-05-25
u004613,organic,2024-05-25
u004614,organic,2024-05-12
u004615,organic,2024-05-19
u004616,organic,2024-05-08
u004617,organic,2024-05-26
u004618,organic,2024-05-11
u004619,organic,2024-05-11
u004620,search,2024-06-18
u004621,search,2024-06-29
u004622,search,2024-06-22
u004623,search,2024-06-19
u004624,search,2024-06-04
u004625,search,2024-06-02
u004626,search,2024-06-01
u004627,search,2024-06-18
u004628,search,2024-06-17
u004629,search,2024-06-13
u004630,search,2024-06-21
u004631,search,2024-06-30
u004632,search,2024-06-09
u004633,search,2024-06-15
u004634,search,2024-06-02
u004635,search,2024-06-24
u004636,search,2024-06-01
u004637,search,2024-06-25
u004638,search,2024-06-23
u004639,search,2024-06-02
u004640,search,2024-06-30
u004641,search,2024-06-29
u004642,search,2024-06-12
u004643,search,2024-06-16
u004644,search,2024-06-24
u004645,search,2024-06-25
u004646,search,2024-06-01
u004647,search,2024-06-20
u004648,search,2024-06-05
u004649,search,2024-06-14
u004650,search,2024-06-29
u004651,search,2024-06-09
u004652,search,2024-06-16
u004653,search,2024-06-06
u004654,search,2024-06-29
u004655,search,2024-06-22
u004656,search,2024-06-06
u004657,search,2024-06-03
u004658,search,2024-06-23
u004659,search,2024-06-08
u004660,search,2024-06-24
u004661,search,2024-06-16
u004662,search,2024-06-27
u004663,search,2024-06-07
u004664,search,2024-06-09
u004665,search,2024-06-17
u004666,search,2024-06-28
u004667,search,2024-06-11
u004668,search,2024-06-19
u004669,search,2024-06-09
u004670,search,2024-06-21
u004671,search,2024-06-22
u004672,search,2024-06-03
u004673,search,2024-06-08
u004674,search,2024-06-16
u004675,search,2024-06-06
u004676,search,2024-06-07
u004677,search,2024-06-06
u004678,search,2024-06-21
u004679,search,2024-06-07
u004680,search,2024-06-30
u004681,search,2024-06-01
u004682,search,2024-06-10
u004683,search,2024-06-22
u004684,search,2024-06-14
u004685,search,2024-06-17
u004686,search,2024-06-02
u004687,search,2024-06-02
u004688,search,2024-06-06
u004689,search,2024-06-15
u004690,search,2024-06-16
u004691,search,2024-06-26
u004692,search,2024-06-04
u004693,search,2024-06-15
u004694,search,2024-06-11
u004695,search,2024-06-30
u004696,search,2024-06-29
u004697,search,2024-06-04
u004698,search,2024-06-20
u004699,search,2024-06-19
u004700,search,2024-06-01
u004701,search,2024-06-16
u004702,search,2024-06-21
u004703,search,2024-06-18
u004704,search,2024-06-20
u004705,search,2024-06-16
u004706,search,2024-06-28
u004707,search,2024-06-17
u004708,search,2024-06-22
u004709,search,2024-06-28
u004710,search,2024-06-17
u004711,search,2024-06-11
u004712,search,2024-06-21
u004713,search,2024-06-20
u004714,search,2024-06-24
u004715,search,2024-06-07
u004716,search,2024-06-01
u004717,search,2024-06-11
u004718,search,2024-06-24
u004719,search,2024-06-17
u004720,search,2024-06-03
u004721,search,2024-06-22
u004722,search,2024-06-18
u004723,search,2024-06-28
u004724,search,2024-06-12
u004725,search,2024-06-22
u004726,search,2024-06-27
u004727,search,2024-06-21
u004728,search,2024-06-28
u004729,search,2024-06-13
u004730,search,2024-06-01
u004731,search,2024-06-08
u004732,search,2024-06-05
u004733,search,2024-06-22
u004734,search,2024-06-20
u004735,search,2024-06-12
u004736,search,2024-06-15
u004737,search,2024-06-27
u004738,search,2024-06-11
u004739,search,2024-06-26
u004740,display,2024-06-21
u004741,display,2024-06-06
u004742,display,2024-06-23
u004743,display,2024-06-02
u004744,display,2024-06-27
u004745,display,2024-06-09
u004746,display,2024-06-27
u004747,display,2024-06-12
u004748,display,2024-06-25
u004749,display,2024-06-15
u004750,display,2024-06-06
u004751,display,2024-06-23
u004752,display,2024-06-21
u004753,display,2024-06-29
u004754,display,2024-06-09
u004755,display,2024-06-25
u004756,display,2024-06-12
u004757,display,2024-06-11
u004758,display,2024-06-07
u004759,display,2024-06-01
u004760,display,2024-06-16
u004761,display,2024-06-30
u004762,display,2024-06-19
u004763,display,2024-06-21
u004764,display,2024-06-21
u004765,display,2024-06-10
u004766,display,2024-06-28
u004767,display,2024-06-28
u004768,display,2024-06-23
u004769,display,2024-06-03
u004770,display,2024-06-02
u004771,display,2024-06-11
u004772,display,2024-06-30
u004773,display,2024-06-15
u004774,display,2024-06-27
u004775,display,2024-06-09
u004776,display,2024-06-23
u004777,display,2024-06-04
u004778,display,2024-06-13
u004779,display,2024-06-04
u004780,display,2024-06-01
u004781,display,2024-06-20
u004782,display,2024-06-07
u004783,display,2024-06-30
u004784,display,2024-06-30
u004785,display,2024-06-30
u004786,display,2024-06-23
u004787,display,2024-06-15
u004788,display,2024-06-08
u004789,display,2024-06-23
u004790,display,2024-06-22
u004791,display,2024-06-07
u004792,display,2024-06-07
u004793,display,2024-06-21
u004794,display,2024-06-23
u004795,display,2024-06-14
u004796,display,2024-06-04
u004797,display,2024-06-20
u004798,display,2024-06-05
u004799,display,2024-06-01
u004800,retargeting,2024-06-27
u004801,retargeting,2024-06-09
u004802,retargeting,2024-06-17
u004803,retargeting,2024-06-07
u004804,retargeting,2024-06-25
u004805,retargeting,2024-06-04
u004806,retargeting,2024-06-18
u004807,retargeting,2024-06-06
u004808,retargeting,2024-06-07
u004809,retargeting,2024-06-11
u004810,retargeting,2024-06-03
u004811,retargeting,2024-06-13
u004812,retargeting,2024-06-10
u004813,retargeting,2024-06-12
u004814,retargeting,2024-06-06
u004815,retargeting,2024-06-05
u004816,retargeting,2024-06-22
u004817,retargeting,2024-06-09
u004818,retargeting,2024-06-18
u004819,retargeting,2024-06-14
u004820,retargeting,2024-06-10
u004821,retargeting,2024-06-03
u004822,retargeting,2024-06-16
u004823,retargeting,2024-06-02
u004824,retargeting,2024-06-09
u004825,retargeting,2024-06-24
u004826,retargeting,2024-06-05
u004827,retargeting,2024-06-06
u004828,retargeting,2024-06-26
u004829,retargeting,2024-06-10
u004830,brand,2024-06-26
u004831,brand,2024-06-01
u004832,brand,2024-06-28
u004833,brand,2024-06-30
u004834,brand,2024-06-09
u004835,brand,2024-06-12
u004836,brand,2024-06-07
u004837,brand,2024-06-07
u004838,brand,2024-06-25
u004839,brand,2024-06-30
u004840,brand,2024-06-21
u004841,brand,2024-06-23
u004842,brand,2024-06-01
u004843,brand,2024-06-06
u004844,brand,2024-06-08
u004845,brand,2024-06-14
u004846,brand,2024-06-08
u004847,brand,2024-06-13
u004848,brand,2024-06-16
u004849,brand,2024-06-12
u004850,brand,2024-06-22
u004851,brand,2024-06-21
u004852,brand,2024-06-12
u004853,brand,2024-06-04
u004854,brand,2024-06-30
u004855,brand,2024-06-14
u004856,brand,2024-06-12
u004857,brand,2024-06-17
u004858,brand,2024-06-22
u004859,brand,2024-06-19
u004860,brand,2024-06-26
u004861,brand,2024-06-05
u004862,brand,2024-06-21
u004863,brand,2024-06-25
u004864,brand,2024-06-22
u004865,brand,2024-06-17
u004866,brand,2024-06-10
u004867,brand,2024-06-29
u004868,brand,2024-06-23
u004869,brand,2024-06-12
u004870,brand,2024-06-30
u004871,brand,2024-06-28
u004872,brand,2024-06-13
u004873,brand,2024-06-03
u004874,brand,2024-06-07
u004875,brand,2024-06-30
u004876,brand,2024-06-29
u004877,brand,2024-06-24
u004878,brand,2024-06-05
u004879,brand,2024-06-14
u004880,brand,2024-06-19
u004881,brand,2024-06-03
u004882,brand,2024-06-18
u004883,brand,2024-06-25
u004884,brand,2024-06-25
u004885,brand,2024-06-13
u004886,brand,2024-06-22
u004887,brand,2024-06-19
u004888,brand,2024-06-13
u004889,brand,2024-06-14
u004890,brand,2024-06-24
u004891,brand,2024-06-07
u004892,brand,2024-06-26
u004893,brand,2024-06-03
u004894,brand,2024-06-07
u004895,brand,2024-06-30
u004896,brand,2024-06-20
u004897,brand,2024-06-08
u004898,brand,2024-06-03
u004899,brand,2024-06-14
u004900,brand,2024-06-27
u004901,brand,2024-06-18
u004902,brand,2024-06-02
u004903,brand,2024-06-24
u004904,brand,2024-06-15
u004905,brand,2024-06-09
u004906,brand,2024-06-16
u004907,brand,2024-06-24
u004908,brand,2024-06-23
u004909,brand,2024-06-04
u004910,brand,2024-06-07
u004911,brand,2024-06-25
u004912,brand,2024-06-10
u004913,brand,2024-06-28
u004914,brand,2024-06-04
u004915,brand,2024-06-28
u004916,brand,2024-06-15
u004917,brand,2024-06-02
u004918,brand,2024-06-04
u004919,brand,2024-06-15
u004920,organic,2024-06-16
u004921,organic,2024-06-02
u004922,organic,2024-06-17
u004923,organic,2024-06-23
u004924,organic,2024-06-16
u004925,organic,2024-06-30
u004926,organic,2024-06-14
u004927,organic,2024-06-21
u004928,organic,2024-06-11
u004929,organic,2024-06-01
u004930,organic,2024-06-11
u004931,organic,2024-06-22
u004932,organic,2024-06-03
u004933,organic,2024-06-06
u004934,organic,2024-06-12
u004935,organic,2024-06-26
u004936,organic,2024-06-15
u004937,organic,2024-06-02
u004938,organic,2024-06-23
u004939,organic,2024-06-17
u004940,organic,2024-06-14
u004941,organic,2024-06-08
u004942,organic,2024-06-24
u004943,organic,2024-06-28
u004944,organic,2024-06-24
u004945,organic,2024-06-03
u004946,organic,2024-06-10
u004947,organic,2024-06-26
u004948,organic,2024-06-15
u004949,organic,2024-06-19
u004950,organic,2024-06-10
u004951,organic,2024-06-14
u004952,organic,2024-06-03
u004953,organic,2024-06-11
u004954,organic,2024-06-26
u004955,organic,2024-06-26
u004956,organic,2024-06-25
u004957,organic,2024-06-22
u004958,organic,2024-06-03
u004959,organic,2024-06-07
u004960,organic,2024-06-20
u004961,organic,2024-06-06
u004962,organic,2024-06-26
u004963,organic,2024-06-19
u004964,organic,2024-06-02
u004965,organic,2024-06-17
u004966,organic,2024-06-12
u004967,organic,2024-06-27
u004968,organic,2024-06-08
u004969,organic,2024-06-30
u004970,organic,2024-06-15
u004971,organic,2024-06-06
u004972,organic,2024-06-05
u004973,organic,2024-06-07
u004974,organic,2024-06-02
u004975,organic,2024-06-02
u004976,organic,2024-06-01
u004977,organic,2024-06-29
u004978,organic,2024-06-29
u004979,organic,2024-06-25
u004980,organic,2024-06-03
u004981,organic,2024-06-04
u004982,organic,2024-06-07
u004983,organic,2024-06-22
u004984,organic,2024-06-19
u004985,organic,2024-06-14
u004986,organic,2024-06-20
u004987,organic,2024-06-29
u004988,organic,2024-06-03
u004989,organic,2024-06-08
u004990,organic,2024-06-17
u004991,organic,2024-06-12
u004992,organic,2024-06-14
u004993,organic,2024-06-01
u004994,organic,2024-06-07
u004995,organic,2024-06-06
u004996,organic,2024-06-25
u004997,organic,2024-06-23
u004998,organic,2024-06-29
u004999,organic,2024-06-28
u005000,organic,2024-06-09
u005001,organic,2024-06-19
u005002,organic,2024-06-07
u005003,organic,2024-06-23
u005004,organic,2024-06-11
u005005,organic,2024-06-16
u005006,organic,2024-06-27
u005007,organic,2024-06-18
u005008,organic,2024-06-23
u005009,organic,2024-06-05
u005010,organic,2024-06-23
u005011,organic,2024-06-14
u005012,organic,2024-06-28
u005013,organic,2024-06-09
u005014,organic,2024-06-07
u005015,organic,2024-06-19
u005016,organic,2024-06-26
u005017,organic,2024-06-04
u005018,organic,2024-06-28
u005019,organic,2024-06-18
u005020,organic,2024-06-21
u005021,organic,2024-06-26
u005022,organic,2024-06-13
u005023,organic,2024-06-27
u005024,organic,2024-06-28
u005025,organic,2024-06-23
u005026,organic,2024-06-02
u005027,organic,2024-06-18
u005028,organic,2024-06-09
u005029,organic,2024-06-03
u005030,organic,2024-06-03
u005031,organic,2024-06-27
u005032,organic,2024-06-12
u005033,organic,2024-06-04
u005034,organic,2024-06-23
u005035,organic,2024-06-20
u005036,organic,2024-06-13
u005037,organic,2024-06-16
u005038,organic,2024-06-17
u005039,organic,2024-06-28
u005040,search,2024-07-10
u005041,search,2024-07-31
u005042,search,2024-07-24
u005043,search,2024-07-13
u005044,search,2024-07-19
u005045,search,2024-07-19
u005046,search,2024-07-02
u005047,search,2024-07-16
u005048,search,2024-07-26
u005049,search,2024-07-04
u005050,search,2024-07-02
u005051,search,2024-07-08
u005052,search,2024-07-07
u005053,search,2024-07-13
u005054,search,2024-07-28
u005055,search,2024-07-18
u005056,search,2024-07-11
u005057,search,2024-07-20
u005058,search,2024-07-11
u005059,search,2024-07-24
u005060,search,2024-07-06
u005061,search,2024-07-15
u005062,search,2024-07-06
u005063,search,2024-07-31
u005064,search,2024-07-01
u005065,search,2024-07-08
u005066,search,2024-07-27
u005067,search,2024-07-07
u005068,search,2024-07-23
u005069,search,2024-07-14
u005070,search,2024-07-12
u005071,search,2024-07-03
u005072,search,2024-07-24
u005073,search,2024-07-20
u005074,search,2024-07-09
u005075,search,2024-07-14
u005076,search,2024-07-11
u005077,search,2024-07-11
u005078,search,2024-07-28
u005079,search,2024-07-23
u005080,search,2024-07-07
u005081,search,2024-07-26
u005082,search,2024-07-27
u005083,search,2024-07-04
u005084,search,2024-07-08
u005085,search,2024-07-29
u005086,search,2024-07-29
u005087,search,2024-07-04
u005088,search,2024-07-08
u005089,search,2024-07-18
u005090,search,2024-07-10
u005091,search,2024-07-04
u005092,search,2024-07-18
u005093,search,2024-07-13
u005094,search,2024-07-07
u005095,search,2024-07-09
u005096,search,2024-07-01
u005097,search,2024-07-29
u005098,search,2024-07-10
u005099,search,2024-07-24
u005100,search,2024-07-14
u005101,search,2024-07-29
u005102,search,2024-07-01
u005103,search,2024-07-04
u005104,search,2024-07-25
u005105,search,2024-07-16
u005106,search,2024-07-09
u005107,search,2024-07-09
u005108,search,2024-07-06
u005109,search,2024-07-27
u005110,search,2024-07-20
u005111,search,2024-07-22
u005112,search,2024-07-28
u005113,search,2024-07-06
u005114,search,2024-07-14
u005115,search,2024-07-17
u005116,search,2024-07-14
u005117,search,2024-07-11
u005118,search,2024-07-16
u005119,search,2024-07-26
u005120,search,2024-07-05
u005121,search,2024-07-28
u005122,search,2024-07-10
u005123,search,2024-07-03
u005124,search,2024-07-15
u005125,search,2024-07-19
u005126,search,2024-07-31
u005127,search,2024-07-24
u005128,search,2024-07-13
u005129,search,2024-07-02
u005130,search,2024-07-02
u005131,search,2024-07-24
u005132,search,2024-07-08
u005133,search,2024-07-18
u005134,search,2024-07-29
u005135,search,2024-07-10
u005136,search,2024-07-27
u005137,search,2024-07-10
u005138,search,2024-07-20
u005139,search,2024-07-02
u005140,search,2024-07-17
u005141,search,2024-07-23
u005142,search,2024-07-20
u005143,search,2024-07-29
u005144,search,2024-07-30
u005145,search,2024-07-18
u005146,search,2024-07-14
u005147,search,2024-07-02
u005148,search,2024-07-25
u005149,search,2024-07-06
u005150,search,2024-07-28
u005151,search,2024-07-22
u005152,search,2024-07-07
u005153,search,2024-07-10
u005154,search,2024-07-12
u005155,search,2024-07-15
u005156,search,2024-07-23
u005157,search,2024-07-09
u005158,search,2024-07-08
u005159,search,2024-07-13
u005160,display,2024-07-11
u005161,display,2024-07-28
u005162,display,2024-07-31
u005163,display,2024-07-02
u005164,display,2024-07-21
u005165,display,2024-07-27
u005166,display,2024-07-06
u005167,display,2024-07-28
u005168,display,2024-07-14
u005169,display,2024-07-09
u005170,display,2024-07-21
u005171,display,2024-07-31
u005172,display,2024-07-31
u005173,display,2024-07-14
u005174,display,2024-07-10
u005175,display,2024-07-24
u005176,display,2024-07-31
u005177,display,2024-07-02
u005178,display,2024-07-06
u005179,display,2024-07-06
u005180,display,2024-07-08
u005181,display,2024-07-13
u005182,display,2024-07-21
u005183,display,2024-07-04
u005184,display,2024-07-29
u005185,display,2024-07-19
u005186,display,2024-07-21
u005187,display,2024-07-09
u005188,display,2024-07-06
u005189,display,2024-07-09
u005190,display,2024-07-14
u005191,display,2024-07-21
u005192,display,2024-07-13
u005193,display,2024-07-16
u005194,display,2024-07-06
u005195,display,2024-07-07
u005196,display,2024-07-20
u005197,display,2024-07-07
u005198,display,2024-07-16
u005199,display,2024-07-11
u005200,display,2024-07-25
u005201,display,2024-07-10
u005202,display,2024-07-08
u005203,display,2024-07-29
u005204,display,2024-07-06
u005205,display,2024-07-24
u005206,display,2024-07-20
u005207,display,2024-07-09
u005208,display,2024-07-24
u005209,display,2024-07-30
u005210,display,2024-07-10
u005211,display,2024-07-29
u005212,display,2024-07-06
u005213,display,2024-07-27
u005214,display,2024-07-14
u005215,display,2024-07-23
u005216,display,2024-07-11
u005217,display,2024-07-24
u005218,display,2024-07-10
u005219,display,2024-07-15
u005220,retargeting,2024-07-26
u005221,retargeting,2024-07-17
u005222,retargeting,2024-07-19
u005223,retargeting,2024-07-20
u005224,retargeting,2024-07-24
u005225,retargeting,2024-07-29
u005226,retargeting,2024-07-17
u005227,retargeting,2024-07-20
u005228,retargeting,2024-07-26
u005229,retargeting,2024-07-25
u005230,retargeting,2024-07-14
u005231,retargeting,2024-07-22
u005232,retargeting,2024-07-04
u005233,retargeting,2024-07-14
u005234,retargeting,2024-07-03
u005235,retargeting,2024-07-11
u005236,retargeting,2024-07-16
u005237,retargeting,2024-07-20
u005238,retargeting,2024-07-13
u005239,retargeting,2024-07-21
u005240,retargeting,2024-07-02
u005241,retargeting,2024-07-12
u005242,retargeting,2024-07-03
u005243,retargeting,2024-07-10
u005244,retargeting,2024-07-10
u005245,retargeting,2024-07-04
u005246,retargeting,2024-07-14
u005247,retargeting,2024-07-03
u005248,retargeting,2024-07-22
u005249,retargeting,2024-07-03
u005250,brand,2024-07-12
u005251,brand,2024-07-12
u005252,brand,2024-07-01
u005253,brand,2024-07-30
u005254,brand,2024-07-09
u005255,brand,2024-07-03
u005256,brand,2024-07-04
u005257,brand,2024-07-03
u005258,brand,2024-07-02
u005259,brand,2024-07-17
u005260,brand,2024-07-10
u005261,brand,2024-07-22
u005262,brand,2024-07-05
u005263,brand,2024-07-09
u005264,brand,2024-07-17
u005265,brand,2024-07-19
u005266,brand,2024-07-31
u005267,brand,2024-07-02
u005268,brand,2024-07-14
u005269,brand,2024-07-28
u005270,brand,2024-07-22
u005271,brand,2024-07-18
u005272,brand,2024-07-31
u005273,brand,2024-07-30
u005274,brand,2024-07-18
u005275,brand,2024-07-19
u005276,brand,2024-07-30
u005277,brand,2024-07-27
u005278,brand,2024-07-17
u005279,brand,2024-07-30
u005280,brand,2024-07-03
u005281,brand,2024-07-15
u005282,brand,2024-07-25
u005283,brand,2024-07-11
u005284,brand,2024-07-27
u005285,brand,2024-07-11
u005286,brand,2024-07-24
u005287,brand,2024-07-12
u005288,brand,2024-07-24
u005289,brand,2024-07-09
u005290,brand,2024-07-11
u005291,brand,2024-07-30
u005292,brand,2024-07-25
u005293,brand,2024-07-17
u005294,brand,2024-07-04
u005295,brand,2024-07-19
u005296,brand,2024-07-13
u005297,brand,2024-07-03
u005298,brand,2024-07-08
u005299,brand,2024-07-28
u005300,brand,2024-07-23
u005301,brand,2024-07-03
u005302,brand,2024-07-24
u005303,brand,2024-07-16
u005304,brand,2024-07-27
u005305,brand,2024-07-27
u005306,brand,2024-07-22
u005307,brand,2024-07-04
u005308,brand,2024-07-06
u005309,brand,2024-07-26
u005310,brand,2024-07-09
u005311,brand,2024-07-23
u005312,brand,2024-07-17
u005313,brand,2024-07-17
u005314,brand,2024-07-21
u005315,brand,2024-07-11
u005316,brand,2024-07-15
u005317,brand,2024-07-23
u005318,brand,2024-07-24
u005319,brand,2024-07-30
u005320,brand,2024-07-06
u005321,brand,2024-07-06
u005322,brand,2024-07-28
u005323,brand,2024-07-01
u005324,brand,2024-07-26
u005325,brand,2024-07-01
u005326,brand,2024-07-15
u005327,brand,2024-07-31
u005328,brand,2024-07-19
u005329,brand,2024-07-18
u005330,brand,2024-07-20
u005331,brand,2024-07-16
u005332,brand,2024-07-01
u005333,brand,2024-07-06
u005334,brand,2024-07-21
u005335,brand,2024-07-10
u005336,brand,2024-07-12
u005337,brand,2024-07-19
u005338,brand,2024-07-02
u005339,brand,2024-07-05
u005340,organic,2024-07-08
u005341,organic,2024-07-08
u005342,organic,2024-07-22
u005343,organic,2024-07-08
u005344,organic,2024-07-10
u005345,organic,2024-07-22
u005346,organic,2024-07-09
u005347,organic,2024-07-25
u005348,organic,2024-07-20
u005349,organic,2024-07-02
u005350,organic,2024-07-02
u005351,organic,2024-07-22
u005352,organic,2024-07-13
u005353,organic,2024-07-07
u005354,organic,2024-07-12
u005355,organic,2024-07-04
u005356,organic,2024-07-05
u005357,organic,2024-07-26
u005358,organic,2024-07-19
u005359,organic,2024-07-31
u005360,organic,2024-07-24
u005361,organic,2024-07-01
u005362,organic,2024-07-10
u005363,organic,2024-07-26
u005364,organic,2024-07-12
u005365,organic,2024-07-15
u005366,organic,2024-07-12
u005367,organic,2024-07-09
u005368,organic,2024-07-19
u005369,organic,2024-07-03
u005370,organic,2024-07-24
u005371,organic,2024-07-03
u005372,organic,2024-07-05
u005373,organic,2024-07-23
u005374,organic,2024-07-01
u005375,organic,2024-07-12
u005376,organic,2024-07-24
u005377,organic,2024-07-10
u005378,organic,2024-07-11
u005379,organic,2024-07-30
u005380,organic,2024-07-17
u005381,organic,2024-07-13
u005382,organic,2024-07-21
u005383,organic,2024-07-17
u005384,organic,2024-07-31
u005385,organic,2024-07-09
u005386,organic,2024-07-24
u005387,organic,2024-07-15
u005388,organic,2024-07-11
u005389,organic,2024-07-12
u005390,organic,2024-07-06
u005391,organic,2024-07-25
u005392,organic,2024-07-17
u005393,organic,2024-07-22
u005394,organic,2024-07-16
u005395,organic,2024-07-28
u005396,organic,2024-07-04
u005397,organic,2024-07-13
u005398,organic,2024-07-15
u005399,organic,2024-07-30
u005400,organic,2024-07-30
u005401,organic,2024-07-20
u005402,organic,2024-07-17
u005403,organic,2024-07-06
u005404,organic,2024-07-31
u005405,organic,2024-07-12
u005406,organic,2024-07-07
u005407,organic,2024-07-01
u005408,organic,2024-07-18
u005409,organic,2024-07-04
u005410,organic,2024-07-04
u005411,organic,2024-07-08
u005412,organic,2024-07-24
u005413,organic,2024-07-21
u005414,organic,2024-07-10
u005415,organic,2024-07-30
u005416,organic,2024-07-30
u005417,organic,2024-07-04
u005418,organic,2024-07-01
u005419,organic,2024-07-30
u005420,organic,2024-07-18
u005421,organic,2024-07-25
u005422,organic,2024-07-22
u005423,organic,2024-07-27
u005424,organic,2024-07-14
u005425,organic,2024-07-15
u005426,organic,2024-07-30
u005427,organic,2024-07-21
u005428,organic,2024-07-10
u005429,organic,2024-07-14
u005430,organic,2024-07-01
u005431,organic,2024-07-31
u005432,organic,2024-07-22
u005433,organic,2024-07-16
u005434,organic,2024-07-16
u005435,organic,2024-07-31
u005436,organic,2024-07-19
u005437,organic,2024-07-06
u005438,organic,2024-07-18
u005439,organic,2024-07-02
u005440,organic,2024-07-23
u005441,organic,2024-07-22
u005442,organic,2024-07-15
u005443,organic,2024-07-25
u005444,organic,2024-07-03
u005445,organic,2024-07-03
u005446,organic,2024-07-02
u005447,organic,2024-07-17
u005448,organic,2024-07-01
u005449,organic,2024-07-08
u005450,organic,2024-07-30
u005451,organic,2024-07-06
u005452,organic,2024-07-30
u005453,organic,2024-07-25
u005454,organic,2024-07-13
u005455,organic,2024-07-23
u005456,organic,2024-07-21
u005457,organic,2024-07-20
u005458,organic,2024-07-02
u005459,organic,2024-07-03
u005460,search,2024-08-15
u005461,search,2024-08-15
u005462,search,2024-08-30
u005463,search,2024-08-29
u005464,search,2024-08-17
u005465,search,2024-08-04
u005466,search,2024-08-24
u005467,search,2024-08-25
u005468,search,2024-08-03
u005469,search,2024-08-15
u005470,search,2024-08-09
u005471,search,2024-08-15
u005472,search,2024-08-25
u005473,search,2024-08-18
u005474,search,2024-08-06
u005475,search,2024-08-15
u005476,search,2024-08-21
u005477,search,2024-08-27
u005478,search,2024-08-04
u005479,search,2024-08-08
u005480,search,2024-08-09
u005481,search,2024-08-04
u005482,search,2024-08-13
u005483,search,2024-08-20
u005484,search,2024-08-19
u005485,search,2024-08-24
u005486,search,2024-08-11
u005487,search,2024-08-16
u005488,search,2024-08-29
u005489,search,2024-08-21
u005490,search,2024-08-14
u005491,search,2024-08-15
u005492,search,2024-08-09
u005493,search,2024-08-26
u005494,search,2024-08-13
u005495,search,2024-08-23
u005496,search,2024-08-18
u005497,search,2024-08-30
u005498,search,2024-08-10
u005499,search,2024-08-19
u005500,search,2024-08-23
u005501,search,2024-08-21
u005502,search,2024-08-29
u005503,search,2024-08-17
u005504,search,2024-08-13
u005505,search,2024-08-17
u005506,search,2024-08-10
u005507,search,2024-08-03
u005508,search,2024-08-28
u005509,search,2024-08-14
u005510,search,2024-08-23
u005511,search,2024-08-08
u005512,search,2024-08-06
u005513,search,2024-08-31
u005514,search,2024-08-06
u005515,search,2024-08-28
u005516,search,2024-08-20
u005517,search,2024-08-13
u005518,search,2024-08-12
u005519,search,2024-08-04
u005520,search,2024-08-11
u005521,search,2024-08-12
u005522,search,2024-08-04
u005523,search,2024-08-31
u005524,search,2024-08-29
u005525,search,2024-08-03
u005526,search,2024-08-19
u005527,search,2024-08-28
u005528,search,2024-08-03
u005529,search,2024-08-04
u005530,search,2024-08-09
u005531,search,2024-08-18
u005532,search,2024-08-18
u005533,search,2024-08-27
u005534,search,2024-08-29
u005535,search,2024-08-20
u005536,search,2024-08-02
u005537,search,2024-08-06
u005538,search,2024-08-25
u005539,search,2024-08-31
u005540,search,2024-08-04
u005541,search,2024-08-27
u005542,search,2024-08-13
u005543,search,2024-08-05
u005544,search,2024-08-23
u005545,search,2024-08-17
u005546,search,2024-08-07
u005547,search,2024-08-21
u005548,search,2024-08-06
u005549,search,2024-08-19
u005550,search,2024-08-25
u005551,search,2024-08-11
u005552,search,2024-08-05
u005553,search,2024-08-26
u005554,search,2024-08-04
u005555,search,2024-08-09
u005556,search,2024-08-02
u005557,search,2024-08-10
u005558,search,2024-08-02
u005559,search,2024-08-17
u005560,search,2024-08-04
u005561,search,2024-08-02
u005562,search,2024-08-26
u005563,search,2024-08-03
u005564,search,2024-08-12
u005565,search,2024-08-30
u005566,search,2024-08-13
u005567,search,2024-08-14
u005568,search,2024-08-22
u005569,search,2024-08-18
u005570,search,2024-08-25
u005571,search,2024-08-31
u005572,search,2024-08-19
u005573,search,2024-08-31
u005574,search,2024-08-04
u005575,search,2024-08-24
u005576,search,2024-08-17
u005577,search,2024-08-19
u005578,search,2024-08-26
u005579,search,2024-08-08
u005580,display,2024-08-01
u005581,display,2024-08-18
u005582,display,2024-08-25
u005583,display,2024-08-09
u005584,display,2024-08-21
u005585,display,2024-08-13
u005586,display,2024-08-30
u005587,display,2024-08-16
u005588,display,2024-08-01
u005589,display,2024-08-05
u005590,display,2024-08-07
u005591,display,2024-08-11
u005592,display,2024-08-13
u005593,display,2024-08-16
u005594,display,2024-08-23
u005595,display,2024-08-23
u005596,display,2024-08-16
u005597,display,2024-08-17
u005598,display,2024-08-04
u005599,display,2024-08-25
u005600,display,2024-08-02
u005601,display,2024-08-31
u005602,display,2024-08-11
u005603,display,2024-08-15
u005604,display,2024-08-05
u005605,display,2024-08-10
u005606,display,2024-08-06
u005607,display,2024-08-11
u005608,display,2024-08-10
u005609,display,2024-08-23
u005610,display,2024-08-19
u005611,display,2024-08-24
u005612,display,2024-08-25
u005613,display,2024-08-27
u005614,display,2024-08-07
u005615,display,2024-08-12
u005616,display,2024-08-14
u005617,display,2024-08-14
u005618,display,2024-08-23
u005619,display,2024-08-02
u005620,display,2024-08-27
u005621,display,2024-08-18
u005622,display,2024-08-07
u005623,display,2024-08-11
u005624,display,2024-08-27
u005625,display,2024-08-19
u005626,display,2024-08-14
u005627,display,2024-08-28
u005628,display,2024-08-21
u005629,display,2024-08-05
u005630,display,2024-08-15
u005631,display,2024-08-31
u005632,display,2024-08-24
u005633,display,2024-08-21
u005634,display,2024-08-23
u005635,display,2024-08-14
u005636,display,2024-08-17
u005637,display,2024-08-03
u005638,display,2024-08-30
u005639,display,2024-08-05
u005640,retargeting,2024-08-21
u005641,retargeting,2024-08-15
u005642,retargeting,2024-08-17
u005643,retargeting,2024-08-18
u005644,retargeting,2024-08-11
u005645,retargeting,2024-08-05
u005646,retargeting,2024-08-22
u005647,retargeting,2024-08-28
u005648,retargeting,2024-08-18
u005649,retargeting,2024-08-12
u005650,retargeting,2024-08-28
u005651,retargeting,2024-08-08
u005652,retargeting,2024-08-13
u005653,retargeting,2024-08-01
u005654,retargeting,2024-08-20
u005655,retargeting,2024-08-15
u005656,retargeting,2024-08-25
u005657,retargeting,2024-08-01
u005658,retargeting,2024-08-21
u005659,retargeting,2024-08-20
u005660,retargeting,2024-08-16
u005661,retargeting,2024-08-23
u005662,retargeting,2024-08-03
u005663,retargeting,2024-08-04
u005664,retargeting,2024-08-27
u005665,retargeting,2024-08-15
u005666,retargeting,2024-08-03
u005667,retargeting,2024-08-15
u005668,retargeting,2024-08-15
u005669,retargeting,2024-08-05
u005670,brand,2024-08-10
u005671,brand,2024-08-29
u005672,brand,2024-08-06
u005673,brand,2024-08-14
u005674,brand,2024-08-22
u005675,brand,2024-08-30
u005676,brand,2024-08-26
u005677,brand,2024-08-05
u005678,brand,2024-08-04
u005679,brand,2024-08-16
u005680,brand,2024-08-31
u005681,brand,2024-08-13
u005682,brand,2024-08-03
u005683,brand,2024-08-30
u005684,brand,2024-08-25
u005685,brand,2024-08-15
u005686,brand,2024-08-03
u005687,brand,2024-08-08
u005688,brand,2024-08-07
u005689,brand,2024-08-04
u005690,brand,2024-08-05
u005691,brand,2024-08-10
u005692,brand,2024-08-06
u005693,brand,2024-08-06
u005694,brand,2024-08-27
u005695,brand,2024-08-17
u005696,brand,2024-08-21
u005697,brand,2024-08-15
u005698,brand,2024-08-31
u005699,brand,2024-08-24
u005700,brand,2024-08-07
u005701,brand,2024-08-06
u005702,brand,2024-08-06
u005703,brand,2024-08-18
u005704,brand,2024-08-06
u005705,brand,2024-08-09
u005706,brand,2024-08-26
u005707,brand,2024-08-23
u005708,brand,2024-08-11
u005709,brand,2024-08-26
u005710,brand,2024-08-19
u005711,brand,2024-08-25
u005712,brand,2024-08-11
u005713,brand,2024-08-18
u005714,brand,2024-08-17
u005715,brand,2024-08-09
u005716,brand,2024-08-22
u005717,brand,2024-08-11
u005718,brand,2024-08-04
u005719,brand,2024-08-22
u005720,brand,2024-08-29
u005721,brand,2024-08-28
u005722,brand,2024-08-10
u005723,brand,2024-08-17
u005724,brand,2024-08-06
u005725,brand,2024-08-18
u005726,brand,2024-08-25
u005727,brand,2024-08-27
u005728,brand,2024-08-31
u005729,brand,2024-08-22
u005730,brand,2024-08-11
u005731,brand,2024-08-05
u005732,brand,2024-08-13
u005733,brand,2024-08-16
u005734,brand,2024-08-06
u005735,brand,2024-08-20
u005736,brand,2024-08-01
u005737,brand,2024-08-06
u005738,brand,2024-08-05
u005739,brand,2024-08-08
u005740,brand,2024-08-30
u005741,brand,2024-08-31
u005742,brand,2024-08-28
u005743,brand,2024-08-31
u005744,brand,2024-08-25
u005745,brand,2024-08-09
u005746,brand,2024-08-30
u005747,brand,2024-08-30
u005748,brand,2024-08-20
u005749,brand,2024-08-14
u005750,brand,2024-08-13
u005751,brand,2024-08-04
u005752,brand,2024-08-09
u005753,brand,2024-08-06
u005754,brand,2024-08-24
u005755,brand,2024-08-02
u005756,brand,2024-08-22
u005757,brand,2024-08-20
u005758,brand,2024-08-16
u005759,brand,2024-08-07
u005760,organic,2024-08-08
u005761,organic,2024-08-31
u005762,organic,2024-08-08
u005763,organic,2024-08-27
u005764,organic,2024-08-06
u005765,organic,2024-08-02
u005766,organic,2024-08-27
u005767,organic,2024-08-16
u005768,organic,2024-08-31
u005769,organic,2024-08-06
u005770,organic,2024-08-10
u005771,organic,2024-08-31
u005772,organic,2024-08-23
u005773,organic,2024-08-07
u005774,organic,2024-08-05
u005775,organic,2024-08-14
u005776,organic,2024-08-30
u005777,organic,2024-08-04
u005778,organic,2024-08-22
u005779,organic,2024-08-05
u005780,organic,2024-08-22
u005781,organic,2024-08-26
u005782,organic,2024-08-08
u005783,organic,2024-08-22
u005784,organic,2024-08-17
u005785,organic,2024-08-02
u005786,organic,2024-08-13
u005787,organic,2024-08-24
u005788,organic,2024-08-27
u005789,organic,2024-08-26
u005790,organic,2024-08-21
u005791,organic,2024-08-22
u005792,organic,2024-08-09
u005793,organic,2024-08-21
u005794,organic,2024-08-04
u005795,organic,2024-08-07
u005796,organic,2024-08-26
u005797,organic,2024-08-09
u005798,organic,2024-08-03
u005799,organic,2024-08-06
u005800,organic,2024-08-15
u005801,organic,2024-08-17
u005802,organic,2024-08-21
u005803,organic,2024-08-18
u005804,organic,2024-08-19
u005805,organic,2024-08-05
u005806,organic,2024-08-04
u005807,organic,2024-08-11
u005808,organic,2024-08-21
u005809,organic,2024-08-17
u005810,organic,2024-08-08
u005811,organic,2024-08-25
u005812,organic,2024-08-18
u005813,organic,2024-08-25
u005814,organic,2024-08-08
u005815,organic,2024-08-25
u005816,organic,2024-08-12
u005817,organic,2024-08-05
u005818,organic,2024-08-24
u005819,organic,2024-08-28
u005820,organic,2024-08-08
u005821,organic,2024-08-01
u005822,organic,2024-08-27
u005823,organic,2024-08-18
u005824,organic,2024-08-15
u005825,organic,2024-08-09
u005826,organic,2024-08-31
u005827,organic,2024-08-09
u005828,organic,2024-08-19
u005829,organic,2024-08-07
u005830,organic,2024-08-05
u005831,organic,2024-08-15
u005832,organic,2024-08-24
u005833,organic,2024-08-02
u005834,organic,2024-08-19
u005835,organic,2024-08-07
u005836,organic,2024-08-04
u005837,organic,2024-08-31
u005838,organic,2024-08-03
u005839,organic,2024-08-06
u005840,organic,2024-08-26
u005841,organic,2024-08-04
u005842,organic,2024-08-16
u005843,organic,2024-08-10
u005844,organic,2024-08-22
u005845,organic,2024-08-28
u005846,organic,2024-08-16
u005847,organic,2024-08-05
u005848,organic,2024-08-26
u005849,organic,2024-08-26
u005850,organic,2024-08-05
u005851,organic,2024-08-02
u005852,organic,2024-08-04
u005853,organic,2024-08-14
u005854,organic,2024-08-13
u005855,organic,2024-08-30
u005856,organic,2024-08-17
u005857,organic,2024-08-31
u005858,organic,2024-08-20
u005859,organic,2024-08-31
u005860,organic,2024-08-08
u005861,organic,2024-08-23
u005862,organic,2024-08-24
u005863,organic,2024-08-27
u005864,organic,2024-08-23
u005865,organic,2024-08-10
u005866,organic,2024-08-16
u005867,organic,2024-08-10
u005868,organic,2024-08-15
u005869,organic,2024-08-17
u005870,organic,2024-08-23
u005871,organic,2024-08-06
u005872,organic,2024-08-31
u005873,organic,2024-08-11
u005874,organic,2024-08-12
u005875,organic,2024-08-17
u005876,organic,2024-08-09
u005877,organic,2024-08-14
u005878,organic,2024-08-15
u005879,organic,2024-08-02
u005880,search,2024-09-11
u005881,search,2024-09-09
u005882,search,2024-09-06
u005883,search,2024-09-18
u005884,search,2024-09-05
u005885,search,2024-09-13
u005886,search,2024-09-17
u005887,search,2024-09-01
u005888,search,2024-09-29
u005889,search,2024-09-30
u005890,search,2024-09-17
u005891,search,2024-09-04
u005892,search,2024-09-23
u005893,search,2024-09-23
u005894,search,2024-09-11
u005895,search,2024-09-29
u005896,search,2024-09-30
u005897,search,2024-09-01
u005898,search,2024-09-11
u005899,search,2024-09-13
u005900,search,2024-09-29
u005901,search,2024-09-05
u005902,search,2024-09-26
u005903,search,2024-09-09
u005904,search,2024-09-26
u005905,search,2024-09-07
u005906,search,2024-09-29
u005907,search,2024-09-25
u005908,search,2024-09-27
u005909,search,2024-09-06
u005910,search,2024-09-28
u005911,search,2024-09-10
u005912,search,2024-09-15
u005913,search,2024-09-06
u005914,search,2024-09-07
u005915,search,2024-09-11
u005916,search,2024-09-20
u005917,search,2024-09-11
u005918,search,2024-09-14
u005919,search,2024-09-04
u005920,search,2024-09-03
u005921,search,2024-09-27
u005922,search,2024-09-27
u005923,search,2024-09-01
u005924,search,2024-09-01
u005925,search,2024-09-22
u005926,search,2024-09-10
u005927,search,2024-09-22
u005928,search,2024-09-01
u005929,search,2024-09-28
u005930,search,2024-09-12
u005931,search,2024-09-30
u005932,search,2024-09-04
u005933,search,2024-09-17
u005934,search,2024-09-23
u005935,search,2024-09-22
u005936,search,2024-09-21
u005937,search,2024-09-27
u005938,search,2024-09-01
u005939,search,2024-09-11
u005940,search,2024-09-05
u005941,search,2024-09-15
u005942,search,2024-09-05
u005943,search,2024-09-24
u005944,search,2024-09-24
u005945,search,2024-09-13
u005946,search,2024-09-18
u005947,search,2024-09-05
u005948,search,2024-09-15
u005949,search,2024-09-12
u005950,search,2024-09-27
u005951,search,2024-09-07
u005952,search,2024-09-08
u005953,search,2024-09-12
u005954,search,2024-09-09
u005955,search,2024-09-10
u005956,search,2024-09-24
u005957,search,2024-09-20
u005958,search,2024-09-02
u005959,search,2024-09-11
u005960,search,2024-09-21
u005961,search,2024-09-22
u005962,search,2024-09-17
u005963,search,2024-09-06
u005964,search,2024-09-14
u005965,search,2024-09-02
u005966,search,2024-09-02
u005967,search,2024-09-29
u005968,search,2024-09-06
u005969,search,2024-09-10
u005970,search,2024-09-11
u005971,search,2024-09-17
u005972,search,2024-09-20
u005973,search,2024-09-30
u005974,search,2024-09-07
u005975,search,2024-09-04
u005976,search,2024-09-30
u005977,search,2024-09-01
u005978,search,2024-09-28
u005979,search,2024-09-26
u005980,search,2024-09-24
u005981,search,2024-09-10
u005982,search,2024-09-21
u005983,search,2024-09-12
u005984,search,2024-09-24
u005985,search,2024-09-24
u005986,search,2024-09-22
u005987,search,2024-09-14
u005988,search,2024-09-15
u005989,search,2024-09-02
u005990,search,2024-09-04
u005991,search,2024-09-27
u005992,search,2024-09-06
u005993,search,2024-09-27
u005994,search,2024-09-26
u005995,search,2024-09-01
u005996,search,2024-09-28
u005997,search,2024-09-20
u005998,search,2024-09-14
u005999,search,2024-09-02
u006000,display,2024-09-03
u006001,display,2024-09-06
u006002,display,2024-09-22
u006003,display,2024-09-27
u006004,display,2024-09-24
u006005,display,2024-09-11
u006006,display,2024-09-24
u006007,display,2024-09-08
u006008,display,2024-09-08
u006009,display,2024-09-21
u006010,display,2024-09-05
u006011,display,2024-09-23
u006012,display,2024-09-12
u006013,display,2024-09-16
u006014,display,2024-09-13
u006015,display,2024-09-25
u006016,display,2024-09-25
u006017,display,2024-09-11
u006018,display,2024-09-30
u006019,display,2024-09-14
u006020,display,2024-09-27
u006021,display,2024-09-12
u006022,display,2024-09-08
u006023,display,2024-09-27
u006024,display,2024-09-13
u006025,display,2024-09-19
u006026,display,2024-09-25
u006027,display,2024-09-13
u006028,display,2024-09-13
u006029,display,2024-09-30
u006030,display,2024-09-04
u006031,display,2024-09-02
u006032,display,2024-09-15
u006033,display,2024-09-29
u006034,display,2024-09-22
u006035,display,2024-09-02
u006036,display,2024-09-24
u006037,display,2024-09-03
u006038,display,2024-09-23
u006039,display,2024-09-01
u006040,display,2024-09-07
u006041,display,2024-09-16
u006042,display,2024-09-17
u006043,display,2024-09-13
u006044,display,2024-09-05
u006045,display,2024-09-26
u006046,display,2024-09-04
u006047,display,2024-09-26
u006048,display,2024-09-26
u006049,display,2024-09-15
u006050,display,2024-09-08
u006051,display,2024-09-13
u006052,display,2024-09-22
u006053,display,2024-09-22
u006054,display,2024-09-23
u006055,display,2024-09-04
u006056,display,2024-09-07
u006057,display,2024-09-17
u006058,display,2024-09-02
u006059,display,2024-09-16
u006060,retargeting,2024-09-11
u006061,retargeting,2024-09-24
u006062,retargeting,2024-09-19
u006063,retargeting,2024-09-11
u006064,retargeting,2024-09-08
u006065,retargeting,2024-09-18
u006066,retargeting,2024-09-04
u006067,retargeting,2024-09-21
u006068,retargeting,2024-09-02
u006069,retargeting,2024-09-23
u006070,retargeting,2024-09-22
u006071,retargeting,2024-09-21
u006072,retargeting,2024-09-27
u006073,retargeting,2024-09-05
u006074,retargeting,2024-09-08
u006075,retargeting,2024-09-12
u006076,retargeting,2024-09-28
u006077,retargeting,2024-09-02
u006078,retargeting,2024-09-06
u006079,retargeting,2024-09-10
u006080,retargeting,2024-09-11
u006081,retargeting,2024-09-24
u006082,retargeting,2024-09-07
u006083,retargeting,2024-09-11
u006084,retargeting,2024-09-12
u006085,retargeting,2024-09-02
u006086,retargeting,2024-09-14
u006087,retargeting,2024-09-30
u006088,retargeting,2024-09-10
u006089,retargeting,2024-09-06
u006090,brand,2024-09-11
u006091,brand,2024-09-08
u006092,brand,2024-09-26
u006093,brand,2024-09-15
u006094,brand,2024-09-23
u006095,brand,2024-09-13
u006096,brand,2024-09-18
u006097,brand,2024-09-06
u006098,brand,2024-09-18
u006099,brand,2024-09-18
u006100,brand,2024-09-05
u006101,brand,2024-09-09
u006102,brand,2024-09-17
u006103,brand,2024-09-26
u006104,brand,2024-09-06
u006105,brand,2024-09-11
u006106,brand,2024-09-06
u006107,brand,2024-09-20
u006108,brand,2024-09-13
u006109,brand,2024-09-24
u006110,brand,2024-09-28
u006111,brand,2024-09-19
u006112,brand,2024-09-17
u006113,brand,2024-09-25
u006114,brand,2024-09-19
u006115,brand,2024-09-30
u006116,brand,2024-09-16
u006117,brand,2024-09-04
u006118,brand,2024-09-10
u006119,brand,2024-09-13
u006120,brand,2024-09-06
u006121,brand,2024-09-18
u006122,brand,2024-09-29
u006123,brand,2024-09-18
u006124,brand,2024-09-13
u006125,brand,2024-09-12
u006126,brand,2024-09-16
u006127,brand,2024-09-24
u006128,brand,2024-09-10
u006129,brand,2024-09-12
u006130,brand,2024-09-16
u006131,brand,2024-09-30
u006132,brand,2024-09-29
u006133,brand,2024-09-04
u006134,brand,2024-09-22
u006135,brand,2024-09-05
u006136,brand,2024-09-23
u006137,brand,2024-09-16
u006138,brand,2024-09-26
u006139,brand,2024-09-07
u006140,brand,2024-09-28
u006141,brand,2024-09-28
u006142,brand,2024-09-23
u006143,brand,2024-09-11
u006144,brand,2024-09-22
u006145,brand,2024-09-25
u006146,brand,2024-09-29
u006147,brand,2024-09-10
u006148,brand,2024-09-08
u006149,brand,2024-09-13
u006150,brand,2024-09-20
u006151,brand,2024-09-28
u006152,brand,2024-09-09
u006153,brand,2024-09-07
u006154,brand,2024-09-07
u006155,brand,2024-09-13
u006156,brand,2024-09-05
u006157,brand,2024-09-25
u006158,brand,2024-09-17
u006159,brand,2024-09-21
u006160,brand,2024-09-21
u006161,brand,2024-09-25
u006162,brand,2024-09-11
u006163,brand,2024-09-15
u006164,brand,2024-09-08
u006165,brand,2024-09-02
u006166,brand,2024-09-17
u006167,brand,2024-09-22
u006168,brand,2024-09-11
u006169,brand,2024-09-12
u006170,brand,2024-09-07
u006171,brand,2024-09-03
u006172,brand,2024-09-05
u006173,brand,2024-09-22
u006174,brand,2024-09-15
u006175,brand,2024-09-01
u006176,brand,2024-09-13
u006177,brand,2024-09-10
u006178,brand,2024-09-09
u006179,brand,2024-09-19
u006180,organic,2024-09-25
u006181,organic,2024-09-11
u006182,organic,2024-09-27
u006183,organic,2024-09-24
u006184,organic,2024-09-23
u006185,organic,2024-09-20
u006186,organic,2024-09-11
u006187,organic,2024-09-02
u006188,organic,2024-09-07
u006189,organic,2024-09-15
u006190,organic,2024-09-29
u006191,organic,2024-09-09
u006192,organic,2024-09-05
u006193,organic,2024-09-26
u006194,organic,2024-09-30
u006195,organic,2024-09-03
u006196,organic,2024-09-28
u006197,organic,2024-09-22
u006198,organic,2024-09-15
u006199,organic,2024-09-29
u006200,organic,2024-09-15
u006201,organic,2024-09-25
u006202,organic,2024-09-03
u006203,organic,2024-09-04
u006204,organic,2024-09-28
u006205,organic,2024-09-11
u006206,organic,2024-09-15
u006207,organic,2024-09-01
u006208,organic,2024-09-01
u006209,organic,2024-09-18
u006210,organic,2024-09-11
u006211,organic,2024-09-16
u006212,organic,2024-09-18
u006213,organic,2024-09-11
u006214,organic,2024-09-15
u006215,organic,2024-09-04
u006216,organic,2024-09-10
u006217,organic,2024-09-04
u006218,organic,2024-09-14
u006219,organic,2024-09-14
u006220,organic,2024-09-11
u006221,organic,2024-09-25
u006222,organic,2024-09-28
u006223,organic,2024-09-21
u006224,organic,2024-09-06
u006225,organic,2024-09-08
u006226,organic,2024-09-13
u006227,organic,2024-09-29
u006228,organic,2024-09-27
u006229,organic,2024-09-02
u006230,organic,2024-09-13
u006231,organic,2024-09-14
u006232,organic,2024-09-16
u006233,organic,2024-09-01
u006234,organic,2024-09-16
u006235,organic,2024-09-27
u006236,organic,2024-09-23
u006237,organic,2024-09-14
u006238,organic,2024-09-14
u006239,organic,2024-09-04
u006240,organic,2024-09-06
u006241,organic,2024-09-27
u006242,organic,2024-09-25
u006243,organic,2024-09-10
u006244,organic,2024-09-21
u006245,organic,2024-09-12
u006246,organic,2024-09-27
u006247,organic,2024-09-27
u006248,organic,2024-09-10
u006249,organic,2024-09-05
u006250,organic,2024-09-09
u006251,organic,2024-09-24
u006252,organic,2024-09-01
u006253,organic,2024-09-03
u006254,organic,2024-09-01
u006255,organic,2024-09-06
u006256,organic,2024-09-13
u006257,organic,2024-09-20
u006258,organic,2024-09-23
u006259,organic,2024-09-25
u006260,organic,2024-09-03
u006261,organic,2024-09-24
u006262,organic,2024-09-04
u006263,organic,2024-09-25
u006264,organic,2024-09-12
u006265,organic,2024-09-10
u006266,organic,2024-09-23
u006267,organic,2024-09-28
u006268,organic,2024-09-04
u006269,organic,2024-09-04
u006270,organic,2024-09-19
u006271,organic,2024-09-15
u006272,organic,2024-09-11
u006273,organic,2024-09-08
u006274,organic,2024-09-07
u006275,organic,2024-09-26
u006276,organic,2024-09-30
u006277,organic,2024-09-05
u006278,organic,2024-09-26
u006279,organic,2024-09-01
u006280,organic,2024-09-06
u006281,organic,2024-09-17
u006282,organic,2024-09-14
u006283,organic,2024-09-12
u006284,organic,2024-09-09
u006285,organic,2024-09-10
u006286,organic,2024-09-15
u006287,organic,2024-09-04
u006288,organic,2024-09-07
u006289,organic,2024-09-08
u006290,organic,2024-09-02
u006291,organic,2024-09-01
u006292,organic,2024-09-15
u006293,organic,2024-09-29
u006294,organic,2024-09-20
u006295,organic,2024-09-17
u006296,organic,2024-09-12
u006297,organic,2024-09-01
u006298,organic,2024-09-06
u006299,organic,2024-09-23
u006300,search,2024-10-04
u006301,search,2024-10-06
u006302,search,2024-10-01
u006303,search,2024-10-31
u006304,search,2024-10-18
u006305,search,2024-10-17
u006306,search,2024-10-09
u006307,search,2024-10-13
u006308,search,2024-10-09
u006309,search,2024-10-13
u006310,search,2024-10-23
u006311,search,2024-10-01
u006312,search,2024-10-25
u006313,search,2024-10-21
u006314,search,2024-10-30
u006315,search,2024-10-14
u006316,search,2024-10-10
u006317,search,2024-10-02
u006318,search,2024-10-01
u006319,search,2024-10-24
u006320,search,2024-10-06
u006321,search,2024-10-17
u006322,search,2024-10-15
u006323,search,2024-10-03
u006324,search,2024-10-08
u006325,search,2024-10-07
u006326,search,2024-10-19
u006327,search,2024-10-24
u006328,search,2024-10-23
u006329,search,2024-10-07
u006330,search,2024-10-31
u006331,search,2024-10-17
u006332,search,2024-10-16
u006333,search,2024-10-27
u006334,search,2024-10-14
u006335,search,2024-10-26
u006336,search,2024-10-04
u006337,search,2024-10-07
u006338,search,2024-10-28
u006339,search,2024-10-31
u006340,search,2024-10-06
u006341,search,2024-10-16
u006342,search,2024-10-01
u006343,search,2024-10-11
u006344,search,2024-10-07
u006345,search,2024-10-25
u006346,search,2024-10-24
u006347,search,2024-10-22
u006348,search,2024-10-23
u006349,search,2024-10-10
u006350,search,2024-10-02
u006351,search,2024-10-20
u006352,search,2024-10-02
u006353,search,2024-10-07
u006354,search,2024-10-27
u006355,search,2024-10-22
u006356,search,2024-10-22
u006357,search,2024-10-07
u006358,search,2024-10-16
u006359,search,2024-10-20
u006360,search,2024-10-10
u006361,search,2024-10-30
u006362,search,2024-10-08
u006363,search,2024-10-22
u006364,search,2024-10-01
u006365,search,2024-10-08
u006366,search,2024-10-27
u006367,search,2024-10-25
u006368,search,2024-10-23
u006369,search,2024-10-08
u006370,search,2024-10-05
u006371,search,2024-10-16
u006372,search,2024-10-20
u006373,search,2024-10-22
u006374,search,2024-10-04
u006375,search,2024-10-23
u006376,search,2024-10-08
u006377,search,2024-10-16
u006378,search,2024-10-29
u006379,search,2024-10-18
u006380,search,2024-10-23
u006381,search,2024-10-27
u006382,search,2024-10-07
u006383,search,2024-10-30
u006384,search,2024-10-12
u006385,search,2024-10-15
u006386,search,2024-10-26
u006387,search,2024-10-17
u006388,search,2024-10-17
u006389,search,2024-10-29
u006390,search,2024-10-05
u006391,search,2024-10-08
u006392,search,2024-10-12
u006393,search,2024-10-08
u006394,search,2024-10-29
u006395,search,2024-10-04
u006396,search,2024-10-07
u006397,search,2024-10-04
u006398,search,2024-10-13
u006399,search,2024-10-05
u006400,search,2024-10-09
u006401,search,2024-10-11
u006402,search,2024-10-26
u006403,search,2024-10-22
u006404,search,2024-10-25
u006405,search,2024-10-29
u006406,search,2024-10-17
u006407,search,2024-10-11
u006408,search,2024-10-02
u006409,search,2024-10-26
u006410,search,2024-10-22
u006411,search,2024-10-16
u006412,search,2024-10-17
u006413,search,2024-10-29
u006414,search,2024-10-17
u006415,search,2024-10-18
u006416,search,2024-10-11
u006417,search,2024-10-29
u006418,search,2024-10-06
u006419,search,2024-10-24
u006420,display,2024-10-26
u006421,display,2024-10-12
u006422,display,2024-10-22
u006423,display,2024-10-20
u006424,display,2024-10-16
u006425,display,2024-10-15
u006426,display,2024-10-03
u006427,display,2024-10-17
u006428,display,2024-10-26
u006429,display,2024-10-15
u006430,display,2024-10-10
u006431,display,2024-10-07
u006432,display,2024-10-24
u006433,display,2024-10-18
u006434,display,2024-10-21
u006435,display,2024-10-06
u006436,display,2024-10-30
u006437,display,2024-10-19
u006438,display,2024-10-08
u006439,display,2024-10-25
u006440,display,2024-10-13
u006441,display,2024-10-31
u006442,display,2024-10-18
u006443,display,2024-10-13
u006444,display,2024-10-08
u006445,display,2024-10-16
u006446,display,2024-10-31
u006447,display,2024-10-06
u006448,display,2024-10-11
u006449,display,2024-10-21
u006450,display,2024-10-22
u006451,display,2024-10-28
u006452,display,2024-10-01
u006453,display,2024-10-17
u006454,display,2024-10-16
u006455,display,2024-10-13
u006456,display,2024-10-01
u006457,display,2024-10-14
u006458,display,2024-10-26
u006459,display,2024-10-17
u006460,display,2024-10-14
u006461,display,2024-10-28
u006462,display,2024-10-17
u006463,display,2024-10-05
u006464,display,2024-10-17
u006465,display,2024-10-22
u006466,display,2024-10-05
u006467,display,2024-10-28
u006468,display,2024-10-03
u006469,display,2024-10-15
u006470,display,2024-10-20
u006471,display,2024-10-18
u006472,display,2024-10-12
u006473,display,2024-10-06
u006474,display,2024-10-10
u006475,display,2024-10-12
u006476,display,2024-10-30
u006477,display,2024-10-25
u006478,display,2024-10-04
u006479,display,2024-10-24
u006480,retargeting,2024-10-01
u006481,retargeting,2024-10-14
u006482,retargeting,2024-10-28
u006483,retargeting,2024-10-13
u006484,retargeting,2024-10-29
u006485,retargeting,2024-10-02
u006486,retargeting,2024-10-31
u006487,retargeting,2024-10-17
u006488,retargeting,2024-10-11
u006489,retargeting,2024-10-05
u006490,retargeting,2024-10-23
u006491,retargeting,2024-10-23
u006492,retargeting,2024-10-02
u006493,retargeting,2024-10-18
u006494,retargeting,2024-10-25
u006495,retargeting,2024-10-05
u006496,retargeting,2024-10-18
u006497,retargeting,2024-10-12
u006498,retargeting,2024-10-29
u006499,retargeting,2024-10-18
u006500,retargeting,2024-10-15
u006501,retargeting,2024-10-02
u006502,retargeting,2024-10-17
u006503,retargeting,2024-10-17
u006504,retargeting,2024-10-12
u006505,retargeting,2024-10-30
u006506,retargeting,2024-10-31
u006507,retargeting,2024-10-14
u006508,retargeting,2024-10-07
u006509,retargeting,2024-10-31
u006510,brand,2024-10-19
u006511,brand,2024-10-20
u006512,brand,2024-10-24
u006513,brand,2024-10-22
u006514,brand,2024-10-18
u006515,brand,2024-10-22
u006516,brand,2024-10-19
u006517,brand,2024-10-29
u006518,brand,2024-10-01
u006519,brand,2024-10-05
u006520,brand,2024-10-28
u006521,brand,2024-10-25
u006522,brand,2024-10-10
u006523,brand,2024-10-20
u006524,brand,2024-10-08
u006525,brand,2024-10-24
u006526,brand,2024-10-15
u006527,brand,2024-10-09
u006528,brand,2024-10-25
u006529,brand,2024-10-06
u006530,brand,2024-10-23
u006531,brand,2024-10-20
u006532,brand,2024-10-22
u006533,brand,2024-10-09
u006534,brand,2024-10-21
u006535,brand,2024-10-27
u006536,brand,2024-10-12
u006537,brand,2024-10-31
u006538,brand,2024-10-05
u006539,brand,2024-10-27
u006540,brand,2024-10-30
u006541,brand,2024-10-23
u006542,brand,2024-10-17
u006543,brand,2024-10-29
u006544,brand,2024-10-17
u006545,brand,2024-10-28
u006546,brand,2024-10-31
u006547,brand,2024-10-24
u006548,brand,2024-10-13
u006549,brand,2024-10-18
u006550,brand,2024-10-31
u006551,brand,2024-10-29
u006552,brand,2024-10-11
u006553,brand,2024-10-09
u006554,brand,2024-10-21
u006555,brand,2024-10-16
u006556,brand,2024-10-29
u006557,brand,2024-10-08
u006558,brand,2024-10-04
u006559,brand,2024-10-13
u006560,brand,2024-10-16
u006561,brand,2024-10-24
u006562,brand,2024-10-29
u006563,brand,2024-10-14
u006564,brand,2024-10-15
u006565,brand,2024-10-03
u006566,brand,2024-10-27
u006567,brand,2024-10-05
u006568,brand,2024-10-21
u006569,brand,2024-10-06
u006570,brand,2024-10-25
u006571,brand,2024-10-11
u006572,brand,2024-10-13
u006573,brand,2024-10-07
u006574,brand,2024-10-18
u006575,brand,2024-10-17
u006576,brand,2024-10-10
u006577,brand,2024-10-09
u006578,brand,2024-10-21
u006579,brand,2024-10-13
u006580,brand,2024-10-17
u006581,brand,2024-10-18
u006582,brand,2024-10-19
u006583,brand,2024-10-29
u006584,brand,2024-10-04
u006585,brand,2024-10-17
u006586,brand,2024-10-18
u006587,brand,2024-10-18
u006588,brand,2024-10-05
u006589,brand,2024-10-17
u006590,brand,2024-10-02
u006591,brand,2024-10-24
u006592,brand,2024-10-28
u006593,brand,2024-10-05
u006594,brand,2024-10-14
u006595,brand,2024-10-29
u006596,brand,2024-10-11
u006597,brand,2024-10-04
u006598,brand,2024-10-25
u006599,brand,2024-10-15
u006600,organic,2024-10-30
u006601,organic,2024-10-14
u006602,organic,2024-10-23
u006603,organic,2024-10-18
u006604,organic,2024-10-09
u006605,organic,2024-10-26
u006606,organic,2024-10-13
u006607,organic,2024-10-12
u006608,organic,2024-10-19
u006609,organic,2024-10-02
u006610,organic,2024-10-20
u006611,organic,2024-10-23
u006612,organic,2024-10-23
u006613,organic,2024-10-12
u006614,organic,2024-10-24
u006615,organic,2024-10-14
u006616,organic,2024-10-10
u006617,organic,2024-10-02
u006618,organic,2024-10-19
u006619,organic,2024-10-02
u006620,organic,2024-10-31
u006621,organic,2024-10-07
u006622,organic,2024-10-07
u006623,organic,2024-10-11
u006624,organic,2024-10-10
u006625,organic,2024-10-23
u006626,organic,2024-10-19
u006627,organic,2024-10-03
u006628,organic,2024-10-15
u006629,organic,2024-10-12
u006630,organic,2024-10-17
u006631,organic,2024-10-19
u006632,organic,2024-10-31
u006633,organic,2024-10-27
u006634,organic,2024-10-15
u006635,organic,2024-10-12
u006636,organic,2024-10-20
u006637,organic,2024-10-07
u006638,organic,2024-10-08
u006639,organic,2024-10-31
u006640,organic,2024-10-15
u006641,organic,2024-10-23
u006642,organic,2024-10-22
u006643,organic,2024-10-12
u006644,organic,2024-10-06
u006645,organic,2024-10-18
u006646,organic,2024-10-29
u006647,organic,2024-10-26
u006648,organic,2024-10-26
u006649,organic,2024-10-11
u006650,organic,2024-10-23
u006651,organic,2024-10-09
u006652,organic,2024-10-08
u006653,organic,2024-10-01
u006654,organic,2024-10-10
u006655,organic,2024-10-09
u006656,organic,2024-10-02
u006657,organic,2024-10-27
u006658,organic,2024-10-09
u006659,organic,2024-10-28
u006660,organic,2024-10-19
u006661,organic,2024-10-10
u006662,organic,2024-10-19
u006663,organic,2024-10-31
u006664,organic,2024-10-24
u006665,organic,2024-10-31
u006666,organic,2024-10-22
u006667,organic,2024-10-10
u006668,organic,2024-10-01
u006669,organic,2024-10-01
u006670,organic,2024-10-02
u006671,organic,2024-10-23
u006672,organic,2024-10-27
u006673,organic,2024-10-03
u006674,organic,2024-10-09
u006675,organic,2024-10-02
u006676,organic,2024-10-29
u006677,organic,2024-10-20
u006678,organic,2024-10-19
u006679,organic,2024-10-28
u006680,organic,2024-10-28
u006681,organic,2024-10-02
u006682,organic,2024-10-17
u006683,organic,2024-10-23
u006684,organic,2024-10-20
u006685,organic,2024-10-24
u006686,organic,2024-10-06
u006687,organic,2024-10-08
u006688,organic,2024-10-31
u006689,organic,2024-10-06
u006690,organic,2024-10-12
u006691,organic,2024-10-31
u006692,organic,2024-10-21
u006693,organic,2024-10-06
u006694,organic,2024-10-25
u006695,organic,2024-10-10
u006696,organic,2024-10-26
u006697,organic,2024-10-08
u006698,organic,2024-10-26
u006699,organic,2024-10-09
u006700,organic,2024-10-02
u006701,organic,2024-10-15
u006702,organic,2024-10-05
u006703,organic,2024-10-09
u006704,organic,2024-10-25
u006705,organic,2024-10-07
u006706,organic,2024-10-13
u006707,organic,2024-10-28
u006708,organic,2024-10-11
u006709,organic,2024-10-13
u006710,organic,2024-10-09
u006711,organic,2024-10-13
u006712,organic,2024-10-20
u006713,organic,2024-10-10
u006714,organic,2024-10-20
u006715,organic,2024-10-01
u006716,organic,2024-10-13
u006717,organic,2024-10-13
u006718,organic,2024-10-06
u006719,organic,2024-10-19
u006720,search,2024-11-01
u006721,search,2024-11-13
u006722,search,2024-11-01
u006723,search,2024-11-20
u006724,search,2024-11-16
u006725,search,2024-11-30
u006726,search,2024-11-06
u006727,search,2024-11-29
u006728,search,2024-11-19
u006729,search,2024-11-25
u006730,search,2024-11-21
u006731,search,2024-11-09
u006732,search,2024-11-24
u006733,search,2024-11-24
u006734,search,2024-11-23
u006735,search,2024-11-12
u006736,search,2024-11-23
u006737,search,2024-11-06
u006738,search,2024-11-30
u006739,search,2024-11-22
u006740,search,2024-11-17
u006741,search,2024-11-26
u006742,search,2024-11-18
u006743,search,2024-11-23
u006744,search,2024-11-29
u006745,search,2024-11-12
u006746,search,2024-11-04
u006747,search,2024-11-22
u006748,search,2024-11-20
u006749,search,2024-11-05
u006750,search,2024-11-22
u006751,search,2024-11-20
u006752,search,2024-11-29
u006753,search,2024-11-05
u006754,search,2024-11-11
u006755,search,2024-11-02
u006756,search,2024-11-14
u006757,search,2024-11-01
u006758,search,2024-11-20
u006759,search,2024-11-30
u006760,search,2024-11-11
u006761,search,2024-11-01
u006762,search,2024-11-05
u006763,search,2024-11-13
u006764,search,2024-11-02
u006765,search,2024-11-23
u006766,search,2024-11-07
u006767,search,2024-11-17
u006768,search,2024-11-30
u006769,search,2024-11-03
u006770,search,2024-11-15
u006771,search,2024-11-04
u006772,search,2024-11-12
u006773,search,2024-11-05
u006774,search,2024-11-29
u006775,search,2024-11-07
u006776,search,2024-11-21
u006777,search,2024-11-26
u006778,search,2024-11-17
u006779,search,2024-11-17
u006780,search,2024-11-21
u006781,search,2024-11-10
u006782,search,2024-11-16
u006783,search,2024-11-12
u006784,search,2024-11-27
u006785,search,2024-11-19
u006786,search,2024-11-14
u006787,search,2024-11-26
u006788,search,2024-11-16
u006789,search,2024-11-14
u006790,search,2024-11-08
u006791,search,2024-11-22
u006792,search,2024-11-09
u006793,search,2024-11-26
u006794,search,2024-11-18
u006795,search,2024-11-11
u006796,search,2024-11-03
u006797,search,2024-11-15
u006798,search,2024-11-23
u006799,search,2024-11-22
u006800,search,2024-11-16
u006801,search,2024-11-25
u006802,search,2024-11-17
u006803,search,2024-11-11
u006804,search,2024-11-01
u006805,search,2024-11-24
u006806,search,2024-11-02
u006807,search,2024-11-24
u006808,search,2024-11-18
u006809,search,2024-11-06
u006810,search,2024-11-15
u006811,search,2024-11-20
u006812,search,2024-11-11
u006813,search,2024-11-30
u006814,search,2024-11-02
u006815,search,2024-11-10
u006816,search,2024-11-15
u006817,search,2024-11-15
u006818,search,2024-11-28
u006819,search,2024-11-09
u006820,search,2024-11-02
u006821,search,2024-11-22
u006822,search,2024-11-28
u006823,search,2024-11-02
u006824,search,2024-11-23
u006825,search,2024-11-28
u006826,search,2024-11-18
u006827,search,2024-11-17
u006828,search,2024-11-19
u006829,search,2024-11-12
u006830,search,2024-11-29
u006831,search,2024-11-08
u006832,search,2024-11-18
u006833,search,2024-11-19
u006834,search,2024-11-03
u006835,search,2024-11-11
u006836,search,2024-11-28
u006837,search,2024-11-27
u006838,search,2024-11-25
u006839,search,2024-11-22
u006840,display,2024-11-10
u006841,display,2024-11-09
u006842,display,2024-11-17
u006843,display,2024-11-15
u006844,display,2024-11-09
u006845,display,2024-11-14
u006846,display,2024-11-11
u006847,display,2024-11-04
u006848,display,2024-11-29
u006849,display,2024-11-09
u006850,display,2024-11-26
u006851,display,2024-11-14
u006852,display,2024-11-02
u006853,display,2024-11-26
u006854,display,2024-11-13
u006855,display,2024-11-28
u006856,display,2024-11-15
u006857,display,2024-11-13
u006858,display,2024-11-26
u006859,display,2024-11-03
u006860,display,2024-11-03
u006861,display,2024-11-27
u006862,display,2024-11-05
u006863,display,2024-11-19
u006864,display,2024-11-05
u006865,display,2024-11-27
u006866,display,2024-11-27
u006867,display,2024-11-03
u006868,display,2024-11-19
u006869,display,2024-11-25
u006870,display,2024-11-15
u006871,display,2024-11-01
u006872,display,2024-11-18
u006873,display,2024-11-27
u006874,display,2024-11-02
u006875,display,2024-11-29
u006876,display,2024-11-03
u006877,display,2024-11-20
u006878,display,2024-11-15
u006879,display,2024-11-16
u006880,display,2024-11-26
u006881,display,2024-11-19
u006882,display,2024-11-15
u006883,display,2024-11-23
u006884,display,2024-11-02
u006885,display,2024-11-25
u006886,display,2024-11-21
u006887,display,2024-11-09
u006888,display,2024-11-12
u006889,display,2024-11-08
u006890,display,2024-11-05
u006891,display,2024-11-12
u006892,display,2024-11-10
u006893,display,2024-11-14
u006894,display,2024-11-13
u006895,display,2024-11-09
u006896,display,2024-11-14
u006897,display,2024-11-12
u006898,display,2024-11-08
u006899,display,2024-11-30
u006900,retargeting,2024-11-20
u006901,retargeting,2024-11-24
u006902,retargeting,2024-11-18
u006903,retargeting,2024-11-11
u006904,retargeting,2024-11-30
u006905,retargeting,2024-11-28
u006906,retargeting,2024-11-13
u006907,retargeting,2024-11-01
u006908,retargeting,2024-11-06
u006909,retargeting,2024-11-25
u006910,retargeting,2024-11-22
u006911,retargeting,2024-11-23
u006912,retargeting,2024-11-29
u006913,retargeting,2024-11-16
u006914,retargeting,2024-11-09
u006915,retargeting,2024-11-27
u006916,retargeting,2024-11-21
u006917,retargeting,2024-11-02
u006918,retargeting,2024-11-04
u006919,retargeting,2024-11-15
u006920,retargeting,2024-11-01
u006921,retargeting,2024-11-01
u006922,retargeting,2024-11-05
u006923,retargeting,2024-11-08
u006924,retargeting,2024-11-01
u006925,retargeting,2024-11-24
u006926,retargeting,2024-11-05
u006927,retargeting,2024-11-12
u006928,retargeting,2024-11-19
u006929,retargeting,2024-11-12
u006930,brand,2024-11-22
u006931,brand,2024-11-01
u006932,brand,2024-11-23
u006933,brand,2024-11-19
u006934,brand,2024-11-27
u006935,brand,2024-11-28
u006936,brand,2024-11-19
u006937,brand,2024-11-06
u006938,brand,2024-11-10
u006939,brand,2024-11-13
u006940,brand,2024-11-18
u006941,brand,2024-11-24
u006942,brand,2024-11-11
u006943,brand,2024-11-02
u006944,brand,2024-11-15
u006945,brand,2024-11-11
u006946,brand,2024-11-08
u006947,brand,2024-11-17
u006948,brand,2024-11-11
u006949,brand,2024-11-28
u006950,brand,2024-11-24
u006951,brand,2024-11-29
u006952,brand,2024-11-17
u006953,brand,2024-11-28
u006954,brand,2024-11-19
u006955,brand,2024-11-07
u006956,brand,2024-11-22
u006957,brand,2024-11-28
u006958,brand,2024-11-10
u006959,brand,2024-11-06
u006960,brand,2024-11-08
u006961,brand,2024-11-29
u006962,brand,2024-11-05
u006963,brand,2024-11-08
u006964,brand,2024-11-05
u006965,brand,2024-11-18
u006966,brand,2024-11-07
u006967,brand,2024-11-07
u006968,brand,2024-11-08
u006969,brand,2024-11-05
u006970,brand,2024-11-23
u006971,brand,2024-11-12
u006972,brand,2024-11-09
u006973,brand,2024-11-14
u006974,brand,2024-11-28
u006975,brand,2024-11-04
u006976,brand,2024-11-12
u006977,brand,2024-11-23
u006978,brand,2024-11-17
u006979,brand,2024-11-19
u006980,brand,2024-11-09
u006981,brand,2024-11-10
u006982,brand,2024-11-16
u006983,brand,2024-11-07
u006984,brand,2024-11-02
u006985,brand,2024-11-26
u006986,brand,2024-11-04
u006987,brand,2024-11-15
u006988,brand,2024-11-12
u006989,brand,2024-11-21
u006990,brand,2024-11-20
u006991,brand,2024-11-25
u006992,brand,2024-11-28
u006993,brand,2024-11-01
u006994,brand,2024-11-24
u006995,brand,2024-11-30
u006996,brand,2024-11-23
u006997,brand,2024-11-30
u006998,brand,2024-11-18
u006999,brand,2024-11-04
u007000,brand,2024-11-13
u007001,brand,2024-11-09
u007002,brand,2024-11-28
u007003,brand,2024-11-30
u007004,brand,2024-11-02
u007005,brand,2024-11-10
u007006,brand,2024-11-01
u007007,brand,2024-11-27
u007008,brand,2024-11-26
u007009,brand,2024-11-03
u007010,brand,2024-11-27
u007011,brand,2024-11-03
u007012,brand,2024-11-08
u007013,brand,2024-11-07
u007014,brand,2024-11-15
u007015,brand,2024-11-21
u007016,brand,2024-11-09
u007017,brand,2024-11-29
u007018,brand,2024-11-13
u007019,brand,2024-11-09
u007020,organic,2024-11-28
u007021,organic,2024-11-25
u007022,organic,2024-11-05
u007023,organic,2024-11-20
u007024,organic,2024-11-27
u007025,organic,2024-11-28
u007026,organic,2024-11-09
u007027,organic,2024-11-26
u007028,organic,2024-11-23
u007029,organic,2024-11-24
u007030,organic,2024-11-20
u007031,organic,2024-11-21
u007032,organic,2024-11-28
u007033,organic,2024-11-26
u007034,organic,2024-11-23
u007035,organic,2024-11-26
u007036,organic,2024-11-09
u007037,organic,2024-11-15
u007038,organic,2024-11-15
u007039,organic,2024-11-14
u007040,organic,2024-11-10
u007041,organic,2024-11-20
u007042,organic,2024-11-09
u007043,organic,2024-11-09
u007044,organic,2024-11-07
u007045,organic,2024-11-28
u007046,organic,2024-11-12
u007047,organic,2024-11-20
u007048,organic,2024-11-27
u007049,organic,2024-11-04
u007050,organic,2024-11-01
u007051,organic,2024-11-27
u007052,organic,2024-11-24
u007053,organic,2024-11-10
u007054,organic,2024-11-19
u007055,organic,2024-11-25
u007056,organic,2024-11-07
u007057,organic,2024-11-06
u007058,organic,2024-11-19
u007059,organic,2024-11-27
u007060,organic,2024-11-24
u007061,organic,2024-11-02
u007062,organic,2024-11-20
u007063,organic,2024-11-07
u007064,organic,2024-11-22
u007065,organic,2024-11-11
u007066,organic,2024-11-12
u007067,organic,2024-11-28
u007068,organic,2024-11-15
u007069,organic,2024-11-21
u007070,organic,2024-11-26
u007071,organic,2024-11-06
u007072,organic,2024-11-26
u007073,organic,2024-11-30
u007074,organic,2024-11-25
u007075,organic,2024-11-09
u007076,organic,2024-11-01
u007077,organic,2024-11-18
u007078,organic,2024-11-17
u007079,organic,2024-11-02
u007080,organic,2024-11-05
u007081,organic,2024-11-26
u007082,organic,2024-11-03
u007083,organic,2024-11-26
u007084,organic,2024-11-08
u007085,organic,2024-11-15
u007086,organic,2024-11-22
u007087,organic,2024-11-14
u007088,organic,2024-11-24
u007089,organic,2024-11-25
u007090,organic,2024-11-23
u007091,organic,2024-11-05
u007092,organic,2024-11-27
u007093,organic,2024-11-24
u007094,organic,2024-11-26
u007095,organic,2024-11-27
u007096,organic,2024-11-19
u007097,organic,2024-11-19
u007098,organic,2024-11-25
u007099,organic,2024-11-08
u007100,organic,2024-11-09
u007101,organic,2024-11-09
u007102,organic,2024-11-19
u007103,organic,2024-11-15
u007104,organic,2024-11-21
u007105,organic,2024-11-25
u007106,organic,2024-11-05
u007107,organic,2024-11-06
u007108,organic,2024-11-18
u007109,organic,2024-11-01
u007110,organic,2024-11-24
u007111,organic,2024-11-30
u007112,organic,2024-11-23
u007113,organic,2024-11-13
u007114,organic,2024-11-22
u007115,organic,2024-11-22
u007116,organic,2024-11-28
u007117,organic,2024-11-18
u007118,organic,2024-11-07
u007119,organic,2024-11-23
u007120,organic,2024-11-19
u007121,organic,2024-11-03
u007122,organic,2024-11-24
u007123,organic,2024-11-24
u007124,organic,2024-11-28
u007125,organic,2024-11-27
u007126,organic,2024-11-06
u007127,organic,2024-11-02
u007128,organic,2024-11-28
u007129,organic,2024-11-15
u007130,organic,2024-11-30
u007131,organic,2024-11-26
u007132,organic,2024-11-15
u007133,organic,2024-11-19
u007134,organic,2024-11-07
u007135,organic,2024-11-07
u007136,organic,2024-11-11
u007137,organic,2024-11-06
u007138,organic,2024-11-01
u007139,organic,2024-11-09
u007140,search,2024-12-02
u007141,search,2024-12-10
u007142,search,2024-12-01
u007143,search,2024-12-09
u007144,search,2024-12-02
u007145,search,2024-12-19
u007146,search,2024-12-17
u007147,search,2024-12-18
u007148,search,2024-12-19
u007149,search,2024-12-17
u007150,search,2024-12-13
u007151,search,2024-12-16
u007152,search,2024-12-18
u007153,search,2024-12-24
u007154,search,2024-12-04
u007155,search,2024-12-02
u007156,search,2024-12-05
u007157,search,2024-12-06
u007158,search,2024-12-23
u007159,search,2024-12-31
u007160,search,2024-12-16
u007161,search,2024-12-28
u007162,search,2024-12-29
u007163,search,2024-12-20
u007164,search,2024-12-19
u007165,search,2024-12-02
u007166,search,2024-12-19
u007167,search,2024-12-19
u007168,search,2024-12-08
u007169,search,2024-12-18
u007170,search,2024-12-28
u007171,search,2024-12-03
u007172,search,2024-12-27
u007173,search,2024-12-20
u007174,search,2024-12-01
u007175,search,2024-12-03
u007176,search,2024-12-19
u007177,search,2024-12-06
u007178,search,2024-12-28
u007179,search,2024-12-02
u007180,search,2024-12-25
u007181,search,2024-12-06
u007182,search,2024-12-11
u007183,search,2024-12-23
u007184,search,2024-12-13
u007185,search,2024-12-28
u007186,search,2024-12-09
u007187,search,2024-12-23
u007188,search,2024-12-26
u007189,search,2024-12-24
u007190,search,2024-12-10
u007191,search,2024-12-11
u007192,search,2024-12-25
u007193,search,2024-12-26
u007194,search,2024-12-28
u007195,search,2024-12-06
u007196,search,2024-12-22
u007197,search,2024-12-09
u007198,search,2024-12-09
u007199,search,2024-12-10
u007200,search,2024-12-12
u007201,search,2024-12-02
u007202,search,2024-12-28
u007203,search,2024-12-23
u007204,search,2024-12-29
u007205,search,2024-12-09
u007206,search,2024-12-18
u007207,search,2024-12-25
u007208,search,2024-12-16
u007209,search,2024-12-27
u007210,search,2024-12-18
u007211,search,2024-12-25
u007212,search,2024-12-19
u007213,search,2024-12-21
u007214,search,2024-12-16
u007215,search,2024-12-17
u007216,search,2024-12-08
u007217,search,2024-12-04
u007218,search,2024-12-23
u007219,search,2024-12-06
u007220,search,2024-12-22
u007221,search,2024-12-17
u007222,search,2024-12-03
u007223,search,2024-12-18
u007224,search,2024-12-03
u007225,search,2024-12-30
u007226,search,2024-12-16
u007227,search,2024-12-08
u007228,search,2024-12-19
u007229,search,2024-12-13
u007230,search,2024-12-28
u007231,search,2024-12-11
u007232,search,2024-12-07
u007233,search,2024-12-15
u007234,search,2024-12-14
u007235,search,2024-12-19
u007236,search,2024-12-10
u007237,search,2024-12-07
u007238,search,2024-12-31
u007239,search,2024-12-04
u007240,search,2024-12-21
u007241,search,2024-12-07
u007242,search,2024-12-19
u007243,search,2024-12-07
u007244,search,2024-12-03
u007245,search,2024-12-18
u007246,search,2024-12-22
u007247,search,2024-12-27
u007248,search,2024-12-12
u007249,search,2024-12-05
u007250,search,2024-12-20
u007251,search,2024-12-09
u007252,search,2024-12-03
u007253,search,2024-12-17
u007254,search,2024-12-18
u007255,search,2024-12-04
u007256,search,2024-12-07
u007257,search,2024-12-12
u007258,search,2024-12-30
u007259,search,2024-12-07
u007260,display,2024-12-02
u007261,display,2024-12-06
u007262,display,2024-12-18
u007263,display,2024-12-25
u007264,display,2024-12-03
u007265,display,2024-12-14
u007266,display,2024-12-11
u007267,display,2024-12-08
u007268,display,2024-12-09
u007269,display,2024-12-08
u007270,display,2024-12-07
u007271,display,2024-12-28
u007272,display,2024-12-01
u007273,display,2024-12-18
u007274,display,2024-12-26
u007275,display,2024-12-24
u007276,display,2024-12-21
u007277,display,2024-12-17
u007278,display,2024-12-12
u007279,display,2024-12-03
u007280,display,2024-12-24
u007281,display,2024-12-11
u007282,display,2024-12-26
u007283,display,2024-12-17
u007284,display,2024-12-26
u007285,display,2024-12-16
u007286,display,2024-12-11
u007287,display,2024-12-25
u007288,display,2024-12-29
u007289,display,2024-12-24
u007290,display,2024-12-12
u007291,display,2024-12-21
u007292,display,2024-12-30
u007293,display,2024-12-29
u007294,display,2024-12-04
u007295,display,2024-12-31
u007296,display,2024-12-18
u007297,display,2024-12-02
u007298,display,2024-12-10
u007299,display,2024-12-30
u007300,display,2024-12-30
u007301,display,2024-12-12
u007302,display,2024-12-22
u007303,display,2024-12-24
u007304,display,2024-12-01
u007305,display,2024-12-21
u007306,display,2024-12-05
u007307,display,2024-12-12
u007308,display,2024-12-22
u007309,display,2024-12-26
u007310,display,2024-12-29
u007311,display,2024-12-03
u007312,display,2024-12-14
u007313,display,2024-12-08
u007314,display,2024-12-26
u007315,display,2024-12-25
u007316,display,2024-12-07
u007317,display,2024-12-17
u007318,display,2024-12-21
u007319,display,2024-12-04
u007320,retargeting,2024-12-06
u007321,retargeting,2024-12-13
u007322,retargeting,2024-12-24
u007323,retargeting,2024-12-03
u007324,retargeting,2024-12-26
u007325,retargeting,2024-12-08
u007326,retargeting,2024-12-21
u007327,retargeting,2024-12-01
u007328,retargeting,2024-12-03
u007329,retargeting,2024-12-22
u007330,retargeting,2024-12-01
u007331,retargeting,2024-12-02
u007332,retargeting,2024-12-26
u007333,retargeting,2024-12-07
u007334,retargeting,2024-12-06
u007335,retargeting,2024-12-25
u007336,retargeting,2024-12-11
u007337,retargeting,2024-12-15
u007338,retargeting,2024-12-08
u007339,retargeting,2024-12-18
u007340,retargeting,2024-12-09
u007341,retargeting,2024-12-22
u007342,retargeting,2024-12-27
u007343,retargeting,2024-12-31
u007344,retargeting,2024-12-05
u007345,retargeting,2024-12-08
u007346,retargeting,2024-12-31
u007347,retargeting,2024-12-14
u007348,retargeting,2024-12-23
u007349,retargeting,2024-12-20
u007350,brand,2024-12-28
u007351,brand,2024-12-28
u007352,brand,2024-12-17
u007353,brand,2024-12-25
u007354,brand,2024-12-18
u007355,brand,2024-12-05
u007356,brand,2024-12-07
u007357,brand,2024-12-19
u007358,brand,2024-12-19
u007359,brand,2024-12-15
u007360,brand,2024-12-16
u007361,brand,2024-12-31
u007362,brand,2024-12-18
u007363,brand,2024-12-03
u007364,brand,2024-12-20
u007365,brand,2024-12-08
u007366,brand,2024-12-31
u007367,brand,2024-12-19
u007368,brand,2024-12-14
u007369,brand,2024-12-16
u007370,brand,2024-12-17
u007371,brand,2024-12-24
u007372,brand,2024-12-16
u007373,brand,2024-12-05
u007374,brand,2024-12-16
u007375,brand,2024-12-08
u007376,brand,2024-12-27
u007377,brand,2024-12-07
u007378,brand,2024-12-07
u007379,brand,2024-12-30
u007380,brand,2024-12-30
u007381,brand,2024-12-27
u007382,brand,2024-12-07
u007383,brand,2024-12-21
u007384,brand,2024-12-29
u007385,brand,2024-12-27
u007386,brand,2024-12-13
u007387,brand,2024-12-06
u007388,brand,2024-12-02
u007389,brand,2024-12-13
u007390,brand,2024-12-22
u007391,brand,2024-12-25
u007392,brand,2024-12-28
u007393,brand,2024-12-06
u007394,brand,2024-12-22
u007395,brand,2024-12-04
u007396,brand,2024-12-04
u007397,brand,2024-12-15
u007398,brand,2024-12-11
u007399,brand,2024-12-09
u007400,brand,2024-12-03
u007401,brand,2024-12-26
u007402,brand,2024-12-31
u007403,brand,2024-12-23
u007404,brand,2024-12-06
u007405,brand,2024-12-15
u007406,brand,2024-12-27
u007407,brand,2024-12-05
u007408,brand,2024-12-03
u007409,brand,2024-12-21
u007410,brand,2024-12-02
u007411,brand,2024-12-22
u007412,brand,2024-12-26
u007413,brand,2024-12-19
u007414,brand,2024-12-14
u007415,brand,2024-12-27
u007416,brand,2024-12-17
u007417,brand,2024-12-15
u007418,brand,2024-12-21
u007419,brand,2024-12-11
u007420,brand,2024-12-06
u007421,brand,2024-12-12
u007422,brand,2024-12-14
u007423,brand,2024-12-19
u007424,brand,2024-12-05
u007425,brand,2024-12-02
u007426,brand,2024-12-08
u007427,brand,2024-12-26
u007428,brand,2024-12-23
u007429,brand,2024-12-02
u007430,brand,2024-12-19
u007431,brand,2024-12-02
u007432,brand,2024-12-05
u007433,brand,2024-12-29
u007434,brand,2024-12-15
u007435,brand,2024-12-15
u007436,brand,2024-12-04
u007437,brand,2024-12-15
u007438,brand,2024-12-16
u007439,brand,2024-12-21
u007440,organic,2024-12-20
u007441,organic,2024-12-08
u007442,organic,2024-12-08
u007443,organic,2024-12-08
u007444,organic,2024-12-05
u007445,organic,2024-12-14
u007446,organic,2024-12-05
u007447,organic,2024-12-19
u007448,organic,2024-12-03
u007449,organic,2024-12-12
u007450,organic,2024-12-04
u007451,organic,2024-12-03
u007452,organic,2024-12-25
u007453,organic,2024-12-19
u007454,organic,2024-12-20
u007455,organic,2024-12-29
u007456,organic,2024-12-12
u007457,organic,2024-12-19
u007458,organic,2024-12-12
u007459,organic,2024-12-26
u007460,organic,2024-12-27
u007461,organic,2024-12-12
u007462,organic,2024-12-20
u007463,organic,2024-12-21
u007464,organic,2024-12-06
u007465,organic,2024-12-16
u007466,organic,2024-12-28
u007467,organic,2024-12-19
u007468,organic,2024-12-22
u007469,organic,2024-12-12
u007470,organic,2024-12-08
u007471,organic,2024-12-14
u007472,organic,2024-12-26
u007473,organic,2024-12-05
u007474,organic,2024-12-13
u007475,organic,2024-12-03
u007476,organic,2024-12-30
u007477,organic,2024-12-23
u007478,organic,2024-12-24
u007479,organic,2024-12-22
u007480,organic,2024-12-09
u007481,organic,2024-12-14
u007482,organic,2024-12-25
u007483,organic,2024-12-31
u007484,organic,2024-12-08
u007485,organic,2024-12-01
u007486,organic,2024-12-27
u007487,organic,2024-12-29
u007488,organic,2024-12-11
u007489,organic,2024-12-02
u007490,organic,2024-12-20
u007491,organic,2024-12-27
u007492,organic,2024-12-08
u007493,organic,2024-12-29
u007494,organic,2024-12-20
u007495,organic,2024-12-29
u007496,organic,2024-12-07
u007497,organic,2024-12-13
u007498,organic,2024-12-03
u007499,organic,2024-12-13
u007500,organic,2024-12-07
u007501,organic,2024-12-31
u007502,organic,2024-12-27
u007503,organic,2024-12-29
u007504,organic,2024-12-05
u007505,organic,2024-12-17
u007506,organic,2024-12-24
u007507,organic,2024-12-27
u007508,organic,2024-12-28
u007509,organic,2024-12-10
u007510,organic,2024-12-10
u007511,organic,2024-12-11
u007512,organic,2024-12-27
u007513,organic,2024-12-26
u007514,organic,2024-12-09
u007515,organic,2024-12-21
u007516,organic,2024-12-12
u007517,organic,2024-12-14
u007518,organic,2024-12-27
u007519,organic,2024-12-23
u007520,organic,2024-12-21
u007521,organic,2024-12-03
u007522,organic,2024-12-17
u007523,organic,2024-12-07
u007524,organic,2024-12-03
u007525,organic,2024-12-24
u007526,organic,2024-12-30
u007527,organic,2024-12-04
u007528,organic,2024-12-01
u007529,organic,2024-12-06
u007530,organic,2024-12-16
u007531,organic,2024-12-13
u007532,organic,2024-12-24
u007533,organic,2024-12-15
u007534,organic,2024-12-15
u007535,organic,2024-12-13
u007536,organic,2024-12-02
u007537,organic,2024-12-06
u007538,organic,2024-12-24
u007539,organic,2024-12-12
u007540,organic,2024-12-29
u007541,organic,2024-12-24
u007542,organic,2024-12-29
u007543,organic,2024-12-04
u007544,organic,2024-12-23
u007545,organic,2024-12-10
u007546,organic,2024-12-14
u007547,organic,2024-12-14
u007548,organic,2024-12-10
u007549,organic,2024-12-16
u007550,organic,2024-12-09
u007551,organic,2024-12-06
u007552,organic,2024-12-25
u007553,organic,2024-12-22
u007554,organic,2024-12-01
u007555,organic,2024-12-12
u007556,organic,2024-12-19
u007557,organic,2024-12-29
u007558,organic,2024-12-03
u007559,organic,2024-12-31
u007560,search,2025-01-09
u007561,search,2025-01-07
u007562,search,2025-01-22
u007563,search,2025-01-21
u007564,search,2025-01-30
u007565,search,2025-01-31
u007566,search,2025-01-26
u007567,search,2025-01-20
u007568,search,2025-01-14
u007569,search,2025-01-09
u007570,search,2025-01-10
u007571,search,2025-01-09
u007572,search,2025-01-26
u007573,search,2025-01-16
u007574,search,2025-01-22
u007575,search,2025-01-04
u007576,search,2025-01-21
u007577,search,2025-01-14
u007578,search,2025-01-29
u007579,search,2025-01-25
u007580,search,2025-01-07
u007581,search,2025-01-21
u007582,search,2025-01-20
u007583,search,2025-01-21
u007584,search,2025-01-18
u007585,search,2025-01-05
u007586,search,2025-01-29
u007587,search,2025-01-16
u007588,search,2025-01-06
u007589,search,2025-01-22
u007590,search,2025-01-15
u007591,search,2025-01-19
u007592,search,2025-01-01
u007593,search,2025-01-12
u007594,search,2025-01-02
u007595,search,2025-01-11
u007596,search,2025-01-06
u007597,search,2025-01-27
u007598,search,2025-01-31
u007599,search,2025-01-28
u007600,search,2025-01-13
u007601,search,2025-01-07
u007602,search,2025-01-08
u007603,search,2025-01-12
u007604,search,2025-01-17
u007605,search,2025-01-18
u007606,search,2025-01-25
u007607,search,2025-01-21
u007608,search,2025-01-05
u007609,search,2025-01-23
u007610,search,2025-01-20
u007611,search,2025-01-17
u007612,search,2025-01-15
u007613,search,2025-01-06
u007614,search,2025-01-23
u007615,search,2025-01-01
u007616,search,2025-01-13
u007617,search,2025-01-09
u007618,search,2025-01-10
u007619,search,2025-01-21
u007620,search,2025-01-23
u007621,search,2025-01-15
u007622,search,2025-01-30
u007623,search,2025-01-09
u007624,search,2025-01-11
u007625,search,2025-01-15
u007626,search,2025-01-23
u007627,search,2025-01-18
u007628,search,2025-01-23
u007629,search,2025-01-01
u007630,search,2025-01-07
u007631,search,2025-01-17
u007632,search,2025-01-31
u007633,search,2025-01-28
u007634,search,2025-01-10
u007635,search,2025-01-07
u007636,search,2025-01-04
u007637,search,2025-01-01
u007638,search,2025-01-31
u007639,search,2025-01-16
u007640,search,2025-01-19
u007641,search,2025-01-27
u007642,search,2025-01-21
u007643,search,2025-01-07
u007644,search,2025-01-19
u007645,search,2025-01-13
u007646,search,2025-01-31
u007647,search,2025-01-08
u007648,search,2025-01-23
u007649,search,2025-01-29
u007650,search,2025-01-23
u007651,search,2025-01-01
u007652,search,2025-01-17
u007653,search,2025-01-03
u007654,search,2025-01-01
u007655,search,2025-01-07
u007656,search,2025-01-02
u007657,search,2025-01-01
u007658,search,2025-01-27
u007659,search,2025-01-30
u007660,search,2025-01-08
u007661,search,2025-01-18
u007662,search,2025-01-07
u007663,search,2025-01-09
u007664,search,2025-01-04
u007665,search,2025-01-26
u007666,search,2025-01-13
u007667,search,2025-01-03
u007668,search,2025-01-30
u007669,search,2025-01-07
u007670,search,2025-01-04
u007671,search,2025-01-09
u007672,search,2025-01-20
u007673,search,2025-01-31
u007674,search,2025-01-07
u007675,search,2025-01-08
u007676,search,2025-01-07
u007677,search,2025-01-22
u007678,search,2025-01-20
u007679,search,2025-01-29
u007680,search,2025-01-28
u007681,search,2025-01-22
u007682,search,2025-01-20
u007683,search,2025-01-28
u007684,search,2025-01-29
u007685,search,2025-01-18
u007686,search,2025-01-31
u007687,search,2025-01-22
u007688,search,2025-01-29
u007689,search,2025-01-29
u007690,search,2025-01-09
u007691,search,2025-01-28
u007692,search,2025-01-03
u007693,search,2025-01-06
u007694,search,2025-01-22
u007695,search,2025-01-30
u007696,search,2025-01-20
u007697,search,2025-01-04
u007698,search,2025-01-03
u007699,search,2025-01-19
u007700,search,2025-01-20
u007701,search,2025-01-13
u007702,search,2025-01-06
u007703,search,2025-01-24
u007704,search,2025-01-20
u007705,search,2025-01-27
u007706,search,2025-01-10
u007707,search,2025-01-27
u007708,search,2025-01-28
u007709,search,2025-01-28
u007710,search,2025-01-07
u007711,search,2025-01-19
u007712,search,2025-01-14
u007713,search,2025-01-25
u007714,search,2025-01-02
u007715,search,2025-01-18
u007716,search,2025-01-23
u007717,search,2025-01-22
u007718,search,2025-01-29
u007719,search,2025-01-12
u007720,search,2025-01-29
u007721,search,2025-01-16
u007722,search,2025-01-07
u007723,search,2025-01-16
u007724,search,2025-01-20
u007725,search,2025-01-09
u007726,search,2025-01-24
u007727,search,2025-01-08
u007728,search,2025-01-13
u007729,search,2025-01-21
u007730,search,2025-01-14
u007731,search,2025-01-05
u007732,search,2025-01-10
u007733,search,2025-01-13
u007734,search,2025-01-19
u007735,search,2025-01-01
u007736,search,2025-01-01
u007737,search,2025-01-12
u007738,search,2025-01-25
u007739,search,2025-01-02
u007740,search,2025-01-30
u007741,search,2025-01-18
u007742,search,2025-01-27
u007743,search,2025-01-14
u007744,search,2025-01-27
u007745,search,2025-01-23
u007746,search,2025-01-30
u007747,search,2025-01-03
u007748,search,2025-01-09
u007749,search,2025-01-14
u007750,search,2025-01-15
u007751,search,2025-01-31
u007752,search,2025-01-11
u007753,search,2025-01-15
u007754,search,2025-01-17
u007755,search,2025-01-31
u007756,search,2025-01-28
u007757,search,2025-01-19
u007758,search,2025-01-15
u007759,search,2025-01-28
u007760,search,2025-01-16
u007761,search,2025-01-03
u007762,search,2025-01-29
u007763,search,2025-01-08
u007764,search,2025-01-16
u007765,search,2025-01-12
u007766,search,2025-01-01
u007767,search,2025-01-02
u007768,search,2025-01-26
u007769,search,2025-01-01
u007770,search,2025-01-14
u007771,search,2025-01-06
u007772,search,2025-01-23
u007773,search,2025-01-06
u007774,search,2025-01-24
u007775,search,2025-01-21
u007776,search,2025-01-11
u007777,search,2025-01-20
u007778,search,2025-01-29
u007779,search,2025-01-07
u007780,search,2025-01-22
u007781,search,2025-01-27
u007782,search,2025-01-06
u007783,search,2025-01-12
u007784,search,2025-01-03
u007785,search,2025-01-02
u007786,search,2025-01-06
u007787,search,2025-01-30
u007788,search,2025-01-19
u007789,search,2025-01-14
u007790,search,2025-01-05
u007791,search,2025-01-21
u007792,search,2025-01-14
u007793,search,2025-01-09
u007794,search,2025-01-07
u007795,search,2025-01-18
u007796,search,2025-01-01
u007797,search,2025-01-23
u007798,search,2025-01-13
u007799,search,2025-01-05
u007800,search,2025-01-08
u007801,search,2025-01-02
u007802,search,2025-01-14
u007803,search,2025-01-14
u007804,search,2025-01-17
u007805,search,2025-01-31
u007806,search,2025-01-13
u007807,search,2025-01-29
u007808,search,2025-01-11
u007809,search,2025-01-02
u007810,search,2025-01-12
u007811,search,2025-01-05
u007812,search,2025-01-04
u007813,search,2025-01-19
u007814,search,2025-01-19
u007815,search,2025-01-20
u007816,search,2025-01-07
u007817,search,2025-01-01
u007818,search,2025-01-13
u007819,search,2025-01-12
u007820,search,2025-01-22
u007821,search,2025-01-15
u007822,search,2025-01-20
u007823,search,2025-01-15
u007824,search,2025-01-31
u007825,search,2025-01-08
u007826,search,2025-01-23
u007827,search,2025-01-16
u007828,search,2025-01-06
u007829,search,2025-01-06
u007830,search,2025-01-01
u007831,search,2025-01-28
u007832,search,2025-01-02
u007833,search,2025-01-03
u007834,search,2025-01-01
u007835,search,2025-01-30
u007836,search,2025-01-24
u007837,search,2025-01-27
u007838,search,2025-01-17
u007839,search,2025-01-07
u007840,search,2025-01-15
u007841,search,2025-01-08
u007842,search,2025-01-19
u007843,search,2025-01-26
u007844,search,2025-01-06
u007845,search,2025-01-18
u007846,search,2025-01-08
u007847,search,2025-01-22
u007848,search,2025-01-30
u007849,search,2025-01-23
u007850,search,2025-01-05
u007851,search,2025-01-15
u007852,search,2025-01-03
u007853,search,2025-01-24
u007854,search,2025-01-27
u007855,search,2025-01-12
u007856,search,2025-01-30
u007857,search,2025-01-14
u007858,search,2025-01-01
u007859,search,2025-01-24
u007860,search,2025-01-24
u007861,search,2025-01-01
u007862,search,2025-01-13
u007863,search,2025-01-17
u007864,search,2025-01-07
u007865,search,2025-01-02
u007866,search,2025-01-02
u007867,search,2025-01-28
u007868,search,2025-01-11
u007869,search,2025-01-03
u007870,search,2025-01-24
u007871,search,2025-01-19
u007872,search,2025-01-26
u007873,search,2025-01-30
u007874,search,2025-01-21
u007875,search,2025-01-29
u007876,search,2025-01-07
u007877,search,2025-01-11
u007878,search,2025-01-12
u007879,search,2025-01-17
u007880,search,2025-01-05
u007881,search,2025-01-23
u007882,search,2025-01-02
u007883,search,2025-01-05
u007884,search,2025-01-06
u007885,search,2025-01-10
u007886,search,2025-01-15
u007887,search,2025-01-28
u007888,search,2025-01-13
u007889,search,2025-01-23
u007890,search,2025-01-10
u007891,search,2025-01-09
u007892,search,2025-01-12
u007893,search,2025-01-12
u007894,search,2025-01-13
u007895,search,2025-01-20
u007896,search,2025-01-29
u007897,search,2025-01-26
u007898,search,2025-01-15
u007899,search,2025-01-18
u007900,search,2025-01-12
u007901,search,2025-01-21
u007902,search,2025-01-01
u007903,search,2025-01-04
u007904,search,2025-01-30
u007905,search,2025-01-21
u007906,search,2025-01-05
u007907,search,2025-01-12
u007908,search,2025-01-05
u007909,search,2025-01-08
u007910,search,2025-01-28
u007911,search,2025-01-14
u007912,search,2025-01-14
u007913,search,2025-01-16
u007914,search,2025-01-10
u007915,search,2025-01-20
u007916,search,2025-01-09
u007917,search,2025-01-21
u007918,search,2025-01-09
u007919,search,2025-01-23
u007920,display,2025-01-22
u007921,display,2025-01-02
u007922,display,2025-01-23
u007923,display,2025-01-12
u007924,display,2025-01-02
u007925,display,2025-01-26
u007926,display,2025-01-02
u007927,display,2025-01-28
u007928,display,2025-01-08
u007929,display,2025-01-16
u007930,display,2025-01-02
u007931,display,2025-01-29
u007932,display,2025-01-08
u007933,display,2025-01-08
u007934,display,2025-01-25
u007935,display,2025-01-30
u007936,display,2025-01-25
u007937,display,2025-01-03
u007938,display,2025-01-02
u007939,display,2025-01-14
u007940,display,2025-01-19
u007941,display,2025-01-16
u007942,display,2025-01-05
u007943,display,2025-01-30
u007944,display,2025-01-21
u007945,display,2025-01-12
u007946,display,2025-01-14
u007947,display,2025-01-15
u007948,display,2025-01-12
u007949,display,2025-01-18
u007950,display,2025-01-27
u007951,display,2025-01-26
u007952,display,2025-01-12
u007953,display,2025-01-08
u007954,display,2025-01-13
u007955,display,2025-01-21
u007956,display,2025-01-06
u007957,display,2025-01-04
u007958,display,2025-01-21
u007959,display,2025-01-12
u007960,display,2025-01-25
u007961,display,2025-01-11
u007962,display,2025-01-06
u007963,display,2025-01-04
u007964,display,2025-01-20
u007965,display,2025-01-20
u007966,display,2025-01-04
u007967,display,2025-01-29
u007968,display,2025-01-26
u007969,display,2025-01-02
u007970,display,2025-01-08
u007971,display,2025-01-10
u007972,display,2025-01-27
u007973,display,2025-01-18
u007974,display,2025-01-19
u007975,display,2025-01-31
u007976,display,2025-01-26
u007977,display,2025-01-14
u007978,display,2025-01-16
u007979,display,2025-01-10
u007980,display,2025-01-09
u007981,display,2025-01-27
u007982,display,2025-01-29
u007983,display,2025-01-17
u007984,display,2025-01-22
u007985,display,2025-01-06
u007986,display,2025-01-19
u007987,display,2025-01-30
u007988,display,2025-01-09
u007989,display,2025-01-22
u007990,display,2025-01-17
u007991,display,2025-01-28
u007992,display,2025-01-02
u007993,display,2025-01-26
u007994,display,2025-01-27
u007995,display,2025-01-21
u007996,display,2025-01-20
u007997,display,2025-01-23
u007998,display,2025-01-12
u007999,display,2025-01-24
u008000,display,2025-01-03
u008001,display,2025-01-09
u008002,display,2025-01-26
u008003,display,2025-01-19
u008004,display,2025-01-22
u008005,display,2025-01-26
u008006,display,2025-01-21
u008007,display,2025-01-21
u008008,display,2025-01-21
u008009,display,2025-01-22
u008010,display,2025-01-07
u008011,display,2025-01-21
u008012,display,2025-01-11
u008013,display,2025-01-03
u008014,display,2025-01-19
u008015,display,2025-01-19
u008016,display,2025-01-16
u008017,display,2025-01-30
u008018,display,2025-01-27
u008019,display,2025-01-05
u008020,display,2025-01-11
u008021,display,2025-01-09
u008022,display,2025-01-29
u008023,display,2025-01-22
u008024,display,2025-01-08
u008025,display,2025-01-03
u008026,display,2025-01-30
u008027,display,2025-01-24
u008028,display,2025-01-31
u008029,display,2025-01-26
u008030,display,2025-01-06
u008031,display,2025-01-14
u008032,display,2025-01-16
u008033,display,2025-01-08
u008034,display,2025-01-14
u008035,display,2025-01-04
u008036,display,2025-01-12
u008037,display,2025-01-12
u008038,display,2025-01-08
u008039,display,2025-01-31
u008040,display,2025-01-26
u008041,display,2025-01-11
u008042,display,2025-01-24
u008043,display,2025-01-22
u008044,display,2025-01-16
u008045,display,2025-01-03
u008046,display,2025-01-14
u008047,display,2025-01-11
u008048,display,2025-01-07
u008049,display,2025-01-26
u008050,display,2025-01-26
u008051,display,2025-01-19
u008052,display,2025-01-06
u008053,display,2025-01-20
u008054,display,2025-01-02
u008055,display,2025-01-25
u008056,display,2025-01-07
u008057,display,2025-01-18
u008058,display,2025-01-11
u008059,display,2025-01-23
u008060,display,2025-01-07
u008061,display,2025-01-12
u008062,display,2025-01-10
u008063,display,2025-01-08
u008064,display,2025-01-18
u008065,display,2025-01-29
u008066,display,2025-01-05
u008067,display,2025-01-10
u008068,display,2025-01-21
u008069,display,2025-01-23
u008070,display,2025-01-03
u008071,display,2025-01-12
u008072,display,2025-01-14
u008073,display,2025-01-16
u008074,display,2025-01-31
u008075,display,2025-01-20
u008076,display,2025-01-27
u008077,display,2025-01-27
u008078,display,2025-01-02
u008079,display,2025-01-30
u008080,display,2025-01-22
u008081,display,2025-01-30
u008082,display,2025-01-17
u008083,display,2025-01-01
u008084,display,2025-01-11
u008085,display,2025-01-30
u008086,display,2025-01-23
u008087,display,2025-01-18
u008088,display,2025-01-28
u008089,display,2025-01-13
u008090,display,2025-01-27
u008091,display,2025-01-07
u008092,display,2025-01-09
u008093,display,2025-01-05
u008094,display,2025-01-05
u008095,display,2025-01-20
u008096,display,2025-01-09
u008097,display,2025-01-06
u008098,display,2025-01-22
u008099,display,2025-01-29
u008100,retargeting,2025-01-04
u008101,retargeting,2025-01-04
u008102,retargeting,2025-01-26
u008103,retargeting,2025-01-26
u008104,retargeting,2025-01-13
u008105,retargeting,2025-01-28
u008106,retargeting,2025-01-29
u008107,retargeting,2025-01-29
u008108,retargeting,2025-01-29
u008109,retargeting,2025-01-11
u008110,retargeting,2025-01-26
u008111,retargeting,2025-01-24
u008112,retargeting,2025-01-09
u008113,retargeting,2025-01-03
u008114,retargeting,2025-01-18
u008115,retargeting,2025-01-06
u008116,retargeting,2025-01-21
u008117,retargeting,2025-01-01
u008118,retargeting,2025-01-01
u008119,retargeting,2025-01-16
u008120,retargeting,2025-01-20
u008121,retargeting,2025-01-04
u008122,retargeting,2025-01-27
u008123,retargeting,2025-01-16
u008124,retargeting,2025-01-14
u008125,retargeting,2025-01-04
u008126,retargeting,2025-01-30
u008127,retargeting,2025-01-06
u008128,retargeting,2025-01-22
u008129,retargeting,2025-01-02
u008130,retargeting,2025-01-20
u008131,retargeting,2025-01-03
u008132,retargeting,2025-01-30
u008133,retargeting,2025-01-28
u008134,retargeting,2025-01-24
u008135,retargeting,2025-01-20
u008136,retargeting,2025-01-18
u008137,retargeting,2025-01-06
u008138,retargeting,2025-01-04
u008139,retargeting,2025-01-18
u008140,retargeting,2025-01-30
u008141,retargeting,2025-01-23
u008142,retargeting,2025-01-14
u008143,retargeting,2025-01-07
u008144,retargeting,2025-01-25
u008145,retargeting,2025-01-14
u008146,retargeting,2025-01-04
u008147,retargeting,2025-01-21
u008148,retargeting,2025-01-11
u008149,retargeting,2025-01-19
u008150,retargeting,2025-01-17
u008151,retargeting,2025-01-18
u008152,retargeting,2025-01-22
u008153,retargeting,2025-01-30
u008154,retargeting,2025-01-15
u008155,retargeting,2025-01-27
u008156,retargeting,2025-01-16
u008157,retargeting,2025-01-29
u008158,retargeting,2025-01-25
u008159,retargeting,2025-01-23
u008160,retargeting,2025-01-18
u008161,retargeting,2025-01-20
u008162,retargeting,2025-01-27
u008163,retargeting,2025-01-08
u008164,retargeting,2025-01-03
u008165,retargeting,2025-01-28
u008166,retargeting,2025-01-19
u008167,retargeting,2025-01-14
u008168,retargeting,2025-01-30
u008169,retargeting,2025-01-08
u008170,retargeting,2025-01-10
u008171,retargeting,2025-01-16
u008172,retargeting,2025-01-14
u008173,retargeting,2025-01-19
u008174,retargeting,2025-01-05
u008175,retargeting,2025-01-15
u008176,retargeting,2025-01-24
u008177,retargeting,2025-01-08
u008178,retargeting,2025-01-25
u008179,retargeting,2025-01-04
u008180,retargeting,2025-01-08
u008181,retargeting,2025-01-31
u008182,retargeting,2025-01-07
u008183,retargeting,2025-01-03
u008184,retargeting,2025-01-12
u008185,retargeting,2025-01-16
u008186,retargeting,2025-01-14
u008187,retargeting,2025-01-08
u008188,retargeting,2025-01-10
u008189,retargeting,2025-01-11
u008190,brand,2025-01-10
u008191,brand,2025-01-01
u008192,brand,2025-01-18
u008193,brand,2025-01-20
u008194,brand,2025-01-14
u008195,brand,2025-01-31
u008196,brand,2025-01-18
u008197,brand,2025-01-19
u008198,brand,2025-01-13
u008199,brand,2025-01-10
u008200,brand,2025-01-21
u008201,brand,2025-01-11
u008202,brand,2025-01-28
u008203,brand,2025-01-07
u008204,brand,2025-01-28
u008205,brand,2025-01-14
u008206,brand,2025-01-27
u008207,brand,2025-01-17
u008208,brand,2025-01-10
u008209,brand,2025-01-19
u008210,brand,2025-01-31
u008211,brand,2025-01-27
u008212,brand,2025-01-25
u008213,brand,2025-01-16
u008214,brand,2025-01-26
u008215,brand,2025-01-31
u008216,brand,2025-01-16
u008217,brand,2025-01-12
u008218,brand,2025-01-19
u008219,brand,2025-01-04
u008220,brand,2025-01-26
u008221,brand,2025-01-28
u008222,brand,2025-01-05
u008223,brand,2025-01-29
u008224,brand,2025-01-14
u008225,brand,2025-01-05
u008226,brand,2025-01-22
u008227,brand,2025-01-28
u008228,brand,2025-01-13
u008229,brand,2025-01-29
u008230,brand,2025-01-27
u008231,brand,2025-01-19
u008232,brand,2025-01-21
u008233,brand,2025-01-31
u008234,brand,2025-01-26
u008235,brand,2025-01-07
u008236,brand,2025-01-26
u008237,brand,2025-01-22
u008238,brand,2025-01-19
u008239,brand,2025-01-25
u008240,brand,2025-01-25
u008241,brand,2025-01-11
u008242,brand,2025-01-28
u008243,brand,2025-01-24
u008244,brand,2025-01-31
u008245,brand,2025-01-04
u008246,brand,2025-01-24
u008247,brand,2025-01-17
u008248,brand,2025-01-18
u008249,brand,2025-01-01
u008250,brand,2025-01-22
u008251,brand,2025-01-26
u008252,brand,2025-01-18
u008253,brand,2025-01-14
u008254,brand,2025-01-07
u008255,brand,2025-01-12
u008256,brand,2025-01-03
u008257,brand,2025-01-16
u008258,brand,2025-01-31
u008259,brand,2025-01-01
u008260,brand,2025-01-31
u008261,brand,2025-01-10
u008262,brand,2025-01-10
u008263,brand,2025-01-13
u008264,brand,2025-01-22
u008265,brand,2025-01-26
u008266,brand,2025-01-14
u008267,brand,2025-01-16
u008268,brand,2025-01-04
u008269,brand,2025-01-10
u008270,brand,2025-01-28
u008271,brand,2025-01-27
u008272,brand,2025-01-11
u008273,brand,2025-01-20
u008274,brand,2025-01-25
u008275,brand,2025-01-16
u008276,brand,2025-01-30
u008277,brand,2025-01-14
u008278,brand,2025-01-23
u008279,brand,2025-01-08
u008280,brand,2025-01-09
u008281,brand,2025-01-29
u008282,brand,2025-01-08
u008283,brand,2025-01-26
u008284,brand,2025-01-23
u008285,brand,2025-01-24
u008286,brand,2025-01-11
u008287,brand,2025-01-05
u008288,brand,2025-01-25
u008289,brand,2025-01-25
u008290,brand,2025-01-29
u008291,brand,2025-01-16
u008292,brand,2025-01-23
u008293,brand,2025-01-04
u008294,brand,2025-01-27
u008295,brand,2025-01-07
u008296,brand,2025-01-31
u008297,brand,2025-01-06
u008298,brand,2025-01-27
u008299,brand,2025-01-30
u008300,brand,2025-01-19
u008301,brand,2025-01-17
u008302,brand,2025-01-05
u008303,brand,2025-01-19
u008304,brand,2025-01-11
u008305,brand,2025-01-19
u008306,brand,2025-01-10
u008307,brand,2025-01-28
u008308,brand,2025-01-10
u008309,brand,2025-01-20
u008310,brand,2025-01-23
u008311,brand,2025-01-22
u008312,brand,2025-01-07
u008313,brand,2025-01-27
u008314,brand,2025-01-31
u008315,brand,2025-01-17
u008316,brand,2025-01-22
u008317,brand,2025-01-22
u008318,brand,2025-01-06
u008319,brand,2025-01-20
u008320,brand,2025-01-14
u008321,brand,2025-01-30
u008322,brand,2025-01-10
u008323,brand,2025-01-21
u008324,brand,2025-01-04
u008325,brand,2025-01-04
u008326,brand,2025-01-15
u008327,brand,2025-01-27
u008328,brand,2025-01-16
u008329,brand,2025-01-08
u008330,brand,2025-01-25
u008331,brand,2025-01-20
u008332,brand,2025-01-08
u008333,brand,2025-01-29
u008334,brand,2025-01-21
u008335,brand,2025-01-22
u008336,brand,2025-01-19
u008337,brand,2025-01-08
u008338,brand,2025-01-14
u008339,brand,2025-01-24
u008340,brand,2025-01-30
u008341,brand,2025-01-16
u008342,brand,2025-01-30
u008343,brand,2025-01-06
u008344,brand,2025-01-19
u008345,brand,2025-01-16
u008346,brand,2025-01-03
u008347,brand,2025-01-17
u008348,brand,2025-01-29
u008349,brand,2025-01-30
u008350,brand,2025-01-13
u008351,brand,2025-01-14
u008352,brand,2025-01-26
u008353,brand,2025-01-16
u008354,brand,2025-01-23
u008355,brand,2025-01-18
u008356,brand,2025-01-04
u008357,brand,2025-01-17
u008358,brand,2025-01-26
u008359,brand,2025-01-11
u008360,brand,2025-01-10
u008361,brand,2025-01-10
u008362,brand,2025-01-27
u008363,brand,2025-01-31
u008364,brand,2025-01-24
u008365,brand,2025-01-24
u008366,brand,2025-01-16
u008367,brand,2025-01-21
u008368,brand,2025-01-02
u008369,brand,2025-01-14
u008370,brand,2025-01-29
u008371,brand,2025-01-05
u008372,brand,2025-01-29
u008373,brand,2025-01-26
u008374,brand,2025-01-31
u008375,brand,2025-01-03
u008376,brand,2025-01-29
u008377,brand,2025-01-20
u008378,brand,2025-01-15
u008379,brand,2025-01-25
u008380,brand,2025-01-27
u008381,brand,2025-01-06
u008382,brand,2025-01-18
u008383,brand,2025-01-07
u008384,brand,2025-01-23
u008385,brand,2025-01-18
u008386,brand,2025-01-04
u008387,brand,2025-01-29
u008388,brand,2025-01-22
u008389,brand,2025-01-13
u008390,brand,2025-01-05
u008391,brand,2025-01-11
u008392,brand,2025-01-09
u008393,brand,2025-01-21
u008394,brand,2025-01-09
u008395,brand,2025-01-16
u008396,brand,2025-01-09
u008397,brand,2025-01-02
u008398,brand,2025-01-03
u008399,brand,2025-01-10
u008400,brand,2025-01-15
u008401,brand,2025-01-12
u008402,brand,2025-01-25
u008403,brand,2025-01-22
u008404,brand,2025-01-24
u008405,brand,2025-01-09
u008406,brand,2025-01-08
u008407,brand,2025-01-15
u008408,brand,2025-01-12
u008409,brand,2025-01-08
u008410,brand,2025-01-20
u008411,brand,2025-01-29
u008412,brand,2025-01-19
u008413,brand,2025-01-16
u008414,brand,2025-01-03
u008415,brand,2025-01-31
u008416,brand,2025-01-05
u008417,brand,2025-01-10
u008418,brand,2025-01-18
u008419,brand,2025-01-28
u008420,brand,2025-01-02
u008421,brand,2025-01-27
u008422,brand,2025-01-30
u008423,brand,2025-01-12
u008424,brand,2025-01-07
u008425,brand,2025-01-30
u008426,brand,2025-01-12
u008427,brand,2025-01-03
u008428,brand,2025-01-24
u008429,brand,2025-01-07
u008430,brand,2025-01-12
u008431,brand,2025-01-18
u008432,brand,2025-01-10
u008433,brand,2025-01-09
u008434,brand,2025-01-01
u008435,brand,2025-01-08
u008436,brand,2025-01-01
u008437,brand,2025-01-13
u008438,brand,2025-01-06
u008439,brand,2025-01-14
u008440,brand,2025-01-01
u008441,brand,2025-01-05
u008442,brand,2025-01-30
u008443,brand,2025-01-13
u008444,brand,2025-01-28
u008445,brand,2025-01-07
u008446,brand,2025-01-30
u008447,brand,2025-01-15
u008448,brand,2025-01-29
u008449,brand,2025-01-07
u008450,brand,2025-01-28
u008451,brand,2025-01-16
u008452,brand,2025-01-20
u008453,brand,2025-01-11
u008454,brand,2025-01-23
u008455,brand,2025-01-02
u008456,brand,2025-01-11
u008457,brand,2025-01-15
u008458,brand,2025-01-02
u008459,brand,2025-01-14
u008460,organic,2025-01-15
u008461,organic,2025-01-30
u008462,organic,2025-01-15
u008463,organic,2025-01-11
u008464,organic,2025-01-15
u008465,organic,2025-01-28
u008466,organic,2025-01-14
u008467,organic,2025-01-20
u008468,organic,2025-01-30
u008469,organic,2025-01-04
u008470,organic,2025-01-21
u008471,organic,2025-01-01
u008472,organic,2025-01-10
u008473,organic,2025-01-05
u008474,organic,2025-01-27
u008475,organic,2025-01-14
u008476,organic,2025-01-26
u008477,organic,2025-01-24
u008478,organic,2025-01-09
u008479,organic,2025-01-11
u008480,organic,2025-01-23
u008481,organic,2025-01-04
u008482,organic,2025-01-18
u008483,organic,2025-01-03
u008484,organic,2025-01-12
u008485,organic,2025-01-15
u008486,organic,2025-01-14
u008487,organic,2025-01-16
u008488,organic,2025-01-19
u008489,organic,2025-01-30
u008490,organic,2025-01-28
u008491,organic,2025-01-30
u008492,organic,2025-01-21
u008493,organic,2025-01-27
u008494,organic,2025-01-30
u008495,organic,2025-01-05
u008496,organic,2025-01-19
u008497,organic,2025-01-31
u008498,organic,2025-01-25
u008499,organic,2025-01-09
u008500,organic,2025-01-24
u008501,organic,2025-01-01
u008502,organic,2025-01-28
u008503,organic,2025-01-11
u008504,organic,2025-01-10
u008505,organic,2025-01-21
u008506,organic,2025-01-11
u008507,organic,2025-01-24
u008508,organic,2025-01-15
u008509,organic,2025-01-27
u008510,organic,2025-01-15
u008511,organic,2025-01-14
u008512,organic,2025-01-22
u008513,organic,2025-01-02
u008514,organic,2025-01-06
u008515,organic,2025-01-15
u008516,organic,2025-01-06
u008517,organic,2025-01-29
u008518,organic,2025-01-06
u008519,organic,2025-01-29
u008520,organic,2025-01-21
u008521,organic,2025-01-04
u008522,organic,2025-01-06
u008523,organic,2025-01-11
u008524,organic,2025-01-20
u008525,organic,2025-01-24
u008526,organic,2025-01-27
u008527,organic,2025-01-14
u008528,organic,2025-01-18
u008529,organic,2025-01-29
u008530,organic,2025-01-15
u008531,organic,2025-01-22
u008532,organic,2025-01-04
u008533,organic,2025-01-13
u008534,organic,2025-01-21
u008535,organic,2025-01-15
u008536,organic,2025-01-14
u008537,organic,2025-01-30
u008538,organic,2025-01-16
u008539,organic,2025-01-10
u008540,organic,2025-01-16
u008541,organic,2025-01-07
u008542,organic,2025-01-21
u008543,organic,2025-01-22
u008544,organic,2025-01-30
u008545,organic,2025-01-09
u008546,organic,2025-01-10
u008547,organic,2025-01-12
u008548,organic,2025-01-16
u008549,organic,2025-01-17
u008550,organic,2025-01-07
u008551,organic,2025-01-10
u008552,organic,2025-01-27
u008553,organic,2025-01-08
u008554,organic,2025-01-01
u008555,organic,2025-01-17
u008556,organic,2025-01-08
u008557,organic,2025-01-14
u008558,organic,2025-01-30
u008559,organic,2025-01-18
u008560,organic,2025-01-07
u008561,organic,2025-01-19
u008562,organic,2025-01-31
u008563,organic,2025-01-19
u008564,organic,2025-01-13
u008565,organic,2025-01-17
u008566,organic,2025-01-13
u008567,organic,2025-01-15
u008568,organic,2025-01-20
u008569,organic,2025-01-27
u008570,organic,2025-01-29
u008571,organic,2025-01-31
u008572,organic,2025-01-23
u008573,organic,2025-01-28
u008574,organic,2025-01-14
u008575,organic,2025-01-03
u008576,organic,2025-01-19
u008577,organic,2025-01-28
u008578,organic,2025-01-05
u008579,organic,2025-01-19
u008580,organic,2025-01-14
u008581,organic,2025-01-12
u008582,organic,2025-01-27
u008583,organic,2025-01-14
u008584,organic,2025-01-23
u008585,organic,2025-01-10
u008586,organic,2025-01-13
u008587,organic,2025-01-09
u008588,organic,2025-01-31
u008589,organic,2025-01-24
u008590,organic,2025-01-06
u008591,organic,2025-01-10
u008592,organic,2025-01-30
u008593,organic,2025-01-04
u008594,organic,2025-01-16
u008595,organic,2025-01-06
u008596,organic,2025-01-17
u008597,organic,2025-01-15
u008598,organic,2025-01-25
u008599,organic,2025-01-15
u008600,organic,2025-01-15
u008601,organic,2025-01-29
u008602,organic,2025-01-26
u008603,organic,2025-01-20
u008604,organic,2025-01-26
u008605,organic,2025-01-03
u008606,organic,2025-01-21
u008607,organic,2025-01-30
u008608,organic,2025-01-08
u008609,organic,2025-01-12
u008610,organic,2025-01-30
u008611,organic,2025-01-14
u008612,organic,2025-01-08
u008613,organic,2025-01-21
u008614,organic,2025-01-13
u008615,organic,2025-01-24
u008616,organic,2025-01-26
u008617,organic,2025-01-25
u008618,organic,2025-01-26
u008619,organic,2025-01-07
u008620,organic,2025-01-09
u008621,organic,2025-01-24
u008622,organic,2025-01-15
u008623,organic,2025-01-07
u008624,organic,2025-01-01
u008625,organic,2025-01-23
u008626,organic,2025-01-25
u008627,organic,2025-01-17
u008628,organic,2025-01-07
u008629,organic,2025-01-27
u008630,organic,2025-01-08
u008631,organic,2025-01-17
u008632,organic,2025-01-27
u008633,organic,2025-01-13
u008634,organic,2025-01-06
u008635,organic,2025-01-14
u008636,organic,2025-01-16
u008637,organic,2025-01-11
u008638,organic,2025-01-13
u008639,organic,2025-01-02
u008640,organic,2025-01-14
u008641,organic,2025-01-27
u008642,organic,2025-01-07
u008643,organic,2025-01-28
u008644,organic,2025-01-20
u008645,organic,2025-01-25
u008646,organic,2025-01-21
u008647,organic,2025-01-23
u008648,organic,2025-01-10
u008649,organic,2025-01-16
u008650,organic,2025-01-26
u008651,organic,2025-01-07
u008652,organic,2025-01-22
u008653,organic,2025-01-14
u008654,organic,2025-01-05
u008655,organic,2025-01-05
u008656,organic,2025-01-26
u008657,organic,2025-01-25
u008658,organic,2025-01-02
u008659,organic,2025-01-09
u008660,organic,2025-01-19
u008661,organic,2025-01-31
u008662,organic,2025-01-06
u008663,organic,2025-01-21
u008664,organic,2025-01-10
u008665,organic,2025-01-18
u008666,organic,2025-01-27
u008667,organic,2025-01-31
u008668,organic,2025-01-05
u008669,organic,2025-01-31
u008670,organic,2025-01-08
u008671,organic,2025-01-08
u008672,organic,2025-01-11
u008673,organic,2025-01-10
u008674,organic,2025-01-17
u008675,organic,2025-01-17
u008676,organic,2025-01-09
u008677,organic,2025-01-06
u008678,organic,2025-01-22
u008679,organic,2025-01-26
u008680,organic,2025-01-12
u008681,organic,2025-01-30
u008682,organic,2025-01-16
u008683,organic,2025-01-10
u008684,organic,2025-01-04
u008685,organic,2025-01-08
u008686,organic,2025-01-20
u008687,organic,2025-01-14
u008688,organic,2025-01-25
u008689,organic,2025-01-17
u008690,organic,2025-01-03
u008691,organic,2025-01-16
u008692,organic,2025-01-21
u008693,organic,2025-01-24
u008694,organic,2025-01-22
u008695,organic,2025-01-26
u008696,organic,2025-01-14
u008697,organic,2025-01-30
u008698,organic,2025-01-06
u008699,organic,2025-01-17
u008700,organic,2025-01-10
u008701,organic,2025-01-29
u008702,organic,2025-01-15
u008703,organic,2025-01-30
u008704,organic,2025-01-26
u008705,organic,2025-01-31
u008706,organic,2025-01-04
u008707,organic,2025-01-29
u008708,organic,2025-01-07
u008709,organic,2025-01-06
u008710,organic,2025-01-21
u008711,organic,2025-01-14
u008712,organic,2025-01-01
u008713,organic,2025-01-26
u008714,organic,2025-01-18
u008715,organic,2025-01-06
u008716,organic,2025-01-09
u008717,organic,2025-01-28
u008718,organic,2025-01-29
u008719,organic,2025-01-04
u008720,organic,2025-01-04
u008721,organic,2025-01-15
u008722,organic,2025-01-08
u008723,organic,2025-01-23
u008724,organic,2025-01-29
u008725,organic,2025-01-10
u008726,organic,2025-01-17
u008727,organic,2025-01-12
u008728,organic,2025-01-25
u008729,organic,2025-01-19
u008730,organic,2025-01-05
u008731,organic,2025-01-11
u008732,organic,2025-01-27
u008733,organic,2025-01-07
u008734,organic,2025-01-15
u008735,organic,2025-01-27
u008736,organic,2025-01-19
u008737,organic,2025-01-24
u008738,organic,2025-01-05
u008739,organic,2025-01-31
u008740,organic,2025-01-30
u008741,organic,2025-01-26
u008742,organic,2025-01-08
u008743,organic,2025-01-28
u008744,organic,2025-01-27
u008745,organic,2025-01-14
u008746,organic,2025-01-11
u008747,organic,2025-01-06
u008748,organic,2025-01-05
u008749,organic,2025-01-19
u008750,organic,2025-01-07
u008751,organic,2025-01-16
u008752,organic,2025-01-18
u008753,organic,2025-01-19
u008754,organic,2025-01-31
u008755,organic,2025-01-30
u008756,organic,2025-01-27
u008757,organic,2025-01-19
u008758,organic,2025-01-24
u008759,organic,2025-01-04
u008760,organic,2025-01-31
u008761,organic,2025-01-11
u008762,organic,2025-01-11
u008763,organic,2025-01-31
u008764,organic,2025-01-20
u008765,organic,2025-01-22
u008766,organic,2025-01-15
u008767,organic,2025-01-21
u008768,organic,2025-01-11
u008769,organic,2025-01-23
u008770,organic,2025-01-29
u008771,organic,2025-01-08
u008772,organic,2025-01-01
u008773,organic,2025-01-19
u008774,organic,2025-01-04
u008775,search,2025-02-19
u008776,search,2025-02-16
u008777,search,2025-02-06
u008778,search,2025-02-21
u008779,search,2025-02-13
u008780,search,2025-02-10
u008781,search,2025-02-08
u008782,search,2025-02-02
u008783,search,2025-02-01
u008784,search,2025-02-16
u008785,search,2025-02-09
u008786,search,2025-02-28
u008787,search,2025-02-08
u008788,search,2025-02-26
u008789,search,2025-02-25
u008790,search,2025-02-21
u008791,search,2025-02-16
u008792,search,2025-02-12
u008793,search,2025-02-04
u008794,search,2025-02-07
u008795,search,2025-02-04
u008796,search,2025-02-28
u008797,search,2025-02-06
u008798,search,2025-02-05
u008799,search,2025-02-25
u008800,search,2025-02-05
u008801,search,2025-02-23
u008802,search,2025-02-11
u008803,search,2025-02-04
u008804,search,2025-02-17
u008805,search,2025-02-17
u008806,search,2025-02-06
u008807,search,2025-02-17
u008808,search,2025-02-24
u008809,search,2025-02-16
u008810,search,2025-02-14
u008811,search,2025-02-15
u008812,search,2025-02-03
u008813,search,2025-02-06
u008814,search,2025-02-04
u008815,search,2025-02-08
u008816,search,2025-02-14
u008817,search,2025-02-02
u008818,search,2025-02-10
u008819,search,2025-02-09
u008820,search,2025-02-21
u008821,search,2025-02-27
u008822,search,2025-02-12
u008823,search,2025-02-20
u008824,search,2025-02-23
u008825,search,2025-02-20
u008826,search,2025-02-23
u008827,search,2025-02-11
u008828,search,2025-02-10
u008829,search,2025-02-13
u008830,search,2025-02-24
u008831,search,2025-02-04
u008832,search,2025-02-28
u008833,search,2025-02-23
u008834,search,2025-02-10
u008835,search,2025-02-25
u008836,search,2025-02-19
u008837,search,2025-02-03
u008838,search,2025-02-26
u008839,search,2025-02-16
u008840,search,2025-02-21
u008841,search,2025-02-05
u008842,search,2025-02-16
u008843,search,2025-02-05
u008844,search,2025-02-13
u008845,search,2025-02-09
u008846,search,2025-02-25
u008847,search,2025-02-17
u008848,search,2025-02-12
u008849,search,2025-02-20
u008850,search,2025-02-01
u008851,search,2025-02-12
u008852,search,2025-02-25
u008853,search,2025-02-04
u008854,search,2025-02-09
u008855,search,2025-02-10
u008856,search,2025-02-09
u008857,search,2025-02-13
u008858,search,2025-02-26
u008859,search,2025-02-05
u008860,search,2025-02-01
u008861,search,2025-02-23
u008862,search,2025-02-26
u008863,search,2025-02-11
u008864,search,2025-02-11
u008865,search,2025-02-18
u008866,search,2025-02-06
u008867,search,2025-02-26
u008868,search,2025-02-20
u008869,search,2025-02-07
u008870,search,2025-02-13
u008871,search,2025-02-23
u008872,search,2025-02-01
u008873,search,2025-02-20
u008874,search,2025-02-13
u008875,search,2025-02-23
u008876,search,2025-02-04
u008877,search,2025-02-24
u008878,search,2025-02-01
u008879,search,2025-02-11
u008880,search,2025-02-19
u008881,search,2025-02-28
u008882,search,2025-02-10
u008883,search,2025-02-09
u008884,search,2025-02-18
u008885,search,2025-02-16
u008886,search,2025-02-03
u008887,search,2025-02-09
u008888,search,2025-02-16
u008889,search,2025-02-12
u008890,search,2025-02-13
u008891,search,2025-02-04
u008892,search,2025-02-23
u008893,search,2025-02-08
u008894,search,2025-02-12
u008895,search,2025-02-13
u008896,search,2025-02-05
u008897,search,2025-02-10
u008898,search,2025-02-05
u008899,search,2025-02-06
u008900,search,2025-02-17
u008901,search,2025-02-14
u008902,search,2025-02-08
u008903,search,2025-02-05
u008904,search,2025-02-27
u008905,search,2025-02-06
u008906,search,2025-02-15
u008907,search,2025-02-20
u008908,search,2025-02-09
u008909,search,2025-02-26
u008910,search,2025-02-12
u008911,search,2025-02-18
u008912,search,2025-02-12
u008913,search,2025-02-22
u008914,search,2025-02-10
u008915,search,2025-02-24
u008916,search,2025-02-20
u008917,search,2025-02-22
u008918,search,2025-02-18
u008919,search,2025-02-28
u008920,search,2025-02-15
u008921,search,2025-02-18
u008922,search,2025-02-27
u008923,search,2025-02-01
u008924,search,2025-02-02
u008925,search,2025-02-06
u008926,search,2025-02-26
u008927,search,2025-02-20
u008928,search,2025-02-03
u008929,search,2025-02-05
u008930,search,2025-02-15
u008931,search,2025-02-17
u008932,search,2025-02-27
u008933,search,2025-02-08
u008934,search,2025-02-03
u008935,search,2025-02-10
u008936,search,2025-02-26
u008937,search,2025-02-05
u008938,search,2025-02-03
u008939,search,2025-02-14
u008940,search,2025-02-15
u008941,search,2025-02-19
u008942,search,2025-02-28
u008943,search,2025-02-17
u008944,search,2025-02-18
u008945,search,2025-02-24
u008946,search,2025-02-06
u008947,search,2025-02-21
u008948,search,2025-02-15
u008949,search,2025-02-14
u008950,search,2025-02-20
u008951,search,2025-02-11
u008952,search,2025-02-12
u008953,search,2025-02-27
u008954,search,2025-02-17
u008955,search,2025-02-19
u008956,search,2025-02-16
u008957,search,2025-02-27
u008958,search,2025-02-05
u008959,search,2025-02-11
u008960,search,2025-02-14
u008961,search,2025-02-14
u008962,search,2025-02-06
u008963,search,2025-02-10
u008964,search,2025-02-06
u008965,search,2025-02-24
u008966,search,2025-02-16
u008967,search,2025-02-10
u008968,search,2025-02-09
u008969,search,2025-02-12
u008970,search,2025-02-13
u008971,search,2025-02-11
u008972,search,2025-02-03
u008973,search,2025-02-27
u008974,search,2025-02-02
u008975,search,2025-02-14
u008976,search,2025-02-09
u008977,search,2025-02-17
u008978,search,2025-02-15
u008979,search,2025-02-18
u008980,search,2025-02-17
u008981,search,2025-02-18
u008982,search,2025-02-19
u008983,search,2025-02-24
u008984,search,2025-02-13
u008985,search,2025-02-10
u008986,search,2025-02-11
u008987,search,2025-02-05
u008988,search,2025-02-22
u008989,search,2025-02-15
u008990,search,2025-02-17
u008991,search,2025-02-27
u008992,search,2025-02-09
u008993,search,2025-02-07
u008994,search,2025-02-13
u008995,search,2025-02-17
u008996,search,2025-02-14
u008997,search,2025-02-24
u008998,search,2025-02-25
u008999,search,2025-02-14
u009000,search,2025-02-06
u009001,search,2025-02-23
u009002,search,2025-02-26
u009003,search,2025-02-18
u009004,search,2025-02-18
u009005,search,2025-02-09
u009006,search,2025-02-10
u009007,search,2025-02-27
u009008,search,2025-02-01
u009009,search,2025-02-08
u009010,search,2025-02-20
u009011,search,2025-02-13
u009012,search,2025-02-02
u009013,search,2025-02-25
u009014,search,2025-02-15
u009015,search,2025-02-13
u009016,search,2025-02-19
u009017,search,2025-02-22
u009018,search,2025-02-05
u009019,search,2025-02-13
u009020,search,2025-02-24
u009021,search,2025-02-15
u009022,search,2025-02-16
u009023,search,2025-02-24
u009024,search,2025-02-07
u009025,search,2025-02-20
u009026,search,2025-02-06
u009027,search,2025-02-24
u009028,search,2025-02-11
u009029,search,2025-02-12
u009030,search,2025-02-12
u009031,search,2025-02-08
u009032,search,2025-02-13
u009033,search,2025-02-26
u009034,search,2025-02-07
u009035,search,2025-02-07
u009036,search,2025-02-15
u009037,search,2025-02-03
u009038,search,2025-02-15
u009039,search,2025-02-16
u009040,search,2025-02-07
u009041,search,2025-02-18
u009042,search,2025-02-12
u009043,search,2025-02-02
u009044,search,2025-02-09
u009045,search,2025-02-05
u009046,search,2025-02-12
u009047,search,2025-02-01
u009048,search,2025-02-17
u009049,search,2025-02-26
u009050,search,2025-02-23
u009051,search,2025-02-09
u009052,search,2025-02-23
u009053,search,2025-02-27
u009054,search,2025-02-25
u009055,search,2025-02-26
u009056,search,2025-02-07
u009057,search,2025-02-27
u009058,search,2025-02-14
u009059,search,2025-02-23
u009060,search,2025-02-22
u009061,search,2025-02-02
u009062,search,2025-02-11
u009063,search,2025-02-23
u009064,search,2025-02-12
u009065,search,2025-02-05
u009066,search,2025-02-15
u009067,search,2025-02-26
u009068,search,2025-02-14
u009069,search,2025-02-12
u009070,search,2025-02-22
u009071,search,2025-02-10
u009072,search,2025-02-08
u009073,search,2025-02-28
u009074,search,2025-02-13
u009075,search,2025-02-13
u009076,search,2025-02-13
u009077,search,2025-02-21
u009078,search,2025-02-08
u009079,search,2025-02-03
u009080,search,2025-02-13
u009081,search,2025-02-22
u009082,search,2025-02-12
u009083,search,2025-02-28
u009084,search,2025-02-23
u009085,search,2025-02-11
u009086,search,2025-02-08
u009087,search,2025-02-08
u009088,search,2025-02-08
u009089,search,2025-02-11
u009090,search,2025-02-04
u009091,search,2025-02-04
u009092,search,2025-02-06
u009093,search,2025-02-16
u009094,search,2025-02-16
u009095,search,2025-02-08
u009096,search,2025-02-24
u009097,search,2025-02-03
u009098,search,2025-02-15
u009099,search,2025-02-28
u009100,search,2025-02-03
u009101,search,2025-02-10
u009102,search,2025-02-16
u009103,search,2025-02-02
u009104,search,2025-02-26
u009105,search,2025-02-03
u009106,search,2025-02-13
u009107,search,2025-02-23
u009108,search,2025-02-07
u009109,search,2025-02-01
u009110,search,2025-02-03
u009111,search,2025-02-27
u009112,search,2025-02-18
u009113,search,2025-02-19
u009114,search,2025-02-12
u009115,search,2025-02-28
u009116,search,2025-02-02
u009117,search,2025-02-26
u009118,search,2025-02-23
u009119,search,2025-02-20
u009120,search,2025-02-05
u009121,search,2025-02-10
u009122,search,2025-02-27
u009123,search,2025-02-14
u009124,search,2025-02-15
u009125,search,2025-02-18
u009126,search,2025-02-11
u009127,search,2025-02-05
u009128,search,2025-02-27
u009129,search,2025-02-18
u009130,search,2025-02-04
u009131,search,2025-02-19
u009132,search,2025-02-06
u009133,search,2025-02-04
u009134,search,2025-02-19
u009135,search,2025-02-20
u009136,search,2025-02-26
u009137,search,2025-02-17
u009138,search,2025-02-02
u009139,search,2025-02-12
u009140,search,2025-02-14
u009141,search,2025-02-26
u009142,search,2025-02-08
u009143,search,2025-02-27
u009144,search,2025-02-03
u009145,search,2025-02-24
u009146,search,2025-02-23
u009147,search,2025-02-27
u009148,search,2025-02-22
u009149,search,2025-02-22
u009150,search,2025-02-19
u009151,search,2025-02-28
u009152,search,2025-02-04
u009153,search,2025-02-15
u009154,search,2025-02-26
u009155,search,2025-02-07
u009156,search,2025-02-07
u009157,search,2025-02-08
u009158,search,2025-02-24
u009159,search,2025-02-02
u009160,search,2025-02-16
u009161,search,2025-02-10
u009162,search,2025-02-25
u009163,search,2025-02-28
u009164,search,2025-02-22
u009165,search,2025-02-24
u009166,search,2025-02-14
u009167,search,2025-02-07
u009168,search,2025-02-17
u009169,search,2025-02-03
u009170,search,2025-02-08
u009171,search,2025-02-22
u009172,search,2025-02-20
u009173,search,2025-02-22
u009174,search,2025-02-22
u009175,display,2025-02-24
u009176,display,2025-02-27
u009177,display,2025-02-07
u009178,display,2025-02-01
u009179,display,2025-02-10
u009180,display,2025-02-11
u009181,display,2025-02-24
u009182,display,2025-02-19
u009183,display,2025-02-26
u009184,display,2025-02-20
u009185,display,2025-02-24
u009186,display,2025-02-20
u009187,display,2025-02-13
u009188,display,2025-02-28
u009189,display,2025-02-05
u009190,display,2025-02-13
u009191,display,2025-02-25
u009192,display,2025-02-14
u009193,display,2025-02-26
u009194,display,2025-02-17
u009195,display,2025-02-09
u009196,display,2025-02-03
u009197,display,2025-02-01
u009198,display,2025-02-09
u009199,display,2025-02-08
u009200,display,2025-02-27
u009201,display,2025-02-11
u009202,display,2025-02-07
u009203,display,2025-02-02
u009204,display,2025-02-14
u009205,display,2025-02-28
u009206,display,2025-02-12
u009207,display,2025-02-01
u009208,display,2025-02-23
u009209,display,2025-02-23
u009210,display,2025-02-04
u009211,display,2025-02-03
u009212,display,2025-02-07
u009213,display,2025-02-27
u009214,display,2025-02-28
u009215,display,2025-02-11
u009216,display,2025-02-14
u009217,display,2025-02-28
u009218,display,2025-02-17
u009219,display,2025-02-03
u009220,display,2025-02-04
u009221,display,2025-02-04
u009222,display,2025-02-03
u009223,display,2025-02-20
u009224,display,2025-02-19
u009225,display,2025-02-25
u009226,display,2025-02-09
u009227,display,2025-02-16
u009228,display,2025-02-12
u009229,display,2025-02-13
u009230,display,2025-02-08
u009231,display,2025-02-10
u009232,display,2025-02-03
u009233,display,2025-02-05
u009234,display,2025-02-13
u009235,display,2025-02-22
u009236,display,2025-02-23
u009237,display,2025-02-15
u009238,display,2025-02-26
u009239,display,2025-02-14
u009240,display,2025-02-13
u009241,display,2025-02-18
u009242,display,2025-02-07
u009243,display,2025-02-05
u009244,display,2025-02-27
u009245,display,2025-02-28
u009246,display,2025-02-16
u009247,display,2025-02-06
u009248,display,2025-02-20
u009249,display,2025-02-21
u009250,display,2025-02-25
u009251,display,2025-02-01
u009252,display,2025-02-17
u009253,display,2025-02-16
u009254,display,2025-02-28
u009255,display,2025-02-24
u009256,display,2025-02-05
u009257,display,2025-02-18
u009258,display,2025-02-27
u009259,display,2025-02-18
u009260,display,2025-02-03
u009261,display,2025-02-26
u009262,display,2025-02-24
u009263,display,2025-02-14
u009264,display,2025-02-04
u009265,display,2025-02-21
u009266,display,2025-02-22
u009267,display,2025-02-26
u009268,display,2025-02-26
u009269,display,2025-02-19
u009270,display,2025-02-09
u009271,display,2025-02-05
u009272,display,2025-02-20
u009273,display,2025-02-07
u009274,display,2025-02-13
u009275,display,2025-02-04
u009276,display,2025-02-26
u009277,display,2025-02-19
u009278,display,2025-02-16
u009279,display,2025-02-06
u009280,display,2025-02-14
u009281,display,2025-02-10
u009282,display,2025-02-17
u009283,display,2025-02-09
u009284,display,2025-02-05
u009285,display,2025-02-04
u009286,display,2025-02-14
u009287,display,2025-02-21
u009288,display,2025-02-02
u009289,display,2025-02-22
u009290,display,2025-02-24
u009291,display,2025-02-02
u009292,display,2025-02-12
u009293,display,2025-02-23
u009294,display,2025-02-10
u009295,display,2025-02-14
u009296,display,2025-02-07
u009297,display,2025-02-22
u009298,display,2025-02-24
u009299,display,2025-02-01
u009300,display,2025-02-25
u009301,display,2025-02-03
u009302,display,2025-02-06
u009303,display,2025-02-16
u009304,display,2025-02-25
u009305,display,2025-02-24
u009306,display,2025-02-14
u009307,display,2025-02-10
u009308,display,2025-02-13
u009309,display,2025-02-16
u009310,display,2025-02-02
u009311,display,2025-02-02
u009312,display,2025-02-28
u009313,display,2025-02-16
u009314,display,2025-02-26
u009315,display,2025-02-02
u009316,display,2025-02-25
u009317,display,2025-02-14
u009318,display,2025-02-22
u009319,display,2025-02-05
u009320,display,2025-02-16
u009321,display,2025-02-24
u009322,display,2025-02-10
u009323,display,2025-02-08
u009324,display,2025-02-17
u009325,display,2025-02-17
u009326,display,2025-02-01
u009327,display,2025-02-20
u009328,display,2025-02-20
u009329,display,2025-02-20
u009330,display,2025-02-17
u009331,display,2025-02-09
u009332,display,2025-02-04
u009333,display,2025-02-01
u009334,display,2025-02-03
u009335,display,2025-02-12
u009336,display,2025-02-18
u009337,display,2025-02-01
u009338,display,2025-02-02
u009339,display,2025-02-13
u009340,display,2025-02-12
u009341,display,2025-02-15
u009342,display,2025-02-11
u009343,display,2025-02-22
u009344,display,2025-02-15
u009345,display,2025-02-25
u009346,display,2025-02-14
u009347,display,2025-02-01
u009348,display,2025-02-23
u009349,display,2025-02-28
u009350,display,2025-02-20
u009351,display,2025-02-10
u009352,display,2025-02-11
u009353,display,2025-02-11
u009354,display,2025-02-09
u009355,display,2025-02-17
u009356,display,2025-02-07
u009357,display,2025-02-24
u009358,display,2025-02-15
u009359,display,2025-02-08
u009360,display,2025-02-03
u009361,display,2025-02-20
u009362,display,2025-02-08
u009363,display,2025-02-24
u009364,display,2025-02-19
u009365,display,2025-02-22
u009366,display,2025-02-06
u009367,display,2025-02-03
u009368,display,2025-02-11
u009369,display,2025-02-28
u009370,display,2025-02-13
u009371,display,2025-02-19
u009372,display,2025-02-26
u009373,display,2025-02-07
u009374,display,2025-02-12
u009375,retargeting,2025-02-07
u009376,retargeting,2025-02-17
u009377,retargeting,2025-02-27
u009378,retargeting,2025-02-28
u009379,retargeting,2025-02-14
u009380,retargeting,2025-02-08
u009381,retargeting,2025-02-23
u009382,retargeting,2025-02-25
u009383,retargeting,2025-02-12
u009384,retargeting,2025-02-26
u009385,retargeting,2025-02-22
u009386,retargeting,2025-02-07
u009387,retargeting,2025-02-18
u009388,retargeting,2025-02-07
u009389,retargeting,2025-02-06
u009390,retargeting,2025-02-02
u009391,retargeting,2025-02-21
u009392,retargeting,2025-02-08
u009393,retargeting,2025-02-24
u009394,retargeting,2025-02-11
u009395,retargeting,2025-02-09
u009396,retargeting,2025-02-16
u009397,retargeting,2025-02-20
u009398,retargeting,2025-02-09
u009399,retargeting,2025-02-18
u009400,retargeting,2025-02-18
u009401,retargeting,2025-02-14
u009402,retargeting,2025-02-27
u009403,retargeting,2025-02-24
u009404,retargeting,2025-02-12
u009405,retargeting,2025-02-21
u009406,retargeting,2025-02-10
u009407,retargeting,2025-02-23
u009408,retargeting,2025-02-24
u009409,retargeting,2025-02-09
u009410,retargeting,2025-02-11
u009411,retargeting,2025-02-18
u009412,retargeting,2025-02-13
u009413,retargeting,2025-02-01
u009414,retargeting,2025-02-20
u009415,retargeting,2025-02-08
u009416,retargeting,2025-02-07
u009417,retargeting,2025-02-21
u009418,retargeting,2025-02-18
u009419,retargeting,2025-02-03
u009420,retargeting,2025-02-20
u009421,retargeting,2025-02-20
u009422,retargeting,2025-02-11
u009423,retargeting,2025-02-27
u009424,retargeting,2025-02-06
u009425,retargeting,2025-02-19
u009426,retargeting,2025-02-06
u009427,retargeting,2025-02-19
u009428,retargeting,2025-02-10
u009429,retargeting,2025-02-22
u009430,retargeting,2025-02-25
u009431,retargeting,2025-02-09
u009432,retargeting,2025-02-20
u009433,retargeting,2025-02-19
u009434,retargeting,2025-02-17
u009435,retargeting,2025-02-27
u009436,retargeting,2025-02-06
u009437,retargeting,2025-02-17
u009438,retargeting,2025-02-10
u009439,retargeting,2025-02-08
u009440,retargeting,2025-02-03
u009441,retargeting,2025-02-19
u009442,retargeting,2025-02-06
u009443,retargeting,2025-02-28
u009444,retargeting,2025-02-19
u009445,retargeting,2025-02-01
u009446,retargeting,2025-02-12
u009447,retargeting,2025-02-06
u009448,retargeting,2025-02-19
u009449,retargeting,2025-02-26
u009450,retargeting,2025-02-09
u009451,retargeting,2025-02-04
u009452,retargeting,2025-02-11
u009453,retargeting,2025-02-03
u009454,retargeting,2025-02-19
u009455,retargeting,2025-02-21
u009456,retargeting,2025-02-12
u009457,retargeting,2025-02-05
u009458,retargeting,2025-02-13
u009459,retargeting,2025-02-02
u009460,retargeting,2025-02-25
u009461,retargeting,2025-02-23
u009462,retargeting,2025-02-20
u009463,retargeting,2025-02-11
u009464,retargeting,2025-02-21
u009465,retargeting,2025-02-23
u009466,retargeting,2025-02-02
u009467,retargeting,2025-02-09
u009468,retargeting,2025-02-10
u009469,retargeting,2025-02-22
u009470,retargeting,2025-02-05
u009471,retargeting,2025-02-17
u009472,retargeting,2025-02-14
u009473,retargeting,2025-02-19
u009474,retargeting,2025-02-01
u009475,brand,2025-02-01
u009476,brand,2025-02-06
u009477,brand,2025-02-03
u009478,brand,2025-02-28
u009479,brand,2025-02-03
u009480,brand,2025-02-19
u009481,brand,2025-02-20
u009482,brand,2025-02-28
u009483,brand,2025-02-28
u009484,brand,2025-02-18
u009485,brand,2025-02-23
u009486,brand,2025-02-27
u009487,brand,2025-02-17
u009488,brand,2025-02-11
u009489,brand,2025-02-09
u009490,brand,2025-02-01
u009491,brand,2025-02-05
u009492,brand,2025-02-14
u009493,brand,2025-02-18
u009494,brand,2025-02-21
u009495,brand,2025-02-06
u009496,brand,2025-02-28
u009497,brand,2025-02-27
u009498,brand,2025-02-28
u009499,brand,2025-02-07
u009500,brand,2025-02-20
u009501,brand,2025-02-10
u009502,brand,2025-02-05
u009503,brand,2025-02-10
u009504,brand,2025-02-22
u009505,brand,2025-02-18
u009506,brand,2025-02-07
u009507,brand,2025-02-06
u009508,brand,2025-02-21
u009509,brand,2025-02-13
u009510,brand,2025-02-02
u009511,brand,2025-02-16
u009512,brand,2025-02-20
u009513,brand,2025-02-04
u009514,brand,2025-02-10
u009515,brand,2025-02-03
u009516,brand,2025-02-10
u009517,brand,2025-02-01
u009518,brand,2025-02-23
u009519,brand,2025-02-24
u009520,brand,2025-02-15
u009521,brand,2025-02-24
u009522,brand,2025-02-26
u009523,brand,2025-02-22
u009524,brand,2025-02-19
u009525,brand,2025-02-16
u009526,brand,2025-02-02
u009527,brand,2025-02-05
u009528,brand,2025-02-15
u009529,brand,2025-02-16
u009530,brand,2025-02-14
u009531,brand,2025-02-02
u009532,brand,2025-02-25
u009533,brand,2025-02-15
u009534,brand,2025-02-06
u009535,brand,2025-02-11
u009536,brand,2025-02-02
u009537,brand,2025-02-05
u009538,brand,2025-02-19
u009539,brand,2025-02-15
u009540,brand,2025-02-19
u009541,brand,2025-02-17
u009542,brand,2025-02-19
u009543,brand,2025-02-01
u009544,brand,2025-02-06
u009545,brand,2025-02-02
u009546,brand,2025-02-24
u009547,brand,2025-02-22
u009548,brand,2025-02-01
u009549,brand,2025-02-26
u009550,brand,2025-02-05
u009551,brand,2025-02-09
u009552,brand,2025-02-25
u009553,brand,2025-02-19
u009554,brand,2025-02-10
u009555,brand,2025-02-17
u009556,brand,2025-02-23
u009557,brand,2025-02-11
u009558,brand,2025-02-04
u009559,brand,2025-02-06
u009560,brand,2025-02-01
u009561,brand,2025-02-01
u009562,brand,2025-02-06
u009563,brand,2025-02-19
u009564,brand,2025-02-17
u009565,brand,2025-02-02
u009566,brand,2025-02-24
u009567,brand,2025-02-14
u009568,brand,2025-02-04
u009569,brand,2025-02-11
u009570,brand,2025-02-25
u009571,brand,2025-02-23
u009572,brand,2025-02-15
u009573,brand,2025-02-28
u009574,brand,2025-02-03
u009575,brand,2025-02-12
u009576,brand,2025-02-15
u009577,brand,2025-02-22
u009578,brand,2025-02-26
u009579,brand,2025-02-04
u009580,brand,2025-02-17
u009581,brand,2025-02-26
u009582,brand,2025-02-05
u009583,brand,2025-02-06
u009584,brand,2025-02-23
u009585,brand,2025-02-13
u009586,brand,2025-02-02
u009587,brand,2025-02-20
u009588,brand,2025-02-09
u009589,brand,2025-02-21
u009590,brand,2025-02-01
u009591,brand,2025-02-28
u009592,brand,2025-02-23
u009593,brand,2025-02-15
u009594,brand,2025-02-18
u009595,brand,2025-02-08
u009596,brand,2025-02-08
u009597,brand,2025-02-12
u009598,brand,2025-02-08
u009599,brand,2025-02-21
u009600,brand,2025-02-20
u009601,brand,2025-02-17
u009602,brand,2025-02-05
u009603,brand,2025-02-16
u009604,brand,2025-02-10
u009605,brand,2025-02-23
u009606,brand,2025-02-01
u009607,brand,2025-02-27
u009608,brand,2025-02-16
u009609,brand,2025-02-09
u009610,brand,2025-02-08
u009611,brand,2025-02-24
u009612,brand,2025-02-26
u009613,brand,2025-02-13
u009614,brand,2025-02-14
u009615,brand,2025-02-12
u009616,brand,2025-02-04
u009617,brand,2025-02-14
u009618,brand,2025-02-13
u009619,brand,2025-02-04
u009620,brand,2025-02-27
u009621,brand,2025-02-06
u009622,brand,2025-02-08
u009623,brand,2025-02-10
u009624,brand,2025-02-23
u009625,brand,2025-02-11
u009626,brand,2025-02-05
u009627,brand,2025-02-27
u009628,brand,2025-02-01
u009629,brand,2025-02-18
u009630,brand,2025-02-05
u009631,brand,2025-02-21
u009632,brand,2025-02-20
u009633,brand,2025-02-18
u009634,brand,2025-02-05
u009635,brand,2025-02-21
u009636,brand,2025-02-15
u009637,brand,2025-02-09
u009638,brand,2025-02-24
u009639,brand,2025-02-14
u009640,brand,2025-02-05
u009641,brand,2025-02-02
u009642,brand,2025-02-07
u009643,brand,2025-02-27
u009644,brand,2025-02-07
u009645,brand,2025-02-26
u009646,brand,2025-02-27
u009647,brand,2025-02-09
u009648,brand,2025-02-14
u009649,brand,2025-02-06
u009650,brand,2025-02-19
u009651,brand,2025-02-17
u009652,brand,2025-02-22
u009653,brand,2025-02-20
u009654,brand,2025-02-09
u009655,brand,2025-02-02
u009656,brand,2025-02-18
u009657,brand,2025-02-14
u009658,brand,2025-02-23
u009659,brand,2025-02-24
u009660,brand,2025-02-05
u009661,brand,2025-02-05
u009662,brand,2025-02-16
u009663,brand,2025-02-20
u009664,brand,2025-02-28
u009665,brand,2025-02-05
u009666,brand,2025-02-17
u009667,brand,2025-02-04
u009668,brand,2025-02-02
u009669,brand,2025-02-02
u009670,brand,2025-02-02
u009671,brand,2025-02-26
u009672,brand,2025-02-16
u009673,brand,2025-02-17
u009674,brand,2025-02-07
u009675,brand,2025-02-03
u009676,brand,2025-02-26
u009677,brand,2025-02-03
u009678,brand,2025-02-10
u009679,brand,2025-02-09
u009680,brand,2025-02-20
u009681,brand,2025-02-11
u009682,brand,2025-02-15
u009683,brand,2025-02-19
u009684,brand,2025-02-14
u009685,brand,2025-02-17
u009686,brand,2025-02-01
u009687,brand,2025-02-03
u009688,brand,2025-02-09
u009689,brand,2025-02-24
u009690,brand,2025-02-24
u009691,brand,2025-02-17
u009692,brand,2025-02-17
u009693,brand,2025-02-25
u009694,brand,2025-02-08
u009695,brand,2025-02-28
u009696,brand,2025-02-11
u009697,brand,2025-02-23
u009698,brand,2025-02-03
u009699,brand,2025-02-25
u009700,brand,2025-02-25
u009701,brand,2025-02-26
u009702,brand,2025-02-05
u009703,brand,2025-02-21
u009704,brand,2025-02-18
u009705,brand,2025-02-09
u009706,brand,2025-02-15
u009707,brand,2025-02-22
u009708,brand,2025-02-15
u009709,brand,2025-02-23
u009710,brand,2025-02-14
u009711,brand,2025-02-05
u009712,brand,2025-02-25
u009713,brand,2025-02-20
u009714,brand,2025-02-12
u009715,brand,2025-02-21
u009716,brand,2025-02-08
u009717,brand,2025-02-03
u009718,brand,2025-02-13
u009719,brand,2025-02-09
u009720,brand,2025-02-18
u009721,brand,2025-02-18
u009722,brand,2025-02-19
u009723,brand,2025-02-20
u009724,brand,2025-02-03
u009725,brand,2025-02-20
u009726,brand,2025-02-01
u009727,brand,2025-02-07
u009728,brand,2025-02-03
u009729,brand,2025-02-27
u009730,brand,2025-02-28
u009731,brand,2025-02-14
u009732,brand,2025-02-11
u009733,brand,2025-02-14
u009734,brand,2025-02-02
u009735,brand,2025-02-02
u009736,brand,2025-02-28
u009737,brand,2025-02-17
u009738,brand,2025-02-26
u009739,brand,2025-02-22
u009740,brand,2025-02-27
u009741,brand,2025-02-02
u009742,brand,2025-02-23
u009743,brand,2025-02-28
u009744,brand,2025-02-15
u009745,brand,2025-02-12
u009746,brand,2025-02-13
u009747,brand,2025-02-01
u009748,brand,2025-02-11
u009749,brand,2025-02-12
u009750,brand,2025-02-10
u009751,brand,2025-02-13
u009752,brand,2025-02-10
u009753,brand,2025-02-08
u009754,brand,2025-02-22
u009755,brand,2025-02-28
u009756,brand,2025-02-02
u009757,brand,2025-02-15
u009758,brand,2025-02-10
u009759,brand,2025-02-05
u009760,brand,2025-02-26
u009761,brand,2025-02-23
u009762,brand,2025-02-22
u009763,brand,2025-02-03
u009764,brand,2025-02-01
u009765,brand,2025-02-06
u009766,brand,2025-02-04
u009767,brand,2025-02-08
u009768,brand,2025-02-01
u009769,brand,2025-02-24
u009770,brand,2025-02-02
u009771,brand,2025-02-08
u009772,brand,2025-02-13
u009773,brand,2025-02-15
u009774,brand,2025-02-22
u009775,organic,2025-02-24
u009776,organic,2025-02-23
u009777,organic,2025-02-25
u009778,organic,2025-02-18
u009779,organic,2025-02-10
u009780,organic,2025-02-22
u009781,organic,2025-02-05
u009782,organic,2025-02-08
u009783,organic,2025-02-22
u009784,organic,2025-02-09
u009785,organic,2025-02-03
u009786,organic,2025-02-10
u009787,organic,2025-02-02
u009788,organic,2025-02-25
u009789,organic,2025-02-28
u009790,organic,2025-02-20
u009791,organic,2025-02-02
u009792,organic,2025-02-27
u009793,organic,2025-02-01
u009794,organic,2025-02-11
u009795,organic,2025-02-03
u009796,organic,2025-02-12
u009797,organic,2025-02-13
u009798,organic,2025-02-19
u009799,organic,2025-02-05
u009800,organic,2025-02-27
u009801,organic,2025-02-28
u009802,organic,2025-02-07
u009803,organic,2025-02-03
u009804,organic,2025-02-09
u009805,organic,2025-02-03
u009806,organic,2025-02-08
u009807,organic,2025-02-07
u009808,organic,2025-02-10
u009809,organic,2025-02-12
u009810,organic,2025-02-20
u009811,organic,2025-02-26
u009812,organic,2025-02-27
u009813,organic,2025-02-25
u009814,organic,2025-02-28
u009815,organic,2025-02-10
u009816,organic,2025-02-19
u009817,organic,2025-02-13
u009818,organic,2025-02-24
u009819,organic,2025-02-01
u009820,organic,2025-02-17
u009821,organic,2025-02-28
u009822,organic,2025-02-24
u009823,organic,2025-02-12
u009824,organic,2025-02-09
u009825,organic,2025-02-23
u009826,organic,2025-02-08
u009827,organic,2025-02-11
u009828,organic,2025-02-09
u009829,organic,2025-02-24
u009830,organic,2025-02-15
u009831,organic,2025-02-17
u009832,organic,2025-02-06
u009833,organic,2025-02-15
u009834,organic,2025-02-23
u009835,organic,2025-02-23
u009836,organic,2025-02-17
u009837,organic,2025-02-27
u009838,organic,2025-02-01
u009839,organic,2025-02-15
u009840,organic,2025-02-03
u009841,organic,2025-02-02
u009842,organic,2025-02-27
u009843,organic,2025-02-07
u009844,organic,2025-02-01
u009845,organic,2025-02-03
u009846,organic,2025-02-19
u009847,organic,2025-02-16
u009848,organic,2025-02-17
u009849,organic,2025-02-08
u009850,organic,2025-02-26
u009851,organic,2025-02-09
u009852,organic,2025-02-07
u009853,organic,2025-02-01
u009854,organic,2025-02-02
u009855,organic,2025-02-10
u009856,organic,2025-02-25
u009857,organic,2025-02-18
u009858,organic,2025-02-26
u009859,organic,2025-02-23
u009860,organic,2025-02-23
u009861,organic,2025-02-11
u009862,organic,2025-02-05
u009863,organic,2025-02-18
u009864,organic,2025-02-14
u009865,organic,2025-02-09
u009866,organic,2025-02-07
u009867,organic,2025-02-10
u009868,organic,2025-02-16
u009869,organic,2025-02-15
u009870,organic,2025-02-18
u009871,organic,2025-02-21
u009872,organic,2025-02-24
u009873,organic,2025-02-11
u009874,organic,2025-02-10
u009875,organic,2025-02-20
u009876,organic,2025-02-06
u009877,organic,2025-02-04
u009878,organic,2025-02-23
u009879,organic,2025-02-23
u009880,organic,2025-02-02
u009881,organic,2025-02-18
u009882,organic,2025-02-08
u009883,organic,2025-02-25
u009884,organic,2025-02-15
u009885,organic,2025-02-09
u009886,organic,2025-02-17
u009887,organic,2025-02-07
u009888,organic,2025-02-23
u009889,organic,2025-02-13
u009890,organic,2025-02-18
u009891,organic,2025-02-23
u009892,organic,2025-02-09
u009893,organic,2025-02-11
u009894,organic,2025-02-10
u009895,organic,2025-02-16
u009896,organic,2025-02-05
u009897,organic,2025-02-17
u009898,organic,2025-02-05
u009899,organic,2025-02-24
u009900,organic,2025-02-24
u009901,organic,2025-02-19
u009902,organic,2025-02-15
u009903,organic,2025-02-03
u009904,organic,2025-02-27
u009905,organic,2025-02-11
u009906,organic,2025-02-10
u009907,organic,2025-02-02
u009908,organic,2025-02-14
u009909,organic,2025-02-06
u009910,organic,2025-02-28
u009911,organic,2025-02-23
u009912,organic,2025-02-17
u009913,organic,2025-02-11
u009914,organic,2025-02-12
u009915,organic,2025-02-21
u009916,organic,2025-02-04
u009917,organic,2025-02-01
u009918,organic,2025-02-04
u009919,organic,2025-02-01
u009920,organic,2025-02-15
u009921,organic,2025-02-05
u009922,organic,2025-02-23
u009923,organic,2025-02-19
u009924,organic,2025-02-26
u009925,organic,2025-02-12
u009926,organic,2025-02-04
u009927,organic,2025-02-03
u009928,organic,2025-02-17
u009929,organic,2025-02-23
u009930,organic,2025-02-13
u009931,organic,2025-02-17
u009932,organic,2025-02-13
u009933,organic,2025-02-17
u009934,organic,2025-02-07
u009935,organic,2025-02-15
u009936,organic,2025-02-22
u009937,organic,2025-02-26
u009938,organic,2025-02-14
u009939,organic,2025-02-03
u009940,organic,2025-02-01
u009941,organic,2025-02-21
u009942,organic,2025-02-08
u009943,organic,2025-02-25
u009944,organic,2025-02-25
u009945,organic,2025-02-11
u009946,organic,2025-02-19
u009947,organic,2025-02-17
u009948,organic,2025-02-21
u009949,organic,2025-02-02
u009950,organic,2025-02-23
u009951,organic,2025-02-16
u009952,organic,2025-02-08
u009953,organic,2025-02-02
u009954,organic,2025-02-05
u009955,organic,2025-02-11
u009956,organic,2025-02-08
u009957,organic,2025-02-25
u009958,organic,2025-02-02
u009959,organic,2025-02-08
u009960,organic,2025-02-27
u009961,organic,2025-02-02
u009962,organic,2025-02-18
u009963,organic,2025-02-03
u009964,organic,2025-02-15
u009965,organic,2025-02-03
u009966,organic,2025-02-26
u009967,organic,2025-02-12
u009968,organic,2025-02-12
u009969,organic,2025-02-14
u009970,organic,2025-02-10
u009971,organic,2025-02-24
u009972,organic,2025-02-02
u009973,organic,2025-02-08
u009974,organic,2025-02-25
u009975,organic,2025-02-18
u009976,organic,2025-02-24
u009977,organic,2025-02-10
u009978,organic,2025-02-03
u009979,organic,2025-02-15
u009980,organic,2025-02-02
u009981,organic,2025-02-20
u009982,organic,2025-02-15
u009983,organic,2025-02-11
u009984,organic,2025-02-18
u009985,organic,2025-02-21
u009986,organic,2025-02-02
u009987,organic,2025-02-11
u009988,organic,2025-02-19
u009989,organic,2025-02-13
u009990,organic,2025-02-17
u009991,organic,2025-02-04
u009992,organic,2025-02-22
u009993,organic,2025-02-24
u009994,organic,2025-02-26
u009995,organic,2025-02-15
u009996,organic,2025-02-05
u009997,organic,2025-02-19
u009998,organic,2025-02-22
u009999,organic,2025-02-22
u010000,organic,2025-02-07
u010001,organic,2025-02-01
u010002,organic,2025-02-25
u010003,organic,2025-02-05
u010004,organic,2025-02-12
u010005,organic,2025-02-28
u010006,organic,2025-02-26
u010007,organic,2025-02-09
u010008,organic,2025-02-18
u010009,organic,2025-02-16
u010010,organic,2025-02-02
u010011,organic,2025-02-10
u010012,organic,2025-02-25
u010013,organic,2025-02-25
u010014,organic,2025-02-13
u010015,organic,2025-02-02
u010016,organic,2025-02-18
u010017,organic,2025-02-22
u010018,organic,2025-02-27
u010019,organic,2025-02-02
u010020,organic,2025-02-13
u010021,organic,2025-02-22
u010022,organic,2025-02-11
u010023,organic,2025-02-20
u010024,organic,2025-02-27
u010025,organic,2025-02-14
u010026,organic,2025-02-07
u010027,organic,2025-02-23
u010028,organic,2025-02-12
u010029,organic,2025-02-05
u010030,organic,2025-02-22
u010031,organic,2025-02-01
u010032,organic,2025-02-17
u010033,organic,2025-02-28
u010034,organic,2025-02-09
u010035,organic,2025-02-10
u010036,organic,2025-02-12
u010037,organic,2025-02-23
u010038,organic,2025-02-28
u010039,organic,2025-02-09
u010040,organic,2025-02-21
u010041,organic,2025-02-05
u010042,organic,2025-02-28
u010043,organic,2025-02-24
u010044,organic,2025-02-03
u010045,organic,2025-02-25
u010046,organic,2025-02-02
u010047,organic,2025-02-11
u010048,organic,2025-02-02
u010049,organic,2025-02-11
u010050,organic,2025-02-26
u010051,organic,2025-02-06
u010052,organic,2025-02-20
u010053,organic,2025-02-15
u010054,organic,2025-02-08
u010055,organic,2025-02-27
u010056,organic,2025-02-16
u010057,organic,2025-02-12
u010058,organic,2025-02-06
u010059,organic,2025-02-28
u010060,organic,2025-02-17
u010061,organic,2025-02-19
u010062,organic,2025-02-09
u010063,organic,2025-02-05
u010064,organic,2025-02-18
u010065,organic,2025-02-15
u010066,organic,2025-02-04
u010067,organic,2025-02-26
u010068,organic,2025-02-08
u010069,organic,2025-02-05
u010070,organic,2025-02-01
u010071,organic,2025-02-09
u010072,organic,2025-02-24
u010073,organic,2025-02-12
u010074,organic,2025-02-23
u010075,organic,2025-02-19
u010076,organic,2025-02-10
u010077,organic,2025-02-22
u010078,organic,2025-02-05
u010079,organic,2025-02-15
u010080,organic,2025-02-02
u010081,organic,2025-02-16
u010082,organic,2025-02-20
u010083,organic,2025-02-17
u010084,organic,2025-02-04
u010085,organic,2025-02-02
u010086,organic,2025-02-09
u010087,organic,2025-02-13
u010088,organic,2025-02-24
u010089,organic,2025-02-28
u010090,organic,2025-02-02
u010091,organic,2025-02-22
u010092,organic,2025-02-08
u010093,organic,2025-02-05
u010094,organic,2025-02-28
u010095,organic,2025-02-02
u010096,organic,2025-02-04
u010097,organic,2025-02-16
u010098,organic,2025-02-04
u010099,organic,2025-02-06
u010100,organic,2025-02-26
u010101,organic,2025-02-26
u010102,organic,2025-02-26
u010103,organic,2025-02-04
u010104,organic,2025-02-20
u010105,organic,2025-02-20
u010106,organic,2025-02-20
u010107,organic,2025-02-13
u010108,organic,2025-02-18
u010109,organic,2025-02-15
u010110,organic,2025-02-18
u010111,organic,2025-02-18
u010112,organic,2025-02-16
u010113,organic,2025-02-03
u010114,organic,2025-02-27
u010115,organic,2025-02-11
u010116,organic,2025-02-16
u010117,organic,2025-02-28
u010118,organic,2025-02-20
u010119,organic,2025-02-09
u010120,organic,2025-02-16
u010121,organic,2025-02-07
u010122,organic,2025-02-13
u010123,organic,2025-02-16
u010124,organic,2025-02-17
u010125,search,2025-03-13
u010126,search,2025-03-13
u010127,search,2025-03-22
u010128,search,2025-03-07
u010129,search,2025-03-30
u010130,search,2025-03-06
u010131,search,2025-03-22
u010132,search,2025-03-10
u010133,search,2025-03-19
u010134,search,2025-03-23
u010135,search,2025-03-11
u010136,search,2025-03-01
u010137,search,2025-03-29
u010138,search,2025-03-07
u010139,search,2025-03-31
u010140,search,2025-03-23
u010141,search,2025-03-30
u010142,search,2025-03-29
u010143,search,2025-03-02
u010144,search,2025-03-31
u010145,search,2025-03-12
u010146,search,2025-03-03
u010147,search,2025-03-20
u010148,search,2025-03-20
u010149,search,2025-03-21
u010150,search,2025-03-30
u010151,search,2025-03-20
u010152,search,2025-03-07
u010153,search,2025-03-07
u010154,search,2025-03-20
u010155,search,2025-03-21
u010156,search,2025-03-28
u010157,search,2025-03-12
u010158,search,2025-03-06
u010159,search,2025-03-22
u010160,search,2025-03-03
u010161,search,2025-03-21
u010162,search,2025-03-05
u010163,search,2025-03-19
u010164,search,2025-03-06
u010165,search,2025-03-11
u010166,search,2025-03-28
u010167,search,2025-03-14
u010168,search,2025-03-05
u010169,search,2025-03-14
u010170,search,2025-03-05
u010171,search,2025-03-22
u010172,search,2025-03-12
u010173,search,2025-03-15
u010174,search,2025-03-12
u010175,search,2025-03-14
u010176,search,2025-03-09
u010177,search,2025-03-18
u010178,search,2025-03-08
u010179,search,2025-03-01
u010180,search,2025-03-20
u010181,search,2025-03-22
u010182,search,2025-03-15
u010183,search,2025-03-04
u010184,search,2025-03-13
u010185,search,2025-03-01
u010186,search,2025-03-29
u010187,search,2025-03-30
u010188,search,2025-03-21
u010189,search,2025-03-22
u010190,search,2025-03-05
u010191,search,2025-03-18
u010192,search,2025-03-13
u010193,search,2025-03-05
u010194,search,2025-03-17
u010195,search,2025-03-23
u010196,search,2025-03-15
u010197,search,2025-03-05
u010198,search,2025-03-28
u010199,search,2025-03-19
u010200,search,2025-03-03
u010201,search,2025-03-11
u010202,search,2025-03-05
u010203,search,2025-03-24
u010204,search,2025-03-27
u010205,search,2025-03-24
u010206,search,2025-03-20
u010207,search,2025-03-18
u010208,search,2025-03-02
u010209,search,2025-03-05
u010210,search,2025-03-18
u010211,search,2025-03-16
u010212,search,2025-03-31
u010213,search,2025-03-25
u010214,search,2025-03-22
u010215,search,2025-03-29
u010216,search,2025-03-05
u010217,search,2025-03-30
u010218,search,2025-03-11
u010219,search,2025-03-08
u010220,search,2025-03-16
u010221,search,2025-03-31
u010222,search,2025-03-02
u010223,search,2025-03-03
u010224,search,2025-03-06
u010225,search,2025-03-22
u010226,search,2025-03-12
u010227,search,2025-03-11
u010228,search,2025-03-23
u010229,search,2025-03-05
u010230,search,2025-03-06
u010231,search,2025-03-12
u010232,search,2025-03-14
u010233,search,2025-03-04
u010234,search,2025-03-17
u010235,search,2025-03-14
u010236,search,2025-03-17
u010237,search,2025-03-24
u010238,search,2025-03-29
u010239,search,2025-03-30
u010240,search,2025-03-22
u010241,search,2025-03-18
u010242,search,2025-03-27
u010243,search,2025-03-01
u010244,search,2025-03-30
u010245,search,2025-03-13
u010246,search,2025-03-29
u010247,search,2025-03-02
u010248,search,2025-03-27
u010249,search,2025-03-26
u010250,search,2025-03-18
u010251,search,2025-03-03
u010252,search,2025-03-06
u010253,search,2025-03-19
u010254,search,2025-03-06
u010255,search,2025-03-16
u010256,search,2025-03-17
u010257,search,2025-03-17
u010258,search,2025-03-16
u010259,search,2025-03-13
u010260,search,2025-03-16
u010261,search,2025-03-22
u010262,search,2025-03-04
u010263,search,2025-03-03
u010264,search,2025-03-21
u010265,search,2025-03-17
u010266,search,2025-03-25
u010267,search,2025-03-30
u010268,search,2025-03-19
u010269,search,2025-03-12
u010270,search,2025-03-21
u010271,search,2025-03-27
u010272,search,2025-03-16
u010273,search,2025-03-26
u010274,search,2025-03-19
u010275,search,2025-03-21
u010276,search,2025-03-05
u010277,search,2025-03-16
u010278,search,2025-03-04
u010279,search,2025-03-08
u010280,search,2025-03-10
u010281,search,2025-03-05
u010282,search,2025-03-15
u010283,search,2025-03-22
u010284,search,2025-03-09
u010285,search,2025-03-17
u010286,search,2025-03-24
u010287,search,2025-03-21
u010288,search,2025-03-22
u010289,search,2025-03-12
u010290,search,2025-03-14
u010291,search,2025-03-28
u010292,search,2025-03-08
u010293,search,2025-03-25
u010294,search,2025-03-10
u010295,search,2025-03-15
u010296,search,2025-03-05
u010297,search,2025-03-12
u010298,search,2025-03-02
u010299,search,2025-03-18
u010300,search,2025-03-02
u010301,search,2025-03-30
u010302,search,2025-03-01
u010303,search,2025-03-18
u010304,search,2025-03-24
u010305,search,2025-03-12
u010306,search,2025-03-04
u010307,search,2025-03-19
u010308,search,2025-03-17
u010309,search,2025-03-10
u010310,search,2025-03-09
u010311,search,2025-03-12
u010312,search,2025-03-01
u010313,search,2025-03-14
u010314,search,2025-03-27
u010315,search,2025-03-19
u010316,search,2025-03-30
u010317,search,2025-03-22
u010318,search,2025-03-24
u010319,search,2025-03-16
u010320,search,2025-03-25
u010321,search,2025-03-12
u010322,search,2025-03-27
u010323,search,2025-03-19
u010324,search,2025-03-03
u010325,search,2025-03-15
u010326,search,2025-03-16
u010327,search,2025-03-24
u010328,search,2025-03-15
u010329,search,2025-03-19
u010330,search,2025-03-27
u010331,search,2025-03-18
u010332,search,2025-03-03
u010333,search,2025-03-04
u010334,search,2025-03-10
u010335,search,2025-03-04
u010336,search,2025-03-27
u010337,search,2025-03-15
u010338,search,2025-03-31
u010339,search,2025-03-13
u010340,search,2025-03-07
u010341,search,2025-03-30
u010342,search,2025-03-05
u010343,search,2025-03-07
u010344,search,2025-03-09
u010345,search,2025-03-06
u010346,search,2025-03-22
u010347,search,2025-03-25
u010348,search,2025-03-18
u010349,search,2025-03-26
u010350,search,2025-03-05
u010351,search,2025-03-18
u010352,search,2025-03-09
u010353,search,2025-03-24
u010354,search,2025-03-08
u010355,search,2025-03-06
u010356,search,2025-03-16
u010357,search,2025-03-25
u010358,search,2025-03-06
u010359,search,2025-03-17
u010360,search,2025-03-23
u010361,search,2025-03-08
u010362,search,2025-03-01
u010363,search,2025-03-11
u010364,search,2025-03-04
u010365,search,2025-03-04
u010366,search,2025-03-09
u010367,search,2025-03-23
u010368,search,2025-03-11
u010369,search,2025-03-25
u010370,search,2025-03-09
u010371,search,2025-03-02
u010372,search,2025-03-20
u010373,search,2025-03-17
u010374,search,2025-03-07
u010375,search,2025-03-01
u010376,search,2025-03-03
u010377,search,2025-03-19
u010378,search,2025-03-06
u010379,search,2025-03-14
u010380,search,2025-03-12
u010381,search,2025-03-11
u010382,search,2025-03-10
u010383,search,2025-03-03
u010384,search,2025-03-07
u010385,search,2025-03-30
u010386,search,2025-03-10
u010387,search,2025-03-16
u010388,search,2025-03-03
u010389,search,2025-03-08
u010390,search,2025-03-11
u010391,search,2025-03-16
u010392,search,2025-03-29
u010393,search,2025-03-10
u010394,search,2025-03-22
u010395,search,2025-03-18
u010396,search,2025-03-06
u010397,search,2025-03-20
u010398,search,2025-03-21
u010399,search,2025-03-23
u010400,search,2025-03-27
u010401,search,2025-03-06
u010402,search,2025-03-19
u010403,search,2025-03-14
u010404,search,2025-03-13
u010405,search,2025-03-30
u010406,search,2025-03-01
u010407,search,2025-03-06
u010408,search,2025-03-16
u010409,search,2025-03-20
u010410,search,2025-03-20
u010411,search,2025-03-14
u010412,search,2025-03-23
u010413,search,2025-03-07
u010414,search,2025-03-11
u010415,search,2025-03-26
u010416,search,2025-03-14
u010417,search,2025-03-26
u010418,search,2025-03-03
u010419,search,2025-03-15
u010420,search,2025-03-20
u010421,search,2025-03-30
u010422,search,2025-03-26
u010423,search,2025-03-19
u010424,search,2025-03-04
u010425,search,2025-03-14
u010426,search,2025-03-28
u010427,search,2025-03-15
u010428,search,2025-03-06
u010429,search,2025-03-13
u010430,search,2025-03-15
u010431,search,2025-03-04
u010432,search,2025-03-24
u010433,search,2025-03-23
u010434,search,2025-03-08
u010435,search,2025-03-21
u010436,search,2025-03-31
u010437,search,2025-03-23
u010438,search,2025-03-31
u010439,search,2025-03-01
u010440,search,2025-03-25
u010441,search,2025-03-01
u010442,search,2025-03-27
u010443,search,2025-03-28
u010444,search,2025-03-08
u010445,search,2025-03-25
u010446,search,2025-03-31
u010447,search,2025-03-09
u010448,search,2025-03-07
u010449,search,2025-03-30
u010450,search,2025-03-13
u010451,search,2025-03-16
u010452,search,2025-03-06
u010453,search,2025-03-15
u010454,search,2025-03-17
u010455,search,2025-03-27
u010456,search,2025-03-31
u010457,search,2025-03-03
u010458,search,2025-03-22
u010459,search,2025-03-19
u010460,search,2025-03-22
u010461,search,2025-03-21
u010462,search,2025-03-17
u010463,search,2025-03-30
u010464,search,2025-03-08
u010465,search,2025-03-24
u010466,search,2025-03-01
u010467,search,2025-03-21
u010468,search,2025-03-20
u010469,search,2025-03-16
u010470,search,2025-03-08
u010471,search,2025-03-13
u010472,search,2025-03-03
u010473,search,2025-03-05
u010474,search,2025-03-25
u010475,search,2025-03-02
u010476,search,2025-03-24
u010477,search,2025-03-20
u010478,search,2025-03-16
u010479,search,2025-03-15
u010480,search,2025-03-24
u010481,search,2025-03-26
u010482,search,2025-03-20
u010483,search,2025-03-26
u010484,search,2025-03-21
u010485,search,2025-03-25
u010486,search,2025-03-12
u010487,search,2025-03-25
u010488,search,2025-03-20
u010489,search,2025-03-14
u010490,search,2025-03-21
u010491,search,2025-03-28
u010492,search,2025-03-05
u010493,search,2025-03-07
u010494,search,2025-03-28
u010495,search,2025-03-12
u010496,search,2025-03-20
u010497,search,2025-03-14
u010498,search,2025-03-11
u010499,search,2025-03-16
u010500,search,2025-03-14
u010501,search,2025-03-16
u010502,search,2025-03-11
u010503,search,2025-03-05
u010504,search,2025-03-25
u010505,search,2025-03-09
u010506,search,2025-03-11
u010507,search,2025-03-01
u010508,search,2025-03-21
u010509,search,2025-03-31
u010510,search,2025-03-02
u010511,search,2025-03-15
u010512,search,2025-03-17
u010513,search,2025-03-26
u010514,search,2025-03-15
u010515,search,2025-03-30
u010516,search,2025-03-06
u010517,search,2025-03-06
u010518,search,2025-03-18
u010519,search,2025-03-09
u010520,search,2025-03-28
u010521,search,2025-03-26
u010522,search,2025-03-11
u010523,search,2025-03-23
u010524,search,2025-03-07
u010525,search,2025-03-21
u010526,search,2025-03-21
u010527,search,2025-03-25
u010528,search,2025-03-30
u010529,search,2025-03-27
u010530,search,2025-03-31
u010531,search,2025-03-21
u010532,search,2025-03-18
u010533,search,2025-03-13
u010534,search,2025-03-04
u010535,search,2025-03-03
u010536,search,2025-03-19
u010537,search,2025-03-14
u010538,search,2025-03-27
u010539,search,2025-03-17
u010540,search,2025-03-16
u010541,search,2025-03-25
u010542,search,2025-03-03
u010543,search,2025-03-01
u010544,search,2025-03-26
u010545,search,2025-03-31
u010546,search,2025-03-28
u010547,search,2025-03-27
u010548,search,2025-03-29
u010549,search,2025-03-20
u010550,search,2025-03-14
u010551,search,2025-03-25
u010552,search,2025-03-03
u010553,search,2025-03-19
u010554,search,2025-03-29
u010555,search,2025-03-18
u010556,search,2025-03-27
u010557,search,2025-03-02
u010558,search,2025-03-05
u010559,search,2025-03-11
u010560,search,2025-03-26
u010561,search,2025-03-07
u010562,search,2025-03-05
u010563,search,2025-03-02
u010564,search,2025-03-12
u010565,search,2025-03-06
u010566,search,2025-03-21
u010567,search,2025-03-14
u010568,search,2025-03-24
u010569,search,2025-03-31
u010570,search,2025-03-04
u010571,search,2025-03-25
u010572,search,2025-03-31
u010573,search,2025-03-10
u010574,search,2025-03-31
u010575,search,2025-03-01
u010576,search,2025-03-04
u010577,search,2025-03-23
u010578,search,2025-03-04
u010579,search,2025-03-27
u010580,search,2025-03-23
u010581,search,2025-03-04
u010582,search,2025-03-07
u010583,search,2025-03-28
u010584,search,2025-03-27
u010585,search,2025-03-22
u010586,search,2025-03-27
u010587,search,2025-03-30
u010588,search,2025-03-22
u010589,search,2025-03-24
u010590,search,2025-03-26
u010591,search,2025-03-02
u010592,search,2025-03-16
u010593,search,2025-03-05
u010594,search,2025-03-13
u010595,search,2025-03-04
u010596,search,2025-03-17
u010597,search,2025-03-12
u010598,search,2025-03-16
u010599,search,2025-03-27
u010600,search,2025-03-04
u010601,search,2025-03-06
u010602,search,2025-03-22
u010603,search,2025-03-22
u010604,search,2025-03-14
u010605,search,2025-03-22
u010606,search,2025-03-05
u010607,search,2025-03-29
u010608,search,2025-03-07
u010609,search,2025-03-30
u010610,search,2025-03-01
u010611,search,2025-03-31
u010612,search,2025-03-26
u010613,search,2025-03-28
u010614,search,2025-03-22
u010615,search,2025-03-29
u010616,search,2025-03-07
u010617,search,2025-03-01
u010618,search,2025-03-06
u010619,search,2025-03-19
u010620,search,2025-03-21
u010621,search,2025-03-01
u010622,search,2025-03-04
u010623,search,2025-03-10
u010624,search,2025-03-18
u010625,search,2025-03-28
u010626,search,2025-03-09
u010627,search,2025-03-26
u010628,search,2025-03-08
u010629,search,2025-03-31
u010630,search,2025-03-27
u010631,search,2025-03-27
u010632,search,2025-03-30
u010633,search,2025-03-07
u010634,search,2025-03-08
u010635,search,2025-03-12
u010636,search,2025-03-29
u010637,search,2025-03-21
u010638,search,2025-03-29
u010639,search,2025-03-05
u010640,search,2025-03-29
u010641,search,2025-03-28
u010642,search,2025-03-05
u010643,search,2025-03-03
u010644,search,2025-03-31
u010645,search,2025-03-03
u010646,search,2025-03-09
u010647,search,2025-03-28
u010648,search,2025-03-03
u010649,search,2025-03-25
u010650,search,2025-03-16
u010651,search,2025-03-12
u010652,search,2025-03-02
u010653,search,2025-03-15
u010654,search,2025-03-02
u010655,search,2025-03-10
u010656,search,2025-03-23
u010657,search,2025-03-28
u010658,search,2025-03-07
u010659,search,2025-03-31
u010660,search,2025-03-28
u010661,search,2025-03-07
u010662,search,2025-03-25
u010663,search,2025-03-17
u010664,search,2025-03-15
u010665,search,2025-03-29
u010666,search,2025-03-28
u010667,search,2025-03-24
u010668,search,2025-03-31
u010669,search,2025-03-15
u010670,search,2025-03-16
u010671,search,2025-03-18
u010672,search,2025-03-01
u010673,search,2025-03-26
u010674,search,2025-03-06
u010675,search,2025-03-27
u010676,search,2025-03-06
u010677,search,2025-03-01
u010678,search,2025-03-01
u010679,search,2025-03-04
u010680,search,2025-03-10
u010681,search,2025-03-22
u010682,search,2025-03-18
u010683,search,2025-03-22
u010684,search,2025-03-19
u010685,search,2025-03-10
u010686,search,2025-03-15
u010687,search,2025-03-08
u010688,search,2025-03-31
u010689,search,2025-03-23
u010690,search,2025-03-18
u010691,search,2025-03-30
u010692,search,2025-03-09
u010693,search,2025-03-30
u010694,search,2025-03-13
u010695,search,2025-03-02
u010696,search,2025-03-08
u010697,search,2025-03-11
u010698,search,2025-03-09
u010699,search,2025-03-05
u010700,search,2025-03-09
u010701,search,2025-03-12
u010702,search,2025-03-02
u010703,search,2025-03-22
u010704,search,2025-03-14
u010705,search,2025-03-31
u010706,search,2025-03-07
u010707,search,2025-03-09
u010708,search,2025-03-29
u010709,search,2025-03-13
u010710,search,2025-03-23
u010711,search,2025-03-29
u010712,search,2025-03-26
u010713,search,2025-03-17
u010714,search,2025-03-15
u010715,search,2025-03-07
u010716,search,2025-03-01
u010717,search,2025-03-28
u010718,search,2025-03-06
u010719,search,2025-03-31
u010720,search,2025-03-10
u010721,search,2025-03-27
u010722,search,2025-03-13
u010723,search,2025-03-05
u010724,search,2025-03-12
u010725,search,2025-03-09
u010726,search,2025-03-27
u010727,search,2025-03-18
u010728,search,2025-03-11
u010729,search,2025-03-30
u010730,search,2025-03-03
u010731,search,2025-03-04
u010732,search,2025-03-11
u010733,search,2025-03-13
u010734,search,2025-03-05
u010735,search,2025-03-22
u010736,search,2025-03-29
u010737,search,2025-03-08
u010738,search,2025-03-19
u010739,search,2025-03-31
u010740,search,2025-03-02
u010741,search,2025-03-24
u010742,search,2025-03-01
u010743,search,2025-03-19
u010744,search,2025-03-27
u010745,search,2025-03-08
u010746,search,2025-03-28
u010747,search,2025-03-09
u010748,search,2025-03-18
u010749,search,2025-03-21
u010750,search,2025-03-11
u010751,search,2025-03-29
u010752,search,2025-03-30
u010753,search,2025-03-23
u010754,search,2025-03-09
u010755,search,2025-03-05
u010756,search,2025-03-17
u010757,search,2025-03-04
u010758,search,2025-03-03
u010759,search,2025-03-13
u010760,search,2025-03-28
u010761,search,2025-03-01
u010762,search,2025-03-31
u010763,search,2025-03-05
u010764,search,2025-03-19
u010765,search,2025-03-04
u010766,search,2025-03-27
u010767,search,2025-03-27
u010768,search,2025-03-14
u010769,search,2025-03-06
u010770,search,2025-03-21
u010771,search,2025-03-16
u010772,search,2025-03-10
u010773,search,2025-03-28
u010774,search,2025-03-13
u010775,search,2025-03-18
u010776,search,2025-03-06
u010777,search,2025-03-05
u010778,search,2025-03-19
u010779,search,2025-03-31
u010780,search,2025-03-05
u010781,search,2025-03-02
u010782,search,2025-03-31
u010783,search,2025-03-21
u010784,search,2025-03-01
u010785,search,2025-03-31
u010786,search,2025-03-04
u010787,search,2025-03-18
u010788,search,2025-03-09
u010789,search,2025-03-11
u010790,search,2025-03-05
u010791,search,2025-03-20
u010792,search,2025-03-31
u010793,search,2025-03-28
u010794,search,2025-03-14
u010795,search,2025-03-14
u010796,search,2025-03-21
u010797,search,2025-03-25
u010798,search,2025-03-31
u010799,search,2025-03-08
u010800,search,2025-03-29
u010801,search,2025-03-03
u010802,search,2025-03-02
u010803,search,2025-03-22
u010804,search,2025-03-15
u010805,search,2025-03-28
u010806,search,2025-03-01
u010807,search,2025-03-03
u010808,search,2025-03-09
u010809,search,2025-03-01
u010810,search,2025-03-20
u010811,search,2025-03-07
u010812,search,2025-03-04
u010813,search,2025-03-19
u010814,search,2025-03-25
u010815,search,2025-03-18
u010816,search,2025-03-24
u010817,search,2025-03-05
u010818,search,2025-03-08
u010819,search,2025-03-25
u010820,search,2025-03-09
u010821,search,2025-03-30
u010822,search,2025-03-26
u010823,search,2025-03-13
u010824,search,2025-03-21
u010825,search,2025-03-20
u010826,search,2025-03-16
u010827,search,2025-03-15
u010828,search,2025-03-08
u010829,search,2025-03-07
u010830,search,2025-03-02
u010831,search,2025-03-09
u010832,search,2025-03-28
u010833,search,2025-03-12
u010834,search,2025-03-31
u010835,search,2025-03-31
u010836,search,2025-03-04
u010837,search,2025-03-27
u010838,search,2025-03-30
u010839,search,2025-03-05
u010840,search,2025-03-14
u010841,search,2025-03-22
u010842,search,2025-03-23
u010843,search,2025-03-20
u010844,search,2025-03-22
u010845,search,2025-03-12
u010846,search,2025-03-16
u010847,search,2025-03-09
u010848,search,2025-03-02
u010849,search,2025-03-28
u010850,search,2025-03-15
u010851,search,2025-03-18
u010852,search,2025-03-02
u010853,search,2025-03-29
u010854,search,2025-03-17
u010855,search,2025-03-12
u010856,search,2025-03-17
u010857,search,2025-03-25
u010858,search,2025-03-15
u010859,search,2025-03-19
u010860,search,2025-03-13
u010861,search,2025-03-18
u010862,search,2025-03-09
u010863,search,2025-03-25
u010864,search,2025-03-19
u010865,search,2025-03-07
u010866,search,2025-03-20
u010867,search,2025-03-20
u010868,search,2025-03-25
u010869,search,2025-03-04
u010870,search,2025-03-27
u010871,search,2025-03-01
u010872,search,2025-03-24
u010873,search,2025-03-26
u010874,search,2025-03-31
u010875,search,2025-03-01
u010876,search,2025-03-25
u010877,search,2025-03-08
u010878,search,2025-03-31
u010879,search,2025-03-24
u010880,search,2025-03-26
u010881,search,2025-03-23
u010882,search,2025-03-04
u010883,search,2025-03-23
u010884,search,2025-03-03
u010885,search,2025-03-27
u010886,search,2025-03-03
u010887,search,2025-03-28
u010888,search,2025-03-03
u010889,search,2025-03-05
u010890,search,2025-03-20
u010891,search,2025-03-28
u010892,search,2025-03-25
u010893,search,2025-03-27
u010894,search,2025-03-07
u010895,search,2025-03-04
u010896,search,2025-03-31
u010897,search,2025-03-05
u010898,search,2025-03-01
u010899,search,2025-03-21
u010900,search,2025-03-12
u010901,search,2025-03-30
u010902,search,2025-03-02
u010903,search,2025-03-30
u010904,search,2025-03-26
u010905,search,2025-03-04
u010906,search,2025-03-13
u010907,search,2025-03-19
u010908,search,2025-03-21
u010909,search,2025-03-04
u010910,search,2025-03-25
u010911,search,2025-03-13
u010912,search,2025-03-05
u010913,search,2025-03-24
u010914,search,2025-03-25
u010915,search,2025-03-19
u010916,search,2025-03-31
u010917,search,2025-03-06
u010918,search,2025-03-19
u010919,search,2025-03-12
u010920,search,2025-03-03
u010921,search,2025-03-25
u010922,search,2025-03-31
u010923,search,2025-03-08
u010924,search,2025-03-09
u010925,search,2025-03-15
u010926,search,2025-03-09
u010927,search,2025-03-19
u010928,search,2025-03-22
u010929,search,2025-03-27
u010930,search,2025-03-29
u010931,search,2025-03-08
u010932,search,2025-03-12
u010933,search,2025-03-03
u010934,search,2025-03-11
u010935,search,2025-03-20
u010936,search,2025-03-21
u010937,search,2025-03-03
u010938,search,2025-03-05
u010939,search,2025-03-25
u010940,search,2025-03-30
u010941,search,2025-03-25
u010942,search,2025-03-18
u010943,search,2025-03-25
u010944,search,2025-03-06
u010945,search,2025-03-14
u010946,search,2025-03-28
u010947,search,2025-03-31
u010948,search,2025-03-13
u010949,search,2025-03-22
u010950,search,2025-03-25
u010951,search,2025-03-05
u010952,search,2025-03-15
u010953,search,2025-03-11
u010954,search,2025-03-04
u010955,search,2025-03-12
u010956,search,2025-03-25
u010957,search,2025-03-01
u010958,search,2025-03-14
u010959,search,2025-03-26
u010960,search,2025-03-08
u010961,search,2025-03-10
u010962,search,2025-03-09
u010963,search,2025-03-21
u010964,search,2025-03-09
u010965,search,2025-03-18
u010966,search,2025-03-12
u010967,search,2025-03-28
u010968,search,2025-03-16
u010969,search,2025-03-22
u010970,search,2025-03-12
u010971,search,2025-03-20
u010972,search,2025-03-06
u010973,search,2025-03-30
u010974,search,2025-03-21
u010975,search,2025-03-22
u010976,search,2025-03-20
u010977,search,2025-03-05
u010978,search,2025-03-21
u010979,search,2025-03-22
u010980,search,2025-03-27
u010981,search,2025-03-02
u010982,search,2025-03-01
u010983,search,2025-03-30
u010984,search,2025-03-16
u010985,search,2025-03-24
u010986,search,2025-03-28
u010987,search,2025-03-06
u010988,search,2025-03-21
u010989,search,2025-03-13
u010990,search,2025-03-21
u010991,search,2025-03-24
u010992,search,2025-03-23
u010993,search,2025-03-28
u010994,search,2025-03-30
u010995,display,2025-03-12
u010996,display,2025-03-22
u010997,display,2025-03-02
u010998,display,2025-03-22
u010999,display,2025-03-12
u011000,display,2025-03-05
u011001,display,2025-03-21
u011002,display,2025-03-20
u011003,display,2025-03-27
u011004,display,2025-03-07
u011005,display,2025-03-09
u011006,display,2025-03-05
u011007,display,2025-03-27
u011008,display,2025-03-30
u011009,display,2025-03-02
u011010,display,2025-03-24
u011011,display,2025-03-12
u011012,display,2025-03-19
u011013,display,2025-03-24
u011014,display,2025-03-06
u011015,display,2025-03-07
u011016,display,2025-03-26
u011017,display,2025-03-13
u011018,display,2025-03-12
u011019,display,2025-03-06
u011020,display,2025-03-28
u011021,display,2025-03-31
u011022,display,2025-03-12
u011023,display,2025-03-27
u011024,display,2025-03-24
u011025,display,2025-03-15
u011026,display,2025-03-03
u011027,display,2025-03-01
u011028,display,2025-03-09
u011029,display,2025-03-20
u011030,display,2025-03-12
u011031,display,2025-03-21
u011032,display,2025-03-02
u011033,display,2025-03-27
u011034,display,2025-03-23
u011035,display,2025-03-25
u011036,display,2025-03-21
u011037,display,2025-03-07
u011038,display,2025-03-14
u011039,display,2025-03-06
u011040,display,2025-03-17
u011041,display,2025-03-25
u011042,display,2025-03-23
u011043,display,2025-03-01
u011044,display,2025-03-06
u011045,display,2025-03-01
u011046,display,2025-03-14
u011047,display,2025-03-10
u011048,display,2025-03-26
u011049,display,2025-03-08
u011050,display,2025-03-27
u011051,display,2025-03-26
u011052,display,2025-03-27
u011053,display,2025-03-22
u011054,display,2025-03-26
u011055,display,2025-03-11
u011056,display,2025-03-18
u011057,display,2025-03-07
u011058,display,2025-03-01
u011059,display,2025-03-04
u011060,display,2025-03-02
u011061,display,2025-03-30
u011062,display,2025-03-19
u011063,display,2025-03-13
u011064,display,2025-03-15
u011065,display,2025-03-17
u011066,display,2025-03-17
u011067,display,2025-03-20
u011068,display,2025-03-03
u011069,display,2025-03-13
u011070,display,2025-03-18
u011071,display,2025-03-28
u011072,display,2025-03-05
u011073,display,2025-03-05
u011074,display,2025-03-09
u011075,display,2025-03-28
u011076,display,2025-03-02
u011077,display,2025-03-09
u011078,display,2025-03-16
u011079,display,2025-03-09
u011080,display,2025-03-21
u011081,display,2025-03-20
u011082,display,2025-03-28
u011083,display,2025-03-21
u011084,display,2025-03-28
u011085,display,2025-03-13
u011086,display,2025-03-20
u011087,display,2025-03-04
u011088,display,2025-03-01
u011089,display,2025-03-04
u011090,display,2025-03-24
u011091,display,2025-03-18
u011092,display,2025-03-28
u011093,display,2025-03-19
u011094,display,2025-03-04
u011095,display,2025-03-26
u011096,display,2025-03-20
u011097,display,2025-03-20
u011098,display,2025-03-07
u011099,display,2025-03-13
u011100,display,2025-03-21
u011101,display,2025-03-22
u011102,display,2025-03-24
u011103,display,2025-03-16
u011104,display,2025-03-20
u011105,display,2025-03-29
u011106,display,2025-03-19
u011107,display,2025-03-17
u011108,display,2025-03-26
u011109,display,2025-03-03
u011110,display,2025-03-26
u011111,display,2025-03-03
u011112,display,2025-03-12
u011113,display,2025-03-30
u011114,display,2025-03-20
u011115,display,2025-03-18
u011116,display,2025-03-17
u011117,display,2025-03-14
u011118,display,2025-03-06
u011119,display,2025-03-11
u011120,display,2025-03-31
u011121,display,2025-03-02
u011122,display,2025-03-31
u011123,display,2025-03-06
u011124,display,2025-03-20
u011125,display,2025-03-13
u011126,display,2025-03-16
u011127,display,2025-03-04
u011128,display,2025-03-01
u011129,display,2025-03-31
u011130,display,2025-03-08
u011131,display,2025-03-16
u011132,display,2025-03-23
u011133,display,2025-03-26
u011134,display,2025-03-23
u011135,display,2025-03-16
u011136,display,2025-03-24
u011137,display,2025-03-15
u011138,display,2025-03-07
u011139,display,2025-03-29
u011140,display,2025-03-13
u011141,display,2025-03-10
u011142,display,2025-03-13
u011143,display,2025-03-04
u011144,display,2025-03-09
u011145,display,2025-03-27
u011146,display,2025-03-18
u011147,display,2025-03-11
u011148,display,2025-03-31
u011149,display,2025-03-01
u011150,display,2025-03-16
u011151,display,2025-03-04
u011152,display,2025-03-31
u011153,display,2025-03-20
u011154,display,2025-03-06
u011155,display,2025-03-04
u011156,display,2025-03-21
u011157,display,2025-03-05
u011158,display,2025-03-02
u011159,display,2025-03-08
u011160,display,2025-03-27
u011161,display,2025-03-25
u011162,display,2025-03-18
u011163,display,2025-03-08
u011164,display,2025-03-07
u011165,display,2025-03-29
u011166,display,2025-03-11
u011167,display,2025-03-17
u011168,display,2025-03-16
u011169,display,2025-03-21
u011170,display,2025-03-18
u011171,display,2025-03-28
u011172,display,2025-03-09
u011173,display,2025-03-17
u011174,display,2025-03-15
u011175,display,2025-03-19
u011176,display,2025-03-26
u011177,display,2025-03-03
u011178,display,2025-03-22
u011179,display,2025-03-13
u011180,display,2025-03-28
u011181,display,2025-03-23
u011182,display,2025-03-02
u011183,display,2025-03-09
u011184,display,2025-03-28
u011185,display,2025-03-20
u011186,display,2025-03-29
u011187,display,2025-03-15
u011188,display,2025-03-03
u011189,display,2025-03-22
u011190,display,2025-03-06
u011191,display,2025-03-02
u011192,display,2025-03-31
u011193,display,2025-03-09
u011194,display,2025-03-05
u011195,display,2025-03-24
u011196,display,2025-03-07
u011197,display,2025-03-19
u011198,display,2025-03-31
u011199,display,2025-03-26
u011200,display,2025-03-12
u011201,display,2025-03-18
u011202,display,2025-03-19
u011203,display,2025-03-29
u011204,display,2025-03-30
u011205,display,2025-03-04
u011206,display,2025-03-29
u011207,display,2025-03-04
u011208,display,2025-03-16
u011209,display,2025-03-05
u011210,display,2025-03-20
u011211,display,2025-03-13
u011212,display,2025-03-28
u011213,display,2025-03-04
u011214,display,2025-03-08
u011215,display,2025-03-25
u011216,display,2025-03-15
u011217,display,2025-03-27
u011218,display,2025-03-03
u011219,display,2025-03-24
u011220,display,2025-03-04
u011221,display,2025-03-20
u011222,display,2025-03-03
u011223,display,2025-03-03
u011224,display,2025-03-27
u011225,display,2025-03-03
u011226,display,2025-03-10
u011227,display,2025-03-16
u011228,display,2025-03-15
u011229,display,2025-03-27
u011230,display,2025-03-20
u011231,display,2025-03-20
u011232,display,2025-03-29
u011233,display,2025-03-15
u011234,display,2025-03-06
u011235,display,2025-03-12
u011236,display,2025-03-19
u011237,display,2025-03-01
u011238,display,2025-03-29
u011239,display,2025-03-07
u011240,display,2025-03-10
u011241,display,2025-03-11
u011242,display,2025-03-27
u011243,display,2025-03-07
u011244,display,2025-03-18
u011245,display,2025-03-15
u011246,display,2025-03-18
u011247,display,2025-03-11
u011248,display,2025-03-17
u011249,display,2025-03-07
u011250,display,2025-03-22
u011251,display,2025-03-26
u011252,display,2025-03-21
u011253,display,2025-03-02
u011254,display,2025-03-04
u011255,display,2025-03-06
u011256,display,2025-03-20
u011257,display,2025-03-01
u011258,display,2025-03-31
u011259,display,2025-03-07
u011260,display,2025-03-09
u011261,display,2025-03-23
u011262,display,2025-03-06
u011263,display,2025-03-31
u011264,display,2025-03-18
u011265,display,2025-03-22
u011266,display,2025-03-16
u011267,display,2025-03-15
u011268,display,2025-03-24
u011269,display,2025-03-27
u011270,display,2025-03-05
u011271,display,2025-03-16
u011272,display,2025-03-19
u011273,display,2025-03-05
u011274,display,2025-03-12
u011275,display,2025-03-03
u011276,display,2025-03-05
u011277,display,2025-03-04
u011278,display,2025-03-05
u011279,display,2025-03-13
u011280,display,2025-03-14
u011281,display,2025-03-03
u011282,display,2025-03-03
u011283,display,2025-03-15
u011284,display,2025-03-08
u011285,display,2025-03-25
u011286,display,2025-03-09
u011287,display,2025-03-29
u011288,display,2025-03-13
u011289,display,2025-03-10
u011290,display,2025-03-15
u011291,display,2025-03-24
u011292,display,2025-03-03
u011293,display,2025-03-29
u011294,display,2025-03-04
u011295,display,2025-03-21
u011296,display,2025-03-07
u011297,display,2025-03-09
u011298,display,2025-03-07
u011299,display,2025-03-06
u011300,display,2025-03-26
u011301,display,2025-03-06
u011302,display,2025-03-15
u011303,display,2025-03-15
u011304,display,2025-03-25
u011305,display,2025-03-03
u011306,display,2025-03-22
u011307,display,2025-03-22
u011308,display,2025-03-18
u011309,display,2025-03-13
u011310,display,2025-03-24
u011311,display,2025-03-29
u011312,display,2025-03-01
u011313,display,2025-03-16
u011314,display,2025-03-21
u011315,display,2025-03-20
u011316,display,2025-03-23
u011317,display,2025-03-03
u011318,display,2025-03-05
u011319,display,2025-03-29
u011320,display,2025-03-04
u011321,display,2025-03-07
u011322,display,2025-03-29
u011323,display,2025-03-29
u011324,display,2025-03-26
u011325,display,2025-03-13
u011326,display,2025-03-31
u011327,display,2025-03-26
u011328,display,2025-03-03
u011329,display,2025-03-14
u011330,display,2025-03-11
u011331,display,2025-03-13
u011332,display,2025-03-18
u011333,display,2025-03-14
u011334,display,2025-03-13
u011335,display,2025-03-29
u011336,display,2025-03-03
u011337,display,2025-03-23
u011338,display,2025-03-18
u011339,display,2025-03-30
u011340,display,2025-03-06
u011341,display,2025-03-13
u011342,display,2025-03-10
u011343,display,2025-03-01
u011344,display,2025-03-24
u011345,display,2025-03-15
u011346,display,2025-03-31
u011347,display,2025-03-08
u011348,display,2025-03-15
u011349,display,2025-03-09
u011350,display,2025-03-31
u011351,display,2025-03-12
u011352,display,2025-03-15
u011353,display,2025-03-03
u011354,display,2025-03-15
u011355,display,2025-03-12
u011356,display,2025-03-10
u011357,display,2025-03-02
u011358,display,2025-03-28
u011359,display,2025-03-23
u011360,display,2025-03-06
u011361,display,2025-03-08
u011362,display,2025-03-24
u011363,display,2025-03-01
u011364,display,2025-03-06
u011365,display,2025-03-01
u011366,display,2025-03-06
u011367,display,2025-03-03
u011368,display,2025-03-12
u011369,display,2025-03-17
u011370,display,2025-03-12
u011371,display,2025-03-28
u011372,display,2025-03-28
u011373,display,2025-03-24
u011374,display,2025-03-08
u011375,display,2025-03-10
u011376,display,2025-03-01
u011377,display,2025-03-02
u011378,display,2025-03-24
u011379,display,2025-03-06
u011380,display,2025-03-11
u011381,display,2025-03-28
u011382,display,2025-03-16
u011383,display,2025-03-20
u011384,display,2025-03-08
u011385,display,2025-03-09
u011386,display,2025-03-06
u011387,display,2025-03-31
u011388,display,2025-03-04
u011389,display,2025-03-14
u011390,display,2025-03-30
u011391,display,2025-03-30
u011392,display,2025-03-29
u011393,display,2025-03-26
u011394,display,2025-03-16
u011395,display,2025-03-04
u011396,display,2025-03-03
u011397,display,2025-03-05
u011398,display,2025-03-11
u011399,display,2025-03-17
u011400,display,2025-03-27
u011401,display,2025-03-21
u011402,display,2025-03-06
u011403,display,2025-03-12
u011404,display,2025-03-27
u011405,display,2025-03-10
u011406,display,2025-03-21
u011407,display,2025-03-18
u011408,display,2025-03-25
u011409,display,2025-03-06
u011410,display,2025-03-06
u011411,display,2025-03-01
u011412,display,2025-03-25
u011413,display,2025-03-08
u011414,display,2025-03-16
u011415,display,2025-03-27
u011416,display,2025-03-04
u011417,display,2025-03-04
u011418,display,2025-03-08
u011419,display,2025-03-18
u011420,display,2025-03-11
u011421,display,2025-03-26
u011422,display,2025-03-24
u011423,display,2025-03-15
u011424,display,2025-03-03
u011425,display,2025-03-06
u011426,display,2025-03-01
u011427,display,2025-03-05
u011428,display,2025-03-03
u011429,display,2025-03-10
u011430,retargeting,2025-03-15
u011431,retargeting,2025-03-05
u011432,retargeting,2025-03-12
u011433,retargeting,2025-03-20
u011434,retargeting,2025-03-05
u011435,retargeting,2025-03-27
u011436,retargeting,2025-03-31
u011437,retargeting,2025-03-03
u011438,retargeting,2025-03-04
u011439,retargeting,2025-03-20
u011440,retargeting,2025-03-17
u011441,retargeting,2025-03-02
u011442,retargeting,2025-03-17
u011443,retargeting,2025-03-19
u011444,retargeting,2025-03-20
u011445,retargeting,2025-03-02
u011446,retargeting,2025-03-14
u011447,retargeting,2025-03-12
u011448,retargeting,2025-03-21
u011449,retargeting,2025-03-07
u011450,retargeting,2025-03-26
u011451,retargeting,2025-03-02
u011452,retargeting,2025-03-27
u011453,retargeting,2025-03-25
u011454,retargeting,2025-03-24
u011455,retargeting,2025-03-11
u011456,retargeting,2025-03-31
u011457,retargeting,2025-03-04
u011458,retargeting,2025-03-30
u011459,retargeting,2025-03-07
u011460,retargeting,2025-03-13
u011461,retargeting,2025-03-26
u011462,retargeting,2025-03-21
u011463,retargeting,2025-03-26
u011464,retargeting,2025-03-29
u011465,retargeting,2025-03-26
u011466,retargeting,2025-03-01
u011467,retargeting,2025-03-03
u011468,retargeting,2025-03-27
u011469,retargeting,2025-03-27
u011470,retargeting,2025-03-09
u011471,retargeting,2025-03-14
u011472,retargeting,2025-03-29
u011473,retargeting,2025-03-03
u011474,retargeting,2025-03-08
u011475,retargeting,2025-03-28
u011476,retargeting,2025-03-13
u011477,retargeting,2025-03-18
u011478,retargeting,2025-03-13
u011479,retargeting,2025-03-04
u011480,retargeting,2025-03-05
u011481,retargeting,2025-03-15
u011482,retargeting,2025-03-21
u011483,retargeting,2025-03-03
u011484,retargeting,2025-03-17
u011485,retargeting,2025-03-30
u011486,retargeting,2025-03-22
u011487,retargeting,2025-03-20
u011488,retargeting,2025-03-16
u011489,retargeting,2025-03-28
u011490,retargeting,2025-03-10
u011491,retargeting,2025-03-27
u011492,retargeting,2025-03-23
u011493,retargeting,2025-03-07
u011494,retargeting,2025-03-09
u011495,retargeting,2025-03-14
u011496,retargeting,2025-03-17
u011497,retargeting,2025-03-14
u011498,retargeting,2025-03-30
u011499,retargeting,2025-03-04
u011500,retargeting,2025-03-18
u011501,retargeting,2025-03-25
u011502,retargeting,2025-03-03
u011503,retargeting,2025-03-13
u011504,retargeting,2025-03-19
u011505,retargeting,2025-03-13
u011506,retargeting,2025-03-19
u011507,retargeting,2025-03-09
u011508,retargeting,2025-03-23
u011509,retargeting,2025-03-22
u011510,retargeting,2025-03-01
u011511,retargeting,2025-03-14
u011512,retargeting,2025-03-18
u011513,retargeting,2025-03-25
u011514,retargeting,2025-03-13
u011515,retargeting,2025-03-15
u011516,retargeting,2025-03-05
u011517,retargeting,2025-03-08
u011518,retargeting,2025-03-05
u011519,retargeting,2025-03-20
u011520,retargeting,2025-03-20
u011521,retargeting,2025-03-15
u011522,retargeting,2025-03-30
u011523,retargeting,2025-03-30
u011524,retargeting,2025-03-09
u011525,retargeting,2025-03-26
u011526,retargeting,2025-03-03
u011527,retargeting,2025-03-27
u011528,retargeting,2025-03-10
u011529,retargeting,2025-03-05
u011530,retargeting,2025-03-29
u011531,retargeting,2025-03-10
u011532,retargeting,2025-03-29
u011533,retargeting,2025-03-08
u011534,retargeting,2025-03-21
u011535,retargeting,2025-03-14
u011536,retargeting,2025-03-14
u011537,retargeting,2025-03-01
u011538,retargeting,2025-03-09
u011539,retargeting,2025-03-10
u011540,retargeting,2025-03-11
u011541,retargeting,2025-03-03
u011542,retargeting,2025-03-14
u011543,retargeting,2025-03-12
u011544,retargeting,2025-03-17
u011545,retargeting,2025-03-05
u011546,retargeting,2025-03-11
u011547,retargeting,2025-03-05
u011548,retargeting,2025-03-22
u011549,retargeting,2025-03-06
u011550,retargeting,2025-03-18
u011551,retargeting,2025-03-29
u011552,retargeting,2025-03-21
u011553,retargeting,2025-03-03
u011554,retargeting,2025-03-09
u011555,retargeting,2025-03-08
u011556,retargeting,2025-03-17
u011557,retargeting,2025-03-16
u011558,retargeting,2025-03-11
u011559,retargeting,2025-03-18
u011560,retargeting,2025-03-28
u011561,retargeting,2025-03-14
u011562,retargeting,2025-03-20
u011563,retargeting,2025-03-09
u011564,retargeting,2025-03-19
u011565,retargeting,2025-03-29
u011566,retargeting,2025-03-02
u011567,retargeting,2025-03-03
u011568,retargeting,2025-03-26
u011569,retargeting,2025-03-25
u011570,retargeting,2025-03-18
u011571,retargeting,2025-03-05
u011572,retargeting,2025-03-24
u011573,retargeting,2025-03-01
u011574,retargeting,2025-03-04
u011575,retargeting,2025-03-04
u011576,retargeting,2025-03-16
u011577,retargeting,2025-03-06
u011578,retargeting,2025-03-01
u011579,retargeting,2025-03-12
u011580,retargeting,2025-03-11
u011581,retargeting,2025-03-29
u011582,retargeting,2025-03-23
u011583,retargeting,2025-03-14
u011584,retargeting,2025-03-19
u011585,retargeting,2025-03-19
u011586,retargeting,2025-03-23
u011587,retargeting,2025-03-02
u011588,retargeting,2025-03-05
u011589,retargeting,2025-03-18
u011590,retargeting,2025-03-27
u011591,retargeting,2025-03-09
u011592,retargeting,2025-03-02
u011593,retargeting,2025-03-15
u011594,retargeting,2025-03-02
u011595,retargeting,2025-03-01
u011596,retargeting,2025-03-12
u011597,retargeting,2025-03-18
u011598,retargeting,2025-03-01
u011599,retargeting,2025-03-17
u011600,retargeting,2025-03-02
u011601,retargeting,2025-03-24
u011602,retargeting,2025-03-27
u011603,retargeting,2025-03-16
u011604,retargeting,2025-03-04
u011605,retargeting,2025-03-31
u011606,retargeting,2025-03-01
u011607,retargeting,2025-03-03
u011608,retargeting,2025-03-25
u011609,retargeting,2025-03-02
u011610,retargeting,2025-03-13
u011611,retargeting,2025-03-19
u011612,retargeting,2025-03-10
u011613,retargeting,2025-03-09
u011614,retargeting,2025-03-03
u011615,retargeting,2025-03-12
u011616,retargeting,2025-03-24
u011617,retargeting,2025-03-06
u011618,retargeting,2025-03-04
u011619,retargeting,2025-03-25
u011620,retargeting,2025-03-11
u011621,retargeting,2025-03-30
u011622,retargeting,2025-03-10
u011623,retargeting,2025-03-13
u011624,retargeting,2025-03-13
u011625,retargeting,2025-03-03
u011626,retargeting,2025-03-15
u011627,retargeting,2025-03-31
u011628,retargeting,2025-03-31
u011629,retargeting,2025-03-23
u011630,retargeting,2025-03-09
u011631,retargeting,2025-03-15
u011632,retargeting,2025-03-27
u011633,retargeting,2025-03-31
u011634,retargeting,2025-03-12
u011635,retargeting,2025-03-10
u011636,retargeting,2025-03-06
u011637,retargeting,2025-03-29
u011638,retargeting,2025-03-09
u011639,retargeting,2025-03-19
u011640,retargeting,2025-03-25
u011641,retargeting,2025-03-15
u011642,retargeting,2025-03-12
u011643,retargeting,2025-03-25
u011644,retargeting,2025-03-31
u011645,retargeting,2025-03-30
u011646,retargeting,2025-03-26
u011647,brand,2025-03-30
u011648,brand,2025-03-16
u011649,brand,2025-03-10
u011650,brand,2025-03-05
u011651,brand,2025-03-05
u011652,brand,2025-03-12
u011653,brand,2025-03-15
u011654,brand,2025-03-06
u011655,brand,2025-03-06
u011656,brand,2025-03-02
u011657,brand,2025-03-06
u011658,brand,2025-03-18
u011659,brand,2025-03-18
u011660,brand,2025-03-07
u011661,brand,2025-03-13
u011662,brand,2025-03-29
u011663,brand,2025-03-16
u011664,brand,2025-03-29
u011665,brand,2025-03-25
u011666,brand,2025-03-16
u011667,brand,2025-03-23
u011668,brand,2025-03-30
u011669,brand,2025-03-17
u011670,brand,2025-03-03
u011671,brand,2025-03-21
u011672,brand,2025-03-18
u011673,brand,2025-03-05
u011674,brand,2025-03-19
u011675,brand,2025-03-22
u011676,brand,2025-03-05
u011677,brand,2025-03-03
u011678,brand,2025-03-01
u011679,brand,2025-03-01
u011680,brand,2025-03-27
u011681,brand,2025-03-14
u011682,brand,2025-03-09
u011683,brand,2025-03-28
u011684,brand,2025-03-24
u011685,brand,2025-03-21
u011686,brand,2025-03-19
u011687,brand,2025-03-31
u011688,brand,2025-03-31
u011689,brand,2025-03-01
u011690,brand,2025-03-10
u011691,brand,2025-03-17
u011692,brand,2025-03-04
u011693,brand,2025-03-07
u011694,brand,2025-03-23
u011695,brand,2025-03-21
u011696,brand,2025-03-01
u011697,brand,2025-03-12
u011698,brand,2025-03-24
u011699,brand,2025-03-27
u011700,brand,2025-03-25
u011701,brand,2025-03-31
u011702,brand,2025-03-19
u011703,brand,2025-03-08
u011704,brand,2025-03-25
u011705,brand,2025-03-16
u011706,brand,2025-03-27
u011707,brand,2025-03-17
u011708,brand,2025-03-31
u011709,brand,2025-03-19
u011710,brand,2025-03-18
u011711,brand,2025-03-01
u011712,brand,2025-03-17
u011713,brand,2025-03-31
u011714,brand,2025-03-10
u011715,brand,2025-03-10
u011716,brand,2025-03-09
u011717,brand,2025-03-13
u011718,brand,2025-03-04
u011719,brand,2025-03-28
u011720,brand,2025-03-06
u011721,brand,2025-03-14
u011722,brand,2025-03-19
u011723,brand,2025-03-17
u011724,brand,2025-03-26
u011725,brand,2025-03-17
u011726,brand,2025-03-18
u011727,brand,2025-03-20
u011728,brand,2025-03-23
u011729,brand,2025-03-20
u011730,brand,2025-03-19
u011731,brand,2025-03-11
u011732,brand,2025-03-28
u011733,brand,2025-03-02
u011734,brand,2025-03-05
u011735,brand,2025-03-09
u011736,brand,2025-03-18
u011737,brand,2025-03-09
u011738,brand,2025-03-08
u011739,brand,2025-03-22
u011740,brand,2025-03-24
u011741,brand,2025-03-29
u011742,brand,2025-03-24
u011743,brand,2025-03-01
u011744,brand,2025-03-03
u011745,brand,2025-03-11
u011746,brand,2025-03-05
u011747,brand,2025-03-02
u011748,brand,2025-03-31
u011749,brand,2025-03-14
u011750,brand,2025-03-02
u011751,brand,2025-03-17
u011752,brand,2025-03-07
u011753,brand,2025-03-20
u011754,brand,2025-03-19
u011755,brand,2025-03-30
u011756,brand,2025-03-10
u011757,brand,2025-03-27
u011758,brand,2025-03-14
u011759,brand,2025-03-28
u011760,brand,2025-03-15
u011761,brand,2025-03-21
u011762,brand,2025-03-07
u011763,brand,2025-03-29
u011764,brand,2025-03-09
u011765,brand,2025-03-02
u011766,brand,2025-03-20
u011767,brand,2025-03-12
u011768,brand,2025-03-22
u011769,brand,2025-03-31
u011770,brand,2025-03-05
u011771,brand,2025-03-08
u011772,brand,2025-03-06
u011773,brand,2025-03-21
u011774,brand,2025-03-28
u011775,brand,2025-03-23
u011776,brand,2025-03-02
u011777,brand,2025-03-22
u011778,brand,2025-03-31
u011779,brand,2025-03-02
u011780,brand,2025-03-18
u011781,brand,2025-03-02
u011782,brand,2025-03-17
u011783,brand,2025-03-12
u011784,brand,2025-03-10
u011785,brand,2025-03-05
u011786,brand,2025-03-19
u011787,brand,2025-03-14
u011788,brand,2025-03-01
u011789,brand,2025-03-09
u011790,brand,2025-03-20
u011791,brand,2025-03-30
u011792,brand,2025-03-21
u011793,brand,2025-03-28
u011794,brand,2025-03-19
u011795,brand,2025-03-30
u011796,brand,2025-03-15
u011797,brand,2025-03-13
u011798,brand,2025-03-10
u011799,brand,2025-03-19
u011800,brand,2025-03-03
u011801,brand,2025-03-14
u011802,brand,2025-03-14
u011803,brand,2025-03-13
u011804,brand,2025-03-15
u011805,brand,2025-03-08
u011806,brand,2025-03-15
u011807,brand,2025-03-26
u011808,brand,2025-03-21
u011809,brand,2025-03-25
u011810,brand,2025-03-21
u011811,brand,2025-03-29
u011812,brand,2025-03-24
u011813,brand,2025-03-02
u011814,brand,2025-03-22
u011815,brand,2025-03-06
u011816,brand,2025-03-21
u011817,brand,2025-03-27
u011818,brand,2025-03-30
u011819,brand,2025-03-29
u011820,brand,2025-03-22
u011821,brand,2025-03-28
u011822,brand,2025-03-18
u011823,brand,2025-03-11
u011824,brand,2025-03-12
u011825,brand,2025-03-23
u011826,brand,2025-03-21
u011827,brand,2025-03-26
u011828,brand,2025-03-17
u011829,brand,2025-03-11
u011830,brand,2025-03-29
u011831,brand,2025-03-24
u011832,brand,2025-03-14
u011833,brand,2025-03-22
u011834,brand,2025-03-30
u011835,brand,2025-03-07
u011836,brand,2025-03-09
u011837,brand,2025-03-23
u011838,brand,2025-03-09
u011839,brand,2025-03-11
u011840,brand,2025-03-29
u011841,brand,2025-03-28
u011842,brand,2025-03-06
u011843,brand,2025-03-10
u011844,brand,2025-03-23
u011845,brand,2025-03-17
u011846,brand,2025-03-24
u011847,brand,2025-03-31
u011848,brand,2025-03-04
u011849,brand,2025-03-31
u011850,brand,2025-03-23
u011851,brand,2025-03-28
u011852,brand,2025-03-16
u011853,brand,2025-03-13
u011854,brand,2025-03-13
u011855,brand,2025-03-22
u011856,brand,2025-03-27
u011857,brand,2025-03-19
u011858,brand,2025-03-23
u011859,brand,2025-03-08
u011860,brand,2025-03-10
u011861,brand,2025-03-05
u011862,brand,2025-03-22
u011863,brand,2025-03-09
u011864,brand,2025-03-16
u011865,brand,2025-03-11
u011866,brand,2025-03-23
u011867,brand,2025-03-18
u011868,brand,2025-03-03
u011869,brand,2025-03-05
u011870,brand,2025-03-16
u011871,brand,2025-03-29
u011872,brand,2025-03-09
u011873,brand,2025-03-29
u011874,brand,2025-03-31
u011875,brand,2025-03-02
u011876,brand,2025-03-21
u011877,brand,2025-03-07
u011878,brand,2025-03-05
u011879,brand,2025-03-15
u011880,brand,2025-03-21
u011881,brand,2025-03-27
u011882,brand,2025-03-03
u011883,brand,2025-03-18
u011884,brand,2025-03-19
u011885,brand,2025-03-24
u011886,brand,2025-03-02
u011887,brand,2025-03-29
u011888,brand,2025-03-04
u011889,brand,2025-03-12
u011890,brand,2025-03-15
u011891,brand,2025-03-24
u011892,brand,2025-03-12
u011893,brand,2025-03-21
u011894,brand,2025-03-16
u011895,brand,2025-03-26
u011896,brand,2025-03-28
u011897,brand,2025-03-28
u011898,brand,2025-03-16
u011899,brand,2025-03-03
u011900,brand,2025-03-29
u011901,brand,2025-03-29
u011902,brand,2025-03-12
u011903,brand,2025-03-20
u011904,brand,2025-03-16
u011905,brand,2025-03-09
u011906,brand,2025-03-29
u011907,brand,2025-03-22
u011908,brand,2025-03-08
u011909,brand,2025-03-26
u011910,brand,2025-03-04
u011911,brand,2025-03-16
u011912,brand,2025-03-14
u011913,brand,2025-03-23
u011914,brand,2025-03-29
u011915,brand,2025-03-27
u011916,brand,2025-03-14
u011917,brand,2025-03-13
u011918,brand,2025-03-12
u011919,brand,2025-03-20
u011920,brand,2025-03-28
u011921,brand,2025-03-16
u011922,brand,2025-03-07
u011923,brand,2025-03-30
u011924,brand,2025-03-03
u011925,brand,2025-03-07
u011926,brand,2025-03-18
u011927,brand,2025-03-22
u011928,brand,2025-03-22
u011929,brand,2025-03-10
u011930,brand,2025-03-07
u011931,brand,2025-03-15
u011932,brand,2025-03-18
u011933,brand,2025-03-14
u011934,brand,2025-03-20
u011935,brand,2025-03-09
u011936,brand,2025-03-07
u011937,brand,2025-03-08
u011938,brand,2025-03-12
u011939,brand,2025-03-04
u011940,brand,2025-03-20
u011941,brand,2025-03-02
u011942,brand,2025-03-07
u011943,brand,2025-03-28
u011944,brand,2025-03-05
u011945,brand,2025-03-03
u011946,brand,2025-03-22
u011947,brand,2025-03-23
u011948,brand,2025-03-19
u011949,brand,2025-03-31
u011950,brand,2025-03-15
u011951,brand,2025-03-25
u011952,brand,2025-03-21
u011953,brand,2025-03-11
u011954,brand,2025-03-10
u011955,brand,2025-03-12
u011956,brand,2025-03-28
u011957,brand,2025-03-26
u011958,brand,2025-03-24
u011959,brand,2025-03-01
u011960,brand,2025-03-09
u011961,brand,2025-03-20
u011962,brand,2025-03-08
u011963,brand,2025-03-14
u011964,brand,2025-03-11
u011965,brand,2025-03-21
u011966,brand,2025-03-08
u011967,brand,2025-03-01
u011968,brand,2025-03-06
u011969,brand,2025-03-02
u011970,brand,2025-03-20
u011971,brand,2025-03-28
u011972,brand,2025-03-29
u011973,brand,2025-03-30
u011974,brand,2025-03-31
u011975,brand,2025-03-09
u011976,brand,2025-03-28
u011977,brand,2025-03-19
u011978,brand,2025-03-13
u011979,brand,2025-03-30
u011980,brand,2025-03-24
u011981,brand,2025-03-09
u011982,brand,2025-03-19
u011983,brand,2025-03-10
u011984,brand,2025-03-14
u011985,brand,2025-03-30
u011986,brand,2025-03-31
u011987,brand,2025-03-17
u011988,brand,2025-03-14
u011989,brand,2025-03-17
u011990,brand,2025-03-09
u011991,brand,2025-03-20
u011992,brand,2025-03-12
u011993,brand,2025-03-07
u011994,brand,2025-03-10
u011995,brand,2025-03-03
u011996,brand,2025-03-28
u011997,brand,2025-03-22
u011998,brand,2025-03-17
u011999,brand,2025-03-15
u012000,brand,2025-03-25
u012001,brand,2025-03-21
u012002,brand,2025-03-12
u012003,brand,2025-03-30
u012004,brand,2025-03-19
u012005,brand,2025-03-04
u012006,brand,2025-03-28
u012007,brand,2025-03-27
u012008,brand,2025-03-31
u012009,brand,2025-03-01
u012010,brand,2025-03-19
u012011,brand,2025-03-06
u012012,brand,2025-03-27
u012013,brand,2025-03-02
u012014,brand,2025-03-08
u012015,brand,2025-03-04
u012016,brand,2025-03-20
u012017,brand,2025-03-18
u012018,brand,2025-03-09
u012019,brand,2025-03-04
u012020,brand,2025-03-01
u012021,brand,2025-03-24
u012022,brand,2025-03-20
u012023,brand,2025-03-29
u012024,brand,2025-03-03
u012025,brand,2025-03-01
u012026,brand,2025-03-07
u012027,brand,2025-03-19
u012028,brand,2025-03-23
u012029,brand,2025-03-25
u012030,brand,2025-03-30
u012031,brand,2025-03-03
u012032,brand,2025-03-05
u012033,brand,2025-03-17
u012034,brand,2025-03-09
u012035,brand,2025-03-30
u012036,brand,2025-03-06
u012037,brand,2025-03-05
u012038,brand,2025-03-23
u012039,brand,2025-03-28
u012040,brand,2025-03-07
u012041,brand,2025-03-22
u012042,brand,2025-03-25
u012043,brand,2025-03-26
u012044,brand,2025-03-23
u012045,brand,2025-03-02
u012046,brand,2025-03-09
u012047,brand,2025-03-17
u012048,brand,2025-03-04
u012049,brand,2025-03-01
u012050,brand,2025-03-23
u012051,brand,2025-03-21
u012052,brand,2025-03-10
u012053,brand,2025-03-15
u012054,brand,2025-03-01
u012055,brand,2025-03-08
u012056,brand,2025-03-26
u012057,brand,2025-03-16
u012058,brand,2025-03-22
u012059,brand,2025-03-11
u012060,brand,2025-03-27
u012061,brand,2025-03-22
u012062,brand,2025-03-03
u012063,brand,2025-03-07
u012064,brand,2025-03-11
u012065,brand,2025-03-12
u012066,brand,2025-03-26
u012067,brand,2025-03-29
u012068,brand,2025-03-26
u012069,brand,2025-03-03
u012070,brand,2025-03-03
u012071,brand,2025-03-17
u012072,brand,2025-03-10
u012073,brand,2025-03-26
u012074,brand,2025-03-28
u012075,brand,2025-03-20
u012076,brand,2025-03-14
u012077,brand,2025-03-17
u012078,brand,2025-03-18
u012079,brand,2025-03-20
u012080,brand,2025-03-10
u012081,brand,2025-03-12
u012082,brand,2025-03-06
u012083,brand,2025-03-06
u012084,brand,2025-03-04
u012085,brand,2025-03-05
u012086,brand,2025-03-17
u012087,brand,2025-03-13
u012088,brand,2025-03-31
u012089,brand,2025-03-22
u012090,brand,2025-03-03
u012091,brand,2025-03-23
u012092,brand,2025-03-18
u012093,brand,2025-03-04
u012094,brand,2025-03-25
u012095,brand,2025-03-12
u012096,brand,2025-03-09
u012097,brand,2025-03-05
u012098,brand,2025-03-14
u012099,brand,2025-03-25
u012100,brand,2025-03-13
u012101,brand,2025-03-15
u012102,brand,2025-03-10
u012103,brand,2025-03-21
u012104,brand,2025-03-23
u012105,brand,2025-03-31
u012106,brand,2025-03-16
u012107,brand,2025-03-13
u012108,brand,2025-03-09
u012109,brand,2025-03-20
u012110,brand,2025-03-13
u012111,brand,2025-03-18
u012112,brand,2025-03-25
u012113,brand,2025-03-30
u012114,brand,2025-03-26
u012115,brand,2025-03-27
u012116,brand,2025-03-29
u012117,brand,2025-03-10
u012118,brand,2025-03-05
u012119,brand,2025-03-20
u012120,brand,2025-03-08
u012121,brand,2025-03-22
u012122,brand,2025-03-22
u012123,brand,2025-03-23
u012124,brand,2025-03-09
u012125,brand,2025-03-26
u012126,brand,2025-03-29
u012127,brand,2025-03-03
u012128,brand,2025-03-24
u012129,brand,2025-03-21
u012130,brand,2025-03-01
u012131,brand,2025-03-01
u012132,brand,2025-03-03
u012133,brand,2025-03-24
u012134,brand,2025-03-24
u012135,brand,2025-03-08
u012136,brand,2025-03-08
u012137,brand,2025-03-16
u012138,brand,2025-03-01
u012139,brand,2025-03-20
u012140,brand,2025-03-28
u012141,brand,2025-03-14
u012142,brand,2025-03-10
u012143,brand,2025-03-03
u012144,brand,2025-03-12
u012145,brand,2025-03-12
u012146,brand,2025-03-02
u012147,brand,2025-03-24
u012148,brand,2025-03-15
u012149,brand,2025-03-06
u012150,brand,2025-03-02
u012151,brand,2025-03-16
u012152,brand,2025-03-03
u012153,brand,2025-03-21
u012154,brand,2025-03-23
u012155,brand,2025-03-05
u012156,brand,2025-03-24
u012157,brand,2025-03-28
u012158,brand,2025-03-25
u012159,brand,2025-03-28
u012160,brand,2025-03-09
u012161,brand,2025-03-31
u012162,brand,2025-03-15
u012163,brand,2025-03-27
u012164,brand,2025-03-07
u012165,brand,2025-03-08
u012166,brand,2025-03-16
u012167,brand,2025-03-22
u012168,brand,2025-03-25
u012169,brand,2025-03-07
u012170,brand,2025-03-29
u012171,brand,2025-03-23
u012172,brand,2025-03-25
u012173,brand,2025-03-10
u012174,brand,2025-03-21
u012175,brand,2025-03-16
u012176,brand,2025-03-08
u012177,brand,2025-03-20
u012178,brand,2025-03-16
u012179,brand,2025-03-12
u012180,brand,2025-03-20
u012181,brand,2025-03-18
u012182,brand,2025-03-31
u012183,brand,2025-03-29
u012184,brand,2025-03-29
u012185,brand,2025-03-10
u012186,brand,2025-03-13
u012187,brand,2025-03-02
u012188,brand,2025-03-28
u012189,brand,2025-03-29
u012190,brand,2025-03-20
u012191,brand,2025-03-02
u012192,brand,2025-03-14
u012193,brand,2025-03-01
u012194,brand,2025-03-01
u012195,brand,2025-03-16
u012196,brand,2025-03-24
u012197,brand,2025-03-22
u012198,brand,2025-03-04
u012199,brand,2025-03-18
u012200,brand,2025-03-06
u012201,brand,2025-03-08
u012202,brand,2025-03-30
u012203,brand,2025-03-05
u012204,brand,2025-03-10
u012205,brand,2025-03-30
u012206,brand,2025-03-06
u012207,brand,2025-03-11
u012208,brand,2025-03-22
u012209,brand,2025-03-04
u012210,brand,2025-03-22
u012211,brand,2025-03-19
u012212,brand,2025-03-02
u012213,brand,2025-03-03
u012214,brand,2025-03-11
u012215,brand,2025-03-17
u012216,brand,2025-03-21
u012217,brand,2025-03-22
u012218,brand,2025-03-04
u012219,brand,2025-03-23
u012220,brand,2025-03-26
u012221,brand,2025-03-25
u012222,brand,2025-03-14
u012223,brand,2025-03-02
u012224,brand,2025-03-23
u012225,brand,2025-03-13
u012226,brand,2025-03-24
u012227,brand,2025-03-22
u012228,brand,2025-03-01
u012229,brand,2025-03-09
u012230,brand,2025-03-23
u012231,brand,2025-03-10
u012232,brand,2025-03-26
u012233,brand,2025-03-05
u012234,brand,2025-03-08
u012235,brand,2025-03-01
u012236,brand,2025-03-08
u012237,brand,2025-03-23
u012238,brand,2025-03-12
u012239,brand,2025-03-10
u012240,brand,2025-03-14
u012241,brand,2025-03-26
u012242,brand,2025-03-30
u012243,brand,2025-03-07
u012244,brand,2025-03-27
u012245,brand,2025-03-27
u012246,brand,2025-03-23
u012247,brand,2025-03-28
u012248,brand,2025-03-18
u012249,brand,2025-03-29
u012250,brand,2025-03-18
u012251,brand,2025-03-25
u012252,brand,2025-03-10
u012253,brand,2025-03-03
u012254,brand,2025-03-13
u012255,brand,2025-03-10
u012256,brand,2025-03-06
u012257,brand,2025-03-17
u012258,brand,2025-03-28
u012259,brand,2025-03-20
u012260,brand,2025-03-07
u012261,brand,2025-03-16
u012262,brand,2025-03-16
u012263,brand,2025-03-17
u012264,brand,2025-03-22
u012265,brand,2025-03-03
u012266,brand,2025-03-29
u012267,brand,2025-03-16
u012268,brand,2025-03-21
u012269,brand,2025-03-08
u012270,brand,2025-03-02
u012271,brand,2025-03-12
u012272,brand,2025-03-28
u012273,brand,2025-03-08
u012274,brand,2025-03-24
u012275,brand,2025-03-14
u012276,brand,2025-03-27
u012277,brand,2025-03-07
u012278,brand,2025-03-16
u012279,brand,2025-03-29
u012280,brand,2025-03-28
u012281,brand,2025-03-03
u012282,brand,2025-03-05
u012283,brand,2025-03-28
u012284,brand,2025-03-29
u012285,brand,2025-03-25
u012286,brand,2025-03-07
u012287,brand,2025-03-08
u012288,brand,2025-03-04
u012289,brand,2025-03-25
u012290,brand,2025-03-24
u012291,brand,2025-03-19
u012292,brand,2025-03-29
u012293,brand,2025-03-21
u012294,brand,2025-03-05
u012295,brand,2025-03-11
u012296,brand,2025-03-16
u012297,brand,2025-03-02
u012298,brand,2025-03-19
u012299,organic,2025-03-02
u012300,organic,2025-03-18
u012301,organic,2025-03-19
u012302,organic,2025-03-23
u012303,organic,2025-03-27
u012304,organic,2025-03-03
u012305,organic,2025-03-09
u012306,organic,2025-03-02
u012307,organic,2025-03-03
u012308,organic,2025-03-27
u012309,organic,2025-03-03
u012310,organic,2025-03-26
u012311,organic,2025-03-02
u012312,organic,2025-03-23
u012313,organic,2025-03-27
u012314,organic,2025-03-29
u012315,organic,2025-03-26
u012316,organic,2025-03-21
u012317,organic,2025-03-12
u012318,organic,2025-03-21
u012319,organic,2025-03-10
u012320,organic,2025-03-01
u012321,organic,2025-03-09
u012322,organic,2025-03-22
u012323,organic,2025-03-23
u012324,organic,2025-03-26
u012325,organic,2025-03-25
u012326,organic,2025-03-20
u012327,organic,2025-03-08
u012328,organic,2025-03-03
u012329,organic,2025-03-23
u012330,organic,2025-03-22
u012331,organic,2025-03-06
u012332,organic,2025-03-07
u012333,organic,2025-03-26
u012334,organic,2025-03-30
u012335,organic,2025-03-21
u012336,organic,2025-03-03
u012337,organic,2025-03-12
u012338,organic,2025-03-20
u012339,organic,2025-03-18
u012340,organic,2025-03-23
u012341,organic,2025-03-17
u012342,organic,2025-03-12
u012343,organic,2025-03-23
u012344,organic,2025-03-23
u012345,organic,2025-03-11
u012346,organic,2025-03-18
u012347,organic,2025-03-09
u012348,organic,2025-03-09
u012349,organic,2025-03-18
u012350,organic,2025-03-19
u012351,organic,2025-03-14
u012352,organic,2025-03-11
u012353,organic,2025-03-12
u012354,organic,2025-03-25
u012355,organic,2025-03-06
u012356,organic,2025-03-04
u012357,organic,2025-03-18
u012358,organic,2025-03-11
u012359,organic,2025-03-06
u012360,organic,2025-03-03
u012361,organic,2025-03-05
u012362,organic,2025-03-06
u012363,organic,2025-03-01
u012364,organic,2025-03-07
u012365,organic,2025-03-03
u012366,organic,2025-03-24
u012367,organic,2025-03-24
u012368,organic,2025-03-07
u012369,organic,2025-03-04
u012370,organic,2025-03-29
u012371,organic,2025-03-30
u012372,organic,2025-03-28
u012373,organic,2025-03-04
u012374,organic,2025-03-23
u012375,organic,2025-03-10
u012376,organic,2025-03-27
u012377,organic,2025-03-24
u012378,organic,2025-03-19
u012379,organic,2025-03-07
u012380,organic,2025-03-28
u012381,organic,2025-03-07
u012382,organic,2025-03-03
u012383,organic,2025-03-17
u012384,organic,2025-03-28
u012385,organic,2025-03-18
u012386,organic,2025-03-02
u012387,organic,2025-03-15
u012388,organic,2025-03-26
u012389,organic,2025-03-21
u012390,organic,2025-03-03
u012391,organic,2025-03-20
u012392,organic,2025-03-26
u012393,organic,2025-03-20
u012394,organic,2025-03-31
u012395,organic,2025-03-13
u012396,organic,2025-03-23
u012397,organic,2025-03-21
u012398,organic,2025-03-29
u012399,organic,2025-03-08
u012400,organic,2025-03-16
u012401,organic,2025-03-20
u012402,organic,2025-03-05
u012403,organic,2025-03-31
u012404,organic,2025-03-29
u012405,organic,2025-03-20
u012406,organic,2025-03-27
u012407,organic,2025-03-05
u012408,organic,2025-03-26
u012409,organic,2025-03-18
u012410,organic,2025-03-07
u012411,organic,2025-03-30
u012412,organic,2025-03-26
u012413,organic,2025-03-11
u012414,organic,2025-03-04
u012415,organic,2025-03-02
u012416,organic,2025-03-21
u012417,organic,2025-03-01
u012418,organic,2025-03-17
u012419,organic,2025-03-12
u012420,organic,2025-03-10
u012421,organic,2025-03-20
u012422,organic,2025-03-10
u012423,organic,2025-03-08
u012424,organic,2025-03-28
u012425,organic,2025-03-10
u012426,organic,2025-03-16
u012427,organic,2025-03-03
u012428,organic,2025-03-17
u012429,organic,2025-03-31
u012430,organic,2025-03-17
u012431,organic,2025-03-07
u012432,organic,2025-03-24
u012433,organic,2025-03-28
u012434,organic,2025-03-30
u012435,organic,2025-03-23
u012436,organic,2025-03-21
u012437,organic,2025-03-28
u012438,organic,2025-03-11
u012439,organic,2025-03-05
u012440,organic,2025-03-04
u012441,organic,2025-03-19
u012442,organic,2025-03-16
u012443,organic,2025-03-13
u012444,organic,2025-03-19
u012445,organic,2025-03-07
u012446,organic,2025-03-10
u012447,organic,2025-03-25
u012448,organic,2025-03-19
u012449,organic,2025-03-19
u012450,organic,2025-03-21
u012451,organic,2025-03-19
u012452,organic,2025-03-23
u012453,organic,2025-03-12
u012454,organic,2025-03-19
u012455,organic,2025-03-16
u012456,organic,2025-03-17
u012457,organic,2025-03-10
u012458,organic,2025-03-02
u012459,organic,2025-03-27
u012460,organic,2025-03-12
u012461,organic,2025-03-23
u012462,organic,2025-03-02
u012463,organic,2025-03-18
u012464,organic,2025-03-25
u012465,organic,2025-03-07
u012466,organic,2025-03-14
u012467,organic,2025-03-29
u012468,organic,2025-03-21
u012469,organic,2025-03-26
u012470,organic,2025-03-22
u012471,organic,2025-03-18
u012472,organic,2025-03-15
u012473,organic,2025-03-07
u012474,organic,2025-03-17
u012475,organic,2025-03-02
u012476,organic,2025-03-08
u012477,organic,2025-03-16
u012478,organic,2025-03-19
u012479,organic,2025-03-04
u012480,organic,2025-03-18
u012481,organic,2025-03-13
u012482,organic,2025-03-23
u012483,organic,2025-03-30
u012484,organic,2025-03-15
u012485,organic,2025-03-14
u012486,organic,2025-03-21
u012487,organic,2025-03-22
u012488,organic,2025-03-29
u012489,organic,2025-03-05
u012490,organic,2025-03-17
u012491,organic,2025-03-19
u012492,organic,2025-03-15
u012493,organic,2025-03-08
u012494,organic,2025-03-14
u012495,organic,2025-03-27
u012496,organic,2025-03-04
u012497,organic,2025-03-13
u012498,organic,2025-03-17
u012499,organic,2025-03-10
u012500,organic,2025-03-31
u012501,organic,2025-03-29
u012502,organic,2025-03-16
u012503,organic,2025-03-10
u012504,organic,2025-03-23
u012505,organic,2025-03-29
u012506,organic,2025-03-13
u012507,organic,2025-03-06
u012508,organic,2025-03-19
u012509,organic,2025-03-03
u012510,organic,2025-03-10
u012511,organic,2025-03-30
u012512,organic,2025-03-13
u012513,organic,2025-03-26
u012514,organic,2025-03-25
u012515,organic,2025-03-13
u012516,organic,2025-03-28
u012517,organic,2025-03-07
u012518,organic,2025-03-28
u012519,organic,2025-03-10
u012520,organic,2025-03-30
u012521,organic,2025-03-29
u012522,organic,2025-03-22
u012523,organic,2025-03-26
u012524,organic,2025-03-20
u012525,organic,2025-03-10
u012526,organic,2025-03-14
u012527,organic,2025-03-10
u012528,organic,2025-03-21
u012529,organic,2025-03-13
u012530,organic,2025-03-20
u012531,organic,2025-03-11
u012532,organic,2025-03-22
u012533,organic,2025-03-10
u012534,organic,2025-03-01
u012535,organic,2025-03-24
u012536,organic,2025-03-28
u012537,organic,2025-03-28
u012538,organic,2025-03-20
u012539,organic,2025-03-13
u012540,organic,2025-03-03
u012541,organic,2025-03-25
u012542,organic,2025-03-02
u012543,organic,2025-03-03
u012544,organic,2025-03-27
u012545,organic,2025-03-27
u012546,organic,2025-03-19
u012547,organic,2025-03-01
u012548,organic,2025-03-15
u012549,organic,2025-03-31
u012550,organic,2025-03-08
u012551,organic,2025-03-31
u012552,organic,2025-03-30
u012553,organic,2025-03-07
u012554,organic,2025-03-23
u012555,organic,2025-03-13
u012556,organic,2025-03-22
u012557,organic,2025-03-09
u012558,organic,2025-03-24
u012559,organic,2025-03-12
u012560,organic,2025-03-27
u012561,organic,2025-03-27
u012562,organic,2025-03-02
u012563,organic,2025-03-23
u012564,organic,2025-03-16
u012565,organic,2025-03-21
u012566,organic,2025-03-28
u012567,organic,2025-03-22
u012568,organic,2025-03-23
u012569,organic,2025-03-11
u012570,organic,2025-03-20
u012571,organic,2025-03-21
u012572,organic,2025-03-06
u012573,organic,2025-03-04
u012574,organic,2025-03-28
u012575,organic,2025-03-30
u012576,organic,2025-03-28
u012577,organic,2025-03-14
u012578,organic,2025-03-27
u012579,organic,2025-03-22
u012580,organic,2025-03-05
u012581,organic,2025-03-04
u012582,organic,2025-03-20
u012583,organic,2025-03-18
u012584,organic,2025-03-26
u012585,organic,2025-03-23
u012586,organic,2025-03-20
u012587,organic,2025-03-22
u012588,organic,2025-03-08
u012589,organic,2025-03-27
u012590,organic,2025-03-02
u012591,organic,2025-03-23
u012592,organic,2025-03-04
u012593,organic,2025-03-01
u012594,organic,2025-03-16
u012595,organic,2025-03-20
u012596,organic,2025-03-06
u012597,organic,2025-03-26
u012598,organic,2025-03-06
u012599,organic,2025-03-18
u012600,organic,2025-03-17
u012601,organic,2025-03-20
u012602,organic,2025-03-27
u012603,organic,2025-03-25
u012604,organic,2025-03-03
u012605,organic,2025-03-24
u012606,organic,2025-03-09
u012607,organic,2025-03-31
u012608,organic,2025-03-14
u012609,organic,2025-03-22
u012610,organic,2025-03-08
u012611,organic,2025-03-12
u012612,organic,2025-03-15
u012613,organic,2025-03-01
u012614,organic,2025-03-10
u012615,organic,2025-03-13
u012616,organic,2025-03-26
u012617,organic,2025-03-18
u012618,organic,2025-03-18
u012619,organic,2025-03-15
u012620,organic,2025-03-25
u012621,organic,2025-03-21
u012622,organic,2025-03-10
u012623,organic,2025-03-08
u012624,organic,2025-03-28
u012625,organic,2025-03-23
u012626,organic,2025-03-17
u012627,organic,2025-03-16
u012628,organic,2025-03-27
u012629,organic,2025-03-23
u012630,organic,2025-03-09
u012631,organic,2025-03-27
u012632,organic,2025-03-20
u012633,organic,2025-03-01
u012634,organic,2025-03-10
u012635,organic,2025-03-28
u012636,organic,2025-03-02
u012637,organic,2025-03-26
u012638,organic,2025-03-15
u012639,organic,2025-03-14
u012640,organic,2025-03-02
u012641,organic,2025-03-28
u012642,organic,2025-03-15
u012643,organic,2025-03-05
u012644,organic,2025-03-24
u012645,organic,2025-03-23
u012646,organic,2025-03-24
u012647,organic,2025-03-14
u012648,organic,2025-03-22
u012649,organic,2025-03-11
u012650,organic,2025-03-14
u012651,organic,2025-03-22
u012652,organic,2025-03-30
u012653,organic,2025-03-14
u012654,organic,2025-03-25
u012655,organic,2025-03-17
u012656,organic,2025-03-05
u012657,organic,2025-03-19
u012658,organic,2025-03-28
u012659,organic,2025-03-26
u012660,organic,2025-03-29
u012661,organic,2025-03-27
u012662,organic,2025-03-10
u012663,organic,2025-03-03
u012664,organic,2025-03-21
u012665,organic,2025-03-09
u012666,organic,2025-03-11
u012667,organic,2025-03-11
u012668,organic,2025-03-04
u012669,organic,2025-03-27
u012670,organic,2025-03-15
u012671,organic,2025-03-04
u012672,organic,2025-03-02
u012673,organic,2025-03-18
u012674,organic,2025-03-30
u012675,organic,2025-03-17
u012676,organic,2025-03-04
u012677,organic,2025-03-29
u012678,organic,2025-03-12
u012679,organic,2025-03-16
u012680,organic,2025-03-18
u012681,organic,2025-03-12
u012682,organic,2025-03-21
u012683,organic,2025-03-23
u012684,organic,2025-03-05
u012685,organic,2025-03-23
u012686,organic,2025-03-26
u012687,organic,2025-03-19
u012688,organic,2025-03-07
u012689,organic,2025-03-28
u012690,organic,2025-03-09
u012691,organic,2025-03-01
u012692,organic,2025-03-03
u012693,organic,2025-03-22
u012694,organic,2025-03-17
u012695,organic,2025-03-22
u012696,organic,2025-03-19
u012697,organic,2025-03-15
u012698,organic,2025-03-09
u012699,organic,2025-03-12
u012700,organic,2025-03-07
u012701,organic,2025-03-14
u012702,organic,2025-03-12
u012703,organic,2025-03-23
u012704,organic,2025-03-07
u012705,organic,2025-03-31
u012706,organic,2025-03-04
u012707,organic,2025-03-13
u012708,organic,2025-03-14
u012709,organic,2025-03-10
u012710,organic,2025-03-29
u012711,organic,2025-03-16
u012712,organic,2025-03-30
u012713,organic,2025-03-21
u012714,organic,2025-03-06
u012715,organic,2025-03-14
u012716,organic,2025-03-16
u012717,organic,2025-03-01
u012718,organic,2025-03-20
u012719,organic,2025-03-28
u012720,organic,2025-03-13
u012721,organic,2025-03-10
u012722,organic,2025-03-14
u012723,organic,2025-03-02
u012724,organic,2025-03-02
u012725,organic,2025-03-25
u012726,organic,2025-03-05
u012727,organic,2025-03-28
u012728,organic,2025-03-31
u012729,organic,2025-03-31
u012730,organic,2025-03-03
u012731,organic,2025-03-06
u012732,organic,2025-03-08
u012733,organic,2025-03-26
u012734,organic,2025-03-17
u012735,organic,2025-03-08
u012736,organic,2025-03-17
u012737,organic,2025-03-01
u012738,organic,2025-03-25
u012739,organic,2025-03-11
u012740,organic,2025-03-01
u012741,organic,2025-03-08
u012742,organic,2025-03-17
u012743,organic,2025-03-11
u012744,organic,2025-03-28
u012745,organic,2025-03-07
u012746,organic,2025-03-27
u012747,organic,2025-03-15
u012748,organic,2025-03-08
u012749,organic,2025-03-18
u012750,organic,2025-03-13
u012751,organic,2025-03-13
u012752,organic,2025-03-17
u012753,organic,2025-03-21
u012754,organic,2025-03-22
u012755,organic,2025-03-30
u012756,organic,2025-03-31
u012757,organic,2025-03-31
u012758,organic,2025-03-28
u012759,organic,2025-03-25
u012760,organic,2025-03-11
u012761,organic,2025-03-09
u012762,organic,2025-03-18
u012763,organic,2025-03-17
u012764,organic,2025-03-23
u012765,organic,2025-03-11
u012766,organic,2025-03-26
u012767,organic,2025-03-10
u012768,organic,2025-03-05
u012769,organic,2025-03-10
u012770,organic,2025-03-25
u012771,organic,2025-03-30
u012772,organic,2025-03-02
u012773,organic,2025-03-25
u012774,organic,2025-03-27
u012775,organic,2025-03-21
u012776,organic,2025-03-10
u012777,organic,2025-03-16
u012778,organic,2025-03-15
u012779,organic,2025-03-25
u012780,organic,2025-03-11
u012781,organic,2025-03-10
u012782,organic,2025-03-15
u012783,organic,2025-03-10
u012784,organic,2025-03-16
u012785,organic,2025-03-26
u012786,organic,2025-03-09
u012787,organic,2025-03-04
u012788,organic,2025-03-26
u012789,organic,2025-03-20
u012790,organic,2025-03-16
u012791,organic,2025-03-04
u012792,organic,2025-03-15
u012793,organic,2025-03-09
u012794,organic,2025-03-11
u012795,organic,2025-03-23
u012796,organic,2025-03-18
u012797,organic,2025-03-19
u012798,organic,2025-03-05
u012799,organic,2025-03-14
u012800,organic,2025-03-26
u012801,organic,2025-03-23
u012802,organic,2025-03-12
u012803,organic,2025-03-02
u012804,organic,2025-03-05
u012805,organic,2025-03-14
u012806,organic,2025-03-02
u012807,organic,2025-03-26
u012808,organic,2025-03-26
u012809,organic,2025-03-12
u012810,organic,2025-03-18
u012811,organic,2025-03-10
u012812,organic,2025-03-19
u012813,organic,2025-03-06
u012814,organic,2025-03-15
u012815,organic,2025-03-22
u012816,organic,2025-03-24
u012817,organic,2025-03-17
u012818,organic,2025-03-04
u012819,organic,2025-03-05
u012820,organic,2025-03-23
u012821,organic,2025-03-15
u012822,organic,2025-03-30
u012823,organic,2025-03-09
u012824,organic,2025-03-12
u012825,organic,2025-03-12
u012826,organic,2025-03-21
u012827,organic,2025-03-08
u012828,organic,2025-03-29
u012829,organic,2025-03-07
u012830,organic,2025-03-02
u012831,organic,2025-03-15
u012832,organic,2025-03-31
u012833,organic,2025-03-03
u012834,organic,2025-03-04
u012835,organic,2025-03-08
u012836,organic,2025-03-08
u012837,organic,2025-03-30
u012838,organic,2025-03-31
u012839,organic,2025-03-10
u012840,organic,2025-03-25
u012841,organic,2025-03-15
u012842,organic,2025-03-12
u012843,organic,2025-03-07
u012844,organic,2025-03-21
u012845,organic,2025-03-22
u012846,organic,2025-03-01
u012847,organic,2025-03-30
u012848,organic,2025-03-24
u012849,organic,2025-03-08
u012850,organic,2025-03-02
u012851,organic,2025-03-13
u012852,organic,2025-03-04
u012853,organic,2025-03-05
u012854,organic,2025-03-13
u012855,organic,2025-03-21
u012856,organic,2025-03-07
u012857,organic,2025-03-20
u012858,organic,2025-03-02
u012859,organic,2025-03-08
u012860,organic,2025-03-18
u012861,organic,2025-03-18
u012862,organic,2025-03-22
u012863,organic,2025-03-10
u012864,organic,2025-03-23
u012865,organic,2025-03-24
u012866,organic,2025-03-30
u012867,organic,2025-03-10
u012868,organic,2025-03-07
u012869,organic,2025-03-31
u012870,organic,2025-03-13
u012871,organic,2025-03-03
u012872,organic,2025-03-17
u012873,organic,2025-03-16
u012874,organic,2025-03-06
u012875,organic,2025-03-26
u012876,organic,2025-03-19
u012877,organic,2025-03-22
u012878,organic,2025-03-10
u012879,organic,2025-03-29
u012880,organic,2025-03-29
u012881,organic,2025-03-27
u012882,organic,2025-03-19
u012883,organic,2025-03-12
u012884,organic,2025-03-15
u012885,organic,2025-03-29
u012886,organic,2025-03-24
u012887,organic,2025-03-26
u012888,organic,2025-03-29
u012889,organic,2025-03-29
u012890,organic,2025-03-07
u012891,organic,2025-03-26
u012892,organic,2025-03-13
u012893,organic,2025-03-29
u012894,organic,2025-03-15
u012895,organic,2025-03-22
u012896,organic,2025-03-29
u012897,organic,2025-03-29
u012898,organic,2025-03-06
u012899,organic,2025-03-08
u012900,organic,2025-03-07
u012901,organic,2025-03-29
u012902,organic,2025-03-17
u012903,organic,2025-03-16
u012904,organic,2025-03-16
u012905,organic,2025-03-13
u012906,organic,2025-03-05
u012907,organic,2025-03-24
u012908,organic,2025-03-04
u012909,organic,2025-03-30
u012910,organic,2025-03-29
u012911,organic,2025-03-15
u012912,organic,2025-03-11
u012913,organic,2025-03-28
u012914,organic,2025-03-12
u012915,organic,2025-03-27
u012916,organic,2025-03-04
u012917,organic,2025-03-02
u012918,organic,2025-03-24
u012919,organic,2025-03-14
u012920,organic,2025-03-23
u012921,organic,2025-03-27
u012922,organic,2025-03-29
u012923,organic,2025-03-10
u012924,organic,2025-03-02
u012925,organic,2025-03-14
u012926,organic,2025-03-07
u012927,organic,2025-03-26
u012928,organic,2025-03-09
u012929,organic,2025-03-04
u012930,organic,2025-03-14
u012931,organic,2025-03-20
u012932,organic,2025-03-08
u012933,organic,2025-03-08
u012934,organic,2025-03-12
u012935,organic,2025-03-18
u012936,organic,2025-03-11
u012937,organic,2025-03-16
u012938,organic,2025-03-13
u012939,organic,2025-03-29
u012940,organic,2025-03-24
u012941,organic,2025-03-22
u012942,organic,2025-03-02
u012943,organic,2025-03-12
u012944,organic,2025-03-23
u012945,organic,2025-03-15
u012946,organic,2025-03-19
u012947,organic,2025-03-21
u012948,organic,2025-03-15
u012949,organic,2025-03-04
u012950,organic,2025-03-01
u012951,organic,2025-03-03
u012952,organic,2025-03-19
u012953,organic,2025-03-08
u012954,organic,2025-03-07
u012955,organic,2025-03-10
u012956,organic,2025-03-14
u012957,organic,2025-03-13
u012958,organic,2025-03-15
u012959,organic,2025-03-17
u012960,organic,2025-03-27
u012961,organic,2025-03-23
u012962,organic,2025-03-19
u012963,organic,2025-03-05
u012964,organic,2025-03-30
u012965,organic,2025-03-22
u012966,organic,2025-03-21
u012967,organic,2025-03-28
u012968,organic,2025-03-31
u012969,organic,2025-03-27
u012970,organic,2025-03-08
u012971,organic,2025-03-18
u012972,organic,2025-03-22
u012973,organic,2025-03-24
u012974,organic,2025-03-01
u012975,organic,2025-03-15
u012976,organic,2025-03-03
u012977,organic,2025-03-12
u012978,organic,2025-03-31
u012979,organic,2025-03-12
u012980,organic,2025-03-14
u012981,organic,2025-03-24
u012982,organic,2025-03-20
u012983,organic,2025-03-27
u012984,organic,2025-03-01
u012985,organic,2025-03-23
u012986,organic,2025-03-16
u012987,organic,2025-03-20
u012988,organic,2025-03-26
u012989,organic,2025-03-22
u012990,organic,2025-03-07
u012991,organic,2025-03-24
u012992,organic,2025-03-07
u012993,organic,2025-03-22
u012994,organic,2025-03-26
u012995,organic,2025-03-11
u012996,organic,2025-03-27
u012997,organic,2025-03-29
u012998,organic,2025-03-07
u012999,search,2025-04-06
u013000,search,2025-04-01
u013001,search,2025-04-25
u013002,search,2025-04-27
u013003,search,2025-04-09
u013004,search,2025-04-17
u013005,search,2025-04-16
u013006,search,2025-04-04
u013007,search,2025-04-18
u013008,search,2025-04-25
u013009,search,2025-04-18
u013010,search,2025-04-10
u013011,search,2025-04-26
u013012,search,2025-04-03
u013013,search,2025-04-25
u013014,search,2025-04-07
u013015,search,2025-04-22
u013016,search,2025-04-06
u013017,search,2025-04-13
u013018,search,2025-04-03
u013019,search,2025-04-01
u013020,search,2025-04-05
u013021,search,2025-04-05
u013022,search,2025-04-11
u013023,search,2025-04-10
u013024,search,2025-04-08
u013025,search,2025-04-18
u013026,search,2025-04-29
u013027,search,2025-04-29
u013028,search,2025-04-22
u013029,search,2025-04-28
u013030,search,2025-04-01
u013031,search,2025-04-30
u013032,search,2025-04-21
u013033,search,2025-04-26
u013034,search,2025-04-30
u013035,search,2025-04-03
u013036,search,2025-04-01
u013037,search,2025-04-23
u013038,search,2025-04-02
u013039,search,2025-04-18
u013040,search,2025-04-05
u013041,search,2025-04-25
u013042,search,2025-04-15
u013043,search,2025-04-10
u013044,search,2025-04-07
u013045,search,2025-04-24
u013046,search,2025-04-29
u013047,search,2025-04-06
u013048,search,2025-04-11
u013049,search,2025-04-14
u013050,search,2025-04-17
u013051,search,2025-04-05
u013052,search,2025-04-15
u013053,search,2025-04-10
u013054,search,2025-04-12
u013055,search,2025-04-06
u013056,search,2025-04-21
u013057,search,2025-04-25
u013058,search,2025-04-22
u013059,search,2025-04-24
u013060,search,2025-04-19
u013061,search,2025-04-14
u013062,search,2025-04-29
u013063,search,2025-04-08
u013064,search,2025-04-22
u013065,search,2025-04-05
u013066,search,2025-04-04
u013067,search,2025-04-30
u013068,search,2025-04-29
u013069,search,2025-04-19
u013070,search,2025-04-20
u013071,search,2025-04-18
u013072,search,2025-04-21
u013073,search,2025-04-02
u013074,search,2025-04-15
u013075,search,2025-04-04
u013076,search,2025-04-06
u013077,search,2025-04-30
u013078,search,2025-04-06
u013079,search,2025-04-11
u013080,search,2025-04-23
u013081,search,2025-04-24
u013082,search,2025-04-24
u013083,search,2025-04-12
u013084,search,2025-04-17
u013085,search,2025-04-11
u013086,search,2025-04-14
u013087,search,2025-04-17
u013088,search,2025-04-24
u013089,search,2025-04-04
u013090,search,2025-04-14
u013091,search,2025-04-21
u013092,search,2025-04-07
u013093,search,2025-04-09
u013094,search,2025-04-08
u013095,search,2025-04-12
u013096,search,2025-04-30
u013097,search,2025-04-09
u013098,search,2025-04-02
u013099,search,2025-04-07
u013100,search,2025-04-08
u013101,search,2025-04-21
u013102,search,2025-04-14
u013103,search,2025-04-18
u013104,search,2025-04-28
u013105,search,2025-04-16
u013106,search,2025-04-08
u013107,search,2025-04-08
u013108,search,2025-04-13
u013109,search,2025-04-01
u013110,search,2025-04-06
u013111,search,2025-04-08
u013112,search,2025-04-19
u013113,search,2025-04-27
u013114,search,2025-04-06
u013115,search,2025-04-20
u013116,search,2025-04-30
u013117,search,2025-04-17
u013118,search,2025-04-02
u013119,search,2025-04-18
u013120,search,2025-04-28
u013121,search,2025-04-18
u013122,search,2025-04-12
u013123,search,2025-04-23
u013124,search,2025-04-26
u013125,search,2025-04-29
u013126,search,2025-04-16
u013127,search,2025-04-23
u013128,search,2025-04-14
u013129,search,2025-04-09
u013130,search,2025-04-25
u013131,search,2025-04-26
u013132,search,2025-04-01
u013133,search,2025-04-19
u013134,search,2025-04-26
u013135,search,2025-04-13
u013136,search,2025-04-03
u013137,search,2025-04-24
u013138,search,2025-04-26
u013139,search,2025-04-10
u013140,search,2025-04-03
u013141,search,2025-04-05
u013142,search,2025-04-04
u013143,search,2025-04-09
u013144,search,2025-04-20
u013145,search,2025-04-20
u013146,search,2025-04-11
u013147,search,2025-04-29
u013148,search,2025-04-07
u013149,search,2025-04-20
u013150,search,2025-04-07
u013151,search,2025-04-19
u013152,search,2025-04-10
u013153,search,2025-04-20
u013154,search,2025-04-15
u013155,search,2025-04-17
u013156,search,2025-04-04
u013157,search,2025-04-06
u013158,search,2025-04-03
u013159,search,2025-04-05
u013160,search,2025-04-10
u013161,search,2025-04-03
u013162,search,2025-04-23
u013163,search,2025-04-18
u013164,search,2025-04-08
u013165,search,2025-04-24
u013166,search,2025-04-13
u013167,search,2025-04-01
u013168,search,2025-04-26
u013169,search,2025-04-30
u013170,search,2025-04-16
u013171,search,2025-04-27
u013172,search,2025-04-28
u013173,search,2025-04-07
u013174,search,2025-04-13
u013175,search,2025-04-30
u013176,search,2025-04-25
u013177,search,2025-04-28
u013178,search,2025-04-21
u013179,search,2025-04-08
u013180,search,2025-04-01
u013181,search,2025-04-28
u013182,search,2025-04-18
u013183,search,2025-04-16
u013184,search,2025-04-30
u013185,search,2025-04-07
u013186,search,2025-04-18
u013187,search,2025-04-30
u013188,search,2025-04-05
u013189,search,2025-04-09
u013190,search,2025-04-01
u013191,search,2025-04-22
u013192,search,2025-04-17
u013193,search,2025-04-21
u013194,search,2025-04-26
u013195,search,2025-04-21
u013196,search,2025-04-25
u013197,search,2025-04-08
u013198,search,2025-04-21
u013199,search,2025-04-30
u013200,search,2025-04-21
u013201,search,2025-04-08
u013202,search,2025-04-09
u013203,search,2025-04-12
u013204,search,2025-04-22
u013205,search,2025-04-23
u013206,search,2025-04-10
u013207,search,2025-04-10
u013208,search,2025-04-22
u013209,search,2025-04-21
u013210,search,2025-04-25
u013211,search,2025-04-14
u013212,search,2025-04-26
u013213,search,2025-04-10
u013214,search,2025-04-02
u013215,search,2025-04-10
u013216,search,2025-04-11
u013217,search,2025-04-30
u013218,search,2025-04-10
u013219,search,2025-04-03
u013220,search,2025-04-09
u013221,search,2025-04-08
u013222,search,2025-04-23
u013223,search,2025-04-04
u013224,search,2025-04-16
u013225,search,2025-04-14
u013226,search,2025-04-13
u013227,search,2025-04-10
u013228,search,2025-04-10
u013229,search,2025-04-13
u013230,search,2025-04-20
u013231,search,2025-04-25
u013232,search,2025-04-16
u013233,search,2025-04-12
u013234,search,2025-04-03
u013235,search,2025-04-01
u013236,search,2025-04-12
u013237,search,2025-04-05
u013238,search,2025-04-04
u013239,search,2025-04-24
u013240,search,2025-04-23
u013241,search,2025-04-02
u013242,search,2025-04-29
u013243,search,2025-04-02
u013244,search,2025-04-01
u013245,search,2025-04-21
u013246,search,2025-04-16
u013247,search,2025-04-28
u013248,search,2025-04-20
u013249,search,2025-04-11
u013250,search,2025-04-15
u013251,search,2025-04-21
u013252,search,2025-04-06
u013253,search,2025-04-19
u013254,search,2025-04-28
u013255,search,2025-04-20
u013256,search,2025-04-06
u013257,search,2025-04-30
u013258,search,2025-04-12
u013259,search,2025-04-29
u013260,search,2025-04-08
u013261,search,2025-04-15
u013262,search,2025-04-24
u013263,search,2025-04-06
u013264,search,2025-04-29
u013265,search,2025-04-18
u013266,search,2025-04-11
u013267,search,2025-04-28
u013268,search,2025-04-30
u013269,search,2025-04-28
u013270,search,2025-04-06
u013271,search,2025-04-01
u013272,search,2025-04-30
u013273,search,2025-04-19
u013274,search,2025-04-30
u013275,search,2025-04-01
u013276,search,2025-04-25
u013277,search,2025-04-10
u013278,search,2025-04-19
u013279,search,2025-04-12
u013280,search,2025-04-08
u013281,search,2025-04-06
u013282,search,2025-04-08
u013283,search,2025-04-28
u013284,search,2025-04-19
u013285,search,2025-04-07
u013286,search,2025-04-15
u013287,search,2025-04-20
u013288,search,2025-04-22
u013289,search,2025-04-30
u013290,search,2025-04-11
u013291,search,2025-04-25
u013292,search,2025-04-02
u013293,search,2025-04-18
u013294,search,2025-04-25
u013295,search,2025-04-09
u013296,search,2025-04-30
u013297,search,2025-04-19
u013298,search,2025-04-01
u013299,search,2025-04-25
u013300,search,2025-04-26
u013301,search,2025-04-09
u013302,search,2025-04-09
u013303,search,2025-04-27
u013304,search,2025-04-21
u013305,search,2025-04-26
u013306,search,2025-04-10
u013307,search,2025-04-13
u013308,search,2025-04-30
u013309,search,2025-04-04
u013310,search,2025-04-02
u013311,search,2025-04-25
u013312,search,2025-04-16
u013313,search,2025-04-12
u013314,search,2025-04-23
u013315,search,2025-04-28
u013316,search,2025-04-03
u013317,search,2025-04-25
u013318,search,2025-04-27
u013319,search,2025-04-02
u013320,search,2025-04-21
u013321,search,2025-04-10
u013322,search,2025-04-05
u013323,search,2025-04-24
u013324,search,2025-04-13
u013325,search,2025-04-01
u013326,search,2025-04-04
u013327,search,2025-04-12
u013328,search,2025-04-17
u013329,search,2025-04-25
u013330,search,2025-04-06
u013331,search,2025-04-19
u013332,search,2025-04-15
u013333,search,2025-04-02
u013334,search,2025-04-20
u013335,search,2025-04-14
u013336,search,2025-04-09
u013337,search,2025-04-12
u013338,search,2025-04-01
u013339,search,2025-04-13
u013340,search,2025-04-24
u013341,search,2025-04-18
u013342,search,2025-04-01
u013343,search,2025-04-16
u013344,search,2025-04-12
u013345,search,2025-04-11
u013346,search,2025-04-04
u013347,search,2025-04-08
u013348,search,2025-04-04
u013349,search,2025-04-10
u013350,search,2025-04-29
u013351,search,2025-04-02
u013352,search,2025-04-01
u013353,search,2025-04-30
u013354,search,2025-04-06
u013355,search,2025-04-29
u013356,search,2025-04-18
u013357,search,2025-04-12
u013358,search,2025-04-27
u013359,search,2025-04-03
u013360,search,2025-04-08
u013361,search,2025-04-11
u013362,search,2025-04-09
u013363,search,2025-04-26
u013364,search,2025-04-27
u013365,search,2025-04-27
u013366,search,2025-04-20
u013367,search,2025-04-27
u013368,search,2025-04-09
u013369,search,2025-04-06
u013370,search,2025-04-26
u013371,search,2025-04-27
u013372,search,2025-04-28
u013373,search,2025-04-05
u013374,search,2025-04-12
u013375,search,2025-04-20
u013376,search,2025-04-15
u013377,search,2025-04-12
u013378,search,2025-04-13
u013379,search,2025-04-01
u013380,search,2025-04-25
u013381,search,2025-04-20
u013382,search,2025-04-10
u013383,search,2025-04-06
u013384,search,2025-04-13
u013385,search,2025-04-07
u013386,search,2025-04-25
u013387,search,2025-04-14
u013388,search,2025-04-11
u013389,search,2025-04-09
u013390,search,2025-04-28
u013391,search,2025-04-10
u013392,search,2025-04-15
u013393,search,2025-04-17
u013394,search,2025-04-03
u013395,search,2025-04-29
u013396,search,2025-04-10
u013397,search,2025-04-01
u013398,search,2025-04-24
u013399,search,2025-04-14
u013400,search,2025-04-11
u013401,search,2025-04-09
u013402,search,2025-04-21
u013403,search,2025-04-25
u013404,search,2025-04-08
u013405,search,2025-04-23
u013406,search,2025-04-02
u013407,search,2025-04-07
u013408,search,2025-04-16
u013409,search,2025-04-08
u013410,search,2025-04-02
u013411,search,2025-04-30
u013412,search,2025-04-02
u013413,search,2025-04-30
u013414,search,2025-04-30
u013415,search,2025-04-04
u013416,search,2025-04-14
u013417,search,2025-04-07
u013418,search,2025-04-10
u013419,search,2025-04-29
u013420,search,2025-04-19
u013421,search,2025-04-02
u013422,search,2025-04-07
u013423,search,2025-04-06
u013424,search,2025-04-19
u013425,search,2025-04-08
u013426,search,2025-04-02
u013427,search,2025-04-01
u013428,search,2025-04-29
u013429,search,2025-04-06
u013430,search,2025-04-02
u013431,search,2025-04-18
u013432,search,2025-04-15
u013433,search,2025-04-11
u013434,search,2025-04-06
u013435,search,2025-04-10
u013436,search,2025-04-21
u013437,search,2025-04-23
u013438,search,2025-04-18
u013439,search,2025-04-07
u013440,search,2025-04-19
u013441,search,2025-04-15
u013442,search,2025-04-07
u013443,search,2025-04-06
u013444,search,2025-04-26
u013445,search,2025-04-17
u013446,search,2025-04-15
u013447,search,2025-04-27
u013448,search,2025-04-19
u013449,search,2025-04-19
u013450,search,2025-04-23
u013451,search,2025-04-24
u013452,search,2025-04-22
u013453,search,2025-04-11
u013454,search,2025-04-17
u013455,search,2025-04-11
u013456,search,2025-04-13
u013457,search,2025-04-14
u013458,search,2025-04-05
u013459,search,2025-04-06
u013460,search,2025-04-20
u013461,search,2025-04-06
u013462,search,2025-04-18
u013463,search,2025-04-17
u013464,search,2025-04-04
u013465,search,2025-04-21
u013466,search,2025-04-27
u013467,search,2025-04-12
u013468,search,2025-04-07
u013469,search,2025-04-20
u013470,search,2025-04-05
u013471,search,2025-04-16
u013472,search,2025-04-16
u013473,search,2025-04-16
u013474,search,2025-04-17
u013475,search,2025-04-10
u013476,search,2025-04-11
u013477,search,2025-04-30
u013478,search,2025-04-22
u013479,search,2025-04-28
u013480,search,2025-04-25
u013481,search,2025-04-09
u013482,search,2025-04-18
u013483,search,2025-04-16
u013484,search,2025-04-01
u013485,search,2025-04-12
u013486,search,2025-04-01
u013487,search,2025-04-14
u013488,search,2025-04-09
u013489,search,2025-04-29
u013490,search,2025-04-06
u013491,search,2025-04-22
u013492,search,2025-04-13
u013493,search,2025-04-29
u013494,search,2025-04-11
u013495,search,2025-04-29
u013496,search,2025-04-04
u013497,search,2025-04-02
u013498,search,2025-04-07
u013499,search,2025-04-11
u013500,search,2025-04-05
u013501,search,2025-04-27
u013502,search,2025-04-19
u013503,search,2025-04-16
u013504,search,2025-04-10
u013505,search,2025-04-09
u013506,search,2025-04-26
u013507,search,2025-04-10
u013508,search,2025-04-03
u013509,search,2025-04-06
u013510,search,2025-04-18
u013511,search,2025-04-10
u013512,search,2025-04-28
u013513,search,2025-04-17
u013514,search,2025-04-04
u013515,search,2025-04-18
u013516,search,2025-04-29
u013517,search,2025-04-18
u013518,search,2025-04-10
u013519,search,2025-04-05
u013520,search,2025-04-18
u013521,search,2025-04-14
u013522,search,2025-04-10
u013523,search,2025-04-09
u013524,search,2025-04-16
u013525,search,2025-04-13
u013526,search,2025-04-15
u013527,search,2025-04-04
u013528,search,2025-04-30
u013529,search,2025-04-21
u013530,search,2025-04-06
u013531,search,2025-04-23
u013532,search,2025-04-06
u013533,search,2025-04-08
u013534,search,2025-04-19
u013535,search,2025-04-10
u013536,search,2025-04-17
u013537,search,2025-04-08
u013538,search,2025-04-24
u013539,search,2025-04-20
u013540,search,2025-04-28
u013541,search,2025-04-22
u013542,search,2025-04-13
u013543,search,2025-04-27
u013544,search,2025-04-13
u013545,search,2025-04-22
u013546,search,2025-04-25
u013547,search,2025-04-09
u013548,search,2025-04-16
u013549,search,2025-04-15
u013550,search,2025-04-27
u013551,search,2025-04-20
u013552,search,2025-04-06
u013553,search,2025-04-02
u013554,search,2025-04-16
u013555,search,2025-04-09
u013556,search,2025-04-01
u013557,search,2025-04-28
u013558,search,2025-04-24
u013559,search,2025-04-07
u013560,search,2025-04-29
u013561,search,2025-04-07
u013562,search,2025-04-27
u013563,search,2025-04-18
u013564,search,2025-04-26
u013565,search,2025-04-30
u013566,search,2025-04-04
u013567,search,2025-04-18
u013568,search,2025-04-23
u013569,search,2025-04-29
u013570,search,2025-04-23
u013571,search,2025-04-12
u013572,search,2025-04-13
u013573,search,2025-04-27
u013574,search,2025-04-08
u013575,search,2025-04-16
u013576,search,2025-04-15
u013577,search,2025-04-23
u013578,search,2025-04-24
u013579,search,2025-04-29
u013580,search,2025-04-21
u013581,search,2025-04-08
u013582,search,2025-04-15
u013583,search,2025-04-14
u013584,search,2025-04-26
u013585,search,2025-04-29
u013586,search,2025-04-16
u013587,search,2025-04-12
u013588,search,2025-04-10
u013589,search,2025-04-15
u013590,search,2025-04-29
u013591,search,2025-04-01
u013592,search,2025-04-18
u013593,search,2025-04-23
u013594,search,2025-04-28
u013595,search,2025-04-06
u013596,search,2025-04-11
u013597,search,2025-04-25
u013598,search,2025-04-06
u013599,search,2025-04-04
u013600,search,2025-04-24
u013601,search,2025-04-28
u013602,search,2025-04-17
u013603,search,2025-04-19
u013604,search,2025-04-12
u013605,search,2025-04-17
u013606,search,2025-04-16
u013607,search,2025-04-05
u013608,search,2025-04-09
u013609,search,2025-04-02
u013610,search,2025-04-24
u013611,search,2025-04-26
u013612,search,2025-04-16
u013613,search,2025-04-28
u013614,search,2025-04-29
u013615,search,2025-04-12
u013616,search,2025-04-05
u013617,search,2025-04-28
u013618,search,2025-04-14
u013619,search,2025-04-12
u013620,search,2025-04-08
u013621,search,2025-04-29
u013622,search,2025-04-30
u013623,search,2025-04-26
u013624,search,2025-04-17
u013625,search,2025-04-30
u013626,search,2025-04-10
u013627,search,2025-04-19
u013628,search,2025-04-17
u013629,search,2025-04-11
u013630,search,2025-04-01
u013631,search,2025-04-19
u013632,search,2025-04-07
u013633,search,2025-04-22
u013634,search,2025-04-25
u013635,search,2025-04-24
u013636,search,2025-04-16
u013637,search,2025-04-04
u013638,search,2025-04-27
u013639,search,2025-04-19
u013640,search,2025-04-10
u013641,search,2025-04-16
u013642,search,2025-04-11
u013643,search,2025-04-08
u013644,search,2025-04-24
u013645,search,2025-04-09
u013646,search,2025-04-22
u013647,search,2025-04-20
u013648,search,2025-04-05
u013649,search,2025-04-09
u013650,search,2025-04-30
u013651,search,2025-04-04
u013652,search,2025-04-02
u013653,search,2025-04-18
u013654,search,2025-04-17
u013655,search,2025-04-15
u013656,search,2025-04-10
u013657,search,2025-04-03
u013658,search,2025-04-22
u013659,search,2025-04-18
u013660,search,2025-04-01
u013661,search,2025-04-18
u013662,search,2025-04-12
u013663,search,2025-04-07
u013664,search,2025-04-22
u013665,search,2025-04-24
u013666,search,2025-04-17
u013667,search,2025-04-06
u013668,search,2025-04-23
u013669,search,2025-04-23
u013670,search,2025-04-09
u013671,search,2025-04-03
u013672,search,2025-04-08
u013673,search,2025-04-19
u013674,search,2025-04-13
u013675,search,2025-04-27
u013676,search,2025-04-30
u013677,search,2025-04-16
u013678,search,2025-04-09
u013679,search,2025-04-08
u013680,search,2025-04-24
u013681,search,2025-04-25
u013682,search,2025-04-02
u013683,search,2025-04-09
u013684,search,2025-04-28
u013685,search,2025-04-13
u013686,search,2025-04-11
u013687,search,2025-04-04
u013688,search,2025-04-30
u013689,search,2025-04-16
u013690,search,2025-04-21
u013691,search,2025-04-26
u013692,search,2025-04-08
u013693,search,2025-04-16
u013694,search,2025-04-20
u013695,search,2025-04-24
u013696,search,2025-04-08
u013697,search,2025-04-05
u013698,search,2025-04-20
u013699,search,2025-04-26
u013700,search,2025-04-11
u013701,search,2025-04-12
u013702,search,2025-04-21
u013703,search,2025-04-14
u013704,search,2025-04-18
u013705,search,2025-04-04
u013706,search,2025-04-25
u013707,search,2025-04-24
u013708,search,2025-04-18
u013709,search,2025-04-18
u013710,search,2025-04-04
u013711,search,2025-04-22
u013712,search,2025-04-03
u013713,search,2025-04-25
u013714,search,2025-04-28
u013715,search,2025-04-03
u013716,search,2025-04-16
u013717,search,2025-04-11
u013718,search,2025-04-16
u013719,search,2025-04-25
u013720,search,2025-04-04
u013721,search,2025-04-10
u013722,search,2025-04-21
u013723,search,2025-04-01
u013724,search,2025-04-06
u013725,search,2025-04-09
u013726,search,2025-04-22
u013727,search,2025-04-22
u013728,search,2025-04-21
u013729,search,2025-04-01
u013730,search,2025-04-21
u013731,search,2025-04-21
u013732,search,2025-04-28
u013733,search,2025-04-13
u013734,search,2025-04-21
u013735,search,2025-04-09
u013736,search,2025-04-15
u013737,search,2025-04-15
u013738,search,2025-04-08
u013739,search,2025-04-07
u013740,search,2025-04-16
u013741,search,2025-04-22
u013742,search,2025-04-03
u013743,search,2025-04-15
u013744,search,2025-04-15
u013745,search,2025-04-23
u013746,search,2025-04-28
u013747,search,2025-04-22
u013748,search,2025-04-20
u013749,search,2025-04-02
u013750,search,2025-04-29
u013751,search,2025-04-06
u013752,search,2025-04-05
u013753,search,2025-04-30
u013754,search,2025-04-07
u013755,search,2025-04-19
u013756,search,2025-04-19
u013757,search,2025-04-16
u013758,search,2025-04-06
u013759,search,2025-04-22
u013760,search,2025-04-11
u013761,search,2025-04-02
u013762,search,2025-04-14
u013763,search,2025-04-05
u013764,search,2025-04-30
u013765,search,2025-04-12
u013766,search,2025-04-29
u013767,search,2025-04-19
u013768,search,2025-04-17
u013769,search,2025-04-29
u013770,search,2025-04-14
u013771,search,2025-04-20
u013772,search,2025-04-10
u013773,search,2025-04-26
u013774,search,2025-04-25
u013775,search,2025-04-28
u013776,search,2025-04-08
u013777,search,2025-04-21
u013778,search,2025-04-15
u013779,search,2025-04-12
u013780,search,2025-04-27
u013781,search,2025-04-28
u013782,search,2025-04-21
u013783,search,2025-04-17
u013784,search,2025-04-03
u013785,search,2025-04-17
u013786,search,2025-04-25
u013787,search,2025-04-22
u013788,search,2025-04-07
u013789,search,2025-04-12
u013790,search,2025-04-06
u013791,search,2025-04-07
u013792,search,2025-04-10
u013793,search,2025-04-05
u013794,search,2025-04-14
u013795,search,2025-04-15
u013796,search,2025-04-20
u013797,search,2025-04-16
u013798,search,2025-04-01
u013799,search,2025-04-27
u013800,search,2025-04-14
u013801,search,2025-04-28
u013802,search,2025-04-05
u013803,search,2025-04-12
u013804,search,2025-04-06
u013805,search,2025-04-20
u013806,search,2025-04-16
u013807,search,2025-04-17
u013808,search,2025-04-21
u013809,search,2025-04-01
u013810,search,2025-04-14
u013811,search,2025-04-18
u013812,search,2025-04-05
u013813,search,2025-04-16
u013814,search,2025-04-08
u013815,search,2025-04-05
u013816,search,2025-04-12
u013817,search,2025-04-14
u013818,search,2025-04-02
u013819,search,2025-04-09
u013820,search,2025-04-02
u013821,search,2025-04-23
u013822,search,2025-04-17
u013823,search,2025-04-09
u013824,search,2025-04-28
u013825,search,2025-04-11
u013826,search,2025-04-07
u013827,search,2025-04-18
u013828,search,2025-04-06
u013829,search,2025-04-14
u013830,search,2025-04-09
u013831,search,2025-04-21
u013832,search,2025-04-05
u013833,search,2025-04-01
u013834,search,2025-04-24
u013835,search,2025-04-26
u013836,search,2025-04-26
u013837,search,2025-04-03
u013838,search,2025-04-30
u013839,search,2025-04-15
u013840,search,2025-04-10
u013841,search,2025-04-26
u013842,search,2025-04-24
u013843,search,2025-04-27
u013844,search,2025-04-10
u013845,search,2025-04-25
u013846,search,2025-04-16
u013847,search,2025-04-01
u013848,search,2025-04-08
u013849,search,2025-04-15
u013850,search,2025-04-23
u013851,search,2025-04-05
u013852,search,2025-04-05
u013853,search,2025-04-29
u013854,search,2025-04-27
u013855,search,2025-04-23
u013856,search,2025-04-02
u013857,search,2025-04-03
u013858,search,2025-04-26
u013859,search,2025-04-14
u013860,search,2025-04-26
u013861,search,2025-04-02
u013862,search,2025-04-23
u013863,search,2025-04-03
u013864,search,2025-04-17
u013865,search,2025-04-11
u013866,search,2025-04-09
u013867,search,2025-04-23
u013868,search,2025-04-23
u013869,search,2025-04-09
u013870,search,2025-04-27
u013871,search,2025-04-07
u013872,search,2025-04-03
u013873,search,2025-04-21
u013874,search,2025-04-14
u013875,search,2025-04-18
u013876,search,2025-04-08
u013877,search,2025-04-26
u013878,search,2025-04-27
u013879,search,2025-04-28
u013880,search,2025-04-07
u013881,search,2025-04-17
u013882,search,2025-04-27
u013883,search,2025-04-05
u013884,search,2025-04-13
u013885,search,2025-04-17
u013886,search,2025-04-13
u013887,search,2025-04-18
u013888,search,2025-04-28
u013889,search,2025-04-22
u013890,search,2025-04-20
u013891,search,2025-04-18
u013892,search,2025-04-02
u013893,search,2025-04-13
u013894,search,2025-04-16
u013895,search,2025-04-12
u013896,search,2025-04-16
u013897,search,2025-04-06
u013898,search,2025-04-19
u013899,search,2025-04-20
u013900,search,2025-04-25
u013901,search,2025-04-27
u013902,search,2025-04-09
u013903,search,2025-04-13
u013904,search,2025-04-15
u013905,search,2025-04-03
u013906,search,2025-04-16
u013907,search,2025-04-18
u013908,search,2025-04-05
u013909,search,2025-04-02
u013910,search,2025-04-29
u013911,search,2025-04-09
u013912,search,2025-04-20
u013913,search,2025-04-27
u013914,search,2025-04-16
u013915,search,2025-04-04
u013916,search,2025-04-27
u013917,search,2025-04-30
u013918,search,2025-04-27
u013919,search,2025-04-01
u013920,search,2025-04-21
u013921,search,2025-04-02
u013922,search,2025-04-18
u013923,search,2025-04-25
u013924,search,2025-04-17
u013925,search,2025-04-05
u013926,search,2025-04-16
u013927,search,2025-04-07
u013928,search,2025-04-20
u013929,search,2025-04-25
u013930,search,2025-04-25
u013931,search,2025-04-25
u013932,search,2025-04-23
u013933,search,2025-04-21
u013934,search,2025-04-21
u013935,search,2025-04-05
u013936,search,2025-04-22
u013937,search,2025-04-12
u013938,search,2025-04-02
u013939,search,2025-04-17
u013940,search,2025-04-21
u013941,search,2025-04-16
u013942,search,2025-04-05
u013943,search,2025-04-07
u013944,search,2025-04-20
u013945,search,2025-04-22
u013946,search,2025-04-02
u013947,search,2025-04-12
u013948,search,2025-04-06
u013949,search,2025-04-10
u013950,search,2025-04-18
u013951,search,2025-04-29
u013952,search,2025-04-22
u013953,search,2025-04-04
u013954,search,2025-04-06
u013955,search,2025-04-10
u013956,search,2025-04-25
u013957,search,2025-04-27
u013958,search,2025-04-07
u013959,search,2025-04-22
u013960,search,2025-04-18
u013961,search,2025-04-21
u013962,search,2025-04-08
u013963,search,2025-04-28
u013964,search,2025-04-26
u013965,search,2025-04-10
u013966,search,2025-04-03
u013967,search,2025-04-12
u013968,search,2025-04-04
u013969,search,2025-04-07
u013970,search,2025-04-28
u013971,search,2025-04-10
u013972,search,2025-04-15
u013973,search,2025-04-22
u013974,search,2025-04-11
u013975,search,2025-04-26
u013976,search,2025-04-06
u013977,search,2025-04-27
u013978,search,2025-04-29
u013979,search,2025-04-22
u013980,search,2025-04-01
u013981,search,2025-04-07
u013982,search,2025-04-28
u013983,search,2025-04-01
u013984,search,2025-04-14
u013985,search,2025-04-11
u013986,search,2025-04-22
u013987,search,2025-04-09
u013988,search,2025-04-08
u013989,search,2025-04-18
u013990,search,2025-04-27
u013991,search,2025-04-16
u013992,search,2025-04-17
u013993,search,2025-04-20
u013994,search,2025-04-15
u013995,search,2025-04-16
u013996,search,2025-04-02
u013997,search,2025-04-30
u013998,search,2025-04-12
u013999,display,2025-04-10
u014000,display,2025-04-22
u014001,display,2025-04-29
u014002,display,2025-04-02
u014003,display,2025-04-02
u014004,display,2025-04-17
u014005,display,2025-04-15
u014006,display,2025-04-04
u014007,display,2025-04-21
u014008,display,2025-04-05
u014009,display,2025-04-03
u014010,display,2025-04-04
u014011,display,2025-04-20
u014012,display,2025-04-20
u014013,display,2025-04-01
u014014,display,2025-04-29
u014015,display,2025-04-07
u014016,display,2025-04-16
u014017,display,2025-04-23
u014018,display,2025-04-17
u014019,display,2025-04-27
u014020,display,2025-04-15
u014021,display,2025-04-22
u014022,display,2025-04-18
u014023,display,2025-04-06
u014024,display,2025-04-10
u014025,display,2025-04-28
u014026,display,2025-04-19
u014027,display,2025-04-16
u014028,display,2025-04-28
u014029,display,2025-04-21
u014030,display,2025-04-15
u014031,display,2025-04-02
u014032,display,2025-04-14
u014033,display,2025-04-16
u014034,display,2025-04-09
u014035,display,2025-04-10
u014036,display,2025-04-11
u014037,display,2025-04-04
u014038,display,2025-04-26
u014039,display,2025-04-20
u014040,display,2025-04-20
u014041,display,2025-04-30
u014042,display,2025-04-22
u014043,display,2025-04-15
u014044,display,2025-04-17
u014045,display,2025-04-24
u014046,display,2025-04-28
u014047,display,2025-04-22
u014048,display,2025-04-26
u014049,display,2025-04-08
u014050,display,2025-04-14
u014051,display,2025-04-11
u014052,display,2025-04-02
u014053,display,2025-04-05
u014054,display,2025-04-01
u014055,display,2025-04-26
u014056,display,2025-04-30
u014057,display,2025-04-14
u014058,display,2025-04-02
u014059,display,2025-04-23
u014060,display,2025-04-30
u014061,display,2025-04-19
u014062,display,2025-04-15
u014063,display,2025-04-20
u014064,display,2025-04-29
u014065,display,2025-04-30
u014066,display,2025-04-27
u014067,display,2025-04-23
u014068,display,2025-04-03
u014069,display,2025-04-17
u014070,display,2025-04-25
u014071,display,2025-04-04
u014072,display,2025-04-23
u014073,display,2025-04-13
u014074,display,2025-04-27
u014075,display,2025-04-04
u014076,display,2025-04-09
u014077,display,2025-04-07
u014078,display,2025-04-16
u014079,display,2025-04-24
u014080,display,2025-04-06
u014081,display,2025-04-07
u014082,display,2025-04-19
u014083,display,2025-04-17
u014084,display,2025-04-23
u014085,display,2025-04-01
u014086,display,2025-04-10
u014087,display,2025-04-12
u014088,display,2025-04-19
u014089,display,2025-04-03
u014090,display,2025-04-09
u014091,display,2025-04-16
u014092,display,2025-04-05
u014093,display,2025-04-18
u014094,display,2025-04-04
u014095,display,2025-04-01
u014096,display,2025-04-29
u014097,display,2025-04-07
u014098,display,2025-04-17
u014099,display,2025-04-29
u014100,display,2025-04-01
u014101,display,2025-04-08
u014102,display,2025-04-27
u014103,display,2025-04-27
u014104,display,2025-04-02
u014105,display,2025-04-03
u014106,display,2025-04-09
u014107,display,2025-04-19
u014108,display,2025-04-16
u014109,display,2025-04-27
u014110,display,2025-04-21
u014111,display,2025-04-03
u014112,display,2025-04-15
u014113,display,2025-04-03
u014114,display,2025-04-06
u014115,display,2025-04-06
u014116,display,2025-04-08
u014117,display,2025-04-12
u014118,display,2025-04-01
u014119,display,2025-04-23
u014120,display,2025-04-15
u014121,display,2025-04-05
u014122,display,2025-04-28
u014123,display,2025-04-06
u014124,display,2025-04-13
u014125,display,2025-04-20
u014126,display,2025-04-04
u014127,display,2025-04-08
u014128,display,2025-04-28
u014129,display,2025-04-06
u014130,display,2025-04-16
u014131,display,2025-04-24
u014132,display,2025-04-12
u014133,display,2025-04-19
u014134,display,2025-04-22
u014135,display,2025-04-18
u014136,display,2025-04-09
u014137,display,2025-04-16
u014138,display,2025-04-05
u014139,display,2025-04-27
u014140,display,2025-04-11
u014141,display,2025-04-27
u014142,display,2025-04-12
u014143,display,2025-04-13
u014144,display,2025-04-21
u014145,display,2025-04-01
u014146,display,2025-04-23
u014147,display,2025-04-22
u014148,display,2025-04-22
u014149,display,2025-04-05
u014150,display,2025-04-30
u014151,display,2025-04-28
u014152,display,2025-04-06
u014153,display,2025-04-02
u014154,display,2025-04-09
u014155,display,2025-04-18
u014156,display,2025-04-19
u014157,display,2025-04-25
u014158,display,2025-04-17
u014159,display,2025-04-02
u014160,display,2025-04-28
u014161,display,2025-04-07
u014162,display,2025-04-27
u014163,display,2025-04-07
u014164,display,2025-04-23
u014165,display,2025-04-20
u014166,display,2025-04-25
u014167,display,2025-04-20
u014168,display,2025-04-03
u014169,display,2025-04-15
u014170,display,2025-04-22
u014171,display,2025-04-18
u014172,display,2025-04-29
u014173,display,2025-04-12
u014174,display,2025-04-26
u014175,display,2025-04-08
u014176,display,2025-04-26
u014177,display,2025-04-24
u014178,display,2025-04-15
u014179,display,2025-04-03
u014180,display,2025-04-24
u014181,display,2025-04-01
u014182,display,2025-04-29
u014183,display,2025-04-27
u014184,display,2025-04-13
u014185,display,2025-04-11
u014186,display,2025-04-03
u014187,display,2025-04-30
u014188,display,2025-04-01
u014189,display,2025-04-20
u014190,display,2025-04-15
u014191,display,2025-04-19
u014192,display,2025-04-15
u014193,display,2025-04-16
u014194,display,2025-04-29
u014195,display,2025-04-27
u014196,display,2025-04-01
u014197,display,2025-04-15
u014198,display,2025-04-13
u014199,display,2025-04-16
u014200,display,2025-04-10
u014201,display,2025-04-30
u014202,display,2025-04-01
u014203,display,2025-04-25
u014204,display,2025-04-28
u014205,display,2025-04-20
u014206,display,2025-04-08
u014207,display,2025-04-18
u014208,display,2025-04-09
u014209,display,2025-04-25
u014210,display,2025-04-29
u014211,display,2025-04-26
u014212,display,2025-04-01
u014213,display,2025-04-12
u014214,display,2025-04-03
u014215,display,2025-04-19
u014216,display,2025-04-14
u014217,display,2025-04-02
u014218,display,2025-04-28
u014219,display,2025-04-21
u014220,display,2025-04-13
u014221,display,2025-04-20
u014222,display,2025-04-15
u014223,display,2025-04-16
u014224,display,2025-04-22
u014225,display,2025-04-21
u014226,display,2025-04-28
u014227,display,2025-04-07
u014228,display,2025-04-06
u014229,display,2025-04-12
u014230,display,2025-04-08
u014231,display,2025-04-21
u014232,display,2025-04-13
u014233,display,2025-04-23
u014234,display,2025-04-12
u014235,display,2025-04-03
u014236,display,2025-04-01
u014237,display,2025-04-16
u014238,display,2025-04-27
u014239,display,2025-04-27
u014240,display,2025-04-09
u014241,display,2025-04-09
u014242,display,2025-04-01
u014243,display,2025-04-10
u014244,display,2025-04-25
u014245,display,2025-04-29
u014246,display,2025-04-05
u014247,display,2025-04-07
u014248,display,2025-04-04
u014249,display,2025-04-01
u014250,display,2025-04-02
u014251,display,2025-04-10
u014252,display,2025-04-20
u014253,display,2025-04-17
u014254,display,2025-04-17
u014255,display,2025-04-29
u014256,display,2025-04-22
u014257,display,2025-04-23
u014258,display,2025-04-20
u014259,display,2025-04-06
u014260,display,2025-04-05
u014261,display,2025-04-21
u014262,display,2025-04-13
u014263,display,2025-04-17
u014264,display,2025-04-11
u014265,display,2025-04-09
u014266,display,2025-04-16
u014267,display,2025-04-02
u014268,display,2025-04-10
u014269,display,2025-04-26
u014270,display,2025-04-04
u014271,display,2025-04-08
u014272,display,2025-04-01
u014273,display,2025-04-12
u014274,display,2025-04-15
u014275,display,2025-04-03
u014276,display,2025-04-27
u014277,display,2025-04-09
u014278,display,2025-04-16
u014279,display,2025-04-29
u014280,display,2025-04-24
u014281,display,2025-04-02
u014282,display,2025-04-07
u014283,display,2025-04-18
u014284,display,2025-04-20
u014285,display,2025-04-12
u014286,display,2025-04-19
u014287,display,2025-04-24
u014288,display,2025-04-28
u014289,display,2025-04-18
u014290,display,2025-04-27
u014291,display,2025-04-03
u014292,display,2025-04-09
u014293,display,2025-04-20
u014294,display,2025-04-14
u014295,display,2025-04-15
u014296,display,2025-04-28
u014297,display,2025-04-28
u014298,display,2025-04-18
u014299,display,2025-04-25
u014300,display,2025-04-23
u014301,display,2025-04-28
u014302,display,2025-04-04
u014303,display,2025-04-18
u014304,display,2025-04-28
u014305,display,2025-04-17
u014306,display,2025-04-27
u014307,display,2025-04-26
u014308,display,2025-04-12
u014309,display,2025-04-04
u014310,display,2025-04-12
u014311,display,2025-04-07
u014312,display,2025-04-01
u014313,display,2025-04-15
u014314,display,2025-04-03
u014315,display,2025-04-27
u014316,display,2025-04-15
u014317,display,2025-04-29
u014318,display,2025-04-17
u014319,display,2025-04-26
u014320,display,2025-04-08
u014321,display,2025-04-25
u014322,display,2025-04-06
u014323,display,2025-04-22
u014324,display,2025-04-16
u014325,display,2025-04-13
u014326,display,2025-04-10
u014327,display,2025-04-20
u014328,display,2025-04-21
u014329,display,2025-04-09
u014330,display,2025-04-06
u014331,display,2025-04-26
u014332,display,2025-04-09
u014333,display,2025-04-01
u014334,display,2025-04-21
u014335,display,2025-04-07
u014336,display,2025-04-29
u014337,display,2025-04-01
u014338,display,2025-04-01
u014339,display,2025-04-12
u014340,display,2025-04-14
u014341,display,2025-04-14
u014342,display,2025-04-09
u014343,display,2025-04-26
u014344,display,2025-04-15
u014345,display,2025-04-10
u014346,display,2025-04-14
u014347,display,2025-04-05
u014348,display,2025-04-06
u014349,display,2025-04-25
u014350,display,2025-04-15
u014351,display,2025-04-13
u014352,display,2025-04-13
u014353,display,2025-04-10
u014354,display,2025-04-15
u014355,display,2025-04-03
u014356,display,2025-04-20
u014357,display,2025-04-01
u014358,display,2025-04-19
u014359,display,2025-04-27
u014360,display,2025-04-30
u014361,display,2025-04-09
u014362,display,2025-04-20
u014363,display,2025-04-22
u014364,display,2025-04-14
u014365,display,2025-04-01
u014366,display,2025-04-12
u014367,display,2025-04-07
u014368,display,2025-04-08
u014369,display,2025-04-07
u014370,display,2025-04-20
u014371,display,2025-04-16
u014372,display,2025-04-08
u014373,display,2025-04-05
u014374,display,2025-04-30
u014375,display,2025-04-19
u014376,display,2025-04-08
u014377,display,2025-04-30
u014378,display,2025-04-30
u014379,display,2025-04-21
u014380,display,2025-04-28
u014381,display,2025-04-10
u014382,display,2025-04-15
u014383,display,2025-04-26
u014384,display,2025-04-22
u014385,display,2025-04-19
u014386,display,2025-04-05
u014387,display,2025-04-28
u014388,display,2025-04-26
u014389,display,2025-04-04
u014390,display,2025-04-02
u014391,display,2025-04-07
u014392,display,2025-04-15
u014393,display,2025-04-05
u014394,display,2025-04-23
u014395,display,2025-04-10
u014396,display,2025-04-24
u014397,display,2025-04-26
u014398,display,2025-04-11
u014399,display,2025-04-12
u014400,display,2025-04-10
u014401,display,2025-04-03
u014402,display,2025-04-01
u014403,display,2025-04-23
u014404,display,2025-04-02
u014405,display,2025-04-27
u014406,display,2025-04-05
u014407,display,2025-04-03
u014408,display,2025-04-13
u014409,display,2025-04-07
u014410,display,2025-04-07
u014411,display,2025-04-29
u014412,display,2025-04-28
u014413,display,2025-04-09
u014414,display,2025-04-09
u014415,display,2025-04-30
u014416,display,2025-04-16
u014417,display,2025-04-12
u014418,display,2025-04-30
u014419,display,2025-04-26
u014420,display,2025-04-05
u014421,display,2025-04-08
u014422,display,2025-04-01
u014423,display,2025-04-06
u014424,display,2025-04-26
u014425,display,2025-04-19
u014426,display,2025-04-26
u014427,display,2025-04-12
u014428,display,2025-04-19
u014429,display,2025-04-14
u014430,display,2025-04-21
u014431,display,2025-04-14
u014432,display,2025-04-30
u014433,display,2025-04-14
u014434,display,2025-04-26
u014435,display,2025-04-06
u014436,display,2025-04-21
u014437,display,2025-04-19
u014438,display,2025-04-22
u014439,display,2025-04-13
u014440,display,2025-04-21
u014441,display,2025-04-14
u014442,display,2025-04-04
u014443,display,2025-04-08
u014444,display,2025-04-22
u014445,display,2025-04-13
u014446,display,2025-04-19
u014447,display,2025-04-23
u014448,display,2025-04-02
u014449,display,2025-04-19
u014450,display,2025-04-05
u014451,display,2025-04-19
u014452,display,2025-04-13
u014453,display,2025-04-09
u014454,display,2025-04-26
u014455,display,2025-04-22
u014456,display,2025-04-14
u014457,display,2025-04-11
u014458,display,2025-04-30
u014459,display,2025-04-08
u014460,display,2025-04-07
u014461,display,2025-04-26
u014462,display,2025-04-07
u014463,display,2025-04-26
u014464,display,2025-04-22
u014465,display,2025-04-04
u014466,display,2025-04-13
u014467,display,2025-04-16
u014468,display,2025-04-22
u014469,display,2025-04-24
u014470,display,2025-04-17
u014471,display,2025-04-21
u014472,display,2025-04-21
u014473,display,2025-04-06
u014474,display,2025-04-29
u014475,display,2025-04-13
u014476,display,2025-04-03
u014477,display,2025-04-27
u014478,display,2025-04-29
u014479,display,2025-04-07
u014480,display,2025-04-21
u014481,display,2025-04-12
u014482,display,2025-04-08
u014483,display,2025-04-05
u014484,display,2025-04-05
u014485,display,2025-04-30
u014486,display,2025-04-03
u014487,display,2025-04-07
u014488,display,2025-04-13
u014489,display,2025-04-28
u014490,display,2025-04-09
u014491,display,2025-04-08
u014492,display,2025-04-28
u014493,display,2025-04-12
u014494,display,2025-04-29
u014495,display,2025-04-28
u014496,display,2025-04-30
u014497,display,2025-04-24
u014498,display,2025-04-10
u014499,retargeting,2025-04-09
u014500,retargeting,2025-04-28
u014501,retargeting,2025-04-07
u014502,retargeting,2025-04-07
u014503,retargeting,2025-04-15
u014504,retargeting,2025-04-07
u014505,retargeting,2025-04-17
u014506,retargeting,2025-04-18
u014507,retargeting,2025-04-11
u014508,retargeting,2025-04-21
u014509,retargeting,2025-04-05
u014510,retargeting,2025-04-05
u014511,retargeting,2025-04-12
u014512,retargeting,2025-04-17
u014513,retargeting,2025-04-15
u014514,retargeting,2025-04-25
u014515,retargeting,2025-04-08
u014516,retargeting,2025-04-07
u014517,retargeting,2025-04-14
u014518,retargeting,2025-04-05
u014519,retargeting,2025-04-06
u014520,retargeting,2025-04-11
u014521,retargeting,2025-04-29
u014522,retargeting,2025-04-07
u014523,retargeting,2025-04-06
u014524,retargeting,2025-04-27
u014525,retargeting,2025-04-27
u014526,retargeting,2025-04-27
u014527,retargeting,2025-04-30
u014528,retargeting,2025-04-14
u014529,retargeting,2025-04-03
u014530,retargeting,2025-04-26
u014531,retargeting,2025-04-29
u014532,retargeting,2025-04-26
u014533,retargeting,2025-04-07
u014534,retargeting,2025-04-14
u014535,retargeting,2025-04-13
u014536,retargeting,2025-04-24
u014537,retargeting,2025-04-04
u014538,retargeting,2025-04-22
u014539,retargeting,2025-04-18
u014540,retargeting,2025-04-07
u014541,retargeting,2025-04-16
u014542,retargeting,2025-04-10
u014543,retargeting,2025-04-05
u014544,retargeting,2025-04-07
u014545,retargeting,2025-04-16
u014546,retargeting,2025-04-23
u014547,retargeting,2025-04-22
u014548,retargeting,2025-04-28
u014549,retargeting,2025-04-01
u014550,retargeting,2025-04-20
u014551,retargeting,2025-04-09
u014552,retargeting,2025-04-15
u014553,retargeting,2025-04-06
u014554,retargeting,2025-04-09
u014555,retargeting,2025-04-23
u014556,retargeting,2025-04-05
u014557,retargeting,2025-04-21
u014558,retargeting,2025-04-09
u014559,retargeting,2025-04-28
u014560,retargeting,2025-04-25
u014561,retargeting,2025-04-13
u014562,retargeting,2025-04-17
u014563,retargeting,2025-04-14
u014564,retargeting,2025-04-18
u014565,retargeting,2025-04-23
u014566,retargeting,2025-04-14
u014567,retargeting,2025-04-26
u014568,retargeting,2025-04-20
u014569,retargeting,2025-04-14
u014570,retargeting,2025-04-09
u014571,retargeting,2025-04-12
u014572,retargeting,2025-04-09
u014573,retargeting,2025-04-04
u014574,retargeting,2025-04-09
u014575,retargeting,2025-04-21
u014576,retargeting,2025-04-14
u014577,retargeting,2025-04-11
u014578,retargeting,2025-04-02
u014579,retargeting,2025-04-07
u014580,retargeting,2025-04-07
u014581,retargeting,2025-04-02
u014582,retargeting,2025-04-08
u014583,retargeting,2025-04-22
u014584,retargeting,2025-04-16
u014585,retargeting,2025-04-25
u014586,retargeting,2025-04-22
u014587,retargeting,2025-04-07
u014588,retargeting,2025-04-28
u014589,retargeting,2025-04-01
u014590,retargeting,2025-04-04
u014591,retargeting,2025-04-23
u014592,retargeting,2025-04-04
u014593,retargeting,2025-04-05
u014594,retargeting,2025-04-24
u014595,retargeting,2025-04-29
u014596,retargeting,2025-04-09
u014597,retargeting,2025-04-25
u014598,retargeting,2025-04-15
u014599,retargeting,2025-04-11
u014600,retargeting,2025-04-18
u014601,retargeting,2025-04-05
u014602,retargeting,2025-04-11
u014603,retargeting,2025-04-03
u014604,retargeting,2025-04-26
u014605,retargeting,2025-04-17
u014606,retargeting,2025-04-08
u014607,retargeting,2025-04-27
u014608,retargeting,2025-04-20
u014609,retargeting,2025-04-06
u014610,retargeting,2025-04-01
u014611,retargeting,2025-04-04
u014612,retargeting,2025-04-06
u014613,retargeting,2025-04-16
u014614,retargeting,2025-04-05
u014615,retargeting,2025-04-27
u014616,retargeting,2025-04-22
u014617,retargeting,2025-04-24
u014618,retargeting,2025-04-03
u014619,retargeting,2025-04-20
u014620,retargeting,2025-04-22
u014621,retargeting,2025-04-29
u014622,retargeting,2025-04-22
u014623,retargeting,2025-04-22
u014624,retargeting,2025-04-11
u014625,retargeting,2025-04-05
u014626,retargeting,2025-04-10
u014627,retargeting,2025-04-27
u014628,retargeting,2025-04-14
u014629,retargeting,2025-04-26
u014630,retargeting,2025-04-11
u014631,retargeting,2025-04-29
u014632,retargeting,2025-04-02
u014633,retargeting,2025-04-23
u014634,retargeting,2025-04-30
u014635,retargeting,2025-04-26
u014636,retargeting,2025-04-15
u014637,retargeting,2025-04-28
u014638,retargeting,2025-04-13
u014639,retargeting,2025-04-14
u014640,retargeting,2025-04-12
u014641,retargeting,2025-04-03
u014642,retargeting,2025-04-19
u014643,retargeting,2025-04-27
u014644,retargeting,2025-04-07
u014645,retargeting,2025-04-22
u014646,retargeting,2025-04-17
u014647,retargeting,2025-04-18
u014648,retargeting,2025-04-23
u014649,retargeting,2025-04-05
u014650,retargeting,2025-04-19
u014651,retargeting,2025-04-15
u014652,retargeting,2025-04-01
u014653,retargeting,2025-04-02
u014654,retargeting,2025-04-05
u014655,retargeting,2025-04-11
u014656,retargeting,2025-04-07
u014657,retargeting,2025-04-29
u014658,retargeting,2025-04-24
u014659,retargeting,2025-04-25
u014660,retargeting,2025-04-17
u014661,retargeting,2025-04-29
u014662,retargeting,2025-04-05
u014663,retargeting,2025-04-14
u014664,retargeting,2025-04-03
u014665,retargeting,2025-04-29
u014666,retargeting,2025-04-21
u014667,retargeting,2025-04-21
u014668,retargeting,2025-04-30
u014669,retargeting,2025-04-29
u014670,retargeting,2025-04-27
u014671,retargeting,2025-04-22
u014672,retargeting,2025-04-11
u014673,retargeting,2025-04-02
u014674,retargeting,2025-04-01
u014675,retargeting,2025-04-08
u014676,retargeting,2025-04-28
u014677,retargeting,2025-04-03
u014678,retargeting,2025-04-22
u014679,retargeting,2025-04-13
u014680,retargeting,2025-04-18
u014681,retargeting,2025-04-18
u014682,retargeting,2025-04-19
u014683,retargeting,2025-04-06
u014684,retargeting,2025-04-28
u014685,retargeting,2025-04-24
u014686,retargeting,2025-04-06
u014687,retargeting,2025-04-18
u014688,retargeting,2025-04-21
u014689,retargeting,2025-04-11
u014690,retargeting,2025-04-30
u014691,retargeting,2025-04-29
u014692,retargeting,2025-04-13
u014693,retargeting,2025-04-08
u014694,retargeting,2025-04-08
u014695,retargeting,2025-04-13
u014696,retargeting,2025-04-25
u014697,retargeting,2025-04-10
u014698,retargeting,2025-04-01
u014699,retargeting,2025-04-12
u014700,retargeting,2025-04-10
u014701,retargeting,2025-04-14
u014702,retargeting,2025-04-27
u014703,retargeting,2025-04-02
u014704,retargeting,2025-04-17
u014705,retargeting,2025-04-01
u014706,retargeting,2025-04-05
u014707,retargeting,2025-04-27
u014708,retargeting,2025-04-28
u014709,retargeting,2025-04-24
u014710,retargeting,2025-04-04
u014711,retargeting,2025-04-23
u014712,retargeting,2025-04-08
u014713,retargeting,2025-04-29
u014714,retargeting,2025-04-03
u014715,retargeting,2025-04-24
u014716,retargeting,2025-04-30
u014717,retargeting,2025-04-05
u014718,retargeting,2025-04-04
u014719,retargeting,2025-04-06
u014720,retargeting,2025-04-30
u014721,retargeting,2025-04-03
u014722,retargeting,2025-04-28
u014723,retargeting,2025-04-20
u014724,retargeting,2025-04-15
u014725,retargeting,2025-04-20
u014726,retargeting,2025-04-25
u014727,retargeting,2025-04-28
u014728,retargeting,2025-04-29
u014729,retargeting,2025-04-01
u014730,retargeting,2025-04-08
u014731,retargeting,2025-04-20
u014732,retargeting,2025-04-27
u014733,retargeting,2025-04-17
u014734,retargeting,2025-04-20
u014735,retargeting,2025-04-11
u014736,retargeting,2025-04-17
u014737,retargeting,2025-04-19
u014738,retargeting,2025-04-28
u014739,retargeting,2025-04-27
u014740,retargeting,2025-04-26
u014741,retargeting,2025-04-07
u014742,retargeting,2025-04-16
u014743,retargeting,2025-04-11
u014744,retargeting,2025-04-06
u014745,retargeting,2025-04-23
u014746,retargeting,2025-04-17
u014747,retargeting,2025-04-29
u014748,retargeting,2025-04-02
u014749,brand,2025-04-04
u014750,brand,2025-04-25
u014751,brand,2025-04-03
u014752,brand,2025-04-10
u014753,brand,2025-04-22
u014754,brand,2025-04-09
u014755,brand,2025-04-17
u014756,brand,2025-04-06
u014757,brand,2025-04-21
u014758,brand,2025-04-05
u014759,brand,2025-04-16
u014760,brand,2025-04-15
u014761,brand,2025-04-12
u014762,brand,2025-04-03
u014763,brand,2025-04-30
u014764,brand,2025-04-14
u014765,brand,2025-04-24
u014766,brand,2025-04-06
u014767,brand,2025-04-20
u014768,brand,2025-04-22
u014769,brand,2025-04-18
u014770,brand,2025-04-09
u014771,brand,2025-04-23
u014772,brand,2025-04-15
u014773,brand,2025-04-02
u014774,brand,2025-04-11
u014775,brand,2025-04-02
u014776,brand,2025-04-13
u014777,brand,2025-04-20
u014778,brand,2025-04-15
u014779,brand,2025-04-23
u014780,brand,2025-04-19
u014781,brand,2025-04-01
u014782,brand,2025-04-17
u014783,brand,2025-04-25
u014784,brand,2025-04-29
u014785,brand,2025-04-07
u014786,brand,2025-04-14
u014787,brand,2025-04-08
u014788,brand,2025-04-09
u014789,brand,2025-04-25
u014790,brand,2025-04-12
u014791,brand,2025-04-16
u014792,brand,2025-04-21
u014793,brand,2025-04-22
u014794,brand,2025-04-12
u014795,brand,2025-04-25
u014796,brand,2025-04-19
u014797,brand,2025-04-20
u014798,brand,2025-04-04
u014799,brand,2025-04-06
u014800,brand,2025-04-23
u014801,brand,2025-04-08
u014802,brand,2025-04-06
u014803,brand,2025-04-13
u014804,brand,2025-04-18
u014805,brand,2025-04-08
u014806,brand,2025-04-09
u014807,brand,2025-04-28
u014808,brand,2025-04-04
u014809,brand,2025-04-28
u014810,brand,2025-04-03
u014811,brand,2025-04-10
u014812,brand,2025-04-03
u014813,brand,2025-04-22
u014814,brand,2025-04-09
u014815,brand,2025-04-04
u014816,brand,2025-04-30
u014817,brand,2025-04-08
u014818,brand,2025-04-25
u014819,brand,2025-04-02
u014820,brand,2025-04-19
u014821,brand,2025-04-04
u014822,brand,2025-04-24
u014823,brand,2025-04-17
u014824,brand,2025-04-04
u014825,brand,2025-04-01
u014826,brand,2025-04-16
u014827,brand,2025-04-05
u014828,brand,2025-04-16
u014829,brand,2025-04-13
u014830,brand,2025-04-04
u014831,brand,2025-04-10
u014832,brand,2025-04-07
u014833,brand,2025-04-16
u014834,brand,2025-04-17
u014835,brand,2025-04-04
u014836,brand,2025-04-14
u014837,brand,2025-04-27
u014838,brand,2025-04-14
u014839,brand,2025-04-29
u014840,brand,2025-04-21
u014841,brand,2025-04-14
u014842,brand,2025-04-17
u014843,brand,2025-04-17
u014844,brand,2025-04-29
u014845,brand,2025-04-04
u014846,brand,2025-04-21
u014847,brand,2025-04-19
u014848,brand,2025-04-24
u014849,brand,2025-04-16
u014850,brand,2025-04-19
u014851,brand,2025-04-27
u014852,brand,2025-04-05
u014853,brand,2025-04-02
u014854,brand,2025-04-28
u014855,brand,2025-04-22
u014856,brand,2025-04-15
u014857,brand,2025-04-27
u014858,brand,2025-04-13
u014859,brand,2025-04-17
u014860,brand,2025-04-29
u014861,brand,2025-04-25
u014862,brand,2025-04-05
u014863,brand,2025-04-13
u014864,brand,2025-04-14
u014865,brand,2025-04-21
u014866,brand,2025-04-17
u014867,brand,2025-04-21
u014868,brand,2025-04-25
u014869,brand,2025-04-07
u014870,brand,2025-04-17
u014871,brand,2025-04-17
u014872,brand,2025-04-21
u014873,brand,2025-04-21
u014874,brand,2025-04-01
u014875,brand,2025-04-06
u014876,brand,2025-04-02
u014877,brand,2025-04-26
u014878,brand,2025-04-08
u014879,brand,2025-04-19
u014880,brand,2025-04-20
u014881,brand,2025-04-27
u014882,brand,2025-04-12
u014883,brand,2025-04-21
u014884,brand,2025-04-29
u014885,brand,2025-04-26
u014886,brand,2025-04-09
u014887,brand,2025-04-08
u014888,brand,2025-04-23
u014889,brand,2025-04-03
u014890,brand,2025-04-06
u014891,brand,2025-04-30
u014892,brand,2025-04-18
u014893,brand,2025-04-02
u014894,brand,2025-04-20
u014895,brand,2025-04-25
u014896,brand,2025-04-17
u014897,brand,2025-04-18
u014898,brand,2025-04-12
u014899,brand,2025-04-17
u014900,brand,2025-04-01
u014901,brand,2025-04-01
u014902,brand,2025-04-29
u014903,brand,2025-04-06
u014904,brand,2025-04-20
u014905,brand,2025-04-28
u014906,brand,2025-04-15
u014907,brand,2025-04-22
u014908,brand,2025-04-30
u014909,brand,2025-04-06
u014910,brand,2025-04-24
u014911,brand,2025-04-08
u014912,brand,2025-04-09
u014913,brand,2025-04-14
u014914,brand,2025-04-27
u014915,brand,2025-04-30
u014916,brand,2025-04-23
u014917,brand,2025-04-21
u014918,brand,2025-04-27
u014919,brand,2025-04-27
u014920,brand,2025-04-25
u014921,brand,2025-04-17
u014922,brand,2025-04-06
u014923,brand,2025-04-25
u014924,brand,2025-04-12
u014925,brand,2025-04-24
u014926,brand,2025-04-24
u014927,brand,2025-04-13
u014928,brand,2025-04-03
u014929,brand,2025-04-17
u014930,brand,2025-04-18
u014931,brand,2025-04-30
u014932,brand,2025-04-04
u014933,brand,2025-04-20
u014934,brand,2025-04-27
u014935,brand,2025-04-18
u014936,brand,2025-04-28
u014937,brand,2025-04-14
u014938,brand,2025-04-07
u014939,brand,2025-04-28
u014940,brand,2025-04-17
u014941,brand,2025-04-11
u014942,brand,2025-04-20
u014943,brand,2025-04-26
u014944,brand,2025-04-04
u014945,brand,2025-04-02
u014946,brand,2025-04-17
u014947,brand,2025-04-24
u014948,brand,2025-04-30
u014949,brand,2025-04-19
u014950,brand,2025-04-03
u014951,brand,2025-04-08
u014952,brand,2025-04-01
u014953,brand,2025-04-21
u014954,brand,2025-04-04
u014955,brand,2025-04-17
u014956,brand,2025-04-29
u014957,brand,2025-04-21
u014958,brand,2025-04-12
u014959,brand,2025-04-30
u014960,brand,2025-04-16
u014961,brand,2025-04-07
u014962,brand,2025-04-19
u014963,brand,2025-04-03
u014964,brand,2025-04-24
u014965,brand,2025-04-10
u014966,brand,2025-04-08
u014967,brand,2025-04-11
u014968,brand,2025-04-29
u014969,brand,2025-04-20
u014970,brand,2025-04-24
u014971,brand,2025-04-21
u014972,brand,2025-04-05
u014973,brand,2025-04-07
u014974,brand,2025-04-17
u014975,brand,2025-04-21
u014976,brand,2025-04-10
u014977,brand,2025-04-22
u014978,brand,2025-04-23
u014979,brand,2025-04-07
u014980,brand,2025-04-23
u014981,brand,2025-04-15
u014982,brand,2025-04-24
u014983,brand,2025-04-28
u014984,brand,2025-04-05
u014985,brand,2025-04-24
u014986,brand,2025-04-22
u014987,brand,2025-04-02
u014988,brand,2025-04-23
u014989,brand,2025-04-12
u014990,brand,2025-04-19
u014991,brand,2025-04-25
u014992,brand,2025-04-27
u014993,brand,2025-04-03
u014994,brand,2025-04-03
u014995,brand,2025-04-25
u014996,brand,2025-04-01
u014997,brand,2025-04-13
u014998,brand,2025-04-17
u014999,brand,2025-04-01
u015000,brand,2025-04-08
u015001,brand,2025-04-14
u015002,brand,2025-04-06
u015003,brand,2025-04-01
u015004,brand,2025-04-23
u015005,brand,2025-04-25
u015006,brand,2025-04-22
u015007,brand,2025-04-10
u015008,brand,2025-04-30
u015009,brand,2025-04-10
u015010,brand,2025-04-27
u015011,brand,2025-04-10
u015012,brand,2025-04-21
u015013,brand,2025-04-09
u015014,brand,2025-04-19
u015015,brand,2025-04-23
u015016,brand,2025-04-15
u015017,brand,2025-04-16
u015018,brand,2025-04-01
u015019,brand,2025-04-04
u015020,brand,2025-04-12
u015021,brand,2025-04-05
u015022,brand,2025-04-24
u015023,brand,2025-04-20
u015024,brand,2025-04-20
u015025,brand,2025-04-01
u015026,brand,2025-04-18
u015027,brand,2025-04-18
u015028,brand,2025-04-26
u015029,brand,2025-04-21
u015030,brand,2025-04-02
u015031,brand,2025-04-17
u015032,brand,2025-04-09
u015033,brand,2025-04-13
u015034,brand,2025-04-04
u015035,brand,2025-04-23
u015036,brand,2025-04-06
u015037,brand,2025-04-02
u015038,brand,2025-04-03
u015039,brand,2025-04-17
u015040,brand,2025-04-25
u015041,brand,2025-04-19
u015042,brand,2025-04-24
u015043,brand,2025-04-28
u015044,brand,2025-04-07
u015045,brand,2025-04-24
u015046,brand,2025-04-26
u015047,brand,2025-04-20
u015048,brand,2025-04-16
u015049,brand,2025-04-04
u015050,brand,2025-04-04
u015051,brand,2025-04-17
u015052,brand,2025-04-24
u015053,brand,2025-04-13
u015054,brand,2025-04-29
u015055,brand,2025-04-15
u015056,brand,2025-04-11
u015057,brand,2025-04-04
u015058,brand,2025-04-02
u015059,brand,2025-04-02
u015060,brand,2025-04-20
u015061,brand,2025-04-06
u015062,brand,2025-04-20
u015063,brand,2025-04-27
u015064,brand,2025-04-02
u015065,brand,2025-04-17
u015066,brand,2025-04-19
u015067,brand,2025-04-07
u015068,brand,2025-04-12
u015069,brand,2025-04-20
u015070,brand,2025-04-06
u015071,brand,2025-04-05
u015072,brand,2025-04-26
u015073,brand,2025-04-15
u015074,brand,2025-04-29
u015075,brand,2025-04-08
u015076,brand,2025-04-16
u015077,brand,2025-04-18
u015078,brand,2025-04-01
u015079,brand,2025-04-17
u015080,brand,2025-04-12
u015081,brand,2025-04-19
u015082,brand,2025-04-22
u015083,brand,2025-04-21
u015084,brand,2025-04-17
u015085,brand,2025-04-21
u015086,brand,2025-04-17
u015087,brand,2025-04-09
u015088,brand,2025-04-24
u015089,brand,2025-04-18
u015090,brand,2025-04-22
u015091,brand,2025-04-15
u015092,brand,2025-04-02
u015093,brand,2025-04-07
u015094,brand,2025-04-18
u015095,brand,2025-04-21
u015096,brand,2025-04-05
u015097,brand,2025-04-26
u015098,brand,2025-04-08
u015099,brand,2025-04-27
u015100,brand,2025-04-02
u015101,brand,2025-04-10
u015102,brand,2025-04-12
u015103,brand,2025-04-21
u015104,brand,2025-04-09
u015105,brand,2025-04-20
u015106,brand,2025-04-16
u015107,brand,2025-04-25
u015108,brand,2025-04-24
u015109,brand,2025-04-25
u015110,brand,2025-04-22
u015111,brand,2025-04-27
u015112,brand,2025-04-24
u015113,brand,2025-04-14
u015114,brand,2025-04-22
u015115,brand,2025-04-27
u015116,brand,2025-04-14
u015117,brand,2025-04-11
u015118,brand,2025-04-13
u015119,brand,2025-04-13
u015120,brand,2025-04-26
u015121,brand,2025-04-20
u015122,brand,2025-04-08
u015123,brand,2025-04-29
u015124,brand,2025-04-12
u015125,brand,2025-04-22
u015126,brand,2025-04-17
u015127,brand,2025-04-10
u015128,brand,2025-04-06
u015129,brand,2025-04-05
u015130,brand,2025-04-11
u015131,brand,2025-04-29
u015132,brand,2025-04-26
u015133,brand,2025-04-03
u015134,brand,2025-04-11
u015135,brand,2025-04-06
u015136,brand,2025-04-27
u015137,brand,2025-04-01
u015138,brand,2025-04-10
u015139,brand,2025-04-17
u015140,brand,2025-04-14
u015141,brand,2025-04-16
u015142,brand,2025-04-18
u015143,brand,2025-04-11
u015144,brand,2025-04-27
u015145,brand,2025-04-13
u015146,brand,2025-04-28
u015147,brand,2025-04-07
u015148,brand,2025-04-29
u015149,brand,2025-04-13
u015150,brand,2025-04-17
u015151,brand,2025-04-06
u015152,brand,2025-04-30
u015153,brand,2025-04-21
u015154,brand,2025-04-30
u015155,brand,2025-04-29
u015156,brand,2025-04-28
u015157,brand,2025-04-29
u015158,brand,2025-04-20
u015159,brand,2025-04-06
u015160,brand,2025-04-12
u015161,brand,2025-04-17
u015162,brand,2025-04-15
u015163,brand,2025-04-26
u015164,brand,2025-04-06
u015165,brand,2025-04-03
u015166,brand,2025-04-16
u015167,brand,2025-04-12
u015168,brand,2025-04-16
u015169,brand,2025-04-06
u015170,brand,2025-04-14
u015171,brand,2025-04-21
u015172,brand,2025-04-17
u015173,brand,2025-04-05
u015174,brand,2025-04-19
u015175,brand,2025-04-21
u015176,brand,2025-04-01
u015177,brand,2025-04-17
u015178,brand,2025-04-27
u015179,brand,2025-04-21
u015180,brand,2025-04-23
u015181,brand,2025-04-10
u015182,brand,2025-04-20
u015183,brand,2025-04-01
u015184,brand,2025-04-20
u015185,brand,2025-04-12
u015186,brand,2025-04-09
u015187,brand,2025-04-28
u015188,brand,2025-04-26
u015189,brand,2025-04-21
u015190,brand,2025-04-19
u015191,brand,2025-04-06
u015192,brand,2025-04-02
u015193,brand,2025-04-28
u015194,brand,2025-04-02
u015195,brand,2025-04-24
u015196,brand,2025-04-03
u015197,brand,2025-04-06
u015198,brand,2025-04-30
u015199,brand,2025-04-22
u015200,brand,2025-04-11
u015201,brand,2025-04-16
u015202,brand,2025-04-14
u015203,brand,2025-04-04
u015204,brand,2025-04-28
u015205,brand,2025-04-26
u015206,brand,2025-04-25
u015207,brand,2025-04-21
u015208,brand,2025-04-27
u015209,brand,2025-04-28
u015210,brand,2025-04-12
u015211,brand,2025-04-15
u015212,brand,2025-04-21
u015213,brand,2025-04-12
u015214,brand,2025-04-05
u015215,brand,2025-04-17
u015216,brand,2025-04-26
u015217,brand,2025-04-12
u015218,brand,2025-04-29
u015219,brand,2025-04-28
u015220,brand,2025-04-21
u015221,brand,2025-04-01
u015222,brand,2025-04-14
u015223,brand,2025-04-05
u015224,brand,2025-04-15
u015225,brand,2025-04-05
u015226,brand,2025-04-21
u015227,brand,2025-04-07
u015228,brand,2025-04-22
u015229,brand,2025-04-28
u015230,brand,2025-04-23
u015231,brand,2025-04-18
u015232,brand,2025-04-13
u015233,brand,2025-04-05
u015234,brand,2025-04-15
u015235,brand,2025-04-05
u015236,brand,2025-04-29
u015237,brand,2025-04-14
u015238,brand,2025-04-04
u015239,brand,2025-04-25
u015240,brand,2025-04-06
u015241,brand,2025-04-11
u015242,brand,2025-04-09
u015243,brand,2025-04-22
u015244,brand,2025-04-19
u015245,brand,2025-04-17
u015246,brand,2025-04-15
u015247,brand,2025-04-18
u015248,brand,2025-04-12
u015249,brand,2025-04-12
u015250,brand,2025-04-06
u015251,brand,2025-04-01
u015252,brand,2025-04-14
u015253,brand,2025-04-05
u015254,brand,2025-04-13
u015255,brand,2025-04-23
u015256,brand,2025-04-23
u015257,brand,2025-04-08
u015258,brand,2025-04-19
u015259,brand,2025-04-15
u015260,brand,2025-04-08
u015261,brand,2025-04-07
u015262,brand,2025-04-18
u015263,brand,2025-04-05
u015264,brand,2025-04-19
u015265,brand,2025-04-07
u015266,brand,2025-04-23
u015267,brand,2025-04-23
u015268,brand,2025-04-16
u015269,brand,2025-04-23
u015270,brand,2025-04-29
u015271,brand,2025-04-23
u015272,brand,2025-04-24
u015273,brand,2025-04-10
u015274,brand,2025-04-14
u015275,brand,2025-04-28
u015276,brand,2025-04-16
u015277,brand,2025-04-30
u015278,brand,2025-04-02
u015279,brand,2025-04-21
u015280,brand,2025-04-24
u015281,brand,2025-04-12
u015282,brand,2025-04-23
u015283,brand,2025-04-27
u015284,brand,2025-04-26
u015285,brand,2025-04-21
u015286,brand,2025-04-18
u015287,brand,2025-04-20
u015288,brand,2025-04-04
u015289,brand,2025-04-13
u015290,brand,2025-04-02
u015291,brand,2025-04-25
u015292,brand,2025-04-08
u015293,brand,2025-04-18
u015294,brand,2025-04-09
u015295,brand,2025-04-26
u015296,brand,2025-04-05
u015297,brand,2025-04-20
u015298,brand,2025-04-07
u015299,brand,2025-04-23
u015300,brand,2025-04-19
u015301,brand,2025-04-26
u015302,brand,2025-04-20
u015303,brand,2025-04-11
u015304,brand,2025-04-12
u015305,brand,2025-04-08
u015306,brand,2025-04-24
u015307,brand,2025-04-02
u015308,brand,2025-04-14
u015309,brand,2025-04-16
u015310,brand,2025-04-13
u015311,brand,2025-04-03
u015312,brand,2025-04-14
u015313,brand,2025-04-18
u015314,brand,2025-04-27
u015315,brand,2025-04-08
u015316,brand,2025-04-03
u015317,brand,2025-04-18
u015318,brand,2025-04-03
u015319,brand,2025-04-10
u015320,brand,2025-04-29
u015321,brand,2025-04-24
u015322,brand,2025-04-15
u015323,brand,2025-04-20
u015324,brand,2025-04-13
u015325,brand,2025-04-24
u015326,brand,2025-04-02
u015327,brand,2025-04-06
u015328,brand,2025-04-25
u015329,brand,2025-04-07
u015330,brand,2025-04-24
u015331,brand,2025-04-24
u015332,brand,2025-04-23
u015333,brand,2025-04-28
u015334,brand,2025-04-02
u015335,brand,2025-04-25
u015336,brand,2025-04-04
u015337,brand,2025-04-27
u015338,brand,2025-04-12
u015339,brand,2025-04-30
u015340,brand,2025-04-19
u015341,brand,2025-04-13
u015342,brand,2025-04-06
u015343,brand,2025-04-11
u015344,brand,2025-04-10
u015345,brand,2025-04-23
u015346,brand,2025-04-16
u015347,brand,2025-04-19
u015348,brand,2025-04-18
u015349,brand,2025-04-04
u015350,brand,2025-04-25
u015351,brand,2025-04-18
u015352,brand,2025-04-12
u015353,brand,2025-04-26
u015354,brand,2025-04-28
u015355,brand,2025-04-13
u015356,brand,2025-04-18
u015357,brand,2025-04-01
u015358,brand,2025-04-21
u015359,brand,2025-04-24
u015360,brand,2025-04-21
u015361,brand,2025-04-12
u015362,brand,2025-04-18
u015363,brand,2025-04-12
u015364,brand,2025-04-18
u015365,brand,2025-04-08
u015366,brand,2025-04-04
u015367,brand,2025-04-19
u015368,brand,2025-04-15
u015369,brand,2025-04-24
u015370,brand,2025-04-16
u015371,brand,2025-04-23
u015372,brand,2025-04-18
u015373,brand,2025-04-02
u015374,brand,2025-04-27
u015375,brand,2025-04-09
u015376,brand,2025-04-01
u015377,brand,2025-04-04
u015378,brand,2025-04-25
u015379,brand,2025-04-11
u015380,brand,2025-04-18
u015381,brand,2025-04-12
u015382,brand,2025-04-06
u015383,brand,2025-04-24
u015384,brand,2025-04-27
u015385,brand,2025-04-30
u015386,brand,2025-04-27
u015387,brand,2025-04-12
u015388,brand,2025-04-12
u015389,brand,2025-04-08
u015390,brand,2025-04-21
u015391,brand,2025-04-03
u015392,brand,2025-04-04
u015393,brand,2025-04-09
u015394,brand,2025-04-06
u015395,brand,2025-04-03
u015396,brand,2025-04-23
u015397,brand,2025-04-03
u015398,brand,2025-04-29
u015399,brand,2025-04-23
u015400,brand,2025-04-03
u015401,brand,2025-04-18
u015402,brand,2025-04-21
u015403,brand,2025-04-28
u015404,brand,2025-04-27
u015405,brand,2025-04-16
u015406,brand,2025-04-13
u015407,brand,2025-04-30
u015408,brand,2025-04-11
u015409,brand,2025-04-05
u015410,brand,2025-04-15
u015411,brand,2025-04-09
u015412,brand,2025-04-13
u015413,brand,2025-04-12
u015414,brand,2025-04-08
u015415,brand,2025-04-06
u015416,brand,2025-04-27
u015417,brand,2025-04-13
u015418,brand,2025-04-01
u015419,brand,2025-04-30
u015420,brand,2025-04-30
u015421,brand,2025-04-16
u015422,brand,2025-04-13
u015423,brand,2025-04-09
u015424,brand,2025-04-29
u015425,brand,2025-04-02
u015426,brand,2025-04-09
u015427,brand,2025-04-12
u015428,brand,2025-04-29
u015429,brand,2025-04-03
u015430,brand,2025-04-15
u015431,brand,2025-04-05
u015432,brand,2025-04-30
u015433,brand,2025-04-19
u015434,brand,2025-04-27
u015435,brand,2025-04-03
u015436,brand,2025-04-22
u015437,brand,2025-04-16
u015438,brand,2025-04-04
u015439,brand,2025-04-22
u015440,brand,2025-04-21
u015441,brand,2025-04-20
u015442,brand,2025-04-25
u015443,brand,2025-04-22
u015444,brand,2025-04-05
u015445,brand,2025-04-12
u015446,brand,2025-04-13
u015447,brand,2025-04-05
u015448,brand,2025-04-07
u015449,brand,2025-04-01
u015450,brand,2025-04-24
u015451,brand,2025-04-28
u015452,brand,2025-04-06
u015453,brand,2025-04-12
u015454,brand,2025-04-14
u015455,brand,2025-04-05
u015456,brand,2025-04-08
u015457,brand,2025-04-05
u015458,brand,2025-04-01
u015459,brand,2025-04-01
u015460,brand,2025-04-04
u015461,brand,2025-04-10
u015462,brand,2025-04-20
u015463,brand,2025-04-06
u015464,brand,2025-04-19
u015465,brand,2025-04-22
u015466,brand,2025-04-29
u015467,brand,2025-04-03
u015468,brand,2025-04-04
u015469,brand,2025-04-11
u015470,brand,2025-04-28
u015471,brand,2025-04-11
u015472,brand,2025-04-09
u015473,brand,2025-04-03
u015474,brand,2025-04-18
u015475,brand,2025-04-21
u015476,brand,2025-04-18
u015477,brand,2025-04-03
u015478,brand,2025-04-21
u015479,brand,2025-04-07
u015480,brand,2025-04-10
u015481,brand,2025-04-14
u015482,brand,2025-04-06
u015483,brand,2025-04-01
u015484,brand,2025-04-30
u015485,brand,2025-04-27
u015486,brand,2025-04-15
u015487,brand,2025-04-08
u015488,brand,2025-04-29
u015489,brand,2025-04-01
u015490,brand,2025-04-16
u015491,brand,2025-04-09
u015492,brand,2025-04-02
u015493,brand,2025-04-05
u015494,brand,2025-04-30
u015495,brand,2025-04-08
u015496,brand,2025-04-24
u015497,brand,2025-04-22
u015498,brand,2025-04-09
u015499,organic,2025-04-01
u015500,organic,2025-04-30
u015501,organic,2025-04-22
u015502,organic,2025-04-15
u015503,organic,2025-04-21
u015504,organic,2025-04-14
u015505,organic,2025-04-08
u015506,organic,2025-04-28
u015507,organic,2025-04-04
u015508,organic,2025-04-04
u015509,organic,2025-04-10
u015510,organic,2025-04-13
u015511,organic,2025-04-17
u015512,organic,2025-04-08
u015513,organic,2025-04-26
u015514,organic,2025-04-03
u015515,organic,2025-04-21
u015516,organic,2025-04-08
u015517,organic,2025-04-08
u015518,organic,2025-04-20
u015519,organic,2025-04-02
u015520,organic,2025-04-14
u015521,organic,2025-04-18
u015522,organic,2025-04-01
u015523,organic,2025-04-22
u015524,organic,2025-04-07
u015525,organic,2025-04-29
u015526,organic,2025-04-28
u015527,organic,2025-04-14
u015528,organic,2025-04-26
u015529,organic,2025-04-04
u015530,organic,2025-04-25
u015531,organic,2025-04-25
u015532,organic,2025-04-03
u015533,organic,2025-04-01
u015534,organic,2025-04-16
u015535,organic,2025-04-07
u015536,organic,2025-04-25
u015537,organic,2025-04-18
u015538,organic,2025-04-25
u015539,organic,2025-04-13
u015540,organic,2025-04-27
u015541,organic,2025-04-01
u015542,organic,2025-04-23
u015543,organic,2025-04-15
u015544,organic,2025-04-02
u015545,organic,2025-04-08
u015546,organic,2025-04-22
u015547,organic,2025-04-23
u015548,organic,2025-04-18
u015549,organic,2025-04-05
u015550,organic,2025-04-27
u015551,organic,2025-04-08
u015552,organic,2025-04-15
u015553,organic,2025-04-05
u015554,organic,2025-04-24
u015555,organic,2025-04-26
u015556,organic,2025-04-27
u015557,organic,2025-04-22
u015558,organic,2025-04-10
u015559,organic,2025-04-29
u015560,organic,2025-04-10
u015561,organic,2025-04-25
u015562,organic,2025-04-18
u015563,organic,2025-04-17
u015564,organic,2025-04-19
u015565,organic,2025-04-16
u015566,organic,2025-04-23
u015567,organic,2025-04-19
u015568,organic,2025-04-17
u015569,organic,2025-04-27
u015570,organic,2025-04-13
u015571,organic,2025-04-23
u015572,organic,2025-04-06
u015573,organic,2025-04-08
u015574,organic,2025-04-30
u015575,organic,2025-04-25
u015576,organic,2025-04-09
u015577,organic,2025-04-20
u015578,organic,2025-04-04
u015579,organic,2025-04-15
u015580,organic,2025-04-28
u015581,organic,2025-04-21
u015582,organic,2025-04-28
u015583,organic,2025-04-21
u015584,organic,2025-04-23
u015585,organic,2025-04-29
u015586,organic,2025-04-17
u015587,organic,2025-04-06
u015588,organic,2025-04-02
u015589,organic,2025-04-07
u015590,organic,2025-04-18
u015591,organic,2025-04-12
u015592,organic,2025-04-27
u015593,organic,2025-04-20
u015594,organic,2025-04-19
u015595,organic,2025-04-10
u015596,organic,2025-04-22
u015597,organic,2025-04-28
u015598,organic,2025-04-19
u015599,organic,2025-04-12
u015600,organic,2025-04-25
u015601,organic,2025-04-19
u015602,organic,2025-04-05
u015603,organic,2025-04-03
u015604,organic,2025-04-04
u015605,organic,2025-04-13
u015606,organic,2025-04-07
u015607,organic,2025-04-17
u015608,organic,2025-04-22
u015609,organic,2025-04-02
u015610,organic,2025-04-08
u015611,organic,2025-04-08
u015612,organic,2025-04-14
u015613,organic,2025-04-23
u015614,organic,2025-04-27
u015615,organic,2025-04-07
u015616,organic,2025-04-17
u015617,organic,2025-04-05
u015618,organic,2025-04-15
u015619,organic,2025-04-13
u015620,organic,2025-04-19
u015621,organic,2025-04-04
u015622,organic,2025-04-13
u015623,organic,2025-04-29
u015624,organic,2025-04-01
u015625,organic,2025-04-28
u015626,organic,2025-04-14
u015627,organic,2025-04-11
u015628,organic,2025-04-05
u015629,organic,2025-04-08
u015630,organic,2025-04-08
u015631,organic,2025-04-02
u015632,organic,2025-04-21
u015633,organic,2025-04-05
u015634,organic,2025-04-09
u015635,organic,2025-04-04
u015636,organic,2025-04-13
u015637,organic,2025-04-09
u015638,organic,2025-04-11
u015639,organic,2025-04-04
u015640,organic,2025-04-23
u015641,organic,2025-04-02
u015642,organic,2025-04-04
u015643,organic,2025-04-19
u015644,organic,2025-04-17
u015645,organic,2025-04-05
u015646,organic,2025-04-26
u015647,organic,2025-04-14
u015648,organic,2025-04-03
u015649,organic,2025-04-04
u015650,organic,2025-04-11
u015651,organic,2025-04-11
u015652,organic,2025-04-24
u015653,organic,2025-04-09
u015654,organic,2025-04-01
u015655,organic,2025-04-13
u015656,organic,2025-04-05
u015657,organic,2025-04-28
u015658,organic,2025-04-04
u015659,organic,2025-04-25
u015660,organic,2025-04-03
u015661,organic,2025-04-08
u015662,organic,2025-04-03
u015663,organic,2025-04-04
u015664,organic,2025-04-09
u015665,organic,2025-04-13
u015666,organic,2025-04-24
u015667,organic,2025-04-07
u015668,organic,2025-04-10
u015669,organic,2025-04-25
u015670,organic,2025-04-28
u015671,organic,2025-04-23
u015672,organic,2025-04-22
u015673,organic,2025-04-04
u015674,organic,2025-04-30
u015675,organic,2025-04-06
u015676,organic,2025-04-02
u015677,organic,2025-04-02
u015678,organic,2025-04-09
u015679,organic,2025-04-30
u015680,organic,2025-04-20
u015681,organic,2025-04-23
u015682,organic,2025-04-10
u015683,organic,2025-04-16
u015684,organic,2025-04-02
u015685,organic,2025-04-02
u015686,organic,2025-04-22
u015687,organic,2025-04-17
u015688,organic,2025-04-06
u015689,organic,2025-04-28
u015690,organic,2025-04-16
u015691,organic,2025-04-18
u015692,organic,2025-04-06
u015693,organic,2025-04-20
u015694,organic,2025-04-30
u015695,organic,2025-04-30
u015696,organic,2025-04-25
u015697,organic,2025-04-04
u015698,organic,2025-04-24
u015699,organic,2025-04-18
u015700,organic,2025-04-09
u015701,organic,2025-04-04
u015702,organic,2025-04-14
u015703,organic,2025-04-13
u015704,organic,2025-04-10
u015705,organic,2025-04-02
u015706,organic,2025-04-02
u015707,organic,2025-04-13
u015708,organic,2025-04-02
u015709,organic,2025-04-21
u015710,organic,2025-04-26
u015711,organic,2025-04-06
u015712,organic,2025-04-22
u015713,organic,2025-04-13
u015714,organic,2025-04-06
u015715,organic,2025-04-14
u015716,organic,2025-04-23
u015717,organic,2025-04-07
u015718,organic,2025-04-10
u015719,organic,2025-04-19
u015720,organic,2025-04-02
u015721,organic,2025-04-25
u015722,organic,2025-04-25
u015723,organic,2025-04-06
u015724,organic,2025-04-02
u015725,organic,2025-04-12
u015726,organic,2025-04-02
u015727,organic,2025-04-10
u015728,organic,2025-04-11
u015729,organic,2025-04-21
u015730,organic,2025-04-09
u015731,organic,2025-04-10
u015732,organic,2025-04-02
u015733,organic,2025-04-29
u015734,organic,2025-04-11
u015735,organic,2025-04-18
u015736,organic,2025-04-18
u015737,organic,2025-04-05
u015738,organic,2025-04-24
u015739,organic,2025-04-08
u015740,organic,2025-04-19
u015741,organic,2025-04-23
u015742,organic,2025-04-14
u015743,organic,2025-04-10
u015744,organic,2025-04-21
u015745,organic,2025-04-04
u015746,organic,2025-04-13
u015747,organic,2025-04-01
u015748,organic,2025-04-14
u015749,organic,2025-04-30
u015750,organic,2025-04-06
u015751,organic,2025-04-15
u015752,organic,2025-04-05
u015753,organic,2025-04-09
u015754,organic,2025-04-13
u015755,organic,2025-04-01
u015756,organic,2025-04-26
u015757,organic,2025-04-26
u015758,organic,2025-04-21
u015759,organic,2025-04-09
u015760,organic,2025-04-16
u015761,organic,2025-04-05
u015762,organic,2025-04-17
u015763,organic,2025-04-05
u015764,organic,2025-04-20
u015765,organic,2025-04-19
u015766,organic,2025-04-18
u015767,organic,2025-04-23
u015768,organic,2025-04-17
u015769,organic,2025-04-05
u015770,organic,2025-04-11
u015771,organic,2025-04-03
u015772,organic,2025-04-11
u015773,organic,2025-04-15
u015774,organic,2025-04-20
u015775,organic,2025-04-30
u015776,organic,2025-04-13
u015777,organic,2025-04-11
u015778,organic,2025-04-22
u015779,organic,2025-04-15
u015780,organic,2025-04-07
u015781,organic,2025-04-08
u015782,organic,2025-04-18
u015783,organic,2025-04-06
u015784,organic,2025-04-07
u015785,organic,2025-04-26
u015786,organic,2025-04-23
u015787,organic,2025-04-03
u015788,organic,2025-04-10
u015789,organic,2025-04-05
u015790,organic,2025-04-23
u015791,organic,2025-04-08
u015792,organic,2025-04-20
u015793,organic,2025-04-22
u015794,organic,2025-04-11
u015795,organic,2025-04-07
u015796,organic,2025-04-09
u015797,organic,2025-04-25
u015798,organic,2025-04-02
u015799,organic,2025-04-03
u015800,organic,2025-04-19
u015801,organic,2025-04-18
u015802,organic,2025-04-12
u015803,organic,2025-04-21
u015804,organic,2025-04-15
u015805,organic,2025-04-01
u015806,organic,2025-04-15
u015807,organic,2025-04-26
u015808,organic,2025-04-24
u015809,organic,2025-04-20
u015810,organic,2025-04-12
u015811,organic,2025-04-12
u015812,organic,2025-04-21
u015813,organic,2025-04-14
u015814,organic,2025-04-07
u015815,organic,2025-04-13
u015816,organic,2025-04-12
u015817,organic,2025-04-13
u015818,organic,2025-04-05
u015819,organic,2025-04-21
u015820,organic,2025-04-24
u015821,organic,2025-04-07
u015822,organic,2025-04-23
u015823,organic,2025-04-04
u015824,organic,2025-04-05
u015825,organic,2025-04-28
u015826,organic,2025-04-05
u015827,organic,2025-04-11
u015828,organic,2025-04-10
u015829,organic,2025-04-20
u015830,organic,2025-04-06
u015831,organic,2025-04-21
u015832,organic,2025-04-12
u015833,organic,2025-04-13
u015834,organic,2025-04-09
u015835,organic,2025-04-07
u015836,organic,2025-04-30
u015837,organic,2025-04-19
u015838,organic,2025-04-02
u015839,organic,2025-04-18
u015840,organic,2025-04-28
u015841,organic,2025-04-14
u015842,organic,2025-04-02
u015843,organic,2025-04-20
u015844,organic,2025-04-24
u015845,organic,2025-04-23
u015846,organic,2025-04-23
u015847,organic,2025-04-10
u015848,organic,2025-04-12
u015849,organic,2025-04-13
u015850,organic,2025-04-18
u015851,organic,2025-04-18
u015852,organic,2025-04-24
u015853,organic,2025-04-15
u015854,organic,2025-04-02
u015855,organic,2025-04-20
u015856,organic,2025-04-21
u015857,organic,2025-04-10
u015858,organic,2025-04-24
u015859,organic,2025-04-16
u015860,organic,2025-04-26
u015861,organic,2025-04-05
u015862,organic,2025-04-21
u015863,organic,2025-04-24
u015864,organic,2025-04-22
u015865,organic,2025-04-20
u015866,organic,2025-04-29
u015867,organic,2025-04-28
u015868,organic,2025-04-07
u015869,organic,2025-04-09
u015870,organic,2025-04-04
u015871,organic,2025-04-24
u015872,organic,2025-04-18
u015873,organic,2025-04-25
u015874,organic,2025-04-11
u015875,organic,2025-04-02
u015876,organic,2025-04-25
u015877,organic,2025-04-23
u015878,organic,2025-04-03
u015879,organic,2025-04-04
u015880,organic,2025-04-01
u015881,organic,2025-04-24
u015882,organic,2025-04-13
u015883,organic,2025-04-08
u015884,organic,2025-04-10
u015885,organic,2025-04-04
u015886,organic,2025-04-04
u015887,organic,2025-04-12
u015888,organic,2025-04-14
u015889,organic,2025-04-21
u015890,organic,2025-04-10
u015891,organic,2025-04-23
u015892,organic,2025-04-01
u015893,organic,2025-04-16
u015894,organic,2025-04-18
u015895,organic,2025-04-08
u015896,organic,2025-04-08
u015897,organic,2025-04-15
u015898,organic,2025-04-14
u015899,organic,2025-04-10
u015900,organic,2025-04-21
u015901,organic,2025-04-07
u015902,organic,2025-04-25
u015903,organic,2025-04-17
u015904,organic,2025-04-09
u015905,organic,2025-04-15
u015906,organic,2025-04-12
u015907,organic,2025-04-23
u015908,organic,2025-04-14
u015909,organic,2025-04-26
u015910,organic,2025-04-29
u015911,organic,2025-04-05
u015912,organic,2025-04-02
u015913,organic,2025-04-08
u015914,organic,2025-04-25
u015915,organic,2025-04-14
u015916,organic,2025-04-16
u015917,organic,2025-04-08
u015918,organic,2025-04-30
u015919,organic,2025-04-29
u015920,organic,2025-04-30
u015921,organic,2025-04-19
u015922,organic,2025-04-24
u015923,organic,2025-04-15
u015924,organic,2025-04-28
u015925,organic,2025-04-01
u015926,organic,2025-04-09
u015927,organic,2025-04-28
u015928,organic,2025-04-14
u015929,organic,2025-04-11
u015930,organic,2025-04-25
u015931,organic,2025-04-27
u015932,organic,2025-04-23
u015933,organic,2025-04-09
u015934,organic,2025-04-20
u015935,organic,2025-04-01
u015936,organic,2025-04-30
u015937,organic,2025-04-26
u015938,organic,2025-04-06
u015939,organic,2025-04-13
u015940,organic,2025-04-01
u015941,organic,2025-04-09
u015942,organic,2025-04-01
u015943,organic,2025-04-23
u015944,organic,2025-04-10
u015945,organic,2025-04-03
u015946,organic,2025-04-16
u015947,organic,2025-04-18
u015948,organic,2025-04-02
u015949,organic,2025-04-12
u015950,organic,2025-04-28
u015951,organic,2025-04-14
u015952,organic,2025-04-28
u015953,organic,2025-04-24
u015954,organic,2025-04-01
u015955,organic,2025-04-15
u015956,organic,2025-04-29
u015957,organic,2025-04-18
u015958,organic,2025-04-11
u015959,organic,2025-04-04
u015960,organic,2025-04-04
u015961,organic,2025-04-25
u015962,organic,2025-04-12
u015963,organic,2025-04-22
u015964,organic,2025-04-07
u015965,organic,2025-04-26
u015966,organic,2025-04-30
u015967,organic,2025-04-12
u015968,organic,2025-04-27
u015969,organic,2025-04-23
u015970,organic,2025-04-16
u015971,organic,2025-04-18
u015972,organic,2025-04-06
u015973,organic,2025-04-03
u015974,organic,2025-04-12
u015975,organic,2025-04-16
u015976,organic,2025-04-17
u015977,organic,2025-04-13
u015978,organic,2025-04-27
u015979,organic,2025-04-18
u015980,organic,2025-04-21
u015981,organic,2025-04-27
u015982,organic,2025-04-19
u015983,organic,2025-04-19
u015984,organic,2025-04-08
u015985,organic,2025-04-07
u015986,organic,2025-04-19
u015987,organic,2025-04-16
u015988,organic,2025-04-20
u015989,organic,2025-04-19
u015990,organic,2025-04-26
u015991,organic,2025-04-13
u015992,organic,2025-04-20
u015993,organic,2025-04-19
u015994,organic,2025-04-16
u015995,organic,2025-04-20
u015996,organic,2025-04-10
u015997,organic,2025-04-28
u015998,organic,2025-04-07
u015999,organic,2025-04-03
u016000,organic,2025-04-11
u016001,organic,2025-04-20
u016002,organic,2025-04-09
u016003,organic,2025-04-07
u016004,organic,2025-04-04
u016005,organic,2025-04-02
u016006,organic,2025-04-29
u016007,organic,2025-04-25
u016008,organic,2025-04-12
u016009,organic,2025-04-23
u016010,organic,2025-04-21
u016011,organic,2025-04-01
u016012,organic,2025-04-12
u016013,organic,2025-04-29
u016014,organic,2025-04-26
u016015,organic,2025-04-05
u016016,organic,2025-04-02
u016017,organic,2025-04-25
u016018,organic,2025-04-09
u016019,organic,2025-04-12
u016020,organic,2025-04-29
u016021,organic,2025-04-30
u016022,organic,2025-04-23
u016023,organic,2025-04-22
u016024,organic,2025-04-22
u016025,organic,2025-04-13
u016026,organic,2025-04-12
u016027,organic,2025-04-27
u016028,organic,2025-04-27
u016029,organic,2025-04-30
u016030,organic,2025-04-20
u016031,organic,2025-04-22
u016032,organic,2025-04-11
u016033,organic,2025-04-06
u016034,organic,2025-04-29
u016035,organic,2025-04-27
u016036,organic,2025-04-12
u016037,organic,2025-04-11
u016038,organic,2025-04-03
u016039,organic,2025-04-30
u016040,organic,2025-04-28
u016041,organic,2025-04-17
u016042,organic,2025-04-28
u016043,organic,2025-04-23
u016044,organic,2025-04-17
u016045,organic,2025-04-20
u016046,organic,2025-04-04
u016047,organic,2025-04-29
u016048,organic,2025-04-27
u016049,organic,2025-04-23
u016050,organic,2025-04-02
u016051,organic,2025-04-02
u016052,organic,2025-04-25
u016053,organic,2025-04-18
u016054,organic,2025-04-14
u016055,organic,2025-04-06
u016056,organic,2025-04-03
u016057,organic,2025-04-10
u016058,organic,2025-04-17
u016059,organic,2025-04-24
u016060,organic,2025-04-08
u016061,organic,2025-04-18
u016062,organic,2025-04-11
u016063,organic,2025-04-16
u016064,organic,2025-04-28
u016065,organic,2025-04-14
u016066,organic,2025-04-01
u016067,organic,2025-04-22
u016068,organic,2025-04-02
u016069,organic,2025-04-27
u016070,organic,2025-04-28
u016071,organic,2025-04-28
u016072,organic,2025-04-01
u016073,organic,2025-04-29
u016074,organic,2025-04-05
u016075,organic,2025-04-26
u016076,organic,2025-04-22
u016077,organic,2025-04-07
u016078,organic,2025-04-18
u016079,organic,2025-04-26
u016080,organic,2025-04-15
u016081,organic,2025-04-29
u016082,organic,2025-04-10
u016083,organic,2025-04-27
u016084,organic,2025-04-15
u016085,organic,2025-04-14
u016086,organic,2025-04-08
u016087,organic,2025-04-26
u016088,organic,2025-04-15
u016089,organic,2025-04-29
u016090,organic,2025-04-10
u016091,organic,2025-04-01
u016092,organic,2025-04-08
u016093,organic,2025-04-18
u016094,organic,2025-04-23
u016095,organic,2025-04-17
u016096,organic,2025-04-28
u016097,organic,2025-04-10
u016098,organic,2025-04-06
u016099,organic,2025-04-06
u016100,organic,2025-04-03
u016101,organic,2025-04-04
u016102,organic,2025-04-28
u016103,organic,2025-04-08
u016104,organic,2025-04-02
u016105,organic,2025-04-08
u016106,organic,2025-04-18
u016107,organic,2025-04-18
u016108,organic,2025-04-03
u016109,organic,2025-04-29
u016110,organic,2025-04-02
u016111,organic,2025-04-02
u016112,organic,2025-04-12
u016113,organic,2025-04-19
u016114,organic,2025-04-12
u016115,organic,2025-04-17
u016116,organic,2025-04-26
u016117,organic,2025-04-29
u016118,organic,2025-04-25
u016119,organic,2025-04-13
u016120,organic,2025-04-02
u016121,organic,2025-04-30
u016122,organic,2025-04-02
u016123,organic,2025-04-06
u016124,organic,2025-04-26
u016125,organic,2025-04-19
u016126,organic,2025-04-08
u016127,organic,2025-04-27
u016128,organic,2025-04-24
u016129,organic,2025-04-16
u016130,organic,2025-04-28
u016131,organic,2025-04-01
u016132,organic,2025-04-30
u016133,organic,2025-04-27
u016134,organic,2025-04-02
u016135,organic,2025-04-29
u016136,organic,2025-04-22
u016137,organic,2025-04-22
u016138,organic,2025-04-17
u016139,organic,2025-04-06
u016140,organic,2025-04-02
u016141,organic,2025-04-01
u016142,organic,2025-04-24
u016143,organic,2025-04-02
u016144,organic,2025-04-01
u016145,organic,2025-04-18
u016146,organic,2025-04-21
u016147,organic,2025-04-26
u016148,organic,2025-04-05
u016149,organic,2025-04-23
u016150,organic,2025-04-12
u016151,organic,2025-04-03
u016152,organic,2025-04-15
u016153,organic,2025-04-25
u016154,organic,2025-04-25
u016155,organic,2025-04-17
u016156,organic,2025-04-16
u016157,organic,2025-04-05
u016158,organic,2025-04-20
u016159,organic,2025-04-09
u016160,organic,2025-04-23
u016161,organic,2025-04-04
u016162,organic,2025-04-05
u016163,organic,2025-04-07
u016164,organic,2025-04-16
u016165,organic,2025-04-22
u016166,organic,2025-04-24
u016167,organic,2025-04-21
u016168,organic,2025-04-28
u016169,organic,2025-04-11
u016170,organic,2025-04-08
u016171,organic,2025-04-21
u016172,organic,2025-04-18
u016173,organic,2025-04-17
u016174,organic,2025-04-30
u016175,organic,2025-04-24
u016176,organic,2025-04-03
u016177,organic,2025-04-22
u016178,organic,2025-04-12
u016179,organic,2025-04-21
u016180,organic,2025-04-09
u016181,organic,2025-04-08
u016182,organic,2025-04-24
u016183,organic,2025-04-29
u016184,organic,2025-04-27
u016185,organic,2025-04-12
u016186,organic,2025-04-20
u016187,organic,2025-04-13
u016188,organic,2025-04-17
u016189,organic,2025-04-12
u016190,organic,2025-04-03
u016191,organic,2025-04-23
u016192,organic,2025-04-05
u016193,organic,2025-04-30
u016194,organic,2025-04-02
u016195,organic,2025-04-16
u016196,organic,2025-04-03
u016197,organic,2025-04-23
u016198,organic,2025-04-12
u016199,organic,2025-04-19
u016200,organic,2025-04-21
u016201,organic,2025-04-16
u016202,organic,2025-04-15
u016203,organic,2025-04-06
u016204,organic,2025-04-28
u016205,organic,2025-04-27
u016206,organic,2025-04-07
u016207,organic,2025-04-05
u016208,organic,2025-04-09
u016209,organic,2025-04-19
u016210,organic,2025-04-12
u016211,organic,2025-04-19
u016212,organic,2025-04-28
u016213,organic,2025-04-20
u016214,organic,2025-04-03
u016215,organic,2025-04-05
u016216,organic,2025-04-08
u016217,organic,2025-04-26
u016218,organic,2025-04-25
u016219,organic,2025-04-26
u016220,organic,2025-04-27
u016221,organic,2025-04-19
u016222,organic,2025-04-14
u016223,organic,2025-04-08
u016224,organic,2025-04-18
u016225,organic,2025-04-12
u016226,organic,2025-04-09
u016227,organic,2025-04-22
u016228,organic,2025-04-18
u016229,organic,2025-04-04
u016230,organic,2025-04-10
u016231,organic,2025-04-10
u016232,organic,2025-04-01
u016233,organic,2025-04-06
u016234,organic,2025-04-22
u016235,organic,2025-04-27
u016236,organic,2025-04-25
u016237,organic,2025-04-08
u016238,organic,2025-04-19
u016239,organic,2025-04-29
u016240,organic,2025-04-02
u016241,organic,2025-04-04
u016242,organic,2025-04-21
u016243,organic,2025-04-17
u016244,organic,2025-04-24
u016245,organic,2025-04-06
u016246,organic,2025-04-16
u016247,organic,2025-04-06
u016248,organic,2025-04-30
u016249,organic,2025-04-11
u016250,organic,2025-04-11
u016251,organic,2025-04-07
u016252,organic,2025-04-21
u016253,organic,2025-04-02
u016254,organic,2025-04-12
u016255,organic,2025-04-21
u016256,organic,2025-04-26
u016257,organic,2025-04-08
u016258,organic,2025-04-30
u016259,organic,2025-04-09
u016260,organic,2025-04-14
u016261,organic,2025-04-13
u016262,organic,2025-04-17
u016263,organic,2025-04-02
u016264,organic,2025-04-30
u016265,organic,2025-04-25
u016266,organic,2025-04-04
u016267,organic,2025-04-07
u016268,organic,2025-04-10
u016269,organic,2025-04-07
u016270,organic,2025-04-16
u016271,organic,2025-04-12
u016272,organic,2025-04-08
u016273,organic,2025-04-16
u016274,organic,2025-04-01
u016275,organic,2025-04-01
u016276,organic,2025-04-03
u016277,organic,2025-04-22
u016278,organic,2025-04-11
u016279,organic,2025-04-29
u016280,organic,2025-04-04
u016281,organic,2025-04-28
u016282,organic,2025-04-21
u016283,organic,2025-04-12
u016284,organic,2025-04-29
u016285,organic,2025-04-26
u016286,organic,2025-04-14
u016287,organic,2025-04-02
u016288,organic,2025-04-21
u016289,organic,2025-04-19
u016290,organic,2025-04-17
u016291,organic,2025-04-18
u016292,organic,2025-04-18
u016293,organic,2025-04-08
u016294,organic,2025-04-29
u016295,organic,2025-04-11
u016296,organic,2025-04-12
u016297,organic,2025-04-30
u016298,organic,2025-04-02
u016299,search,2025-05-24
u016300,search,2025-05-08
u016301,search,2025-05-09
u016302,search,2025-05-02
u016303,search,2025-05-05
u016304,search,2025-05-22
u016305,search,2025-05-09
u016306,search,2025-05-16
u016307,search,2025-05-28
u016308,search,2025-05-19
u016309,search,2025-05-31
u016310,search,2025-05-24
u016311,search,2025-05-17
u016312,search,2025-05-23
u016313,search,2025-05-03
u016314,search,2025-05-25
u016315,search,2025-05-28
u016316,search,2025-05-24
u016317,search,2025-05-16
u016318,search,2025-05-18
u016319,search,2025-05-02
u016320,search,2025-05-09
u016321,search,2025-05-23
u016322,search,2025-05-06
u016323,search,2025-05-07
u016324,search,2025-05-30
u016325,search,2025-05-13
u016326,search,2025-05-27
u016327,search,2025-05-11
u016328,search,2025-05-18
u016329,search,2025-05-03
u016330,search,2025-05-12
u016331,search,2025-05-29
u016332,search,2025-05-11
u016333,search,2025-05-02
u016334,search,2025-05-19
u016335,search,2025-05-06
u016336,search,2025-05-16
u016337,search,2025-05-19
u016338,search,2025-05-11
u016339,search,2025-05-02
u016340,search,2025-05-11
u016341,search,2025-05-13
u016342,search,2025-05-23
u016343,search,2025-05-29
u016344,search,2025-05-01
u016345,search,2025-05-06
u016346,search,2025-05-02
u016347,search,2025-05-24
u016348,search,2025-05-05
u016349,search,2025-05-12
u016350,search,2025-05-04
u016351,search,2025-05-16
u016352,search,2025-05-23
u016353,search,2025-05-11
u016354,search,2025-05-04
u016355,search,2025-05-03
u016356,search,2025-05-04
u016357,search,2025-05-14
u016358,search,2025-05-19
u016359,search,2025-05-30
u016360,search,2025-05-26
u016361,search,2025-05-22
u016362,search,2025-05-25
u016363,search,2025-05-10
u016364,search,2025-05-29
u016365,search,2025-05-19
u016366,search,2025-05-12
u016367,search,2025-05-06
u016368,search,2025-05-01
u016369,search,2025-05-24
u016370,search,2025-05-13
u016371,search,2025-05-28
u016372,search,2025-05-02
u016373,search,2025-05-07
u016374,search,2025-05-14
u016375,search,2025-05-11
u016376,search,2025-05-09
u016377,search,2025-05-21
u016378,search,2025-05-15
u016379,search,2025-05-30
u016380,search,2025-05-14
u016381,search,2025-05-30
u016382,search,2025-05-16
u016383,search,2025-05-12
u016384,search,2025-05-22
u016385,search,2025-05-24
u016386,search,2025-05-25
u016387,search,2025-05-22
u016388,search,2025-05-06
u016389,search,2025-05-29
u016390,search,2025-05-28
u016391,search,2025-05-18
u016392,search,2025-05-09
u016393,search,2025-05-20
u016394,search,2025-05-16
u016395,search,2025-05-25
u016396,search,2025-05-17
u016397,search,2025-05-31
u016398,search,2025-05-27
u016399,search,2025-05-31
u016400,search,2025-05-18
u016401,search,2025-05-22
u016402,search,2025-05-07
u016403,search,2025-05-21
u016404,search,2025-05-04
u016405,search,2025-05-23
u016406,search,2025-05-13
u016407,search,2025-05-16
u016408,search,2025-05-14
u016409,search,2025-05-25
u016410,search,2025-05-24
u016411,search,2025-05-30
u016412,search,2025-05-16
u016413,search,2025-05-15
u016414,search,2025-05-07
u016415,search,2025-05-05
u016416,search,2025-05-17
u016417,search,2025-05-24
u016418,search,2025-05-27
u016419,search,2025-05-20
u016420,search,2025-05-23
u016421,search,2025-05-23
u016422,search,2025-05-25
u016423,search,2025-05-27
u016424,search,2025-05-09
u016425,search,2025-05-08
u016426,search,2025-05-18
u016427,search,2025-05-26
u016428,search,2025-05-30
u016429,search,2025-05-26
u016430,search,2025-05-23
u016431,search,2025-05-26
u016432,search,2025-05-14
u016433,search,2025-05-27
u016434,search,2025-05-06
u016435,search,2025-05-03
u016436,search,2025-05-16
u016437,search,2025-05-01
u016438,search,2025-05-01
u016439,search,2025-05-15
u016440,search,2025-05-13
u016441,search,2025-05-28
u016442,search,2025-05-12
u016443,search,2025-05-18
u016444,search,2025-05-23
u016445,search,2025-05-21
u016446,search,2025-05-16
u016447,search,2025-05-02
u016448,search,2025-05-08
u016449,search,2025-05-06
u016450,search,2025-05-24
u016451,search,2025-05-12
u016452,search,2025-05-10
u016453,search,2025-05-10
u016454,search,2025-05-05
u016455,search,2025-05-22
u016456,search,2025-05-01
u016457,search,2025-05-19
u016458,search,2025-05-21
u016459,search,2025-05-21
u016460,search,2025-05-29
u016461,search,2025-05-01
u016462,search,2025-05-31
u016463,search,2025-05-28
u016464,search,2025-05-13
u016465,search,2025-05-13
u016466,search,2025-05-25
u016467,search,2025-05-21
u016468,search,2025-05-21
u016469,search,2025-05-06
u016470,search,2025-05-14
u016471,search,2025-05-17
u016472,search,2025-05-15
u016473,search,2025-05-10
u016474,search,2025-05-13
u016475,search,2025-05-19
u016476,search,2025-05-31
u016477,search,2025-05-11
u016478,search,2025-05-19
u016479,search,2025-05-15
u016480,search,2025-05-17
u016481,search,2025-05-30
u016482,search,2025-05-26
u016483,search,2025-05-25
u016484,search,2025-05-28
u016485,search,2025-05-10
u016486,search,2025-05-31
u016487,search,2025-05-06
u016488,search,2025-05-30
u016489,search,2025-05-11
u016490,search,2025-05-10
u016491,search,2025-05-13
u016492,search,2025-05-26
u016493,search,2025-05-15
u016494,search,2025-05-26
u016495,search,2025-05-16
u016496,search,2025-05-05
u016497,search,2025-05-23
u016498,search,2025-05-04
u016499,search,2025-05-24
u016500,search,2025-05-27
u016501,search,2025-05-21
u016502,search,2025-05-26
u016503,search,2025-05-01
u016504,search,2025-05-16
u016505,search,2025-05-09
u016506,search,2025-05-27
u016507,search,2025-05-11
u016508,search,2025-05-31
u016509,search,2025-05-27
u016510,search,2025-05-03
u016511,search,2025-05-17
u016512,search,2025-05-25
u016513,search,2025-05-19
u016514,search,2025-05-30
u016515,search,2025-05-30
u016516,search,2025-05-22
u016517,search,2025-05-25
u016518,search,2025-05-19
u016519,search,2025-05-06
u016520,search,2025-05-24
u016521,search,2025-05-14
u016522,search,2025-05-30
u016523,search,2025-05-05
u016524,search,2025-05-22
u016525,search,2025-05-21
u016526,search,2025-05-01
u016527,search,2025-05-01
u016528,search,2025-05-27
u016529,search,2025-05-14
u016530,search,2025-05-05
u016531,search,2025-05-21
u016532,search,2025-05-16
u016533,search,2025-05-24
u016534,search,2025-05-19
u016535,search,2025-05-22
u016536,search,2025-05-15
u016537,search,2025-05-14
u016538,search,2025-05-23
u016539,search,2025-05-21
u016540,search,2025-05-17
u016541,search,2025-05-02
u016542,search,2025-05-07
u016543,search,2025-05-11
u016544,search,2025-05-11
u016545,search,2025-05-02
u016546,search,2025-05-20
u016547,search,2025-05-12
u016548,search,2025-05-22
u016549,search,2025-05-16
u016550,search,2025-05-22
u016551,search,2025-05-14
u016552,search,2025-05-31
u016553,search,2025-05-06
u016554,search,2025-05-15
u016555,search,2025-05-19
u016556,search,2025-05-31
u016557,search,2025-05-31
u016558,search,2025-05-28
u016559,search,2025-05-20
u016560,search,2025-05-05
u016561,search,2025-05-10
u016562,search,2025-05-13
u016563,search,2025-05-22
u016564,search,2025-05-25
u016565,search,2025-05-09
u016566,search,2025-05-26
u016567,search,2025-05-21
u016568,search,2025-05-04
u016569,search,2025-05-01
u016570,search,2025-05-29
u016571,search,2025-05-05
u016572,search,2025-05-14
u016573,search,2025-05-19
u016574,search,2025-05-07
u016575,search,2025-05-10
u016576,search,2025-05-28
u016577,search,2025-05-14
u016578,search,2025-05-04
u016579,search,2025-05-25
u016580,search,2025-05-06
u016581,search,2025-05-05
u016582,search,2025-05-19
u016583,search,2025-05-04
u016584,search,2025-05-24
u016585,search,2025-05-10
u016586,search,2025-05-13
u016587,search,2025-05-30
u016588,search,2025-05-19
u016589,search,2025-05-17
u016590,search,2025-05-02
u016591,search,2025-05-08
u016592,search,2025-05-26
u016593,search,2025-05-20
u016594,search,2025-05-28
u016595,search,2025-05-02
u016596,search,2025-05-26
u016597,search,2025-05-06
u016598,search,2025-05-21
u016599,search,2025-05-28
u016600,search,2025-05-28
u016601,search,2025-05-24
u016602,search,2025-05-31
u016603,search,2025-05-29
u016604,search,2025-05-28
u016605,search,2025-05-10
u016606,search,2025-05-23
u016607,search,2025-05-06
u016608,search,2025-05-07
u016609,search,2025-05-23
u016610,search,2025-05-23
u016611,search,2025-05-01
u016612,search,2025-05-10
u016613,search,2025-05-23
u016614,search,2025-05-25
u016615,search,2025-05-19
u016616,search,2025-05-19
u016617,search,2025-05-06
u016618,search,2025-05-09
u016619,search,2025-05-21
u016620,search,2025-05-17
u016621,search,2025-05-25
u016622,search,2025-05-06
u016623,search,2025-05-01
u016624,search,2025-05-19
u016625,search,2025-05-27
u016626,search,2025-05-14
u016627,search,2025-05-20
u016628,search,2025-05-21
u016629,search,2025-05-18
u016630,search,2025-05-08
u016631,search,2025-05-25
u016632,search,2025-05-19
u016633,search,2025-05-22
u016634,search,2025-05-31
u016635,search,2025-05-26
u016636,search,2025-05-02
u016637,search,2025-05-17
u016638,search,2025-05-09
u016639,search,2025-05-24
u016640,search,2025-05-14
u016641,search,2025-05-21
u016642,search,2025-05-20
u016643,search,2025-05-08
u016644,search,2025-05-09
u016645,search,2025-05-14
u016646,search,2025-05-14
u016647,search,2025-05-16
u016648,search,2025-05-01
u016649,search,2025-05-29
u016650,search,2025-05-04
u016651,search,2025-05-18
u016652,search,2025-05-30
u016653,search,2025-05-19
u016654,search,2025-05-02
u016655,search,2025-05-25
u016656,search,2025-05-16
u016657,search,2025-05-22
u016658,search,2025-05-01
u016659,search,2025-05-23
u016660,search,2025-05-06
u016661,search,2025-05-22
u016662,search,2025-05-17
u016663,search,2025-05-30
u016664,search,2025-05-30
u016665,search,2025-05-30
u016666,search,2025-05-09
u016667,search,2025-05-10
u016668,search,2025-05-01
u016669,search,2025-05-16
u016670,search,2025-05-23
u016671,search,2025-05-05
u016672,search,2025-05-08
u016673,search,2025-05-09
u016674,search,2025-05-13
u016675,search,2025-05-29
u016676,search,2025-05-04
u016677,search,2025-05-09
u016678,search,2025-05-31
u016679,search,2025-05-31
u016680,search,2025-05-29
u016681,search,2025-05-10
u016682,search,2025-05-14
u016683,search,2025-05-31
u016684,search,2025-05-30
u016685,search,2025-05-25
u016686,search,2025-05-31
u016687,search,2025-05-13
u016688,search,2025-05-31
u016689,search,2025-05-04
u016690,search,2025-05-03
u016691,search,2025-05-22
u016692,search,2025-05-03
u016693,search,2025-05-09
u016694,search,2025-05-05
u016695,search,2025-05-06
u016696,search,2025-05-10
u016697,search,2025-05-31
u016698,search,2025-05-07
u016699,search,2025-05-26
u016700,search,2025-05-06
u016701,search,2025-05-24
u016702,search,2025-05-05
u016703,search,2025-05-27
u016704,search,2025-05-30
u016705,search,2025-05-28
u016706,search,2025-05-08
u016707,search,2025-05-30
u016708,search,2025-05-07
u016709,search,2025-05-21
u016710,search,2025-05-30
u016711,search,2025-05-14
u016712,search,2025-05-20
u016713,search,2025-05-08
u016714,search,2025-05-15
u016715,search,2025-05-02
u016716,search,2025-05-22
u016717,search,2025-05-16
u016718,search,2025-05-13
u016719,search,2025-05-03
u016720,search,2025-05-06
u016721,search,2025-05-03
u016722,search,2025-05-10
u016723,search,2025-05-10
u016724,search,2025-05-13
u016725,search,2025-05-12
u016726,search,2025-05-08
u016727,search,2025-05-05
u016728,search,2025-05-31
u016729,search,2025-05-16
u016730,search,2025-05-27
u016731,search,2025-05-19
u016732,search,2025-05-19
u016733,search,2025-05-05
u016734,search,2025-05-30
u016735,search,2025-05-11
u016736,search,2025-05-05
u016737,search,2025-05-01
u016738,search,2025-05-05
u016739,search,2025-05-31
u016740,search,2025-05-09
u016741,search,2025-05-17
u016742,search,2025-05-08
u016743,search,2025-05-23
u016744,search,2025-05-09
u016745,search,2025-05-14
u016746,search,2025-05-28
u016747,search,2025-05-03
u016748,search,2025-05-07
u016749,search,2025-05-17
u016750,search,2025-05-25
u016751,search,2025-05-17
u016752,search,2025-05-09
u016753,search,2025-05-22
u016754,search,2025-05-21
u016755,search,2025-05-05
u016756,search,2025-05-11
u016757,search,2025-05-19
u016758,search,2025-05-08
u016759,search,2025-05-28
u016760,search,2025-05-06
u016761,search,2025-05-01
u016762,search,2025-05-28
u016763,search,2025-05-27
u016764,search,2025-05-16
u016765,search,2025-05-23
u016766,search,2025-05-08
u016767,search,2025-05-13
u016768,search,2025-05-18
u016769,search,2025-05-06
u016770,search,2025-05-28
u016771,search,2025-05-04
u016772,search,2025-05-12
u016773,search,2025-05-22
u016774,search,2025-05-07
u016775,search,2025-05-26
u016776,search,2025-05-27
u016777,search,2025-05-18
u016778,search,2025-05-16
u016779,search,2025-05-28
u016780,search,2025-05-26
u016781,search,2025-05-25
u016782,search,2025-05-17
u016783,search,2025-05-09
u016784,search,2025-05-09
u016785,search,2025-05-17
u016786,search,2025-05-10
u016787,search,2025-05-21
u016788,search,2025-05-21
u016789,search,2025-05-28
u016790,search,2025-05-08
u016791,search,2025-05-14
u016792,search,2025-05-16
u016793,search,2025-05-10
u016794,search,2025-05-12
u016795,search,2025-05-23
u016796,search,2025-05-02
u016797,search,2025-05-14
u016798,search,2025-05-15
u016799,search,2025-05-12
u016800,search,2025-05-05
u016801,search,2025-05-27
u016802,search,2025-05-05
u016803,search,2025-05-01
u016804,search,2025-05-05
u016805,search,2025-05-18
u016806,search,2025-05-14
u016807,search,2025-05-27
u016808,search,2025-05-19
u016809,search,2025-05-30
u016810,search,2025-05-06
u016811,search,2025-05-29
u016812,search,2025-05-05
u016813,search,2025-05-19
u016814,search,2025-05-11
u016815,search,2025-05-15
u016816,search,2025-05-21
u016817,search,2025-05-11
u016818,search,2025-05-06
u016819,display,2025-05-13
u016820,display,2025-05-13
u016821,display,2025-05-07
u016822,display,2025-05-08
u016823,display,2025-05-05
u016824,display,2025-05-19
u016825,display,2025-05-08
u016826,display,2025-05-28
u016827,display,2025-05-02
u016828,display,2025-05-05
u016829,display,2025-05-02
u016830,display,2025-05-07
u016831,display,2025-05-22
u016832,display,2025-05-30
u016833,display,2025-05-13
u016834,display,2025-05-19
u016835,display,2025-05-22
u016836,display,2025-05-12
u016837,display,2025-05-23
u016838,display,2025-05-18
u016839,display,2025-05-03
u016840,display,2025-05-21
u016841,display,2025-05-16
u016842,display,2025-05-16
u016843,display,2025-05-30
u016844,display,2025-05-29
u016845,display,2025-05-30
u016846,display,2025-05-13
u016847,display,2025-05-12
u016848,display,2025-05-28
u016849,display,2025-05-23
u016850,display,2025-05-07
u016851,display,2025-05-16
u016852,display,2025-05-28
u016853,display,2025-05-16
u016854,display,2025-05-12
u016855,display,2025-05-17
u016856,display,2025-05-04
u016857,display,2025-05-27
u016858,display,2025-05-07
u016859,display,2025-05-22
u016860,display,2025-05-04
u016861,display,2025-05-13
u016862,display,2025-05-19
u016863,display,2025-05-19
u016864,display,2025-05-17
u016865,display,2025-05-12
u016866,display,2025-05-05
u016867,display,2025-05-14
u016868,display,2025-05-26
u016869,display,2025-05-28
u016870,display,2025-05-22
u016871,display,2025-05-09
u016872,display,2025-05-31
u016873,display,2025-05-19
u016874,display,2025-05-26
u016875,display,2025-05-19
u016876,display,2025-05-28
u016877,display,2025-05-10
u016878,display,2025-05-11
u016879,display,2025-05-31
u016880,display,2025-05-31
u016881,display,2025-05-08
u016882,display,2025-05-09
u016883,display,2025-05-06
u016884,display,2025-05-03
u016885,display,2025-05-26
u016886,display,2025-05-26
u016887,display,2025-05-21
u016888,display,2025-05-22
u016889,display,2025-05-27
u016890,display,2025-05-09
u016891,display,2025-05-10
u016892,display,2025-05-03
u016893,display,2025-05-18
u016894,display,2025-05-10
u016895,display,2025-05-06
u016896,display,2025-05-30
u016897,display,2025-05-07
u016898,display,2025-05-20
u016899,display,2025-05-01
u016900,display,2025-05-05
u016901,display,2025-05-18
u016902,display,2025-05-09
u016903,display,2025-05-29
u016904,display,2025-05-20
u016905,display,2025-05-15
u016906,display,2025-05-16
u016907,display,2025-05-05
u016908,display,2025-05-12
u016909,display,2025-05-06
u016910,display,2025-05-31
u016911,display,2025-05-12
u016912,display,2025-05-10
u016913,display,2025-05-20
u016914,display,2025-05-02
u016915,display,2025-05-02
u016916,display,2025-05-19
u016917,display,2025-05-14
u016918,display,2025-05-07
u016919,display,2025-05-12
u016920,display,2025-05-14
u016921,display,2025-05-10
u016922,display,2025-05-18
u016923,display,2025-05-01
u016924,display,2025-05-18
u016925,display,2025-05-21
u016926,display,2025-05-20
u016927,display,2025-05-12
u016928,display,2025-05-26
u016929,display,2025-05-06
u016930,display,2025-05-10
u016931,display,2025-05-30
u016932,display,2025-05-25
u016933,display,2025-05-20
u016934,display,2025-05-03
u016935,display,2025-05-20
u016936,display,2025-05-05
u016937,display,2025-05-18
u016938,display,2025-05-17
u016939,display,2025-05-21
u016940,display,2025-05-22
u016941,display,2025-05-18
u016942,display,2025-05-17
u016943,display,2025-05-06
u016944,display,2025-05-26
u016945,display,2025-05-31
u016946,display,2025-05-01
u016947,display,2025-05-11
u016948,display,2025-05-01
u016949,display,2025-05-16
u016950,display,2025-05-24
u016951,display,2025-05-25
u016952,display,2025-05-15
u016953,display,2025-05-15
u016954,display,2025-05-30
u016955,display,2025-05-23
u016956,display,2025-05-27
u016957,display,2025-05-08
u016958,display,2025-05-23
u016959,display,2025-05-12
u016960,display,2025-05-23
u016961,display,2025-05-20
u016962,display,2025-05-23
u016963,display,2025-05-21
u016964,display,2025-05-24
u016965,display,2025-05-06
u016966,display,2025-05-13
u016967,display,2025-05-12
u016968,display,2025-05-14
u016969,display,2025-05-11
u016970,display,2025-05-04
u016971,display,2025-05-05
u016972,display,2025-05-27
u016973,display,2025-05-14
u016974,display,2025-05-10
u016975,display,2025-05-07
u016976,display,2025-05-06
u016977,display,2025-05-05
u016978,display,2025-05-03
u016979,display,2025-05-14
u016980,display,2025-05-20
u016981,display,2025-05-28
u016982,display,2025-05-27
u016983,display,2025-05-21
u016984,display,2025-05-26
u016985,display,2025-05-15
u016986,display,2025-05-11
u016987,display,2025-05-14
u016988,display,2025-05-04
u016989,display,2025-05-10
u016990,display,2025-05-20
u016991,display,2025-05-21
u016992,display,2025-05-17
u016993,display,2025-05-25
u016994,display,2025-05-16
u016995,display,2025-05-28
u016996,display,2025-05-30
u016997,display,2025-05-20
u016998,display,2025-05-20
u016999,display,2025-05-30
u017000,display,2025-05-27
u017001,display,2025-05-01
u017002,display,2025-05-30
u017003,display,2025-05-16
u017004,display,2025-05-18
u017005,display,2025-05-28
u017006,display,2025-05-07
u017007,display,2025-05-10
u017008,display,2025-05-11
u017009,display,2025-05-06
u017010,display,2025-05-20
u017011,display,2025-05-20
u017012,display,2025-05-01
u017013,display,2025-05-04
u017014,display,2025-05-03
u017015,display,2025-05-14
u017016,display,2025-05-31
u017017,display,2025-05-13
u017018,display,2025-05-14
u017019,display,2025-05-10
u017020,display,2025-05-28
u017021,display,2025-05-27
u017022,display,2025-05-09
u017023,display,2025-05-06
u017024,display,2025-05-03
u017025,display,2025-05-13
u017026,display,2025-05-07
u017027,display,2025-05-03
u017028,display,2025-05-07
u017029,display,2025-05-16
u017030,display,2025-05-22
u017031,display,2025-05-27
u017032,display,2025-05-07
u017033,display,2025-05-01
u017034,display,2025-05-12
u017035,display,2025-05-26
u017036,display,2025-05-15
u017037,display,2025-05-17
u017038,display,2025-05-17
u017039,display,2025-05-04
u017040,display,2025-05-18
u017041,display,2025-05-10
u017042,display,2025-05-06
u017043,display,2025-05-30
u017044,display,2025-05-11
u017045,display,2025-05-09
u017046,display,2025-05-30
u017047,display,2025-05-25
u017048,display,2025-05-19
u017049,display,2025-05-31
u017050,display,2025-05-07
u017051,display,2025-05-22
u017052,display,2025-05-18
u017053,display,2025-05-22
u017054,display,2025-05-30
u017055,display,2025-05-19
u017056,display,2025-05-09
u017057,display,2025-05-30
u017058,display,2025-05-13
u017059,display,2025-05-28
u017060,display,2025-05-16
u017061,display,2025-05-09
u017062,display,2025-05-04
u017063,display,2025-05-22
u017064,display,2025-05-03
u017065,display,2025-05-17
u017066,display,2025-05-12
u017067,display,2025-05-11
u017068,display,2025-05-28
u017069,display,2025-05-01
u017070,display,2025-05-05
u017071,display,2025-05-03
u017072,display,2025-05-14
u017073,display,2025-05-27
u017074,display,2025-05-05
u017075,display,2025-05-07
u017076,display,2025-05-01
u017077,display,2025-05-21
u017078,display,2025-05-06
u017079,retargeting,2025-05-19
u017080,retargeting,2025-05-02
u017081,retargeting,2025-05-17
u017082,retargeting,2025-05-08
u017083,retargeting,2025-05-30
u017084,retargeting,2025-05-18
u017085,retargeting,2025-05-27
u017086,retargeting,2025-05-18
u017087,retargeting,2025-05-27
u017088,retargeting,2025-05-28
u017089,retargeting,2025-05-01
u017090,retargeting,2025-05-30
u017091,retargeting,2025-05-18
u017092,retargeting,2025-05-17
u017093,retargeting,2025-05-02
u017094,retargeting,2025-05-15
u017095,retargeting,2025-05-12
u017096,retargeting,2025-05-06
u017097,retargeting,2025-05-12
u017098,retargeting,2025-05-31
u017099,retargeting,2025-05-08
u017100,retargeting,2025-05-16
u017101,retargeting,2025-05-26
u017102,retargeting,2025-05-04
u017103,retargeting,2025-05-13
u017104,retargeting,2025-05-22
u017105,retargeting,2025-05-21
u017106,retargeting,2025-05-12
u017107,retargeting,2025-05-05
u017108,retargeting,2025-05-11
u017109,retargeting,2025-05-29
u017110,retargeting,2025-05-04
u017111,retargeting,2025-05-25
u017112,retargeting,2025-05-10
u017113,retargeting,2025-05-03
u017114,retargeting,2025-05-29
u017115,retargeting,2025-05-06
u017116,retargeting,2025-05-01
u017117,retargeting,2025-05-24
u017118,retargeting,2025-05-23
u017119,retargeting,2025-05-30
u017120,retargeting,2025-05-05
u017121,retargeting,2025-05-05
u017122,retargeting,2025-05-20
u017123,retargeting,2025-05-30
u017124,retargeting,2025-05-10
u017125,retargeting,2025-05-10
u017126,retargeting,2025-05-22
u017127,retargeting,2025-05-28
u017128,retargeting,2025-05-09
u017129,retargeting,2025-05-30
u017130,retargeting,2025-05-04
u017131,retargeting,2025-05-28
u017132,retargeting,2025-05-02
u017133,retargeting,2025-05-24
u017134,retargeting,2025-05-22
u017135,retargeting,2025-05-09
u017136,retargeting,2025-05-22
u017137,retargeting,2025-05-31
u017138,retargeting,2025-05-01
u017139,retargeting,2025-05-08
u017140,retargeting,2025-05-21
u017141,retargeting,2025-05-19
u017142,retargeting,2025-05-06
u017143,retargeting,2025-05-02
u017144,retargeting,2025-05-27
u017145,retargeting,2025-05-04
u017146,retargeting,2025-05-11
u017147,retargeting,2025-05-13
u017148,retargeting,2025-05-21
u017149,retargeting,2025-05-09
u017150,retargeting,2025-05-29
u017151,retargeting,2025-05-23
u017152,retargeting,2025-05-25
u017153,retargeting,2025-05-08
u017154,retargeting,2025-05-16
u017155,retargeting,2025-05-05
u017156,retargeting,2025-05-02
u017157,retargeting,2025-05-08
u017158,retargeting,2025-05-02
u017159,retargeting,2025-05-10
u017160,retargeting,2025-05-10
u017161,retargeting,2025-05-03
u017162,retargeting,2025-05-27
u017163,retargeting,2025-05-05
u017164,retargeting,2025-05-02
u017165,retargeting,2025-05-21
u017166,retargeting,2025-05-02
u017167,retargeting,2025-05-26
u017168,retargeting,2025-05-16
u017169,retargeting,2025-05-24
u017170,retargeting,2025-05-09
u017171,retargeting,2025-05-24
u017172,retargeting,2025-05-30
u017173,retargeting,2025-05-25
u017174,retargeting,2025-05-27
u017175,retargeting,2025-05-26
u017176,retargeting,2025-05-09
u017177,retargeting,2025-05-25
u017178,retargeting,2025-05-06
u017179,retargeting,2025-05-27
u017180,retargeting,2025-05-05
u017181,retargeting,2025-05-02
u017182,retargeting,2025-05-31
u017183,retargeting,2025-05-12
u017184,retargeting,2025-05-22
u017185,retargeting,2025-05-10
u017186,retargeting,2025-05-12
u017187,retargeting,2025-05-15
u017188,retargeting,2025-05-03
u017189,retargeting,2025-05-14
u017190,retargeting,2025-05-30
u017191,retargeting,2025-05-13
u017192,retargeting,2025-05-04
u017193,retargeting,2025-05-09
u017194,retargeting,2025-05-25
u017195,retargeting,2025-05-24
u017196,retargeting,2025-05-11
u017197,retargeting,2025-05-21
u017198,retargeting,2025-05-06
u017199,retargeting,2025-05-03
u017200,retargeting,2025-05-11
u017201,retargeting,2025-05-21
u017202,retargeting,2025-05-24
u017203,retargeting,2025-05-28
u017204,retargeting,2025-05-05
u017205,retargeting,2025-05-25
u017206,retargeting,2025-05-20
u017207,retargeting,2025-05-10
u017208,retargeting,2025-05-11
u017209,brand,2025-05-23
u017210,brand,2025-05-13
u017211,brand,2025-05-13
u017212,brand,2025-05-27
u017213,brand,2025-05-08
u017214,brand,2025-05-12
u017215,brand,2025-05-24
u017216,brand,2025-05-31
u017217,brand,2025-05-23
u017218,brand,2025-05-11
u017219,brand,2025-05-14
u017220,brand,2025-05-09
u017221,brand,2025-05-03
u017222,brand,2025-05-13
u017223,brand,2025-05-24
u017224,brand,2025-05-19
u017225,brand,2025-05-28
u017226,brand,2025-05-17
u017227,brand,2025-05-23
u017228,brand,2025-05-11
u017229,brand,2025-05-14
u017230,brand,2025-05-15
u017231,brand,2025-05-21
u017232,brand,2025-05-24
u017233,brand,2025-05-19
u017234,brand,2025-05-07
u017235,brand,2025-05-12
u017236,brand,2025-05-06
u017237,brand,2025-05-15
u017238,brand,2025-05-03
u017239,brand,2025-05-30
u017240,brand,2025-05-27
u017241,brand,2025-05-02
u017242,brand,2025-05-11
u017243,brand,2025-05-18
u017244,brand,2025-05-11
u017245,brand,2025-05-17
u017246,brand,2025-05-08
u017247,brand,2025-05-26
u017248,brand,2025-05-17
u017249,brand,2025-05-22
u017250,brand,2025-05-04
u017251,brand,2025-05-15
u017252,brand,2025-05-19
u017253,brand,2025-05-05
u017254,brand,2025-05-10
u017255,brand,2025-05-31
u017256,brand,2025-05-30
u017257,brand,2025-05-12
u017258,brand,2025-05-16
u017259,brand,2025-05-17
u017260,brand,2025-05-28
u017261,brand,2025-05-25
u017262,brand,2025-05-25
u017263,brand,2025-05-28
u017264,brand,2025-05-04
u017265,brand,2025-05-27
u017266,brand,2025-05-22
u017267,brand,2025-05-02
u017268,brand,2025-05-23
u017269,brand,2025-05-27
u017270,brand,2025-05-22
u017271,brand,2025-05-26
u017272,brand,2025-05-02
u017273,brand,2025-05-09
u017274,brand,2025-05-21
u017275,brand,2025-05-04
u017276,brand,2025-05-23
u017277,brand,2025-05-12
u017278,brand,2025-05-09
u017279,brand,2025-05-25
u017280,brand,2025-05-26
u017281,brand,2025-05-07
u017282,brand,2025-05-18
u017283,brand,2025-05-24
u017284,brand,2025-05-01
u017285,brand,2025-05-14
u017286,brand,2025-05-26
u017287,brand,2025-05-30
u017288,brand,2025-05-08
u017289,brand,2025-05-04
u017290,brand,2025-05-18
u017291,brand,2025-05-19
u017292,brand,2025-05-31
u017293,brand,2025-05-30
u017294,brand,2025-05-11
u017295,brand,2025-05-09
u017296,brand,2025-05-31
u017297,brand,2025-05-13
u017298,brand,2025-05-15
u017299,brand,2025-05-07
u017300,brand,2025-05-18
u017301,brand,2025-05-13
u017302,brand,2025-05-22
u017303,brand,2025-05-29
u017304,brand,2025-05-11
u017305,brand,2025-05-22
u017306,brand,2025-05-23
u017307,brand,2025-05-03
u017308,brand,2025-05-13
u017309,brand,2025-05-10
u017310,brand,2025-05-03
u017311,brand,2025-05-28
u017312,brand,2025-05-27
u017313,brand,2025-05-21
u017314,brand,2025-05-30
u017315,brand,2025-05-07
u017316,brand,2025-05-26
u017317,brand,2025-05-29
u017318,brand,2025-05-14
u017319,brand,2025-05-21
u017320,brand,2025-05-01
u017321,brand,2025-05-07
u017322,brand,2025-05-01
u017323,brand,2025-05-12
u017324,brand,2025-05-12
u017325,brand,2025-05-11
u017326,brand,2025-05-31
u017327,brand,2025-05-12
u017328,brand,2025-05-26
u017329,brand,2025-05-15
u017330,brand,2025-05-22
u017331,brand,2025-05-30
u017332,brand,2025-05-04
u017333,brand,2025-05-06
u017334,brand,2025-05-11
u017335,brand,2025-05-27
u017336,brand,2025-05-25
u017337,brand,2025-05-05
u017338,brand,2025-05-08
u017339,brand,2025-05-01
u017340,brand,2025-05-27
u017341,brand,2025-05-28
u017342,brand,2025-05-28
u017343,brand,2025-05-25
u017344,brand,2025-05-14
u017345,brand,2025-05-21
u017346,brand,2025-05-04
u017347,brand,2025-05-07
u017348,brand,2025-05-11
u017349,brand,2025-05-08
u017350,brand,2025-05-01
u017351,brand,2025-05-30
u017352,brand,2025-05-30
u017353,brand,2025-05-28
u017354,brand,2025-05-26
u017355,brand,2025-05-01
u017356,brand,2025-05-04
u017357,brand,2025-05-29
u017358,brand,2025-05-01
u017359,brand,2025-05-24
u017360,brand,2025-05-25
u017361,brand,2025-05-18
u017362,brand,2025-05-25
u017363,brand,2025-05-29
u017364,brand,2025-05-29
u017365,brand,2025-05-23
u017366,brand,2025-05-17
u017367,brand,2025-05-07
u017368,brand,2025-05-12
u017369,brand,2025-05-05
u017370,brand,2025-05-18
u017371,brand,2025-05-21
u017372,brand,2025-05-17
u017373,brand,2025-05-14
u017374,brand,2025-05-28
u017375,brand,2025-05-19
u017376,brand,2025-05-13
u017377,brand,2025-05-19
u017378,brand,2025-05-20
u017379,brand,2025-05-27
u017380,brand,2025-05-18
u017381,brand,2025-05-02
u017382,brand,2025-05-19
u017383,brand,2025-05-26
u017384,brand,2025-05-23
u017385,brand,2025-05-05
u017386,brand,2025-05-26
u017387,brand,2025-05-06
u017388,brand,2025-05-26
u017389,brand,2025-05-09
u017390,brand,2025-05-06
u017391,brand,2025-05-08
u017392,brand,2025-05-03
u017393,brand,2025-05-13
u017394,brand,2025-05-16
u017395,brand,2025-05-10
u017396,brand,2025-05-29
u017397,brand,2025-05-23
u017398,brand,2025-05-06
u017399,brand,2025-05-22
u017400,brand,2025-05-19
u017401,brand,2025-05-12
u017402,brand,2025-05-19
u017403,brand,2025-05-30
u017404,brand,2025-05-17
u017405,brand,2025-05-04
u017406,brand,2025-05-24
u017407,brand,2025-05-07
u017408,brand,2025-05-19
u017409,brand,2025-05-09
u017410,brand,2025-05-05
u017411,brand,2025-05-13
u017412,brand,2025-05-18
u017413,brand,2025-05-02
u017414,brand,2025-05-26
u017415,brand,2025-05-27
u017416,brand,2025-05-08
u017417,brand,2025-05-18
u017418,brand,2025-05-27
u017419,brand,2025-05-07
u017420,brand,2025-05-20
u017421,brand,2025-05-01
u017422,brand,2025-05-08
u017423,brand,2025-05-04
u017424,brand,2025-05-17
u017425,brand,2025-05-09
u017426,brand,2025-05-30
u017427,brand,2025-05-16
u017428,brand,2025-05-03
u017429,brand,2025-05-10
u017430,brand,2025-05-11
u017431,brand,2025-05-27
u017432,brand,2025-05-25
u017433,brand,2025-05-23
u017434,brand,2025-05-28
u017435,brand,2025-05-01
u017436,brand,2025-05-13
u017437,brand,2025-05-23
u017438,brand,2025-05-15
u017439,brand,2025-05-23
u017440,brand,2025-05-18
u017441,brand,2025-05-02
u017442,brand,2025-05-30
u017443,brand,2025-05-10
u017444,brand,2025-05-26
u017445,brand,2025-05-02
u017446,brand,2025-05-16
u017447,brand,2025-05-27
u017448,brand,2025-05-07
u017449,brand,2025-05-08
u017450,brand,2025-05-01
u017451,brand,2025-05-20
u017452,brand,2025-05-07
u017453,brand,2025-05-17
u017454,brand,2025-05-12
u017455,brand,2025-05-15
u017456,brand,2025-05-17
u017457,brand,2025-05-06
u017458,brand,2025-05-29
u017459,brand,2025-05-30
u017460,brand,2025-05-26
u017461,brand,2025-05-07
u017462,brand,2025-05-30
u017463,brand,2025-05-17
u017464,brand,2025-05-11
u017465,brand,2025-05-06
u017466,brand,2025-05-12
u017467,brand,2025-05-30
u017468,brand,2025-05-11
u017469,brand,2025-05-06
u017470,brand,2025-05-25
u017471,brand,2025-05-02
u017472,brand,2025-05-10
u017473,brand,2025-05-17
u017474,brand,2025-05-19
u017475,brand,2025-05-04
u017476,brand,2025-05-27
u017477,brand,2025-05-04
u017478,brand,2025-05-10
u017479,brand,2025-05-27
u017480,brand,2025-05-16
u017481,brand,2025-05-17
u017482,brand,2025-05-30
u017483,brand,2025-05-22
u017484,brand,2025-05-15
u017485,brand,2025-05-28
u017486,brand,2025-05-04
u017487,brand,2025-05-14
u017488,brand,2025-05-09
u017489,brand,2025-05-09
u017490,brand,2025-05-22
u017491,brand,2025-05-28
u017492,brand,2025-05-15
u017493,brand,2025-05-24
u017494,brand,2025-05-29
u017495,brand,2025-05-13
u017496,brand,2025-05-08
u017497,brand,2025-05-12
u017498,brand,2025-05-02
u017499,brand,2025-05-21
u017500,brand,2025-05-12
u017501,brand,2025-05-08
u017502,brand,2025-05-28
u017503,brand,2025-05-01
u017504,brand,2025-05-17
u017505,brand,2025-05-08
u017506,brand,2025-05-26
u017507,brand,2025-05-05
u017508,brand,2025-05-20
u017509,brand,2025-05-19
u017510,brand,2025-05-05
u017511,brand,2025-05-12
u017512,brand,2025-05-16
u017513,brand,2025-05-18
u017514,brand,2025-05-09
u017515,brand,2025-05-05
u017516,brand,2025-05-10
u017517,brand,2025-05-15
u017518,brand,2025-05-11
u017519,brand,2025-05-10
u017520,brand,2025-05-01
u017521,brand,2025-05-03
u017522,brand,2025-05-21
u017523,brand,2025-05-20
u017524,brand,2025-05-22
u017525,brand,2025-05-03
u017526,brand,2025-05-17
u017527,brand,2025-05-30
u017528,brand,2025-05-08
u017529,brand,2025-05-14
u017530,brand,2025-05-16
u017531,brand,2025-05-06
u017532,brand,2025-05-07
u017533,brand,2025-05-27
u017534,brand,2025-05-29
u017535,brand,2025-05-31
u017536,brand,2025-05-06
u017537,brand,2025-05-15
u017538,brand,2025-05-30
u017539,brand,2025-05-11
u017540,brand,2025-05-19
u017541,brand,2025-05-27
u017542,brand,2025-05-22
u017543,brand,2025-05-02
u017544,brand,2025-05-16
u017545,brand,2025-05-17
u017546,brand,2025-05-08
u017547,brand,2025-05-04
u017548,brand,2025-05-09
u017549,brand,2025-05-31
u017550,brand,2025-05-12
u017551,brand,2025-05-23
u017552,brand,2025-05-05
u017553,brand,2025-05-10
u017554,brand,2025-05-18
u017555,brand,2025-05-25
u017556,brand,2025-05-22
u017557,brand,2025-05-27
u017558,brand,2025-05-14
u017559,brand,2025-05-04
u017560,brand,2025-05-11
u017561,brand,2025-05-25
u017562,brand,2025-05-09
u017563,brand,2025-05-29
u017564,brand,2025-05-08
u017565,brand,2025-05-29
u017566,brand,2025-05-21
u017567,brand,2025-05-16
u017568,brand,2025-05-19
u017569,brand,2025-05-26
u017570,brand,2025-05-17
u017571,brand,2025-05-15
u017572,brand,2025-05-02
u017573,brand,2025-05-17
u017574,brand,2025-05-15
u017575,brand,2025-05-09
u017576,brand,2025-05-27
u017577,brand,2025-05-09
u017578,brand,2025-05-16
u017579,brand,2025-05-03
u017580,brand,2025-05-13
u017581,brand,2025-05-18
u017582,brand,2025-05-19
u017583,brand,2025-05-19
u017584,brand,2025-05-16
u017585,brand,2025-05-16
u017586,brand,2025-05-31
u017587,brand,2025-05-23
u017588,brand,2025-05-17
u017589,brand,2025-05-20
u017590,brand,2025-05-16
u017591,brand,2025-05-23
u017592,brand,2025-05-26
u017593,brand,2025-05-08
u017594,brand,2025-05-04
u017595,brand,2025-05-12
u017596,brand,2025-05-05
u017597,brand,2025-05-19
u017598,brand,2025-05-17
u017599,organic,2025-05-24
u017600,organic,2025-05-06
u017601,organic,2025-05-30
u017602,organic,2025-05-25
u017603,organic,2025-05-24
u017604,organic,2025-05-22
u017605,organic,2025-05-23
u017606,organic,2025-05-23
u017607,organic,2025-05-05
u017608,organic,2025-05-26
u017609,organic,2025-05-01
u017610,organic,2025-05-17
u017611,organic,2025-05-27
u017612,organic,2025-05-19
u017613,organic,2025-05-31
u017614,organic,2025-05-01
u017615,organic,2025-05-15
u017616,organic,2025-05-29
u017617,organic,2025-05-08
u017618,organic,2025-05-18
u017619,organic,2025-05-27
u017620,organic,2025-05-12
u017621,organic,2025-05-14
u017622,organic,2025-05-13
u017623,organic,2025-05-14
u017624,organic,2025-05-16
u017625,organic,2025-05-06
u017626,organic,2025-05-29
u017627,organic,2025-05-01
u017628,organic,2025-05-28
u017629,organic,2025-05-27
u017630,organic,2025-05-14
u017631,organic,2025-05-07
u017632,organic,2025-05-11
u017633,organic,2025-05-25
u017634,organic,2025-05-28
u017635,organic,2025-05-16
u017636,organic,2025-05-16
u017637,organic,2025-05-08
u017638,organic,2025-05-25
u017639,organic,2025-05-24
u017640,organic,2025-05-02
u017641,organic,2025-05-07
u017642,organic,2025-05-11
u017643,organic,2025-05-21
u017644,organic,2025-05-24
u017645,organic,2025-05-31
u017646,organic,2025-05-04
u017647,organic,2025-05-28
u017648,organic,2025-05-10
u017649,organic,2025-05-08
u017650,organic,2025-05-30
u017651,organic,2025-05-27
u017652,organic,2025-05-12
u017653,organic,2025-05-20
u017654,organic,2025-05-08
u017655,organic,2025-05-17
u017656,organic,2025-05-01
u017657,organic,2025-05-02
u017658,organic,2025-05-24
u017659,organic,2025-05-12
u017660,organic,2025-05-02
u017661,organic,2025-05-02
u017662,organic,2025-05-20
u017663,organic,2025-05-12
u017664,organic,2025-05-15
u017665,organic,2025-05-03
u017666,organic,2025-05-27
u017667,organic,2025-05-15
u017668,organic,2025-05-05
u017669,organic,2025-05-03
u017670,organic,2025-05-21
u017671,organic,2025-05-17
u017672,organic,2025-05-26
u017673,organic,2025-05-20
u017674,organic,2025-05-17
u017675,organic,2025-05-16
u017676,organic,2025-05-27
u017677,organic,2025-05-11
u017678,organic,2025-05-06
u017679,organic,2025-05-15
u017680,organic,2025-05-09
u017681,organic,2025-05-07
u017682,organic,2025-05-20
u017683,organic,2025-05-02
u017684,organic,2025-05-23
u017685,organic,2025-05-04
u017686,organic,2025-05-27
u017687,organic,2025-05-05
u017688,organic,2025-05-12
u017689,organic,2025-05-01
u017690,organic,2025-05-13
u017691,organic,2025-05-12
u017692,organic,2025-05-04
u017693,organic,2025-05-23
u017694,organic,2025-05-03
u017695,organic,2025-05-28
u017696,organic,2025-05-09
u017697,organic,2025-05-06
u017698,organic,2025-05-30
u017699,organic,2025-05-13
u017700,organic,2025-05-10
u017701,organic,2025-05-22
u017702,organic,2025-05-22
u017703,organic,2025-05-15
u017704,organic,2025-05-27
u017705,organic,2025-05-09
u017706,organic,2025-05-06
u017707,organic,2025-05-18
u017708,organic,2025-05-07
u017709,organic,2025-05-10
u017710,organic,2025-05-27
u017711,organic,2025-05-02
u017712,organic,2025-05-26
u017713,organic,2025-05-24
u017714,organic,2025-05-19
u017715,organic,2025-05-13
u017716,organic,2025-05-29
u017717,organic,2025-05-31
u017718,organic,2025-05-24
u017719,organic,2025-05-07
u017720,organic,2025-05-02
u017721,organic,2025-05-14
u017722,organic,2025-05-29
u017723,organic,2025-05-26
u017724,organic,2025-05-26
u017725,organic,2025-05-09
u017726,organic,2025-05-08
u017727,organic,2025-05-22
u017728,organic,2025-05-07
u017729,organic,2025-05-24
u017730,organic,2025-05-08
u017731,organic,2025-05-07
u017732,organic,2025-05-02
u017733,organic,2025-05-20
u017734,organic,2025-05-16
u017735,organic,2025-05-27
u017736,organic,2025-05-01
u017737,organic,2025-05-29
u017738,organic,2025-05-10
u017739,organic,2025-05-20
u017740,organic,2025-05-07
u017741,organic,2025-05-20
u017742,organic,2025-05-12
u017743,organic,2025-05-10
u017744,organic,2025-05-13
u017745,organic,2025-05-25
u017746,organic,2025-05-19
u017747,organic,2025-05-20
u017748,organic,2025-05-10
u017749,organic,2025-05-08
u017750,organic,2025-05-28
u017751,organic,2025-05-02
u017752,organic,2025-05-08
u017753,organic,2025-05-25
u017754,organic,2025-05-28
u017755,organic,2025-05-09
u017756,organic,2025-05-22
u017757,organic,2025-05-29
u017758,organic,2025-05-21
u017759,organic,2025-05-04
u017760,organic,2025-05-19
u017761,organic,2025-05-09
u017762,organic,2025-05-02
u017763,organic,2025-05-23
u017764,organic,2025-05-08
u017765,organic,2025-05-08
u017766,organic,2025-05-24
u017767,organic,2025-05-03
u017768,organic,2025-05-12
u017769,organic,2025-05-02
u017770,organic,2025-05-31
u017771,organic,2025-05-10
u017772,organic,2025-05-20
u017773,organic,2025-05-29
u017774,organic,2025-05-25
u017775,organic,2025-05-24
u017776,organic,2025-05-16
u017777,organic,2025-05-17
u017778,organic,2025-05-02
u017779,organic,2025-05-01
u017780,organic,2025-05-27
u017781,organic,2025-05-21
u017782,organic,2025-05-02
u017783,organic,2025-05-17
u017784,organic,2025-05-01
u017785,organic,2025-05-14
u017786,organic,2025-05-24
u017787,organic,2025-05-17
u017788,organic,2025-05-19
u017789,organic,2025-05-08
u017790,organic,2025-05-17
u017791,organic,2025-05-21
u017792,organic,2025-05-05
u017793,organic,2025-05-20
u017794,organic,2025-05-28
u017795,organic,2025-05-29
u017796,organic,2025-05-05
u017797,organic,2025-05-09
u017798,organic,2025-05-15
u017799,organic,2025-05-19
u017800,organic,2025-05-13
u017801,organic,2025-05-12
u017802,organic,2025-05-04
u017803,organic,2025-05-07
u017804,organic,2025-05-05
u017805,organic,2025-05-14
u017806,organic,2025-05-09
u017807,organic,2025-05-29
u017808,organic,2025-05-03
u017809,organic,2025-05-12
u017810,organic,2025-05-07
u017811,organic,2025-05-26
u017812,organic,2025-05-14
u017813,organic,2025-05-31
u017814,organic,2025-05-08
u017815,organic,2025-05-16
u017816,organic,2025-05-11
u017817,organic,2025-05-23
u017818,organic,2025-05-05
u017819,organic,2025-05-04
u017820,organic,2025-05-20
u017821,organic,2025-05-12
u017822,organic,2025-05-15
u017823,organic,2025-05-22
u017824,organic,2025-05-27
u017825,organic,2025-05-23
u017826,organic,2025-05-26
u017827,organic,2025-05-09
u017828,organic,2025-05-31
u017829,organic,2025-05-08
u017830,organic,2025-05-30
u017831,organic,2025-05-13
u017832,organic,2025-05-21
u017833,organic,2025-05-03
u017834,organic,2025-05-08
u017835,organic,2025-05-07
u017836,organic,2025-05-22
u017837,organic,2025-05-19
u017838,organic,2025-05-22
u017839,organic,2025-05-04
u017840,organic,2025-05-28
u017841,organic,2025-05-23
u017842,organic,2025-05-12
u017843,organic,2025-05-24
u017844,organic,2025-05-11
u017845,organic,2025-05-09
u017846,organic,2025-05-17
u017847,organic,2025-05-29
u017848,organic,2025-05-11
u017849,organic,2025-05-26
u017850,organic,2025-05-14
u017851,organic,2025-05-07
u017852,organic,2025-05-01
u017853,organic,2025-05-04
u017854,organic,2025-05-16
u017855,organic,2025-05-24
u017856,organic,2025-05-28
u017857,organic,2025-05-04
u017858,organic,2025-05-11
u017859,organic,2025-05-23
u017860,organic,2025-05-13
u017861,organic,2025-05-16
u017862,organic,2025-05-15
u017863,organic,2025-05-28
u017864,organic,2025-05-06
u017865,organic,2025-05-17
u017866,organic,2025-05-21
u017867,organic,2025-05-23
u017868,organic,2025-05-02
u017869,organic,2025-05-25
u017870,organic,2025-05-26
u017871,organic,2025-05-19
u017872,organic,2025-05-26
u017873,organic,2025-05-05
u017874,organic,2025-05-26
u017875,organic,2025-05-11
u017876,organic,2025-05-29
u017877,organic,2025-05-11
u017878,organic,2025-05-05
u017879,organic,2025-05-15
u017880,organic,2025-05-12
u017881,organic,2025-05-11
u017882,organic,2025-05-09
u017883,organic,2025-05-26
u017884,organic,2025-05-20
u017885,organic,2025-05-10
u017886,organic,2025-05-29
u017887,organic,2025-05-15
u017888,organic,2025-05-30
u017889,organic,2025-05-18
u017890,organic,2025-05-13
u017891,organic,2025-05-19
u017892,organic,2025-05-16
u017893,organic,2025-05-07
u017894,organic,2025-05-15
u017895,organic,2025-05-05
u017896,organic,2025-05-16
u017897,organic,2025-05-28
u017898,organic,2025-05-05
u017899,organic,2025-05-27
u017900,organic,2025-05-04
u017901,organic,2025-05-28
u017902,organic,2025-05-17
u017903,organic,2025-05-17
u017904,organic,2025-05-18
u017905,organic,2025-05-10
u017906,organic,2025-05-01
u017907,organic,2025-05-19
u017908,organic,2025-05-14
u017909,organic,2025-05-28
u017910,organic,2025-05-13
u017911,organic,2025-05-31
u017912,organic,2025-05-23
u017913,organic,2025-05-25
u017914,organic,2025-05-31
u017915,organic,2025-05-01
u017916,organic,2025-05-19
u017917,organic,2025-05-03
u017918,organic,2025-05-27
u017919,organic,2025-05-03
u017920,organic,2025-05-26
u017921,organic,2025-05-22
u017922,organic,2025-05-08
u017923,organic,2025-05-28
u017924,organic,2025-05-05
u017925,organic,2025-05-15
u017926,organic,2025-05-10
u017927,organic,2025-05-10
u017928,organic,2025-05-06
u017929,organic,2025-05-18
u017930,organic,2025-05-19
u017931,organic,2025-05-08
u017932,organic,2025-05-31
u017933,organic,2025-05-24
u017934,organic,2025-05-21
u017935,organic,2025-05-14
u017936,organic,2025-05-22
u017937,organic,2025-05-29
u017938,organic,2025-05-14
u017939,organic,2025-05-13
u017940,organic,2025-05-31
u017941,organic,2025-05-13
u017942,organic,2025-05-02
u017943,organic,2025-05-19
u017944,organic,2025-05-06
u017945,organic,2025-05-15
u017946,organic,2025-05-10
u017947,organic,2025-05-24
u017948,organic,2025-05-06
u017949,organic,2025-05-15
u017950,organic,2025-05-06
u017951,organic,2025-05-29
u017952,organic,2025-05-30
u017953,organic,2025-05-28
u017954,organic,2025-05-03
u017955,organic,2025-05-26
u017956,organic,2025-05-16
u017957,organic,2025-05-10
u017958,organic,2025-05-15
u017959,organic,2025-05-18
u017960,organic,2025-05-28
u017961,organic,2025-05-07
u017962,organic,2025-05-23
u017963,organic,2025-05-25
u017964,organic,2025-05-15
u017965,organic,2025-05-18
u017966,organic,2025-05-12
u017967,organic,2025-05-31
u017968,organic,2025-05-26
u017969,organic,2025-05-14
u017970,organic,2025-05-15
u017971,organic,2025-05-02
u017972,organic,2025-05-28
u017973,organic,2025-05-27
u017974,organic,2025-05-07
u017975,organic,2025-05-16
u017976,organic,2025-05-26
u017977,organic,2025-05-27
u017978,organic,2025-05-13
u017979,organic,2025-05-30
u017980,organic,2025-05-27
u017981,organic,2025-05-19
u017982,organic,2025-05-31
u017983,organic,2025-05-21
u017984,organic,2025-05-25
u017985,organic,2025-05-31
u017986,organic,2025-05-08
u017987,organic,2025-05-22
u017988,organic,2025-05-14
u017989,organic,2025-05-14
u017990,organic,2025-05-22
u017991,organic,2025-05-19
u017992,organic,2025-05-13
u017993,organic,2025-05-15
u017994,organic,2025-05-04
u017995,organic,2025-05-01
u017996,organic,2025-05-12
u017997,organic,2025-05-26
u017998,organic,2025-05-14
u017999,organic,2025-05-24
u018000,organic,2025-05-10
u018001,organic,2025-05-12
u018002,organic,2025-05-17
u018003,organic,2025-05-20
u018004,organic,2025-05-10
u018005,organic,2025-05-22
u018006,organic,2025-05-16
u018007,organic,2025-05-14
u018008,organic,2025-05-21
u018009,organic,2025-05-12
u018010,organic,2025-05-09
u018011,organic,2025-05-01
u018012,organic,2025-05-09
u018013,organic,2025-05-30
u018014,organic,2025-05-24
u018015,organic,2025-05-18
u018016,organic,2025-05-29
u018017,organic,2025-05-12
u018018,organic,2025-05-08
u018019,organic,2025-05-03
u018020,organic,2025-05-24
u018021,organic,2025-05-20
u018022,organic,2025-05-11
u018023,organic,2025-05-30
u018024,organic,2025-05-07
u018025,organic,2025-05-05
u018026,organic,2025-05-08
u018027,organic,2025-05-29
u018028,organic,2025-05-31
u018029,organic,2025-05-29
u018030,organic,2025-05-13
u018031,organic,2025-05-10
u018032,organic,2025-05-14
u018033,organic,2025-05-09
u018034,organic,2025-05-05
u018035,organic,2025-05-04
u018036,organic,2025-05-28
u018037,organic,2025-05-11
u018038,organic,2025-05-15
u018039,organic,2025-05-08
u018040,organic,2025-05-19
u018041,organic,2025-05-09
u018042,organic,2025-05-16
u018043,organic,2025-05-08
u018044,organic,2025-05-20
u018045,organic,2025-05-23
u018046,organic,2025-05-13
u018047,organic,2025-05-11
u018048,organic,2025-05-28
u018049,search,2025-06-10
u018050,search,2025-06-18
u018051,search,2025-06-04
u018052,search,2025-06-15
u018053,search,2025-06-08
u018054,search,2025-06-02
u018055,search,2025-06-15
u018056,search,2025-06-28
u018057,search,2025-06-06
u018058,search,2025-06-24
u018059,search,2025-06-11
u018060,search,2025-06-17
u018061,search,2025-06-18
u018062,search,2025-06-14
u018063,search,2025-06-09
u018064,search,2025-06-15
u018065,search,2025-06-05
u018066,search,2025-06-21
u018067,search,2025-06-17
u018068,search,2025-06-09
u018069,search,2025-06-10
u018070,search,2025-06-23
u018071,search,2025-06-19
u018072,search,2025-06-16
u018073,search,2025-06-30
u018074,search,2025-06-29
u018075,search,2025-06-04
u018076,search,2025-06-13
u018077,search,2025-06-19
u018078,search,2025-06-14
u018079,search,2025-06-25
u018080,search,2025-06-17
u018081,search,2025-06-01
u018082,search,2025-06-12
u018083,search,2025-06-26
u018084,search,2025-06-06
u018085,search,2025-06-10
u018086,search,2025-06-29
u018087,search,2025-06-14
u018088,search,2025-06-13
u018089,search,2025-06-17
u018090,search,2025-06-08
u018091,search,2025-06-24
u018092,search,2025-06-14
u018093,search,2025-06-13
u018094,search,2025-06-01
u018095,search,2025-06-25
u018096,search,2025-06-20
u018097,search,2025-06-06
u018098,search,2025-06-28
u018099,search,2025-06-11
u018100,search,2025-06-01
u018101,search,2025-06-25
u018102,search,2025-06-16
u018103,search,2025-06-29
u018104,search,2025-06-03
u018105,search,2025-06-22
u018106,search,2025-06-02
u018107,search,2025-06-27
u018108,search,2025-06-02
u018109,search,2025-06-03
u018110,search,2025-06-03
u018111,search,2025-06-10
u018112,search,2025-06-03
u018113,search,2025-06-14
u018114,search,2025-06-18
u018115,search,2025-06-12
u018116,search,2025-06-13
u018117,search,2025-06-10
u018118,search,2025-06-25
u018119,search,2025-06-03
u018120,search,2025-06-06
u018121,search,2025-06-03
u018122,search,2025-06-21
u018123,search,2025-06-22
u018124,search,2025-06-21
u018125,search,2025-06-20
u018126,search,2025-06-02
u018127,search,2025-06-04
u018128,search,2025-06-19
u018129,search,2025-06-22
u018130,search,2025-06-27
u018131,search,2025-06-20
u018132,search,2025-06-11
u018133,search,2025-06-12
u018134,search,2025-06-07
u018135,search,2025-06-22
u018136,search,2025-06-14
u018137,search,2025-06-08
u018138,search,2025-06-25
u018139,search,2025-06-12
u018140,search,2025-06-17
u018141,search,2025-06-15
u018142,search,2025-06-28
u018143,search,2025-06-25
u018144,search,2025-06-30
u018145,search,2025-06-06
u018146,search,2025-06-02
u018147,search,2025-06-02
u018148,search,2025-06-01
u018149,search,2025-06-17
u018150,search,2025-06-19
u018151,search,2025-06-18
u018152,search,2025-06-05
u018153,search,2025-06-05
u018154,search,2025-06-10
u018155,search,2025-06-26
u018156,search,2025-06-13
u018157,search,2025-06-17
u018158,search,2025-06-30
u018159,search,2025-06-15
u018160,search,2025-06-01
u018161,search,2025-06-10
u018162,search,2025-06-28
u018163,search,2025-06-28
u018164,search,2025-06-27
u018165,search,2025-06-14
u018166,search,2025-06-07
u018167,search,2025-06-06
u018168,search,2025-06-09
u018169,search,2025-06-26
u018170,search,2025-06-09
u018171,search,2025-06-21
u018172,search,2025-06-04
u018173,search,2025-06-17
u018174,search,2025-06-04
u018175,search,2025-06-28
u018176,search,2025-06-23
u018177,search,2025-06-27
u018178,search,2025-06-11
u018179,search,2025-06-23
u018180,search,2025-06-23
u018181,search,2025-06-18
u018182,search,2025-06-20
u018183,search,2025-06-28
u018184,search,2025-06-17
u018185,search,2025-06-26
u018186,search,2025-06-25
u018187,search,2025-06-25
u018188,search,2025-06-04
u018189,search,2025-06-27
u018190,search,2025-06-21
u018191,search,2025-06-05
u018192,search,2025-06-13
u018193,search,2025-06-06
u018194,search,2025-06-27
u018195,search,2025-06-25
u018196,search,2025-06-08
u018197,search,2025-06-15
u018198,search,2025-06-10
u018199,search,2025-06-18
u018200,search,2025-06-27
u018201,search,2025-06-02
u018202,search,2025-06-27
u018203,search,2025-06-10
u018204,search,2025-06-13
u018205,search,2025-06-05
u018206,search,2025-06-20
u018207,search,2025-06-24
u018208,search,2025-06-25
u018209,search,2025-06-08
u018210,search,2025-06-02
u018211,search,2025-06-09
u018212,search,2025-06-05
u018213,search,2025-06-21
u018214,search,2025-06-28
u018215,search,2025-06-30
u018216,search,2025-06-26
u018217,search,2025-06-13
u018218,search,2025-06-03
u018219,search,2025-06-28
u018220,search,2025-06-06
u018221,search,2025-06-23
u018222,search,2025-06-17
u018223,search,2025-06-08
u018224,search,2025-06-19
u018225,search,2025-06-22
u018226,search,2025-06-27
u018227,search,2025-06-01
u018228,search,2025-06-18
u018229,search,2025-06-11
u018230,search,2025-06-06
u018231,search,2025-06-01
u018232,search,2025-06-03
u018233,search,2025-06-20
u018234,search,2025-06-25
u018235,search,2025-06-23
u018236,search,2025-06-12
u018237,search,2025-06-12
u018238,search,2025-06-20
u018239,search,2025-06-25
u018240,search,2025-06-08
u018241,search,2025-06-24
u018242,search,2025-06-10
u018243,search,2025-06-08
u018244,search,2025-06-22
u018245,search,2025-06-22
u018246,search,2025-06-09
u018247,search,2025-06-09
u018248,search,2025-06-05
u018249,search,2025-06-08
u018250,search,2025-06-10
u018251,search,2025-06-18
u018252,search,2025-06-05
u018253,search,2025-06-15
u018254,search,2025-06-07
u018255,search,2025-06-19
u018256,search,2025-06-24
u018257,search,2025-06-14
u018258,search,2025-06-10
u018259,search,2025-06-29
u018260,search,2025-06-22
u018261,search,2025-06-02
u018262,search,2025-06-26
u018263,search,2025-06-06
u018264,search,2025-06-04
u018265,search,2025-06-06
u018266,search,2025-06-30
u018267,search,2025-06-29
u018268,search,2025-06-21
u018269,search,2025-06-26
u018270,search,2025-06-07
u018271,search,2025-06-01
u018272,search,2025-06-10
u018273,search,2025-06-06
u018274,search,2025-06-05
u018275,search,2025-06-03
u018276,search,2025-06-23
u018277,search,2025-06-06
u018278,search,2025-06-05
u018279,search,2025-06-13
u018280,search,2025-06-21
u018281,search,2025-06-22
u018282,search,2025-06-29
u018283,search,2025-06-07
u018284,search,2025-06-23
u018285,search,2025-06-30
u018286,search,2025-06-09
u018287,search,2025-06-09
u018288,search,2025-06-05
u018289,search,2025-06-12
u018290,search,2025-06-07
u018291,search,2025-06-22
u018292,search,2025-06-20
u018293,search,2025-06-11
u018294,search,2025-06-10
u018295,search,2025-06-14
u018296,search,2025-06-06
u018297,search,2025-06-22
u018298,search,2025-06-24
u018299,search,2025-06-07
u018300,search,2025-06-24
u018301,search,2025-06-06
u018302,search,2025-06-18
u018303,search,2025-06-12
u018304,search,2025-06-07
u018305,search,2025-06-23
u018306,search,2025-06-13
u018307,search,2025-06-23
u018308,search,2025-06-26
u018309,search,2025-06-01
u018310,search,2025-06-07
u018311,search,2025-06-29
u018312,search,2025-06-11
u018313,search,2025-06-11
u018314,search,2025-06-17
u018315,search,2025-06-28
u018316,search,2025-06-07
u018317,search,2025-06-21
u018318,search,2025-06-12
u018319,search,2025-06-03
u018320,search,2025-06-05
u018321,search,2025-06-09
u018322,search,2025-06-02
u018323,search,2025-06-03
u018324,search,2025-06-20
u018325,search,2025-06-22
u018326,search,2025-06-06
u018327,search,2025-06-21
u018328,search,2025-06-01
u018329,search,2025-06-24
u018330,search,2025-06-09
u018331,search,2025-06-04
u018332,search,2025-06-19
u018333,search,2025-06-15
u018334,search,2025-06-15
u018335,search,2025-06-09
u018336,search,2025-06-10
u018337,search,2025-06-23
u018338,search,2025-06-02
u018339,search,2025-06-14
u018340,search,2025-06-08
u018341,search,2025-06-11
u018342,search,2025-06-22
u018343,search,2025-06-20
u018344,search,2025-06-11
u018345,search,2025-06-04
u018346,search,2025-06-28
u018347,search,2025-06-02
u018348,search,2025-06-23
u018349,search,2025-06-06
u018350,search,2025-06-01
u018351,search,2025-06-14
u018352,search,2025-06-29
u018353,search,2025-06-28
u018354,search,2025-06-13
u018355,search,2025-06-17
u018356,search,2025-06-07
u018357,search,2025-06-02
u018358,search,2025-06-03
u018359,search,2025-06-10
u018360,search,2025-06-07
u018361,search,2025-06-08
u018362,search,2025-06-09
u018363,search,2025-06-30
u018364,search,2025-06-06
u018365,search,2025-06-12
u018366,search,2025-06-24
u018367,search,2025-06-26
u018368,search,2025-06-30
u018369,search,2025-06-07
u018370,search,2025-06-24
u018371,search,2025-06-26
u018372,search,2025-06-25
u018373,search,2025-06-14
u018374,search,2025-06-16
u018375,search,2025-06-29
u018376,search,2025-06-28
u018377,search,2025-06-12
u018378,search,2025-06-25
u018379,search,2025-06-05
u018380,search,2025-06-28
u018381,search,2025-06-09
u018382,search,2025-06-16
u018383,search,2025-06-09
u018384,search,2025-06-17
u018385,search,2025-06-25
u018386,search,2025-06-12
u018387,search,2025-06-29
u018388,search,2025-06-03
u018389,search,2025-06-30
u018390,search,2025-06-29
u018391,search,2025-06-13
u018392,search,2025-06-16
u018393,search,2025-06-17
u018394,search,2025-06-30
u018395,search,2025-06-19
u018396,search,2025-06-20
u018397,search,2025-06-18
u018398,search,2025-06-11
u018399,search,2025-06-25
u018400,search,2025-06-02
u018401,search,2025-06-16
u018402,search,2025-06-29
u018403,search,2025-06-22
u018404,search,2025-06-11
u018405,search,2025-06-18
u018406,search,2025-06-07
u018407,search,2025-06-25
u018408,search,2025-06-01
u018409,search,2025-06-16
u018410,search,2025-06-19
u018411,search,2025-06-08
u018412,search,2025-06-29
u018413,search,2025-06-06
u018414,search,2025-06-30
u018415,search,2025-06-11
u018416,search,2025-06-01
u018417,search,2025-06-01
u018418,search,2025-06-16
u018419,search,2025-06-12
u018420,search,2025-06-23
u018421,search,2025-06-08
u018422,search,2025-06-20
u018423,search,2025-06-13
u018424,search,2025-06-12
u018425,search,2025-06-09
u018426,search,2025-06-14
u018427,search,2025-06-02
u018428,search,2025-06-04
u018429,search,2025-06-04
u018430,search,2025-06-23
u018431,search,2025-06-02
u018432,search,2025-06-26
u018433,search,2025-06-12
u018434,search,2025-06-22
u018435,search,2025-06-08
u018436,search,2025-06-17
u018437,search,2025-06-28
u018438,search,2025-06-16
u018439,search,2025-06-30
u018440,search,2025-06-01
u018441,search,2025-06-07
u018442,search,2025-06-04
u018443,search,2025-06-22
u018444,search,2025-06-13
u018445,search,2025-06-30
u018446,search,2025-06-04
u018447,search,2025-06-20
u018448,search,2025-06-09
u018449,search,2025-06-10
u018450,search,2025-06-10
u018451,search,2025-06-17
u018452,search,2025-06-09
u018453,search,2025-06-17
u018454,search,2025-06-18
u018455,search,2025-06-29
u018456,search,2025-06-28
u018457,search,2025-06-14
u018458,search,2025-06-11
u018459,search,2025-06-27
u018460,search,2025-06-22
u018461,search,2025-06-28
u018462,search,2025-06-27
u018463,search,2025-06-14
u018464,search,2025-06-01
u018465,search,2025-06-27
u018466,search,2025-06-13
u018467,search,2025-06-13
u018468,search,2025-06-14
u018469,search,2025-06-26
u018470,search,2025-06-09
u018471,search,2025-06-23
u018472,search,2025-06-03
u018473,search,2025-06-06
u018474,search,2025-06-16
u018475,search,2025-06-14
u018476,search,2025-06-29
u018477,search,2025-06-26
u018478,search,2025-06-26
u018479,search,2025-06-24
u018480,search,2025-06-25
u018481,search,2025-06-18
u018482,search,2025-06-09
u018483,search,2025-06-08
u018484,search,2025-06-10
u018485,search,2025-06-30
u018486,search,2025-06-10
u018487,search,2025-06-01
u018488,search,2025-06-26
u018489,search,2025-06-12
u018490,search,2025-06-07
u018491,search,2025-06-30
u018492,search,2025-06-25
u018493,search,2025-06-27
u018494,search,2025-06-07
u018495,search,2025-06-22
u018496,search,2025-06-17
u018497,search,2025-06-11
u018498,search,2025-06-05
u018499,search,2025-06-08
u018500,search,2025-06-03
u018501,search,2025-06-10
u018502,search,2025-06-29
u018503,search,2025-06-01
u018504,search,2025-06-24
u018505,search,2025-06-25
u018506,search,2025-06-22
u018507,search,2025-06-27
u018508,search,2025-06-06
u018509,search,2025-06-03
u018510,search,2025-06-16
u018511,search,2025-06-06
u018512,search,2025-06-28
u018513,search,2025-06-05
u018514,search,2025-06-06
u018515,search,2025-06-06
u018516,search,2025-06-23
u018517,search,2025-06-10
u018518,search,2025-06-18
u018519,search,2025-06-14
u018520,search,2025-06-11
u018521,search,2025-06-03
u018522,search,2025-06-25
u018523,search,2025-06-03
u018524,search,2025-06-21
u018525,search,2025-06-22
u018526,search,2025-06-15
u018527,search,2025-06-04
u018528,search,2025-06-03
u018529,display,2025-06-25
u018530,display,2025-06-03
u018531,display,2025-06-08
u018532,display,2025-06-08
u018533,display,2025-06-06
u018534,display,2025-06-22
u018535,display,2025-06-26
u018536,display,2025-06-16
u018537,display,2025-06-09
u018538,display,2025-06-02
u018539,display,2025-06-15
u018540,display,2025-06-07
u018541,display,2025-06-29
u018542,display,2025-06-27
u018543,display,2025-06-15
u018544,display,2025-06-18
u018545,display,2025-06-15
u018546,display,2025-06-02
u018547,display,2025-06-25
u018548,display,2025-06-28
u018549,display,2025-06-29
u018550,display,2025-06-08
u018551,display,2025-06-18
u018552,display,2025-06-14
u018553,display,2025-06-03
u018554,display,2025-06-30
u018555,display,2025-06-03
u018556,display,2025-06-24
u018557,display,2025-06-28
u018558,display,2025-06-28
u018559,display,2025-06-15
u018560,display,2025-06-27
u018561,display,2025-06-05
u018562,display,2025-06-07
u018563,display,2025-06-15
u018564,display,2025-06-24
u018565,display,2025-06-18
u018566,display,2025-06-06
u018567,display,2025-06-17
u018568,display,2025-06-09
u018569,display,2025-06-13
u018570,display,2025-06-15
u018571,display,2025-06-16
u018572,display,2025-06-24
u018573,display,2025-06-21
u018574,display,2025-06-26
u018575,display,2025-06-24
u018576,display,2025-06-24
u018577,display,2025-06-04
u018578,display,2025-06-02
u018579,display,2025-06-19
u018580,display,2025-06-21
u018581,display,2025-06-20
u018582,display,2025-06-03
u018583,display,2025-06-28
u018584,display,2025-06-11
u018585,display,2025-06-25
u018586,display,2025-06-28
u018587,display,2025-06-21
u018588,display,2025-06-12
u018589,display,2025-06-23
u018590,display,2025-06-25
u018591,display,2025-06-01
u018592,display,2025-06-04
u018593,display,2025-06-09
u018594,display,2025-06-22
u018595,display,2025-06-25
u018596,display,2025-06-20
u018597,display,2025-06-20
u018598,display,2025-06-08
u018599,display,2025-06-21
u018600,display,2025-06-14
u018601,display,2025-06-07
u018602,display,2025-06-18
u018603,display,2025-06-05
u018604,display,2025-06-23
u018605,display,2025-06-15
u018606,display,2025-06-19
u018607,display,2025-06-08
u018608,display,2025-06-11
u018609,display,2025-06-09
u018610,display,2025-06-11
u018611,display,2025-06-26
u018612,display,2025-06-12
u018613,display,2025-06-18
u018614,display,2025-06-26
u018615,display,2025-06-14
u018616,display,2025-06-04
u018617,display,2025-06-13
u018618,display,2025-06-03
u018619,display,2025-06-15
u018620,display,2025-06-20
u018621,display,2025-06-20
u018622,display,2025-06-24
u018623,display,2025-06-13
u018624,display,2025-06-27
u018625,display,2025-06-23
u018626,display,2025-06-19
u018627,display,2025-06-14
u018628,display,2025-06-08
u018629,display,2025-06-16
u018630,display,2025-06-12
u018631,display,2025-06-11
u018632,display,2025-06-06
u018633,display,2025-06-20
u018634,display,2025-06-17
u018635,display,2025-06-05
u018636,display,2025-06-08
u018637,display,2025-06-17
u018638,display,2025-06-27
u018639,display,2025-06-21
u018640,display,2025-06-04
u018641,display,2025-06-18
u018642,display,2025-06-14
u018643,display,2025-06-09
u018644,display,2025-06-08
u018645,display,2025-06-01
u018646,display,2025-06-23
u018647,display,2025-06-11
u018648,display,2025-06-19
u018649,display,2025-06-16
u018650,display,2025-06-12
u018651,display,2025-06-04
u018652,display,2025-06-01
u018653,display,2025-06-11
u018654,display,2025-06-22
u018655,display,2025-06-30
u018656,display,2025-06-08
u018657,display,2025-06-30
u018658,display,2025-06-13
u018659,display,2025-06-12
u018660,display,2025-06-17
u018661,display,2025-06-19
u018662,display,2025-06-04
u018663,display,2025-06-14
u018664,display,2025-06-10
u018665,display,2025-06-16
u018666,display,2025-06-27
u018667,display,2025-06-17
u018668,display,2025-06-01
u018669,display,2025-06-12
u018670,display,2025-06-03
u018671,display,2025-06-06
u018672,display,2025-06-28
u018673,display,2025-06-27
u018674,display,2025-06-07
u018675,display,2025-06-04
u018676,display,2025-06-30
u018677,display,2025-06-16
u018678,display,2025-06-12
u018679,display,2025-06-22
u018680,display,2025-06-03
u018681,display,2025-06-25
u018682,display,2025-06-12
u018683,display,2025-06-06
u018684,display,2025-06-01
u018685,display,2025-06-12
u018686,display,2025-06-17
u018687,display,2025-06-13
u018688,display,2025-06-19
u018689,display,2025-06-23
u018690,display,2025-06-21
u018691,display,2025-06-21
u018692,display,2025-06-02
u018693,display,2025-06-02
u018694,display,2025-06-03
u018695,display,2025-06-20
u018696,display,2025-06-06
u018697,display,2025-06-10
u018698,display,2025-06-17
u018699,display,2025-06-08
u018700,display,2025-06-21
u018701,display,2025-06-22
u018702,display,2025-06-13
u018703,display,2025-06-06
u018704,display,2025-06-03
u018705,display,2025-06-08
u018706,display,2025-06-12
u018707,display,2025-06-21
u018708,display,2025-06-02
u018709,display,2025-06-05
u018710,display,2025-06-22
u018711,display,2025-06-14
u018712,display,2025-06-29
u018713,display,2025-06-27
u018714,display,2025-06-19
u018715,display,2025-06-13
u018716,display,2025-06-27
u018717,display,2025-06-08
u018718,display,2025-06-01
u018719,display,2025-06-02
u018720,display,2025-06-26
u018721,display,2025-06-05
u018722,display,2025-06-13
u018723,display,2025-06-30
u018724,display,2025-06-08
u018725,display,2025-06-02
u018726,display,2025-06-06
u018727,display,2025-06-12
u018728,display,2025-06-13
u018729,display,2025-06-05
u018730,display,2025-06-16
u018731,display,2025-06-20
u018732,display,2025-06-07
u018733,display,2025-06-29
u018734,display,2025-06-11
u018735,display,2025-06-26
u018736,display,2025-06-26
u018737,display,2025-06-12
u018738,display,2025-06-12
u018739,display,2025-06-17
u018740,display,2025-06-08
u018741,display,2025-06-03
u018742,display,2025-06-08
u018743,display,2025-06-03
u018744,display,2025-06-01
u018745,display,2025-06-08
u018746,display,2025-06-18
u018747,display,2025-06-05
u018748,display,2025-06-24
u018749,display,2025-06-07
u018750,display,2025-06-10
u018751,display,2025-06-16
u018752,display,2025-06-05
u018753,display,2025-06-25
u018754,display,2025-06-24
u018755,display,2025-06-09
u018756,display,2025-06-27
u018757,display,2025-06-21
u018758,display,2025-06-25
u018759,display,2025-06-17
u018760,display,2025-06-06
u018761,display,2025-06-14
u018762,display,2025-06-26
u018763,display,2025-06-09
u018764,display,2025-06-08
u018765,display,2025-06-15
u018766,display,2025-06-22
u018767,display,2025-06-02
u018768,display,2025-06-11
u018769,retargeting,2025-06-08
u018770,retargeting,2025-06-05
u018771,retargeting,2025-06-26
u018772,retargeting,2025-06-18
u018773,retargeting,2025-06-17
u018774,retargeting,2025-06-03
u018775,retargeting,2025-06-26
u018776,retargeting,2025-06-22
u018777,retargeting,2025-06-06
u018778,retargeting,2025-06-30
u018779,retargeting,2025-06-20
u018780,retargeting,2025-06-25
u018781,retargeting,2025-06-17
u018782,retargeting,2025-06-11
u018783,retargeting,2025-06-16
u018784,retargeting,2025-06-29
u018785,retargeting,2025-06-30
u018786,retargeting,2025-06-28
u018787,retargeting,2025-06-28
u018788,retargeting,2025-06-27
u018789,retargeting,2025-06-19
u018790,retargeting,2025-06-28
u018791,retargeting,2025-06-28
u018792,retargeting,2025-06-25
u018793,retargeting,2025-06-11
u018794,retargeting,2025-06-12
u018795,retargeting,2025-06-15
u018796,retargeting,2025-06-11
u018797,retargeting,2025-06-17
u018798,retargeting,2025-06-17
u018799,retargeting,2025-06-14
u018800,retargeting,2025-06-14
u018801,retargeting,2025-06-14
u018802,retargeting,2025-06-18
u018803,retargeting,2025-06-17
u018804,retargeting,2025-06-29
u018805,retargeting,2025-06-05
u018806,retargeting,2025-06-20
u018807,retargeting,2025-06-17
u018808,retargeting,2025-06-27
u018809,retargeting,2025-06-22
u018810,retargeting,2025-06-30
u018811,retargeting,2025-06-30
u018812,retargeting,2025-06-16
u018813,retargeting,2025-06-22
u018814,retargeting,2025-06-29
u018815,retargeting,2025-06-14
u018816,retargeting,2025-06-09
u018817,retargeting,2025-06-30
u018818,retargeting,2025-06-09
u018819,retargeting,2025-06-27
u018820,retargeting,2025-06-22
u018821,retargeting,2025-06-06
u018822,retargeting,2025-06-25
u018823,retargeting,2025-06-21
u018824,retargeting,2025-06-17
u018825,retargeting,2025-06-18
u018826,retargeting,2025-06-02
u018827,retargeting,2025-06-16
u018828,retargeting,2025-06-04
u018829,retargeting,2025-06-04
u018830,retargeting,2025-06-04
u018831,retargeting,2025-06-29
u018832,retargeting,2025-06-16
u018833,retargeting,2025-06-14
u018834,retargeting,2025-06-02
u018835,retargeting,2025-06-19
u018836,retargeting,2025-06-24
u018837,retargeting,2025-06-19
u018838,retargeting,2025-06-17
u018839,retargeting,2025-06-08
u018840,retargeting,2025-06-20
u018841,retargeting,2025-06-03
u018842,retargeting,2025-06-22
u018843,retargeting,2025-06-28
u018844,retargeting,2025-06-30
u018845,retargeting,2025-06-11
u018846,retargeting,2025-06-15
u018847,retargeting,2025-06-14
u018848,retargeting,2025-06-17
u018849,retargeting,2025-06-07
u018850,retargeting,2025-06-27
u018851,retargeting,2025-06-23
u018852,retargeting,2025-06-30
u018853,retargeting,2025-06-14
u018854,retargeting,2025-06-29
u018855,retargeting,2025-06-26
u018856,retargeting,2025-06-03
u018857,retargeting,2025-06-22
u018858,retargeting,2025-06-05
u018859,retargeting,2025-06-30
u018860,retargeting,2025-06-14
u018861,retargeting,2025-06-03
u018862,retargeting,2025-06-10
u018863,retargeting,2025-06-16
u018864,retargeting,2025-06-17
u018865,retargeting,2025-06-16
u018866,retargeting,2025-06-08
u018867,retargeting,2025-06-10
u018868,retargeting,2025-06-03
u018869,retargeting,2025-06-18
u018870,retargeting,2025-06-11
u018871,retargeting,2025-06-07
u018872,retargeting,2025-06-29
u018873,retargeting,2025-06-12
u018874,retargeting,2025-06-28
u018875,retargeting,2025-06-25
u018876,retargeting,2025-06-05
u018877,retargeting,2025-06-14
u018878,retargeting,2025-06-20
u018879,retargeting,2025-06-17
u018880,retargeting,2025-06-27
u018881,retargeting,2025-06-21
u018882,retargeting,2025-06-09
u018883,retargeting,2025-06-06
u018884,retargeting,2025-06-09
u018885,retargeting,2025-06-23
u018886,retargeting,2025-06-26
u018887,retargeting,2025-06-07
u018888,retargeting,2025-06-26
u018889,brand,2025-06-22
u018890,brand,2025-06-25
u018891,brand,2025-06-04
u018892,brand,2025-06-13
u018893,brand,2025-06-30
u018894,brand,2025-06-07
u018895,brand,2025-06-25
u018896,brand,2025-06-14
u018897,brand,2025-06-05
u018898,brand,2025-06-17
u018899,brand,2025-06-20
u018900,brand,2025-06-23
u018901,brand,2025-06-21
u018902,brand,2025-06-03
u018903,brand,2025-06-15
u018904,brand,2025-06-09
u018905,brand,2025-06-25
u018906,brand,2025-06-10
u018907,brand,2025-06-13
u018908,brand,2025-06-12
u018909,brand,2025-06-22
u018910,brand,2025-06-06
u018911,brand,2025-06-21
u018912,brand,2025-06-07
u018913,brand,2025-06-22
u018914,brand,2025-06-02
u018915,brand,2025-06-21
u018916,brand,2025-06-10
u018917,brand,2025-06-27
u018918,brand,2025-06-28
u018919,brand,2025-06-15
u018920,brand,2025-06-07
u018921,brand,2025-06-12
u018922,brand,2025-06-22
u018923,brand,2025-06-30
u018924,brand,2025-06-20
u018925,brand,2025-06-08
u018926,brand,2025-06-03
u018927,brand,2025-06-08
u018928,brand,2025-06-25
u018929,brand,2025-06-30
u018930,brand,2025-06-04
u018931,brand,2025-06-13
u018932,brand,2025-06-17
u018933,brand,2025-06-05
u018934,brand,2025-06-07
u018935,brand,2025-06-29
u018936,brand,2025-06-29
u018937,brand,2025-06-05
u018938,brand,2025-06-28
u018939,brand,2025-06-20
u018940,brand,2025-06-18
u018941,brand,2025-06-30
u018942,brand,2025-06-25
u018943,brand,2025-06-09
u018944,brand,2025-06-28
u018945,brand,2025-06-17
u018946,brand,2025-06-02
u018947,brand,2025-06-25
u018948,brand,2025-06-20
u018949,brand,2025-06-22
u018950,brand,2025-06-29
u018951,brand,2025-06-09
u018952,brand,2025-06-14
u018953,brand,2025-06-04
u018954,brand,2025-06-03
u018955,brand,2025-06-28
u018956,brand,2025-06-25
u018957,brand,2025-06-28
u018958,brand,2025-06-07
u018959,brand,2025-06-17
u018960,brand,2025-06-20
u018961,brand,2025-06-28
u018962,brand,2025-06-25
u018963,brand,2025-06-21
u018964,brand,2025-06-12
u018965,brand,2025-06-21
u018966,brand,2025-06-01
u018967,brand,2025-06-24
u018968,brand,2025-06-13
u018969,brand,2025-06-12
u018970,brand,2025-06-14
u018971,brand,2025-06-20
u018972,brand,2025-06-04
u018973,brand,2025-06-26
u018974,brand,2025-06-28
u018975,brand,2025-06-24
u018976,brand,2025-06-26
u018977,brand,2025-06-20
u018978,brand,2025-06-19
u018979,brand,2025-06-15
u018980,brand,2025-06-08
u018981,brand,2025-06-06
u018982,brand,2025-06-24
u018983,brand,2025-06-11
u018984,brand,2025-06-13
u018985,brand,2025-06-22
u018986,brand,2025-06-26
u018987,brand,2025-06-26
u018988,brand,2025-06-15
u018989,brand,2025-06-08
u018990,brand,2025-06-29
u018991,brand,2025-06-18
u018992,brand,2025-06-15
u018993,brand,2025-06-16
u018994,brand,2025-06-10
u018995,brand,2025-06-02
u018996,brand,2025-06-12
u018997,brand,2025-06-30
u018998,brand,2025-06-19
u018999,brand,2025-06-11
u019000,brand,2025-06-27
u019001,brand,2025-06-19
u019002,brand,2025-06-14
u019003,brand,2025-06-30
u019004,brand,2025-06-10
u019005,brand,2025-06-21
u019006,brand,2025-06-13
u019007,brand,2025-06-02
u019008,brand,2025-06-30
u019009,brand,2025-06-28
u019010,brand,2025-06-29
u019011,brand,2025-06-07
u019012,brand,2025-06-26
u019013,brand,2025-06-12
u019014,brand,2025-06-22
u019015,brand,2025-06-12
u019016,brand,2025-06-18
u019017,brand,2025-06-06
u019018,brand,2025-06-05
u019019,brand,2025-06-11
u019020,brand,2025-06-11
u019021,brand,2025-06-03
u019022,brand,2025-06-30
u019023,brand,2025-06-06
u019024,brand,2025-06-17
u019025,brand,2025-06-20
u019026,brand,2025-06-01
u019027,brand,2025-06-24
u019028,brand,2025-06-01
u019029,brand,2025-06-21
u019030,brand,2025-06-01
u019031,brand,2025-06-08
u019032,brand,2025-06-15
u019033,brand,2025-06-17
u019034,brand,2025-06-04
u019035,brand,2025-06-08
u019036,brand,2025-06-10
u019037,brand,2025-06-04
u019038,brand,2025-06-24
u019039,brand,2025-06-08
u019040,brand,2025-06-03
u019041,brand,2025-06-19
u019042,brand,2025-06-30
u019043,brand,2025-06-30
u019044,brand,2025-06-26
u019045,brand,2025-06-01
u019046,brand,2025-06-02
u019047,brand,2025-06-29
u019048,brand,2025-06-13
u019049,brand,2025-06-09
u019050,brand,2025-06-03
u019051,brand,2025-06-22
u019052,brand,2025-06-05
u019053,brand,2025-06-14
u019054,brand,2025-06-28
u019055,brand,2025-06-30
u019056,brand,2025-06-25
u019057,brand,2025-06-11
u019058,brand,2025-06-20
u019059,brand,2025-06-15
u019060,brand,2025-06-25
u019061,brand,2025-06-17
u019062,brand,2025-06-04
u019063,brand,2025-06-21
u019064,brand,2025-06-11
u019065,brand,2025-06-22
u019066,brand,2025-06-17
u019067,brand,2025-06-02
u019068,brand,2025-06-11
u019069,brand,2025-06-23
u019070,brand,2025-06-16
u019071,brand,2025-06-21
u019072,brand,2025-06-15
u019073,brand,2025-06-09
u019074,brand,2025-06-13
u019075,brand,2025-06-18
u019076,brand,2025-06-11
u019077,brand,2025-06-17
u019078,brand,2025-06-14
u019079,brand,2025-06-12
u019080,brand,2025-06-16
u019081,brand,2025-06-04
u019082,brand,2025-06-07
u019083,brand,2025-06-30
u019084,brand,2025-06-21
u019085,brand,2025-06-28
u019086,brand,2025-06-20
u019087,brand,2025-06-18
u019088,brand,2025-06-17
u019089,brand,2025-06-25
u019090,brand,2025-06-24
u019091,brand,2025-06-04
u019092,brand,2025-06-18
u019093,brand,2025-06-15
u019094,brand,2025-06-28
u019095,brand,2025-06-13
u019096,brand,2025-06-07
u019097,brand,2025-06-06
u019098,brand,2025-06-04
u019099,brand,2025-06-08
u019100,brand,2025-06-14
u019101,brand,2025-06-08
u019102,brand,2025-06-23
u019103,brand,2025-06-20
u019104,brand,2025-06-23
u019105,brand,2025-06-03
u019106,brand,2025-06-01
u019107,brand,2025-06-08
u019108,brand,2025-06-27
u019109,brand,2025-06-11
u019110,brand,2025-06-15
u019111,brand,2025-06-20
u019112,brand,2025-06-12
u019113,brand,2025-06-03
u019114,brand,2025-06-05
u019115,brand,2025-06-25
u019116,brand,2025-06-27
u019117,brand,2025-06-18
u019118,brand,2025-06-09
u019119,brand,2025-06-01
u019120,brand,2025-06-11
u019121,brand,2025-06-27
u019122,brand,2025-06-10
u019123,brand,2025-06-20
u019124,brand,2025-06-25
u019125,brand,2025-06-01
u019126,brand,2025-06-19
u019127,brand,2025-06-05
u019128,brand,2025-06-02
u019129,brand,2025-06-13
u019130,brand,2025-06-09
u019131,brand,2025-06-04
u019132,brand,2025-06-10
u019133,brand,2025-06-26
u019134,brand,2025-06-19
u019135,brand,2025-06-30
u019136,brand,2025-06-29
u019137,brand,2025-06-22
u019138,brand,2025-06-09
u019139,brand,2025-06-16
u019140,brand,2025-06-30
u019141,brand,2025-06-03
u019142,brand,2025-06-01
u019143,brand,2025-06-06
u019144,brand,2025-06-09
u019145,brand,2025-06-11
u019146,brand,2025-06-03
u019147,brand,2025-06-19
u019148,brand,2025-06-09
u019149,brand,2025-06-23
u019150,brand,2025-06-21
u019151,brand,2025-06-07
u019152,brand,2025-06-14
u019153,brand,2025-06-04
u019154,brand,2025-06-18
u019155,brand,2025-06-05
u019156,brand,2025-06-18
u019157,brand,2025-06-23
u019158,brand,2025-06-04
u019159,brand,2025-06-12
u019160,brand,2025-06-28
u019161,brand,2025-06-22
u019162,brand,2025-06-29
u019163,brand,2025-06-13
u019164,brand,2025-06-16
u019165,brand,2025-06-22
u019166,brand,2025-06-22
u019167,brand,2025-06-19
u019168,brand,2025-06-22
u019169,brand,2025-06-10
u019170,brand,2025-06-11
u019171,brand,2025-06-27
u019172,brand,2025-06-29
u019173,brand,2025-06-02
u019174,brand,2025-06-10
u019175,brand,2025-06-03
u019176,brand,2025-06-29
u019177,brand,2025-06-10
u019178,brand,2025-06-12
u019179,brand,2025-06-16
u019180,brand,2025-06-08
u019181,brand,2025-06-19
u019182,brand,2025-06-27
u019183,brand,2025-06-30
u019184,brand,2025-06-24
u019185,brand,2025-06-24
u019186,brand,2025-06-22
u019187,brand,2025-06-04
u019188,brand,2025-06-17
u019189,brand,2025-06-20
u019190,brand,2025-06-24
u019191,brand,2025-06-29
u019192,brand,2025-06-25
u019193,brand,2025-06-26
u019194,brand,2025-06-11
u019195,brand,2025-06-21
u019196,brand,2025-06-23
u019197,brand,2025-06-05
u019198,brand,2025-06-23
u019199,brand,2025-06-18
u019200,brand,2025-06-01
u019201,brand,2025-06-06
u019202,brand,2025-06-18
u019203,brand,2025-06-26
u019204,brand,2025-06-13
u019205,brand,2025-06-16
u019206,brand,2025-06-15
u019207,brand,2025-06-03
u019208,brand,2025-06-26
u019209,brand,2025-06-06
u019210,brand,2025-06-09
u019211,brand,2025-06-28
u019212,brand,2025-06-02
u019213,brand,2025-06-09
u019214,brand,2025-06-14
u019215,brand,2025-06-30
u019216,brand,2025-06-10
u019217,brand,2025-06-09
u019218,brand,2025-06-14
u019219,brand,2025-06-26
u019220,brand,2025-06-08
u019221,brand,2025-06-01
u019222,brand,2025-06-29
u019223,brand,2025-06-07
u019224,brand,2025-06-28
u019225,brand,2025-06-12
u019226,brand,2025-06-13
u019227,brand,2025-06-30
u019228,brand,2025-06-20
u019229,brand,2025-06-29
u019230,brand,2025-06-08
u019231,brand,2025-06-04
u019232,brand,2025-06-02
u019233,brand,2025-06-10
u019234,brand,2025-06-03
u019235,brand,2025-06-22
u019236,brand,2025-06-18
u019237,brand,2025-06-07
u019238,brand,2025-06-06
u019239,brand,2025-06-04
u019240,brand,2025-06-20
u019241,brand,2025-06-09
u019242,brand,2025-06-06
u019243,brand,2025-06-14
u019244,brand,2025-06-24
u019245,brand,2025-06-19
u019246,brand,2025-06-10
u019247,brand,2025-06-07
u019248,brand,2025-06-23
u019249,organic,2025-06-25
u019250,organic,2025-06-13
u019251,organic,2025-06-19
u019252,organic,2025-06-01
u019253,organic,2025-06-21
u019254,organic,2025-06-05
u019255,organic,2025-06-21
u019256,organic,2025-06-07
u019257,organic,2025-06-12
u019258,organic,2025-06-08
u019259,organic,2025-06-15
u019260,organic,2025-06-06
u019261,organic,2025-06-03
u019262,organic,2025-06-29
u019263,organic,2025-06-14
u019264,organic,2025-06-13
u019265,organic,2025-06-07
u019266,organic,2025-06-22
u019267,organic,2025-06-02
u019268,organic,2025-06-22
u019269,organic,2025-06-05
u019270,organic,2025-06-10
u019271,organic,2025-06-06
u019272,organic,2025-06-27
u019273,organic,2025-06-20
u019274,organic,2025-06-17
u019275,organic,2025-06-05
u019276,organic,2025-06-11
u019277,organic,2025-06-13
u019278,organic,2025-06-23
u019279,organic,2025-06-21
u019280,organic,2025-06-10
u019281,organic,2025-06-01
u019282,organic,2025-06-20
u019283,organic,2025-06-25
u019284,organic,2025-06-01
u019285,organic,2025-06-20
u019286,organic,2025-06-03
u019287,organic,2025-06-29
u019288,organic,2025-06-22
u019289,organic,2025-06-14
u019290,organic,2025-06-10
u019291,organic,2025-06-03
u019292,organic,2025-06-19
u019293,organic,2025-06-09
u019294,organic,2025-06-15
u019295,organic,2025-06-12
u019296,organic,2025-06-21
u019297,organic,2025-06-28
u019298,organic,2025-06-08
u019299,organic,2025-06-23
u019300,organic,2025-06-21
u019301,organic,2025-06-20
u019302,organic,2025-06-18
u019303,organic,2025-06-11
u019304,organic,2025-06-17
u019305,organic,2025-06-21
u019306,organic,2025-06-09
u019307,organic,2025-06-08
u019308,organic,2025-06-18
u019309,organic,2025-06-15
u019310,organic,2025-06-09
u019311,organic,2025-06-13
u019312,organic,2025-06-09
u019313,organic,2025-06-18
u019314,organic,2025-06-29
u019315,organic,2025-06-24
u019316,organic,2025-06-06
u019317,organic,2025-06-29
u019318,organic,2025-06-15
u019319,organic,2025-06-21
u019320,organic,2025-06-14
u019321,organic,2025-06-24
u019322,organic,2025-06-13
u019323,organic,2025-06-25
u019324,organic,2025-06-07
u019325,organic,2025-06-10
u019326,organic,2025-06-28
u019327,organic,2025-06-29
u019328,organic,2025-06-16
u019329,organic,2025-06-26
u019330,organic,2025-06-07
u019331,organic,2025-06-27
u019332,organic,2025-06-01
u019333,organic,2025-06-27
u019334,organic,2025-06-14
u019335,organic,2025-06-07
u019336,organic,2025-06-13
u019337,organic,2025-06-06
u019338,organic,2025-06-02
u019339,organic,2025-06-15
u019340,organic,2025-06-18
u019341,organic,2025-06-14
u019342,organic,2025-06-10
u019343,organic,2025-06-10
u019344,organic,2025-06-08
u019345,organic,2025-06-02
u019346,organic,2025-06-03
u019347,organic,2025-06-12
u019348,organic,2025-06-19
u019349,organic,2025-06-09
u019350,organic,2025-06-03
u019351,organic,2025-06-09
u019352,organic,2025-06-16
u019353,organic,2025-06-12
u019354,organic,2025-06-10
u019355,organic,2025-06-30
u019356,organic,2025-06-23
u019357,organic,2025-06-17
u019358,organic,2025-06-01
u019359,organic,2025-06-14
u019360,organic,2025-06-11
u019361,organic,2025-06-04
u019362,organic,2025-06-03
u019363,organic,2025-06-29
u019364,organic,2025-06-29
u019365,organic,2025-06-20
u019366,organic,2025-06-22
u019367,organic,2025-06-13
u019368,organic,2025-06-08
u019369,organic,2025-06-26
u019370,organic,2025-06-05
u019371,organic,2025-06-28
u019372,organic,2025-06-26
u019373,organic,2025-06-21
u019374,organic,2025-06-11
u019375,organic,2025-06-06
u019376,organic,2025-06-13
u019377,organic,2025-06-27
u019378,organic,2025-06-20
u019379,organic,2025-06-11
u019380,organic,2025-06-22
u019381,organic,2025-06-21
u019382,organic,2025-06-18
u019383,organic,2025-06-23
u019384,organic,2025-06-03
u019385,organic,2025-06-28
u019386,organic,2025-06-01
u019387,organic,2025-06-15
u019388,organic,2025-06-22
u019389,organic,2025-06-19
u019390,organic,2025-06-24
u019391,organic,2025-06-20
u019392,organic,2025-06-27
u019393,organic,2025-06-19
u019394,organic,2025-06-04
u019395,organic,2025-06-03
u019396,organic,2025-06-11
u019397,organic,2025-06-06
u019398,organic,2025-06-16
u019399,organic,2025-06-18
u019400,organic,2025-06-13
u019401,organic,2025-06-19
u019402,organic,2025-06-06
u019403,organic,2025-06-05
u019404,organic,2025-06-16
u019405,organic,2025-06-10
u019406,organic,2025-06-08
u019407,organic,2025-06-27
u019408,organic,2025-06-05
u019409,organic,2025-06-02
u019410,organic,2025-06-05
u019411,organic,2025-06-07
u019412,organic,2025-06-28
u019413,organic,2025-06-10
u019414,organic,2025-06-30
u019415,organic,2025-06-28
u019416,organic,2025-06-04
u019417,organic,2025-06-05
u019418,organic,2025-06-07
u019419,organic,2025-06-18
u019420,organic,2025-06-20
u019421,organic,2025-06-09
u019422,organic,2025-06-17
u019423,organic,2025-06-01
u019424,organic,2025-06-15
u019425,organic,2025-06-06
u019426,organic,2025-06-26
u019427,organic,2025-06-23
u019428,organic,2025-06-13
u019429,organic,2025-06-11
u019430,organic,2025-06-03
u019431,organic,2025-06-24
u019432,organic,2025-06-26
u019433,organic,2025-06-13
u019434,organic,2025-06-02
u019435,organic,2025-06-03
u019436,organic,2025-06-23
u019437,organic,2025-06-25
u019438,organic,2025-06-28
u019439,organic,2025-06-21
u019440,organic,2025-06-01
u019441,organic,2025-06-25
u019442,organic,2025-06-03
u019443,organic,2025-06-24
u019444,organic,2025-06-25
u019445,organic,2025-06-29
u019446,organic,2025-06-24
u019447,organic,2025-06-12
u019448,organic,2025-06-30
u019449,organic,2025-06-28
u019450,organic,2025-06-06
u019451,organic,2025-06-18
u019452,organic,2025-06-26
u019453,organic,2025-06-10
u019454,organic,2025-06-25
u019455,organic,2025-06-20
u019456,organic,2025-06-03
u019457,organic,2025-06-26
u019458,organic,2025-06-02
u019459,organic,2025-06-15
u019460,organic,2025-06-11
u019461,organic,2025-06-07
u019462,organic,2025-06-15
u019463,organic,2025-06-04
u019464,organic,2025-06-05
u019465,organic,2025-06-08
u019466,organic,2025-06-10
u019467,organic,2025-06-27
u019468,organic,2025-06-07
u019469,organic,2025-06-15
u019470,organic,2025-06-03
u019471,organic,2025-06-04
u019472,organic,2025-06-24
u019473,organic,2025-06-08
u019474,organic,2025-06-18
u019475,organic,2025-06-15
u019476,organic,2025-06-12
u019477,organic,2025-06-27
u019478,organic,2025-06-02
u019479,organic,2025-06-06
u019480,organic,2025-06-22
u019481,organic,2025-06-07
u019482,organic,2025-06-16
u019483,organic,2025-06-07
u019484,organic,2025-06-08
u019485,organic,2025-06-07
u019486,organic,2025-06-30
u019487,organic,2025-06-23
u019488,organic,2025-06-23
u019489,organic,2025-06-20
u019490,organic,2025-06-15
u019491,organic,2025-06-17
u019492,organic,2025-06-17
u019493,organic,2025-06-25
u019494,organic,2025-06-16
u019495,organic,2025-06-20
u019496,organic,2025-06-09
u019497,organic,2025-06-25
u019498,organic,2025-06-08
u019499,organic,2025-06-12
u019500,organic,2025-06-24
u019501,organic,2025-06-03
u019502,organic,2025-06-07
u019503,organic,2025-06-05
u019504,organic,2025-06-28
u019505,organic,2025-06-14
u019506,organic,2025-06-18
u019507,organic,2025-06-21
u019508,organic,2025-06-21
u019509,organic,2025-06-01
u019510,organic,2025-06-14
u019511,organic,2025-06-01
u019512,organic,2025-06-28
u019513,organic,2025-06-14
u019514,organic,2025-06-07
u019515,organic,2025-06-26
u019516,organic,2025-06-03
u019517,organic,2025-06-01
u019518,organic,2025-06-18
u019519,organic,2025-06-17
u019520,organic,2025-06-09
u019521,organic,2025-06-10
u019522,organic,2025-06-20
u019523,organic,2025-06-04
u019524,organic,2025-06-09
u019525,organic,2025-06-02
u019526,organic,2025-06-27
u019527,organic,2025-06-30
u019528,organic,2025-06-09
u019529,organic,2025-06-24
u019530,organic,2025-06-10
u019531,organic,2025-06-15
u019532,organic,2025-06-07
u019533,organic,2025-06-08
u019534,organic,2025-06-13
u019535,organic,2025-06-28
u019536,organic,2025-06-24
u019537,organic,2025-06-16
u019538,organic,2025-06-06
u019539,organic,2025-06-05
u019540,organic,2025-06-10
u019541,organic,2025-06-13
u019542,organic,2025-06-11
u019543,organic,2025-06-01
u019544,organic,2025-06-20
u019545,organic,2025-06-16
u019546,organic,2025-06-11
u019547,organic,2025-06-03
u019548,organic,2025-06-09
u019549,organic,2025-06-03
u019550,organic,2025-06-25
u019551,organic,2025-06-13
u019552,organic,2025-06-10
u019553,organic,2025-06-30
u019554,organic,2025-06-20
u019555,organic,2025-06-27
u019556,organic,2025-06-02
u019557,organic,2025-06-20
u019558,organic,2025-06-13
u019559,organic,2025-06-20
u019560,organic,2025-06-04
u019561,organic,2025-06-12
u019562,organic,2025-06-29
u019563,organic,2025-06-03
u019564,organic,2025-06-16
u019565,organic,2025-06-11
u019566,organic,2025-06-22
u019567,organic,2025-06-16
u019568,organic,2025-06-08
u019569,organic,2025-06-06
u019570,organic,2025-06-24
u019571,organic,2025-06-01
u019572,organic,2025-06-15
u019573,organic,2025-06-26
u019574,organic,2025-06-14
u019575,organic,2025-06-30
u019576,organic,2025-06-28
u019577,organic,2025-06-01
u019578,organic,2025-06-23
u019579,organic,2025-06-05
u019580,organic,2025-06-17
u019581,organic,2025-06-10
u019582,organic,2025-06-28
u019583,organic,2025-06-14
u019584,organic,2025-06-21
u019585,organic,2025-06-19
u019586,organic,2025-06-16
u019587,organic,2025-06-02
u019588,organic,2025-06-03
u019589,organic,2025-06-02
u019590,organic,2025-06-02
u019591,organic,2025-06-25
u019592,organic,2025-06-11
u019593,organic,2025-06-26
u019594,organic,2025-06-01
u019595,organic,2025-06-17
u019596,organic,2025-06-12
u019597,organic,2025-06-03
u019598,organic,2025-06-01
u019599,organic,2025-06-25
u019600,organic,2025-06-15
u019601,organic,2025-06-29
u019602,organic,2025-06-11
u019603,organic,2025-06-01
u019604,organic,2025-06-24
u019605,organic,2025-06-08
u019606,organic,2025-06-03
u019607,organic,2025-06-06
u019608,organic,2025-06-23
u019609,organic,2025-06-25
u019610,organic,2025-06-27
u019611,organic,2025-06-27
u019612,organic,2025-06-02
u019613,organic,2025-06-24
u019614,organic,2025-06-30
u019615,organic,2025-06-02
u019616,organic,2025-06-20
u019617,organic,2025-06-07
u019618,organic,2025-06-16
u019619,organic,2025-06-22
u019620,organic,2025-06-04
u019621,organic,2025-06-10
u019622,organic,2025-06-15
u019623,organic,2025-06-22
u019624,organic,2025-06-20
u019625,organic,2025-06-18
u019626,organic,2025-06-22
u019627,organic,2025-06-06
u019628,organic,2025-06-17
u019629,organic,2025-06-08
u019630,organic,2025-06-06
u019631,organic,2025-06-10
u019632,organic,2025-06-30
u019633,organic,2025-06-06
u019634,organic,2025-06-27
u019635,organic,2025-06-07
u019636,organic,2025-06-20
u019637,organic,2025-06-09
u019638,organic,2025-06-12
u019639,organic,2025-06-29
u019640,organic,2025-06-17
u019641,organic,2025-06-20
u019642,organic,2025-06-17
u019643,organic,2025-06-19
u019644,organic,2025-06-17
u019645,organic,2025-06-25
u019646,organic,2025-06-19
u019647,organic,2025-06-17
u019648,organic,2025-06-11
u019649,organic,2025-06-02
u019650,organic,2025-06-07
u019651,organic,2025-06-29
u019652,organic,2025-06-15
u019653,organic,2025-06-22
u019654,organic,2025-06-06
u019655,organic,2025-06-18
u019656,organic,2025-06-05
u019657,organic,2025-06-12
u019658,organic,2025-06-07
u019659,organic,2025-06-21
u019660,organic,2025-06-29
u019661,organic,2025-06-05
u019662,organic,2025-06-13
u019663,organic,2025-06-06
u019664,organic,2025-06-14
u019665,organic,2025-06-11
u019666,organic,2025-06-02
u019667,organic,2025-06-17
u019668,organic,2025-06-13
