order_number,order_charged_date,product_id,sales_amount_krw
GPA.3473-2940-6316-10023,2025-01-01,monthly_basic,4900
GPA.4592-1953-7554-10053,2025-01-02,monthly_basic,4900
GPA.7136-4072-6031-10032,2025-01-02,monthly_basic,4900
GPA.9603-9106-3123-10049,2025-01-02,monthly_basic,4900
GPA.5376-7591-3453-10048,2025-01-03,monthly_plus,9900
GPA.7301-6170-6711-10003,2025-01-03,monthly_basic,4900
GPA.7964-6890-4949-10001,2025-01-03,monthly_basic,4900
GPA.9793-9429-4929-10047,2025-01-03,monthly_basic,4900
GPA.5631-7386-6312-10022,2025-01-04,monthly_basic,4900
GPA.8297-8956-6707-10044,2025-01-04,monthly_basic,4900
GPA.1977-3688-4915-10007,2025-01-05,monthly_basic,4900
GPA.9369-7010-8855-10050,2025-01-05,monthly_basic,4900
GPA.9269-2355-3756-10018,2025-01-06,monthly_basic,4900
GPA.8889-3245-7930-10054,2025-01-07,monthly_basic,4900
GPA.2113-6971-1982-10009,2025-01-08,monthly_basic,4900
GPA.6032-7877-9721-10004,2025-01-08,monthly_basic,4900
GPA.3106-3271-2218-10030,2025-01-09,monthly_basic,4900
GPA.6283-6871-6549-10016,2025-01-09,monthly_basic,4900
GPA.6317-5884-2262-10006,2025-01-09,monthly_basic,4900
GPA.2296-7347-7776-10017,2025-01-11,monthly_basic,4900
GPA.8079-6215-4369-10043,2025-01-11,monthly_plus,9900
GPA.9607-4426-8246-10041,2025-01-12,monthly_basic,4900
GPA.5428-1861-5088-10013,2025-01-13,monthly_basic,4900
GPA.9024-1759-7650-10008,2025-01-13,monthly_plus,9900
GPA.9377-6413-4347-10039,2025-01-14,monthly_basic,4900
GPA.9381-8599-3979-10019,2025-01-14,monthly_basic,4900
GPA.9538-7549-7874-10012,2025-01-15,monthly_basic,4900
GPA.6456-7612-8970-10055,2025-01-16,monthly_plus,9900
GPA.8170-7623-8874-10010,2025-01-16,monthly_basic,4900
GPA.3725-6938-6923-10033,2025-01-17,monthly_basic,4900
GPA.5870-3711-4764-10015,2025-01-17,monthly_basic,4900
GPA.6011-5089-9713-10026,2025-01-17,monthly_basic,4900
GPA.1347-9368-3021-10052,2025-01-18,monthly_basic,4900
GPA.4079-3382-9363-10040,2025-01-18,monthly_plus,9900
GPA.6639-3871-4132-10029,2025-01-18,monthly_basic,4900
GPA.7275-9461-4933-10002,2025-01-18,monthly_basic,4900
GPA.7341-5407-4984-10035,2025-01-18,monthly_basic,4900
GPA.7451-9906-6228-10005,2025-01-18,monthly_basic,4900
GPA.4320-1983-9383-10021,2025-01-19,monthly_basic,4900
GPA.7760-3219-9217-10034,2025-01-19,monthly_plus,9900
GPA.6916-4554-2439-10028,2025-01-20,monthly_plus,9900
GPA.3812-8768-7148-10025,2025-01-21,monthly_plus,9900
GPA.4810-4549-5909-10038,2025-01-21,monthly_basic,4900
GPA.1391-2646-7171-10011,2025-01-23,monthly_basic,4900
GPA.3116-7738-7429-10037,2025-01-23,monthly_basic,4900
GPA.3694-9860-5095-10024,2025-01-23,monthly_basic,4900
GPA.4879-8840-6106-10045,2025-01-23,monthly_basic,4900
GPA.8379-6452-9819-10014,2025-01-23,monthly_plus,9900
GPA.2206-8661-6168-10031,2025-01-25,monthly_basic,4900
GPA.3828-6147-6139-10051,2025-01-25,monthly_basic,4900
GPA.5004-4451-5641-10046,2025-01-25,monthly_basic,4900
GPA.6153-9074-1819-10027,2025-01-25,monthly_basic,4900
GPA.8623-4531-1935-10042,2025-01-26,monthly_basic,4900
GPA.9861-7852-6857-10020,2025-01-26,monthly_basic,4900
GPA.2037-4510-5054-10036,2025-01-28,monthly_plus,9900
GPA.3419-3516-4831-10064,2025-02-01,monthly_basic,4900
GPA.3473-2940-6316-10023..1,2025-02-01,monthly_basic,4900
GPA.5011-7130-3581-10118,2025-02-01,monthly_plus,9900
GPA.5659-9035-9088-10088,2025-02-01,monthly_basic,4900
GPA.5664-9566-5582-10062,2025-02-01,monthly_basic,4900
GPA.9699-6499-6803-10115,2025-02-01,monthly_basic,4900
GPA.4592-1953-7554-10053..1,2025-02-02,monthly_basic,4900
GPA.7136-4072-6031-10032..1,2025-02-02,monthly_basic,4900
GPA.7853-2690-1423-10113,2025-02-02,monthly_basic,4900
GPA.9603-9106-3123-10049..1,2025-02-02,monthly_basic,4900
GPA.9846-9828-7633-10065,2025-02-02,monthly_basic,4900
GPA.5376-7591-3453-10048..1,2025-02-03,monthly_plus,9900
GPA.6295-6898-5011-10071,2025-02-03,monthly_basic,4900
GPA.7301-6170-6711-10003..1,2025-02-03,monthly_basic,4900
GPA.7964-6890-4949-10001..1,2025-02-03,monthly_basic,4900
GPA.9793-9429-4929-10047..1,2025-02-03,monthly_basic,4900
GPA.1628-6965-4410-10070,2025-02-04,monthly_basic,4900
GPA.5631-7386-6312-10022..1,2025-02-04,monthly_basic,4900
GPA.7848-5191-3808-10102,2025-02-04,monthly_basic,4900
GPA.1977-3688-4915-10007..1,2025-02-05,monthly_basic,4900
GPA.2008-2754-1386-10106,2025-02-05,monthly_plus,9900
GPA.3566-5280-8440-10083,2025-02-05,monthly_basic,4900
GPA.5414-1284-1916-10084,2025-02-05,monthly_basic,4900
GPA.9369-7010-8855-10050..1,2025-02-05,monthly_basic,4900
GPA.9678-9453-7542-10103,2025-02-05,monthly_basic,4900
GPA.2115-5214-3901-10078,2025-02-06,monthly_basic,4900
GPA.2289-1770-1032-10104,2025-02-06,monthly_plus,9900
GPA.5747-2144-4870-10059,2025-02-06,monthly_basic,4900
GPA.1985-4114-5351-10105,2025-02-07,monthly_basic,4900
GPA.3605-7836-2377-10058,2025-02-07,monthly_basic,4900
GPA.4334-6289-8972-10092,2025-02-07,monthly_plus,9900
GPA.5980-2115-9571-10067,2025-02-07,monthly_basic,4900
GPA.8491-7685-7937-10057,2025-02-07,monthly_basic,4900
GPA.8889-3245-7930-10054..1,2025-02-07,monthly_basic,4900
GPA.2113-6971-1982-10009..1,2025-02-08,monthly_basic,4900
GPA.6032-7877-9721-10004..1,2025-02-08,monthly_basic,4900
GPA.8947-8756-3862-10110,2025-02-08,monthly_basic,4900
GPA.3106-3271-2218-10030..1,2025-02-09,monthly_basic,4900
GPA.6283-6871-6549-10016..1,2025-02-09,monthly_basic,4900
GPA.6317-5884-2262-10006..1,2025-02-09,monthly_basic,4900
GPA.8736-2248-3200-10099,2025-02-09,monthly_basic,4900
GPA.1148-1981-6793-10082,2025-02-10,monthly_basic,4900
GPA.3383-5159-4851-10076,2025-02-10,monthly_basic,4900
GPA.4763-4466-9820-10068,2025-02-10,monthly_basic,4900
GPA.7251-7710-1593-10086,2025-02-10,monthly_basic,4900
GPA.8079-6215-4369-10043..1,2025-02-11,monthly_plus,9900
GPA.8438-1708-4529-10074,2025-02-11,monthly_plus,9900
GPA.2074-3470-2297-10093,2025-02-12,monthly_basic,4900
GPA.3762-2247-7623-10075,2025-02-12,monthly_basic,4900
GPA.9607-4426-8246-10041..1,2025-02-12,monthly_basic,4900
GPA.9739-4534-8653-10069,2025-02-12,monthly_basic,4900
GPA.5428-1861-5088-10013..1,2025-02-13,monthly_basic,4900
GPA.9024-1759-7650-10008..1,2025-02-13,monthly_plus,9900
GPA.6348-1843-7989-10096,2025-02-14,monthly_plus,9900
GPA.9377-6413-4347-10039..1,2025-02-14,monthly_basic,4900
GPA.9381-8599-3979-10019..1,2025-02-14,monthly_basic,4900
GPA.1075-9370-7572-10066,2025-02-15,monthly_basic,4900
GPA.2449-5274-4286-10095,2025-02-15,monthly_basic,4900
GPA.3318-7228-1386-10101,2025-02-15,monthly_basic,4900
GPA.5969-6547-6752-10081,2025-02-15,monthly_basic,4900
GPA.6356-9739-3318-10077,2025-02-15,monthly_plus,9900
GPA.9538-7549-7874-10012..1,2025-02-15,monthly_basic,4900
GPA.1915-2685-4161-10109,2025-02-16,monthly_basic,4900
GPA.6456-7612-8970-10055..1,2025-02-16,monthly_plus,9900
GPA.8170-7623-8874-10010..1,2025-02-16,monthly_basic,4900
GPA.3725-6938-6923-10033..1,2025-02-17,monthly_basic,4900
GPA.5691-3542-7898-10091,2025-02-17,monthly_basic,4900
GPA.5870-3711-4764-10015..1,2025-02-17,monthly_basic,4900
GPA.6011-5089-9713-10026..1,2025-02-17,monthly_basic,4900
GPA.8434-7839-9926-10085,2025-02-17,monthly_basic,4900
GPA.9219-9383-2442-10097,2025-02-17,monthly_basic,4900
GPA.4079-3382-9363-10040..1,2025-02-18,monthly_plus,9900
GPA.4364-3384-1751-10100,2025-02-18,monthly_basic,4900
GPA.6103-6648-7345-10116,2025-02-18,monthly_basic,4900
GPA.6639-3871-4132-10029..1,2025-02-18,monthly_basic,4900
GPA.7275-9461-4933-10002..1,2025-02-18,monthly_basic,4900
GPA.7341-5407-4984-10035..1,2025-02-18,monthly_basic,4900
GPA.4320-1983-9383-10021..1,2025-02-19,monthly_basic,4900
GPA.5549-5006-1797-10089,2025-02-19,monthly_basic,4900
GPA.7509-1907-8099-10112,2025-02-19,monthly_plus,9900
GPA.7760-3219-9217-10034..1,2025-02-19,monthly_plus,9900
GPA.1943-4169-5337-10061,2025-02-20,monthly_plus,9900
GPA.4959-5698-9448-10056,2025-02-20,monthly_basic,4900
GPA.6916-4554-2439-10028..1,2025-02-20,monthly_plus,9900
GPA.8910-2244-4573-10111,2025-02-20,monthly_basic,4900
GPA.3812-8768-7148-10025..1,2025-02-21,monthly_plus,9900
GPA.4810-4549-5909-10038..1,2025-02-21,monthly_basic,4900
GPA.1391-2646-7171-10011..1,2025-02-23,monthly_basic,4900
GPA.3116-7738-7429-10037..1,2025-02-23,monthly_basic,4900
GPA.3593-4503-3711-10114,2025-02-23,monthly_basic,4900
GPA.3694-9860-5095-10024..1,2025-02-23,monthly_basic,4900
GPA.4443-1646-5066-10060,2025-02-23,monthly_basic,4900
GPA.4879-8840-6106-10045..1,2025-02-23,monthly_basic,4900
GPA.8379-6452-9819-10014..1,2025-02-23,monthly_plus,9900
GPA.8116-4733-2271-10098,2025-02-24,monthly_basic,4900
GPA.9611-7998-1910-10079,2025-02-24,monthly_basic,4900
GPA.1195-5215-5569-10087,2025-02-25,monthly_plus,9900
GPA.1728-7510-8505-10072,2025-02-25,monthly_basic,4900
GPA.2206-8661-6168-10031..1,2025-02-25,monthly_basic,4900
GPA.3054-9988-2263-10117,2025-02-25,monthly_basic,4900
GPA.3828-6147-6139-10051..1,2025-02-25,monthly_basic,4900
GPA.5004-4451-5641-10046..1,2025-02-25,monthly_basic,4900
GPA.5312-5369-1575-10108,2025-02-25,monthly_basic,4900
GPA.6153-9074-1819-10027..1,2025-02-25,monthly_basic,4900
GPA.7264-4330-7805-10107,2025-02-25,monthly_basic,4900
GPA.9861-7852-6857-10020..1,2025-02-26,monthly_basic,4900
GPA.7420-5851-6204-10090,2025-02-27,monthly_basic,4900
GPA.1855-7235-6795-10063,2025-02-28,monthly_plus,9900
GPA.2037-4510-5054-10036..1,2025-02-28,monthly_plus,9900
GPA.3475-3630-2746-10073,2025-02-28,monthly_basic,4900
GPA.5746-9384-8952-10080,2025-02-28,monthly_basic,4900
GPA.7597-1795-4527-10094,2025-02-28,monthly_plus,9900
GPA.3419-3516-4831-10064..1,2025-03-01,monthly_basic,4900
GPA.3473-2940-6316-10023..2,2025-03-01,monthly_basic,4900
GPA.5011-7130-3581-10118..1,2025-03-01,monthly_plus,9900
GPA.5659-9035-9088-10088..1,2025-03-01,monthly_basic,4900
GPA.5664-9566-5582-10062..1,2025-03-01,monthly_basic,4900
GPA.8080-4853-2229-10161,2025-03-01,monthly_basic,4900
GPA.9699-6499-6803-10115..1,2025-03-01,monthly_basic,4900
GPA.1832-5313-6895-10175,2025-03-02,monthly_basic,4900
GPA.4592-1953-7554-10053..2,2025-03-02,monthly_basic,4900
GPA.7136-4072-6031-10032..2,2025-03-02,monthly_basic,4900
GPA.7853-2690-1423-10113..1,2025-03-02,monthly_basic,4900
GPA.9603-9106-3123-10049..2,2025-03-02,monthly_basic,4900
GPA.9846-9828-7633-10065..1,2025-03-02,monthly_basic,4900
GPA.1453-6925-2312-10171,2025-03-03,monthly_basic,4900
GPA.1674-5253-8332-10159,2025-03-03,monthly_basic,4900
GPA.5376-7591-3453-10048..2,2025-03-03,monthly_plus,9900
GPA.5496-7339-6564-10124,2025-03-03,monthly_basic,4900
GPA.6295-6898-5011-10071..1,2025-03-03,monthly_basic,4900
GPA.6576-1160-2121-10143,2025-03-03,monthly_basic,4900
GPA.7301-6170-6711-10003..2,2025-03-03,monthly_basic,4900
GPA.7964-6890-4949-10001..2,2025-03-03,monthly_basic,4900
GPA.9386-4103-4022-10130,2025-03-03,monthly_basic,4900
GPA.9793-9429-4929-10047..2,2025-03-03,monthly_basic,4900
GPA.1628-6965-4410-10070..1,2025-03-04,monthly_basic,4900
GPA.2814-4199-4062-10162,2025-03-04,monthly_basic,4900
GPA.5631-7386-6312-10022..2,2025-03-04,monthly_basic,4900
GPA.5890-2680-6119-10146,2025-03-04,monthly_plus,9900
GPA.7848-5191-3808-10102..1,2025-03-04,monthly_basic,4900
GPA.1977-3688-4915-10007..2,2025-03-05,monthly_basic,4900
GPA.2008-2754-1386-10106..1,2025-03-05,monthly_plus,9900
GPA.2620-3696-9369-10170,2025-03-05,monthly_plus,9900
GPA.2715-7459-1957-10153,2025-03-05,monthly_basic,4900
GPA.2897-9723-6995-10148,2025-03-05,monthly_plus,9900
GPA.3566-5280-8440-10083..1,2025-03-05,monthly_basic,4900
GPA.5414-1284-1916-10084..1,2025-03-05,monthly_basic,4900
GPA.9369-7010-8855-10050..2,2025-03-05,monthly_basic,4900
GPA.9678-9453-7542-10103..1,2025-03-05,monthly_basic,4900
GPA.2115-5214-3901-10078..1,2025-03-06,monthly_basic,4900
GPA.2260-4335-8585-10127,2025-03-06,monthly_plus,9900
GPA.2289-1770-1032-10104..1,2025-03-06,monthly_plus,9900
GPA.5747-2144-4870-10059..1,2025-03-06,monthly_basic,4900
GPA.5838-5038-7700-10138,2025-03-06,monthly_basic,4900
GPA.1985-4114-5351-10105..1,2025-03-07,monthly_basic,4900
GPA.3131-4503-3450-10120,2025-03-07,monthly_basic,4900
GPA.3605-7836-2377-10058..1,2025-03-07,monthly_basic,4900
GPA.4334-6289-8972-10092..1,2025-03-07,monthly_plus,9900
GPA.5980-2115-9571-10067..1,2025-03-07,monthly_basic,4900
GPA.8491-7685-7937-10057..1,2025-03-07,monthly_basic,4900
GPA.1374-4217-4481-10168,2025-03-08,monthly_basic,4900
GPA.2113-6971-1982-10009..2,2025-03-08,monthly_basic,4900
GPA.4197-9122-6442-10141,2025-03-08,monthly_plus,9900
GPA.5559-6595-3208-10119,2025-03-08,monthly_basic,4900
GPA.6032-7877-9721-10004..2,2025-03-08,monthly_basic,4900
GPA.8947-8756-3862-10110..1,2025-03-08,monthly_basic,4900
GPA.9225-4047-2963-10166,2025-03-08,monthly_basic,4900
GPA.3106-3271-2218-10030..2,2025-03-09,monthly_basic,4900
GPA.3129-5615-2874-10165,2025-03-09,monthly_basic,4900
GPA.6283-6871-6549-10016..2,2025-03-09,monthly_basic,4900
GPA.6317-5884-2262-10006..2,2025-03-09,monthly_basic,4900
GPA.8736-2248-3200-10099..1,2025-03-09,monthly_basic,4900
GPA.9821-2740-4744-10132,2025-03-09,monthly_basic,4900
GPA.1148-1981-6793-10082..1,2025-03-10,monthly_basic,4900
GPA.1787-5212-7584-10184,2025-03-10,monthly_plus,9900
GPA.3383-5159-4851-10076..1,2025-03-10,monthly_basic,4900
GPA.4763-4466-9820-10068..1,2025-03-10,monthly_basic,4900
GPA.7251-7710-1593-10086..1,2025-03-10,monthly_basic,4900
GPA.8776-1144-5263-10154,2025-03-10,monthly_plus,9900
GPA.6101-1159-3030-10157,2025-03-11,monthly_basic,4900
GPA.6194-5038-3183-10174,2025-03-11,monthly_plus,9900
GPA.8079-6215-4369-10043..2,2025-03-11,monthly_plus,9900
GPA.8438-1708-4529-10074..1,2025-03-11,monthly_plus,9900
GPA.3762-2247-7623-10075..1,2025-03-12,monthly_basic,4900
GPA.9607-4426-8246-10041..2,2025-03-12,monthly_basic,4900
GPA.9617-3535-4417-10177,2025-03-12,monthly_basic,4900
GPA.9739-4534-8653-10069..1,2025-03-12,monthly_basic,4900
GPA.1587-8050-8376-10142,2025-03-13,monthly_plus,9900
GPA.1889-7212-8073-10136,2025-03-13,monthly_basic,4900
GPA.5428-1861-5088-10013..2,2025-03-13,monthly_basic,4900
GPA.6053-1986-9140-10147,2025-03-13,monthly_basic,4900
GPA.7016-1857-8619-10131,2025-03-13,monthly_basic,4900
GPA.8870-3362-6506-10156,2025-03-13,monthly_basic,4900
GPA.9024-1759-7650-10008..2,2025-03-13,monthly_plus,9900
GPA.1368-5668-8250-10135,2025-03-14,monthly_basic,4900
GPA.6348-1843-7989-10096..1,2025-03-14,monthly_plus,9900
GPA.9377-6413-4347-10039..2,2025-03-14,monthly_basic,4900
GPA.9381-8599-3979-10019..2,2025-03-14,monthly_basic,4900
GPA.9914-4830-7548-10121,2025-03-14,monthly_plus,9900
GPA.1075-9370-7572-10066..1,2025-03-15,monthly_basic,4900
GPA.1611-1417-8032-10167,2025-03-15,monthly_basic,4900
GPA.1856-9188-6868-10129,2025-03-15,monthly_basic,4900
GPA.2449-5274-4286-10095..1,2025-03-15,monthly_basic,4900
GPA.3318-7228-1386-10101..1,2025-03-15,monthly_basic,4900
GPA.5969-6547-6752-10081..1,2025-03-15,monthly_basic,4900
GPA.6356-9739-3318-10077..1,2025-03-15,monthly_plus,9900
GPA.7081-2388-7714-10151,2025-03-15,monthly_basic,4900
GPA.8715-5332-5515-10150,2025-03-15,monthly_plus,9900
GPA.9538-7549-7874-10012..2,2025-03-15,monthly_basic,4900
GPA.1915-2685-4161-10109..1,2025-03-16,monthly_basic,4900
GPA.6456-7612-8970-10055..2,2025-03-16,monthly_plus,9900
GPA.8170-7623-8874-10010..2,2025-03-16,monthly_basic,4900
GPA.8564-2237-8908-10125,2025-03-16,monthly_plus,9900
GPA.3725-6938-6923-10033..2,2025-03-17,monthly_basic,4900
GPA.5691-3542-7898-10091..1,2025-03-17,monthly_basic,4900
GPA.5870-3711-4764-10015..2,2025-03-17,monthly_basic,4900
GPA.6011-5089-9713-10026..2,2025-03-17,monthly_basic,4900
GPA.8434-7839-9926-10085..1,2025-03-17,monthly_basic,4900
GPA.9219-9383-2442-10097..1,2025-03-17,monthly_basic,4900
GPA.4079-3382-9363-10040..2,2025-03-18,monthly_plus,9900
GPA.4364-3384-1751-10100..1,2025-03-18,monthly_basic,4900
GPA.6103-6648-7345-10116..1,2025-03-18,monthly_basic,4900
GPA.6639-3871-4132-10029..2,2025-03-18,monthly_basic,4900
GPA.7076-1205-8895-10169,2025-03-18,monthly_basic,4900
GPA.7275-9461-4933-10002..2,2025-03-18,monthly_basic,4900
GPA.7341-5407-4984-10035..2,2025-03-18,monthly_basic,4900
GPA.8557-9320-9547-10128,2025-03-18,monthly_basic,4900
GPA.9065-1440-4233-10145,2025-03-18,monthly_basic,4900
GPA.4320-1983-9383-10021..2,2025-03-19,monthly_basic,4900
GPA.5549-5006-1797-10089..1,2025-03-19,monthly_basic,4900
GPA.6946-3981-3168-10122,2025-03-19,monthly_basic,4900
GPA.7509-1907-8099-10112..1,2025-03-19,monthly_plus,9900
GPA.7689-2101-2488-10173,2025-03-19,monthly_basic,4900
GPA.7760-3219-9217-10034..2,2025-03-19,monthly_plus,9900
GPA.9391-9312-9554-10181,2025-03-19,monthly_basic,4900
GPA.1863-1367-5650-10180,2025-03-20,monthly_plus,9900
GPA.1943-4169-5337-10061..1,2025-03-20,monthly_plus,9900
GPA.4366-7590-6737-10126,2025-03-20,monthly_plus,9900
GPA.4959-5698-9448-10056..1,2025-03-20,monthly_basic,4900
GPA.6916-4554-2439-10028..2,2025-03-20,monthly_plus,9900
GPA.3108-4831-7511-10144,2025-03-21,monthly_plus,9900
GPA.3812-8768-7148-10025..2,2025-03-21,monthly_plus,9900
GPA.4810-4549-5909-10038..2,2025-03-21,monthly_basic,4900
GPA.7210-1294-5221-10139,2025-03-21,monthly_basic,4900
GPA.8934-3985-6768-10172,2025-03-21,monthly_basic,4900
GPA.2318-4093-6255-10178,2025-03-22,monthly_basic,4900
GPA.2971-8704-1814-10149,2025-03-22,monthly_plus,9900
GPA.4704-4436-9862-10176,2025-03-22,monthly_basic,4900
GPA.9349-6684-1996-10182,2025-03-22,monthly_plus,9900
GPA.1391-2646-7171-10011..2,2025-03-23,monthly_basic,4900
GPA.3116-7738-7429-10037..2,2025-03-23,monthly_basic,4900
GPA.3279-3655-7427-10137,2025-03-23,monthly_basic,4900
GPA.3456-4679-2191-10155,2025-03-23,monthly_plus,9900
GPA.3573-1151-5018-10158,2025-03-23,monthly_plus,9900
GPA.3593-4503-3711-10114..1,2025-03-23,monthly_basic,4900
GPA.3694-9860-5095-10024..2,2025-03-23,monthly_basic,4900
GPA.4879-8840-6106-10045..2,2025-03-23,monthly_basic,4900
GPA.8379-6452-9819-10014..2,2025-03-23,monthly_plus,9900
GPA.4676-8543-2610-10160,2025-03-24,monthly_basic,4900
GPA.5167-2700-1244-10123,2025-03-24,monthly_basic,4900
GPA.7516-7334-4277-10152,2025-03-24,monthly_basic,4900
GPA.7710-7882-6172-10134,2025-03-24,monthly_plus,9900
GPA.8116-4733-2271-10098..1,2025-03-24,monthly_basic,4900
GPA.9611-7998-1910-10079..1,2025-03-24,monthly_basic,4900
GPA.1195-5215-5569-10087..1,2025-03-25,monthly_plus,9900
GPA.1728-7510-8505-10072..1,2025-03-25,monthly_basic,4900
GPA.2206-8661-6168-10031..2,2025-03-25,monthly_basic,4900
GPA.3054-9988-2263-10117..1,2025-03-25,monthly_basic,4900
GPA.3828-6147-6139-10051..2,2025-03-25,monthly_basic,4900
GPA.5004-4451-5641-10046..2,2025-03-25,monthly_basic,4900
GPA.5312-5369-1575-10108..1,2025-03-25,monthly_basic,4900
GPA.6153-9074-1819-10027..2,2025-03-25,monthly_basic,4900
GPA.6216-9631-7558-10140,2025-03-25,monthly_basic,4900
GPA.8543-3910-5143-10183,2025-03-25,monthly_basic,4900
GPA.9861-7852-6857-10020..2,2025-03-26,monthly_basic,4900
GPA.2663-3637-3795-10133,2025-03-27,monthly_basic,4900
GPA.4506-8899-9824-10164,2025-03-27,monthly_plus,9900
GPA.5332-8959-4844-10179,2025-03-27,monthly_basic,4900
GPA.7420-5851-6204-10090..1,2025-03-27,monthly_basic,4900
GPA.1855-7235-6795-10063..1,2025-03-28,monthly_plus,9900
GPA.2037-4510-5054-10036..2,2025-03-28,monthly_plus,9900
GPA.3475-3630-2746-10073..1,2025-03-28,monthly_basic,4900
GPA.5746-9384-8952-10080..1,2025-03-28,monthly_basic,4900
GPA.7597-1795-4527-10094..1,2025-03-28,monthly_plus,9900
GPA.8608-6276-9282-10163,2025-03-28,monthly_basic,4900
GPA.3395-3772-5379-10204,2025-04-01,monthly_plus,9900
GPA.3419-3516-4831-10064..2,2025-04-01,monthly_plus,9900
GPA.3473-2940-6316-10023..3,2025-04-01,monthly_basic,4900
GPA.5659-9035-9088-10088..2,2025-04-01,monthly_basic,4900
GPA.5664-9566-5582-10062..2,2025-04-01,monthly_basic,4900
GPA.8080-4853-2229-10161..1,2025-04-01,monthly_basic,4900
GPA.8372-1232-1624-10212,2025-04-01,monthly_basic,4900
GPA.9699-6499-6803-10115..2,2025-04-01,monthly_basic,4900
GPA.1832-5313-6895-10175..1,2025-04-02,monthly_basic,4900
GPA.3598-1310-7562-10205,2025-04-02,monthly_plus,9900
GPA.4592-1953-7554-10053..3,2025-04-02,monthly_basic,4900
GPA.7136-4072-6031-10032..3,2025-04-02,monthly_basic,4900
GPA.7853-2690-1423-10113..2,2025-04-02,monthly_basic,4900
GPA.9073-7404-4170-10247,2025-04-02,monthly_basic,4900
GPA.9603-9106-3123-10049..3,2025-04-02,monthly_basic,4900
GPA.9846-9828-7633-10065..2,2025-04-02,monthly_basic,4900
GPA.1453-6925-2312-10171..1,2025-04-03,monthly_basic,4900
GPA.1674-5253-8332-10159..1,2025-04-03,monthly_basic,4900
GPA.3239-7888-4606-10243,2025-04-03,monthly_basic,4900
GPA.3377-8686-3784-10199,2025-04-03,monthly_plus,9900
GPA.4719-8044-3336-10217,2025-04-03,monthly_plus,9900
GPA.5376-7591-3453-10048..3,2025-04-03,monthly_plus,9900
GPA.5496-7339-6564-10124..1,2025-04-03,monthly_basic,4900
GPA.6295-6898-5011-10071..2,2025-04-03,monthly_basic,4900
GPA.6576-1160-2121-10143..1,2025-04-03,monthly_basic,4900
GPA.7301-6170-6711-10003..3,2025-04-03,monthly_basic,4900
GPA.7964-6890-4949-10001..3,2025-04-03,monthly_basic,4900
GPA.9187-7741-4050-10225,2025-04-03,monthly_basic,4900
GPA.9386-4103-4022-10130..1,2025-04-03,monthly_basic,4900
GPA.9793-9429-4929-10047..3,2025-04-03,monthly_basic,4900
GPA.1628-6965-4410-10070..2,2025-04-04,monthly_basic,4900
GPA.2814-4199-4062-10162..1,2025-04-04,monthly_basic,4900
GPA.5631-7386-6312-10022..3,2025-04-04,monthly_basic,4900
GPA.7848-5191-3808-10102..2,2025-04-04,monthly_basic,4900
GPA.1977-3688-4915-10007..3,2025-04-05,monthly_basic,4900
GPA.2008-2754-1386-10106..2,2025-04-05,monthly_plus,9900
GPA.2620-3696-9369-10170..1,2025-04-05,monthly_plus,9900
GPA.2715-7459-1957-10153..1,2025-04-05,monthly_basic,4900
GPA.2897-9723-6995-10148..1,2025-04-05,monthly_plus,9900
GPA.3566-5280-8440-10083..2,2025-04-05,monthly_basic,4900
GPA.5414-1284-1916-10084..2,2025-04-05,monthly_basic,4900
GPA.5429-2673-3596-10209,2025-04-05,monthly_basic,4900
GPA.9369-7010-8855-10050..3,2025-04-05,monthly_basic,4900
GPA.2115-5214-3901-10078..2,2025-04-06,monthly_basic,4900
GPA.2260-4335-8585-10127..1,2025-04-06,monthly_plus,9900
GPA.2289-1770-1032-10104..2,2025-04-06,monthly_plus,9900
GPA.5747-2144-4870-10059..2,2025-04-06,monthly_basic,4900
GPA.5838-5038-7700-10138..1,2025-04-06,monthly_basic,4900
GPA.7017-2180-5003-10189,2025-04-06,monthly_basic,4900
GPA.1985-4114-5351-10105..2,2025-04-07,monthly_basic,4900
GPA.3131-4503-3450-10120..1,2025-04-07,monthly_basic,4900
GPA.3605-7836-2377-10058..2,2025-04-07,monthly_basic,4900
GPA.3610-1966-9839-10186,2025-04-07,monthly_basic,4900
GPA.4334-6289-8972-10092..2,2025-04-07,monthly_plus,9900
GPA.5980-2115-9571-10067..2,2025-04-07,monthly_basic,4900
GPA.8491-7685-7937-10057..2,2025-04-07,monthly_basic,4900
GPA.9638-3726-1861-10246,2025-04-07,monthly_plus,9900
GPA.1129-9157-5507-10201,2025-04-08,monthly_basic,4900
GPA.1374-4217-4481-10168..1,2025-04-08,monthly_basic,4900
GPA.2113-6971-1982-10009..3,2025-04-08,monthly_basic,4900
GPA.4197-9122-6442-10141..1,2025-04-08,monthly_plus,9900
GPA.5559-6595-3208-10119..1,2025-04-08,monthly_basic,4900
GPA.6032-7877-9721-10004..3,2025-04-08,monthly_basic,4900
GPA.8947-8756-3862-10110..2,2025-04-08,monthly_basic,4900
GPA.8980-4829-7332-10234,2025-04-08,monthly_basic,4900
GPA.9225-4047-2963-10166..1,2025-04-08,monthly_basic,4900
GPA.1527-8443-4534-10203,2025-04-09,monthly_plus,9900
GPA.1902-3078-1331-10192,2025-04-09,monthly_basic,4900
GPA.3106-3271-2218-10030..3,2025-04-09,monthly_basic,4900
GPA.3129-5615-2874-10165..1,2025-04-09,monthly_basic,4900
GPA.5514-7699-7236-10223,2025-04-09,monthly_basic,4900
GPA.6283-6871-6549-10016..3,2025-04-09,monthly_basic,4900
GPA.6317-5884-2262-10006..3,2025-04-09,monthly_basic,4900
GPA.8655-9837-5784-10187,2025-04-09,monthly_plus,9900
GPA.8736-2248-3200-10099..2,2025-04-09,monthly_basic,4900
GPA.9821-2740-4744-10132..1,2025-04-09,monthly_basic,4900
GPA.1148-1981-6793-10082..2,2025-04-10,monthly_basic,4900
GPA.1787-5212-7584-10184..1,2025-04-10,monthly_plus,9900
GPA.2048-2629-9809-10241,2025-04-10,monthly_basic,4900
GPA.3383-5159-4851-10076..2,2025-04-10,monthly_basic,4900
GPA.4763-4466-9820-10068..2,2025-04-10,monthly_basic,4900
GPA.7251-7710-1593-10086..2,2025-04-10,monthly_basic,4900
GPA.8776-1144-5263-10154..1,2025-04-10,monthly_plus,9900
GPA.1484-5646-5753-10230,2025-04-11,monthly_basic,4900
GPA.6101-1159-3030-10157..1,2025-04-11,monthly_basic,4900
GPA.6194-5038-3183-10174..1,2025-04-11,monthly_plus,9900
GPA.7836-4264-7514-10193,2025-04-11,monthly_plus,9900
GPA.8079-6215-4369-10043..3,2025-04-11,monthly_plus,9900
GPA.8438-1708-4529-10074..2,2025-04-11,monthly_plus,9900
GPA.8804-7613-5744-10238,2025-04-11,monthly_basic,4900
GPA.1790-9549-7127-10231,2025-04-12,monthly_basic,4900
GPA.3632-8965-3556-10229,2025-04-12,monthly_plus,9900
GPA.3762-2247-7623-10075..2,2025-04-12,monthly_basic,4900
GPA.6959-9827-4557-10208,2025-04-12,monthly_basic,4900
GPA.9074-2355-1640-10188,2025-04-12,monthly_plus,9900
GPA.9607-4426-8246-10041..3,2025-04-12,monthly_basic,4900
GPA.9617-3535-4417-10177..1,2025-04-12,monthly_basic,4900
GPA.9739-4534-8653-10069..2,2025-04-12,monthly_basic,4900
GPA.1587-8050-8376-10142..1,2025-04-13,monthly_plus,9900
GPA.1889-7212-8073-10136..1,2025-04-13,monthly_basic,4900
GPA.5428-1861-5088-10013..3,2025-04-13,monthly_basic,4900
GPA.6053-1986-9140-10147..1,2025-04-13,monthly_basic,4900
GPA.7016-1857-8619-10131..1,2025-04-13,monthly_basic,4900
GPA.8870-3362-6506-10156..1,2025-04-13,monthly_basic,4900
GPA.9024-1759-7650-10008..3,2025-04-13,monthly_plus,9900
GPA.1368-5668-8250-10135..1,2025-04-14,monthly_basic,4900
GPA.3358-7373-9449-10236,2025-04-14,monthly_basic,4900
GPA.6348-1843-7989-10096..2,2025-04-14,monthly_plus,9900
GPA.8263-4035-9334-10239,2025-04-14,monthly_plus,9900
GPA.9377-6413-4347-10039..3,2025-04-14,monthly_basic,4900
GPA.9381-8599-3979-10019..3,2025-04-14,monthly_basic,4900
GPA.9914-4830-7548-10121..1,2025-04-14,monthly_plus,9900
GPA.1075-9370-7572-10066..2,2025-04-15,monthly_basic,4900
GPA.1611-1417-8032-10167..1,2025-04-15,monthly_basic,4900
GPA.1856-9188-6868-10129..1,2025-04-15,monthly_basic,4900
GPA.2449-5274-4286-10095..2,2025-04-15,monthly_basic,4900
GPA.3318-7228-1386-10101..2,2025-04-15,monthly_basic,4900
GPA.3736-4190-3552-10233,2025-04-15,monthly_plus,9900
GPA.5969-6547-6752-10081..2,2025-04-15,monthly_basic,4900
GPA.6298-3761-7341-10221,2025-04-15,monthly_plus,9900
GPA.6356-9739-3318-10077..2,2025-04-15,monthly_plus,9900
GPA.6733-3893-5659-10197,2025-04-15,monthly_basic,4900
GPA.8715-5332-5515-10150..1,2025-04-15,monthly_plus,9900
GPA.9538-7549-7874-10012..3,2025-04-15,monthly_basic,4900
GPA.9958-8006-1672-10194,2025-04-15,monthly_basic,4900
GPA.1915-2685-4161-10109..2,2025-04-16,monthly_basic,4900
GPA.6456-7612-8970-10055..3,2025-04-16,monthly_plus,9900
GPA.8170-7623-8874-10010..3,2025-04-16,monthly_basic,4900
GPA.8564-2237-8908-10125..1,2025-04-16,monthly_plus,9900
GPA.8597-9560-3647-10237,2025-04-16,monthly_plus,9900
GPA.9226-2943-3482-10210,2025-04-16,monthly_plus,9900
GPA.3725-6938-6923-10033..3,2025-04-17,monthly_basic,4900
GPA.5691-3542-7898-10091..2,2025-04-17,monthly_basic,4900
GPA.5850-9838-8878-10245,2025-04-17,monthly_basic,4900
GPA.5870-3711-4764-10015..3,2025-04-17,monthly_basic,4900
GPA.6011-5089-9713-10026..3,2025-04-17,monthly_basic,4900
GPA.6385-4912-6398-10185,2025-04-17,monthly_basic,4900
GPA.8434-7839-9926-10085..2,2025-04-17,monthly_basic,4900
GPA.9219-9383-2442-10097..2,2025-04-17,monthly_basic,4900
GPA.9471-2116-2154-10196,2025-04-17,monthly_plus,9900
GPA.1247-5979-5760-10198,2025-04-18,monthly_basic,4900
GPA.1324-4866-2415-10227,2025-04-18,monthly_plus,9900
GPA.4079-3382-9363-10040..3,2025-04-18,monthly_plus,9900
GPA.4364-3384-1751-10100..2,2025-04-18,monthly_basic,4900
GPA.6103-6648-7345-10116..2,2025-04-18,monthly_basic,4900
GPA.6639-3871-4132-10029..3,2025-04-18,monthly_basic,4900
GPA.6682-9670-4187-10211,2025-04-18,monthly_basic,4900
GPA.7076-1205-8895-10169..1,2025-04-18,monthly_basic,4900
GPA.7275-9461-4933-10002..3,2025-04-18,monthly_basic,4900
GPA.7341-5407-4984-10035..3,2025-04-18,monthly_basic,4900
GPA.8557-9320-9547-10128..1,2025-04-18,monthly_basic,4900
GPA.8706-2898-8163-10228,2025-04-18,monthly_plus,9900
GPA.9065-1440-4233-10145..1,2025-04-18,monthly_basic,4900
GPA.1734-4531-4208-10248,2025-04-19,monthly_basic,4900
GPA.1899-4070-4920-10226,2025-04-19,monthly_basic,4900
GPA.5549-5006-1797-10089..2,2025-04-19,monthly_basic,4900
GPA.6946-3981-3168-10122..1,2025-04-19,monthly_basic,4900
GPA.7509-1907-8099-10112..2,2025-04-19,monthly_plus,9900
GPA.7689-2101-2488-10173..1,2025-04-19,monthly_basic,4900
GPA.7760-3219-9217-10034..3,2025-04-19,monthly_plus,9900
GPA.9391-9312-9554-10181..1,2025-04-19,monthly_basic,4900
GPA.1863-1367-5650-10180..1,2025-04-20,monthly_plus,9900
GPA.1943-4169-5337-10061..2,2025-04-20,monthly_plus,9900
GPA.3808-9759-3897-10215,2025-04-20,monthly_basic,4900
GPA.4366-7590-6737-10126..1,2025-04-20,monthly_plus,9900
GPA.4959-5698-9448-10056..2,2025-04-20,monthly_basic,4900
GPA.4977-9091-9484-10220,2025-04-20,monthly_plus,9900
GPA.6916-4554-2439-10028..3,2025-04-20,monthly_plus,9900
GPA.7448-2353-5160-10195,2025-04-20,monthly_basic,4900
GPA.3343-5907-2472-10244,2025-04-21,monthly_basic,4900
GPA.3812-8768-7148-10025..3,2025-04-21,monthly_plus,9900
GPA.4810-4549-5909-10038..3,2025-04-21,monthly_basic,4900
GPA.7210-1294-5221-10139..1,2025-04-21,monthly_basic,4900
GPA.7632-5247-1887-10218,2025-04-21,monthly_basic,4900
GPA.8445-2534-6634-10202,2025-04-21,monthly_plus,9900
GPA.8934-3985-6768-10172..1,2025-04-21,monthly_basic,4900
GPA.1596-7220-2703-10207,2025-04-22,monthly_plus,9900
GPA.2318-4093-6255-10178..1,2025-04-22,monthly_basic,4900
GPA.2971-8704-1814-10149..1,2025-04-22,monthly_plus,9900
GPA.4243-8685-4784-10190,2025-04-22,monthly_plus,9900
GPA.4704-4436-9862-10176..1,2025-04-22,monthly_basic,4900
GPA.5037-9380-7212-10222,2025-04-22,monthly_basic,4900
GPA.9349-6684-1996-10182..1,2025-04-22,monthly_plus,9900
GPA.1391-2646-7171-10011..3,2025-04-23,monthly_basic,4900
GPA.3116-7738-7429-10037..3,2025-04-23,monthly_basic,4900
GPA.3279-3655-7427-10137..1,2025-04-23,monthly_basic,4900
GPA.3456-4679-2191-10155..1,2025-04-23,monthly_plus,9900
GPA.3573-1151-5018-10158..1,2025-04-23,monthly_plus,9900
GPA.3593-4503-3711-10114..2,2025-04-23,monthly_basic,4900
GPA.3694-9860-5095-10024..3,2025-04-23,monthly_basic,4900
GPA.4879-8840-6106-10045..3,2025-04-23,monthly_basic,4900
GPA.8379-6452-9819-10014..3,2025-04-23,monthly_plus,9900
GPA.1671-4445-3848-10240,2025-04-24,monthly_plus,9900
GPA.1691-7237-5023-10213,2025-04-24,monthly_basic,4900
GPA.4676-8543-2610-10160..1,2025-04-24,monthly_basic,4900
GPA.5167-2700-1244-10123..1,2025-04-24,monthly_basic,4900
GPA.7516-7334-4277-10152..1,2025-04-24,monthly_basic,4900
GPA.7710-7882-6172-10134..1,2025-04-24,monthly_plus,9900
GPA.8116-4733-2271-10098..2,2025-04-24,monthly_basic,4900
GPA.9611-7998-1910-10079..2,2025-04-24,monthly_basic,4900
GPA.1195-5215-5569-10087..2,2025-04-25,monthly_plus,9900
GPA.1728-7510-8505-10072..2,2025-04-25,monthly_basic,4900
GPA.1885-5186-9920-10219,2025-04-25,monthly_basic,4900
GPA.2206-8661-6168-10031..3,2025-04-25,monthly_basic,4900
GPA.3054-9988-2263-10117..2,2025-04-25,monthly_basic,4900
GPA.3407-4794-7011-10200,2025-04-25,monthly_basic,4900
GPA.3828-6147-6139-10051..3,2025-04-25,monthly_basic,4900
GPA.5004-4451-5641-10046..3,2025-04-25,monthly_basic,4900
GPA.6153-9074-1819-10027..3,2025-04-25,monthly_basic,4900
GPA.6216-9631-7558-10140..1,2025-04-25,monthly_basic,4900
GPA.6254-7423-5743-10214,2025-04-25,monthly_basic,4900
GPA.8543-3910-5143-10183..1,2025-04-25,monthly_basic,4900
GPA.9861-7852-6857-10020..3,2025-04-26,monthly_basic,4900
GPA.2060-7517-6720-10216,2025-04-27,monthly_plus,9900
GPA.2663-3637-3795-10133..1,2025-04-27,monthly_basic,4900
GPA.4506-8899-9824-10164..1,2025-04-27,monthly_plus,9900
GPA.4958-2325-9382-10242,2025-04-27,monthly_basic,4900
GPA.5332-8959-4844-10179..1,2025-04-27,monthly_basic,4900
GPA.7420-5851-6204-10090..2,2025-04-27,monthly_basic,4900
GPA.1628-3020-9969-10191,2025-04-28,monthly_plus,9900
GPA.1855-7235-6795-10063..2,2025-04-28,monthly_plus,9900
GPA.2037-4510-5054-10036..3,2025-04-28,monthly_plus,9900
GPA.2048-2191-7181-10206,2025-04-28,monthly_basic,4900
GPA.2089-3316-8129-10232,2025-04-28,monthly_basic,4900
GPA.2491-2004-2636-10224,2025-04-28,monthly_plus,9900
GPA.3475-3630-2746-10073..2,2025-04-28,monthly_basic,4900
GPA.5746-9384-8952-10080..2,2025-04-28,monthly_basic,4900
GPA.7597-1795-4527-10094..2,2025-04-28,monthly_plus,9900
GPA.8488-8275-8271-10235,2025-04-28,monthly_basic,4900
GPA.8608-6276-9282-10163..1,2025-04-28,monthly_basic,4900
GPA.3395-3772-5379-10204..1,2025-05-01,monthly_plus,9900
GPA.3419-3516-4831-10064..3,2025-05-01,monthly_plus,9900
GPA.3473-2940-6316-10023..4,2025-05-01,monthly_basic,4900
GPA.5659-9035-9088-10088..3,2025-05-01,monthly_basic,4900
GPA.5664-9566-5582-10062..3,2025-05-01,monthly_basic,4900
GPA.8080-4853-2229-10161..2,2025-05-01,monthly_basic,4900
GPA.8372-1232-1624-10212..1,2025-05-01,monthly_basic,4900
GPA.8962-2214-3257-10273,2025-05-01,monthly_basic,4900
GPA.9699-6499-6803-10115..3,2025-05-01,monthly_basic,4900
GPA.1832-5313-6895-10175..2,2025-05-02,monthly_basic,4900
GPA.3598-1310-7562-10205..1,2025-05-02,monthly_plus,9900
GPA.4592-1953-7554-10053..4,2025-05-02,monthly_basic,4900
GPA.5908-7334-8793-10276,2025-05-02,monthly_basic,4900
GPA.7136-4072-6031-10032..4,2025-05-02,monthly_basic,4900
GPA.7853-2690-1423-10113..3,2025-05-02,monthly_basic,4900
GPA.8283-8302-3738-10308,2025-05-02,monthly_basic,4900
GPA.8740-7684-2009-10295,2025-05-02,monthly_basic,4900
GPA.9073-7404-4170-10247..1,2025-05-02,monthly_basic,4900
GPA.9603-9106-3123-10049..4,2025-05-02,monthly_basic,4900
GPA.1674-5253-8332-10159..2,2025-05-03,monthly_basic,4900
GPA.3239-7888-4606-10243..1,2025-05-03,monthly_basic,4900
GPA.3377-8686-3784-10199..1,2025-05-03,monthly_plus,9900
GPA.3544-6743-3827-10254,2025-05-03,monthly_basic,4900
GPA.4719-8044-3336-10217..1,2025-05-03,monthly_plus,9900
GPA.5376-7591-3453-10048..4,2025-05-03,monthly_plus,9900
GPA.5496-7339-6564-10124..2,2025-05-03,monthly_basic,4900
GPA.6295-6898-5011-10071..3,2025-05-03,monthly_basic,4900
GPA.6576-1160-2121-10143..2,2025-05-03,monthly_basic,4900
GPA.7301-6170-6711-10003..4,2025-05-03,monthly_basic,4900
GPA.7342-7940-5280-10287,2025-05-03,monthly_plus,9900
GPA.7964-6890-4949-10001..4,2025-05-03,monthly_basic,4900
GPA.9187-7741-4050-10225..1,2025-05-03,monthly_basic,4900
GPA.9386-4103-4022-10130..2,2025-05-03,monthly_basic,4900
GPA.9793-9429-4929-10047..4,2025-05-03,monthly_basic,4900
GPA.1127-2374-1950-10253,2025-05-04,monthly_plus,9900
GPA.1628-6965-4410-10070..3,2025-05-04,monthly_basic,4900
GPA.2814-4199-4062-10162..2,2025-05-04,monthly_basic,4900
GPA.4550-3077-4481-10249,2025-05-04,monthly_basic,4900
GPA.5631-7386-6312-10022..4,2025-05-04,monthly_basic,4900
GPA.5806-2487-3082-10302,2025-05-04,monthly_basic,4900
GPA.7848-5191-3808-10102..3,2025-05-04,monthly_basic,4900
GPA.8164-6354-2546-10289,2025-05-04,monthly_basic,4900
GPA.1977-3688-4915-10007..4,2025-05-05,monthly_basic,4900
GPA.2008-2754-1386-10106..3,2025-05-05,monthly_plus,9900
GPA.2620-3696-9369-10170..2,2025-05-05,monthly_plus,9900
GPA.2715-7459-1957-10153..2,2025-05-05,monthly_basic,4900
GPA.2897-9723-6995-10148..2,2025-05-05,monthly_plus,9900
GPA.5414-1284-1916-10084..3,2025-05-05,monthly_basic,4900
GPA.5429-2673-3596-10209..1,2025-05-05,monthly_basic,4900
GPA.7439-4446-9101-10257,2025-05-05,monthly_plus,9900
GPA.9369-7010-8855-10050..4,2025-05-05,monthly_basic,4900
GPA.2115-5214-3901-10078..3,2025-05-06,monthly_basic,4900
GPA.2260-4335-8585-10127..2,2025-05-06,monthly_basic,4900
GPA.2289-1770-1032-10104..3,2025-05-06,monthly_plus,9900
GPA.5838-5038-7700-10138..2,2025-05-06,monthly_basic,4900
GPA.7017-2180-5003-10189..1,2025-05-06,monthly_basic,4900
GPA.7550-5097-4724-10304,2025-05-06,monthly_basic,4900
GPA.8409-5491-3017-10252,2025-05-06,monthly_basic,4900
GPA.8710-4590-8186-10291,2025-05-06,monthly_basic,4900
GPA.1985-4114-5351-10105..3,2025-05-07,monthly_basic,4900
GPA.2130-8500-5760-10278,2025-05-07,monthly_basic,4900
GPA.2915-7794-7009-10283,2025-05-07,monthly_basic,4900
GPA.3131-4503-3450-10120..2,2025-05-07,monthly_basic,4900
GPA.3605-7836-2377-10058..3,2025-05-07,monthly_basic,4900
GPA.3610-1966-9839-10186..1,2025-05-07,monthly_basic,4900
GPA.4334-6289-8972-10092..3,2025-05-07,monthly_plus,9900
GPA.5227-7105-5272-10311,2025-05-07,monthly_basic,4900
GPA.5980-2115-9571-10067..3,2025-05-07,monthly_basic,4900
GPA.6959-3299-4699-10299,2025-05-07,monthly_basic,4900
GPA.8491-7685-7937-10057..3,2025-05-07,monthly_basic,4900
GPA.9638-3726-1861-10246..1,2025-05-07,monthly_plus,9900
GPA.1129-9157-5507-10201..1,2025-05-08,monthly_basic,4900
GPA.1374-4217-4481-10168..2,2025-05-08,monthly_basic,4900
GPA.2113-6971-1982-10009..4,2025-05-08,monthly_basic,4900
GPA.4197-9122-6442-10141..2,2025-05-08,monthly_plus,9900
GPA.5559-6595-3208-10119..2,2025-05-08,monthly_basic,4900
GPA.6032-7877-9721-10004..4,2025-05-08,monthly_basic,4900
GPA.8947-8756-3862-10110..3,2025-05-08,monthly_basic,4900
GPA.8980-4829-7332-10234..1,2025-05-08,monthly_basic,4900
GPA.9225-4047-2963-10166..2,2025-05-08,monthly_basic,4900
GPA.1399-5427-5303-10316,2025-05-09,monthly_basic,4900
GPA.1527-8443-4534-10203..1,2025-05-09,monthly_plus,9900
GPA.1902-3078-1331-10192..1,2025-05-09,monthly_basic,4900
GPA.2549-7189-5701-10292,2025-05-09,monthly_basic,4900
GPA.3106-3271-2218-10030..4,2025-05-09,monthly_basic,4900
GPA.3129-5615-2874-10165..2,2025-05-09,monthly_basic,4900
GPA.5514-7699-7236-10223..1,2025-05-09,monthly_basic,4900
GPA.5577-4741-5141-10300,2025-05-09,monthly_basic,4900
GPA.6283-6871-6549-10016..4,2025-05-09,monthly_basic,4900
GPA.6317-5884-2262-10006..4,2025-05-09,monthly_basic,4900
GPA.8344-3959-6045-10315,2025-05-09,monthly_basic,4900
GPA.8655-9837-5784-10187..1,2025-05-09,monthly_plus,9900
GPA.8736-2248-3200-10099..3,2025-05-09,monthly_basic,4900
GPA.9537-8600-5933-10261,2025-05-09,monthly_basic,4900
GPA.9821-2740-4744-10132..2,2025-05-09,monthly_basic,4900
GPA.1787-5212-7584-10184..2,2025-05-10,monthly_plus,9900
GPA.2048-2629-9809-10241..1,2025-05-10,monthly_basic,4900
GPA.2643-2995-8125-10296,2025-05-10,monthly_plus,9900
GPA.3383-5159-4851-10076..3,2025-05-10,monthly_basic,4900
GPA.4763-4466-9820-10068..3,2025-05-10,monthly_basic,4900
GPA.7251-7710-1593-10086..3,2025-05-10,monthly_basic,4900
GPA.7342-8191-9417-10263,2025-05-10,monthly_basic,4900
GPA.7538-1051-9662-10306,2025-05-10,monthly_basic,4900
GPA.8776-1144-5263-10154..2,2025-05-10,monthly_plus,9900
GPA.1484-5646-5753-10230..1,2025-05-11,monthly_basic,4900
GPA.3133-3573-4280-10284,2025-05-11,monthly_basic,4900
GPA.3900-7028-7242-10301,2025-05-11,monthly_plus,9900
GPA.4250-7505-7930-10251,2025-05-11,monthly_basic,4900
GPA.6101-1159-3030-10157..2,2025-05-11,monthly_basic,4900
GPA.6194-5038-3183-10174..2,2025-05-11,monthly_plus,9900
GPA.7836-4264-7514-10193..1,2025-05-11,monthly_plus,9900
GPA.8079-6215-4369-10043..4,2025-05-11,monthly_plus,9900
GPA.8438-1708-4529-10074..3,2025-05-11,monthly_plus,9900
GPA.8804-7613-5744-10238..1,2025-05-11,monthly_basic,4900
GPA.1790-9549-7127-10231..1,2025-05-12,monthly_basic,4900
GPA.2196-3799-3944-10269,2025-05-12,monthly_basic,4900
GPA.3762-2247-7623-10075..3,2025-05-12,monthly_basic,4900
GPA.4724-8332-8549-10274,2025-05-12,monthly_basic,4900
GPA.4959-3470-4198-10255,2025-05-12,monthly_basic,4900
GPA.6959-9827-4557-10208..1,2025-05-12,monthly_basic,4900
GPA.9074-2355-1640-10188..1,2025-05-12,monthly_plus,9900
GPA.9126-8210-7980-10275,2025-05-12,monthly_basic,4900
GPA.9607-4426-8246-10041..4,2025-05-12,monthly_basic,4900
GPA.9617-3535-4417-10177..2,2025-05-12,monthly_basic,4900
GPA.9739-4534-8653-10069..3,2025-05-12,monthly_basic,4900
GPA.1587-8050-8376-10142..2,2025-05-13,monthly_plus,9900
GPA.1889-7212-8073-10136..2,2025-05-13,monthly_basic,4900
GPA.2261-2811-3690-10298,2025-05-13,monthly_basic,4900
GPA.4622-6272-2903-10250,2025-05-13,monthly_basic,4900
GPA.5428-1861-5088-10013..4,2025-05-13,monthly_basic,4900
GPA.7016-1857-8619-10131..2,2025-05-13,monthly_basic,4900
GPA.7658-6561-3906-10260,2025-05-13,monthly_basic,4900
GPA.8870-3362-6506-10156..2,2025-05-13,monthly_basic,4900
GPA.9024-1759-7650-10008..4,2025-05-13,monthly_plus,9900
GPA.1368-5668-8250-10135..2,2025-05-14,monthly_basic,4900
GPA.3358-7373-9449-10236..1,2025-05-14,monthly_basic,4900
GPA.6348-1843-7989-10096..3,2025-05-14,monthly_plus,9900
GPA.7098-5770-8634-10297,2025-05-14,monthly_basic,4900
GPA.8263-4035-9334-10239..1,2025-05-14,monthly_plus,9900
GPA.8460-6139-9623-10305,2025-05-14,monthly_basic,4900
GPA.9377-6413-4347-10039..4,2025-05-14,monthly_basic,4900
GPA.9381-8599-3979-10019..4,2025-05-14,monthly_basic,4900
GPA.9789-2290-3214-10313,2025-05-14,monthly_basic,4900
GPA.9914-4830-7548-10121..2,2025-05-14,monthly_plus,9900
GPA.1075-9370-7572-10066..3,2025-05-15,monthly_basic,4900
GPA.1570-6408-3162-10294,2025-05-15,monthly_basic,4900
GPA.1611-1417-8032-10167..2,2025-05-15,monthly_basic,4900
GPA.1856-9188-6868-10129..2,2025-05-15,monthly_basic,4900
GPA.2449-5274-4286-10095..3,2025-05-15,monthly_basic,4900
GPA.3292-4847-8861-10267,2025-05-15,monthly_plus,9900
GPA.3318-7228-1386-10101..3,2025-05-15,monthly_basic,4900
GPA.3736-4190-3552-10233..1,2025-05-15,monthly_plus,9900
GPA.6298-3761-7341-10221..1,2025-05-15,monthly_plus,9900
GPA.6356-9739-3318-10077..3,2025-05-15,monthly_plus,9900
GPA.6733-3893-5659-10197..1,2025-05-15,monthly_basic,4900
GPA.8715-5332-5515-10150..2,2025-05-15,monthly_plus,9900
GPA.9130-3747-5245-10258,2025-05-15,monthly_plus,9900
GPA.9538-7549-7874-10012..4,2025-05-15,monthly_basic,4900
GPA.9958-8006-1672-10194..1,2025-05-15,monthly_basic,4900
GPA.1915-2685-4161-10109..3,2025-05-16,monthly_basic,4900
GPA.5584-1636-8409-10265,2025-05-16,monthly_basic,4900
GPA.6456-7612-8970-10055..4,2025-05-16,monthly_plus,9900
GPA.7213-5715-2077-10309,2025-05-16,monthly_plus,9900
GPA.8170-7623-8874-10010..4,2025-05-16,monthly_basic,4900
GPA.8564-2237-8908-10125..2,2025-05-16,monthly_plus,9900
GPA.8597-9560-3647-10237..1,2025-05-16,monthly_plus,9900
GPA.9226-2943-3482-10210..1,2025-05-16,monthly_plus,9900
GPA.3725-6938-6923-10033..4,2025-05-17,monthly_basic,4900
GPA.5691-3542-7898-10091..3,2025-05-17,monthly_basic,4900
GPA.5850-9838-8878-10245..1,2025-05-17,monthly_basic,4900
GPA.5870-3711-4764-10015..4,2025-05-17,monthly_basic,4900
GPA.6011-5089-9713-10026..4,2025-05-17,monthly_basic,4900
GPA.6385-4912-6398-10185..1,2025-05-17,monthly_basic,4900
GPA.7742-6593-1277-10256,2025-05-17,monthly_basic,4900
GPA.8434-7839-9926-10085..3,2025-05-17,monthly_basic,4900
GPA.9219-9383-2442-10097..3,2025-05-17,monthly_basic,4900
GPA.9471-2116-2154-10196..1,2025-05-17,monthly_plus,9900
GPA.1247-5979-5760-10198..1,2025-05-18,monthly_basic,4900
GPA.1324-4866-2415-10227..1,2025-05-18,monthly_plus,9900
GPA.3724-1661-4100-10310,2025-05-18,monthly_basic,4900
GPA.4079-3382-9363-10040..4,2025-05-18,monthly_plus,9900
GPA.4364-3384-1751-10100..3,2025-05-18,monthly_basic,4900
GPA.5471-7506-9233-10262,2025-05-18,monthly_basic,4900
GPA.6103-6648-7345-10116..3,2025-05-18,monthly_basic,4900
GPA.6639-3871-4132-10029..4,2025-05-18,monthly_basic,4900
GPA.6682-9670-4187-10211..1,2025-05-18,monthly_basic,4900
GPA.6757-7658-2796-10288,2025-05-18,monthly_basic,4900
GPA.7076-1205-8895-10169..2,2025-05-18,monthly_basic,4900
GPA.7275-9461-4933-10002..4,2025-05-18,monthly_basic,4900
GPA.7341-5407-4984-10035..4,2025-05-18,monthly_basic,4900
GPA.8557-9320-9547-10128..2,2025-05-18,monthly_basic,4900
GPA.9065-1440-4233-10145..2,2025-05-18,monthly_basic,4900
GPA.1734-4531-4208-10248..1,2025-05-19,monthly_basic,4900
GPA.1899-4070-4920-10226..1,2025-05-19,monthly_basic,4900
GPA.6946-3981-3168-10122..2,2025-05-19,monthly_basic,4900
GPA.7247-7632-7375-10271,2025-05-19,monthly_plus,9900
GPA.7509-1907-8099-10112..3,2025-05-19,monthly_plus,9900
GPA.7689-2101-2488-10173..2,2025-05-19,monthly_basic,4900
GPA.7760-3219-9217-10034..4,2025-05-19,monthly_plus,9900
GPA.9391-9312-9554-10181..2,2025-05-19,monthly_basic,4900
GPA.1863-1367-5650-10180..2,2025-05-20,monthly_plus,9900
GPA.1943-4169-5337-10061..3,2025-05-20,monthly_plus,9900
GPA.3419-9170-2658-10270,2025-05-20,monthly_basic,4900
GPA.3808-9759-3897-10215..1,2025-05-20,monthly_basic,4900
GPA.3818-3962-8008-10307,2025-05-20,monthly_basic,4900
GPA.4366-7590-6737-10126..2,2025-05-20,monthly_plus,9900
GPA.4959-5698-9448-10056..3,2025-05-20,monthly_basic,4900
GPA.4977-9091-9484-10220..1,2025-05-20,monthly_plus,9900
GPA.6916-4554-2439-10028..4,2025-05-20,monthly_plus,9900
GPA.7448-2353-5160-10195..1,2025-05-20,monthly_basic,4900
GPA.3343-5907-2472-10244..1,2025-05-21,monthly_plus,9900
GPA.3812-8768-7148-10025..4,2025-05-21,monthly_plus,9900
GPA.4237-9284-9103-10272,2025-05-21,monthly_basic,4900
GPA.4810-4549-5909-10038..4,2025-05-21,monthly_basic,4900
GPA.7210-1294-5221-10139..2,2025-05-21,monthly_basic,4900
GPA.7632-5247-1887-10218..1,2025-05-21,monthly_basic,4900
GPA.7645-8553-4162-10266,2025-05-21,monthly_basic,4900
GPA.8445-2534-6634-10202..1,2025-05-21,monthly_plus,9900
GPA.8934-3985-6768-10172..2,2025-05-21,monthly_basic,4900
GPA.1596-7220-2703-10207..1,2025-05-22,monthly_plus,9900
GPA.2318-4093-6255-10178..2,2025-05-22,monthly_basic,4900
GPA.2971-8704-1814-10149..2,2025-05-22,monthly_plus,9900
GPA.3291-2347-5671-10282,2025-05-22,monthly_basic,4900
GPA.4243-8685-4784-10190..1,2025-05-22,monthly_plus,9900
GPA.4704-4436-9862-10176..2,2025-05-22,monthly_basic,4900
GPA.5032-7251-8542-10293,2025-05-22,monthly_basic,4900
GPA.5037-9380-7212-10222..1,2025-05-22,monthly_basic,4900
GPA.5211-9319-6780-10264,2025-05-22,monthly_basic,4900
GPA.9349-6684-1996-10182..2,2025-05-22,monthly_plus,9900
GPA.1391-2646-7171-10011..4,2025-05-23,monthly_basic,4900
GPA.3116-7738-7429-10037..4,2025-05-23,monthly_basic,4900
GPA.3279-3655-7427-10137..2,2025-05-23,monthly_basic,4900
GPA.3456-4679-2191-10155..2,2025-05-23,monthly_plus,9900
GPA.3573-1151-5018-10158..2,2025-05-23,monthly_plus,9900
GPA.3593-4503-3711-10114..3,2025-05-23,monthly_basic,4900
GPA.3694-9860-5095-10024..4,2025-05-23,monthly_basic,4900
GPA.4879-8840-6106-10045..4,2025-05-23,monthly_basic,4900
GPA.7359-3645-9504-10268,2025-05-23,monthly_plus,9900
GPA.8379-6452-9819-10014..4,2025-05-23,monthly_plus,9900
GPA.1240-5146-8223-10303,2025-05-24,monthly_basic,4900
GPA.1671-4445-3848-10240..1,2025-05-24,monthly_plus,9900
GPA.1691-7237-5023-10213..1,2025-05-24,monthly_basic,4900
GPA.1834-7732-5854-10281,2025-05-24,monthly_basic,4900
GPA.2509-9059-3401-10285,2025-05-24,monthly_basic,4900
GPA.4676-8543-2610-10160..2,2025-05-24,monthly_basic,4900
GPA.5167-2700-1244-10123..2,2025-05-24,monthly_basic,4900
GPA.5428-1328-2147-10277,2025-05-24,monthly_basic,4900
GPA.7516-7334-4277-10152..2,2025-05-24,monthly_basic,4900
GPA.7710-7882-6172-10134..2,2025-05-24,monthly_plus,9900
GPA.8116-4733-2271-10098..3,2025-05-24,monthly_basic,4900
GPA.9611-7998-1910-10079..3,2025-05-24,monthly_basic,4900
GPA.1195-5215-5569-10087..3,2025-05-25,monthly_plus,9900
GPA.1267-1813-4526-10314,2025-05-25,monthly_basic,4900
GPA.1885-5186-9920-10219..1,2025-05-25,monthly_basic,4900
GPA.2206-8661-6168-10031..4,2025-05-25,monthly_basic,4900
GPA.3054-9988-2263-10117..3,2025-05-25,monthly_basic,4900
GPA.3407-4794-7011-10200..1,2025-05-25,monthly_basic,4900
GPA.3828-6147-6139-10051..4,2025-05-25,monthly_basic,4900
GPA.5004-4451-5641-10046..4,2025-05-25,monthly_basic,4900
GPA.6153-9074-1819-10027..4,2025-05-25,monthly_basic,4900
GPA.6216-9631-7558-10140..2,2025-05-25,monthly_basic,4900
GPA.6254-7423-5743-10214..1,2025-05-25,monthly_basic,4900
GPA.6847-9840-2857-10280,2025-05-26,monthly_basic,4900
GPA.7057-9782-7736-10312,2025-05-26,monthly_basic,4900
GPA.9383-2915-6478-10279,2025-05-26,monthly_basic,4900
GPA.9759-3638-8448-10290,2025-05-26,monthly_basic,4900
GPA.9861-7852-6857-10020..4,2025-05-26,monthly_basic,4900
GPA.2025-6850-2176-10259,2025-05-27,monthly_plus,9900
GPA.2060-7517-6720-10216..1,2025-05-27,monthly_plus,9900
GPA.2663-3637-3795-10133..2,2025-05-27,monthly_basic,4900
GPA.4506-8899-9824-10164..2,2025-05-27,monthly_plus,9900
GPA.4958-2325-9382-10242..1,2025-05-27,monthly_basic,4900
GPA.5332-8959-4844-10179..2,2025-05-27,monthly_basic,4900
GPA.7420-5851-6204-10090..3,2025-05-27,monthly_basic,4900
GPA.1628-3020-9969-10191..1,2025-05-28,monthly_plus,9900
GPA.1855-7235-6795-10063..3,2025-05-28,monthly_plus,9900
GPA.2037-4510-5054-10036..4,2025-05-28,monthly_plus,9900
GPA.2048-2191-7181-10206..1,2025-05-28,monthly_basic,4900
GPA.2089-3316-8129-10232..1,2025-05-28,monthly_basic,4900
GPA.2491-2004-2636-10224..1,2025-05-28,monthly_plus,9900
GPA.3475-3630-2746-10073..3,2025-05-28,monthly_basic,4900
GPA.4801-9440-1021-10286,2025-05-28,monthly_basic,4900
GPA.5746-9384-8952-10080..3,2025-05-28,monthly_basic,4900
GPA.7597-1795-4527-10094..3,2025-05-28,monthly_plus,9900
GPA.8488-8275-8271-10235..1,2025-05-28,monthly_basic,4900
GPA.8608-6276-9282-10163..2,2025-05-28,monthly_basic,4900
GPA.1505-9157-7699-10361,2025-06-01,monthly_plus,9900
GPA.2909-6473-8233-10344,2025-06-01,monthly_basic,4900
GPA.3395-3772-5379-10204..2,2025-06-01,monthly_plus,9900
GPA.3419-3516-4831-10064..4,2025-06-01,monthly_plus,9900
GPA.3473-2940-6316-10023..5,2025-06-01,monthly_basic,4900
GPA.5418-1011-6706-10356,2025-06-01,monthly_basic,4900
GPA.5659-9035-9088-10088..4,2025-06-01,monthly_basic,4900
GPA.5664-9566-5582-10062..4,2025-06-01,monthly_basic,4900
GPA.8080-4853-2229-10161..3,2025-06-01,monthly_basic,4900
GPA.8372-1232-1624-10212..2,2025-06-01,monthly_basic,4900
GPA.8962-2214-3257-10273..1,2025-06-01,monthly_basic,4900
GPA.9511-5695-6078-10370,2025-06-01,monthly_basic,4900
GPA.9699-6499-6803-10115..4,2025-06-01,monthly_basic,4900
GPA.1832-5313-6895-10175..3,2025-06-02,monthly_basic,4900
GPA.2155-5221-4862-10366,2025-06-02,monthly_basic,4900
GPA.3598-1310-7562-10205..2,2025-06-02,monthly_plus,9900
GPA.4592-1953-7554-10053..5,2025-06-02,monthly_basic,4900
GPA.5908-7334-8793-10276..1,2025-06-02,monthly_basic,4900
GPA.7853-2690-1423-10113..4,2025-06-02,monthly_basic,4900
GPA.8283-8302-3738-10308..1,2025-06-02,monthly_basic,4900
GPA.9603-9106-3123-10049..5,2025-06-02,monthly_basic,4900
GPA.1674-5253-8332-10159..3,2025-06-03,monthly_basic,4900
GPA.2838-4546-5997-10377,2025-06-03,monthly_basic,4900
GPA.3239-7888-4606-10243..2,2025-06-03,monthly_basic,4900
GPA.3377-8686-3784-10199..2,2025-06-03,monthly_plus,9900
GPA.3544-6743-3827-10254..1,2025-06-03,monthly_basic,4900
GPA.4133-5566-5397-10363,2025-06-03,monthly_basic,4900
GPA.4719-8044-3336-10217..2,2025-06-03,monthly_plus,9900
GPA.5376-7591-3453-10048..5,2025-06-03,monthly_plus,9900
GPA.5496-7339-6564-10124..3,2025-06-03,monthly_basic,4900
GPA.5700-3020-3942-10359,2025-06-03,monthly_plus,9900
GPA.6295-6898-5011-10071..4,2025-06-03,monthly_basic,4900
GPA.6576-1160-2121-10143..3,2025-06-03,monthly_basic,4900
GPA.7301-6170-6711-10003..5,2025-06-03,monthly_basic,4900
GPA.7342-7940-5280-10287..1,2025-06-03,monthly_plus,9900
GPA.7964-6890-4949-10001..5,2025-06-03,monthly_basic,4900
GPA.9187-7741-4050-10225..2,2025-06-03,monthly_basic,4900
GPA.9386-4103-4022-10130..3,2025-06-03,monthly_basic,4900
GPA.9793-9429-4929-10047..5,2025-06-03,monthly_basic,4900
GPA.1127-2374-1950-10253..1,2025-06-04,monthly_plus,9900
GPA.1628-6965-4410-10070..4,2025-06-04,monthly_basic,4900
GPA.2217-5570-4836-10367,2025-06-04,monthly_basic,4900
GPA.2814-4199-4062-10162..3,2025-06-04,monthly_basic,4900
GPA.4550-3077-4481-10249..1,2025-06-04,monthly_basic,4900
GPA.5631-7386-6312-10022..5,2025-06-04,monthly_basic,4900
GPA.5806-2487-3082-10302..1,2025-06-04,monthly_basic,4900
GPA.7848-5191-3808-10102..4,2025-06-04,monthly_basic,4900
GPA.7901-9183-7891-10322,2025-06-04,monthly_basic,4900
GPA.8042-4668-3524-10382,2025-06-04,monthly_basic,4900
GPA.8164-6354-2546-10289..1,2025-06-04,monthly_basic,4900
GPA.9089-6871-1993-10376,2025-06-04,monthly_basic,4900
GPA.1977-3688-4915-10007..5,2025-06-05,monthly_basic,4900
GPA.2008-2754-1386-10106..4,2025-06-05,monthly_plus,9900
GPA.2715-7459-1957-10153..3,2025-06-05,monthly_basic,4900
GPA.2897-9723-6995-10148..3,2025-06-05,monthly_plus,9900
GPA.5414-1284-1916-10084..4,2025-06-05,monthly_basic,4900
GPA.6353-3208-6512-10347,2025-06-05,monthly_basic,4900
GPA.7315-3733-4450-10354,2025-06-05,monthly_basic,4900
GPA.7439-4446-9101-10257..1,2025-06-05,monthly_plus,9900
GPA.9369-7010-8855-10050..5,2025-06-05,monthly_basic,4900
GPA.1517-5030-1454-10340,2025-06-06,monthly_basic,4900
GPA.2115-5214-3901-10078..4,2025-06-06,monthly_basic,4900
GPA.2260-4335-8585-10127..3,2025-06-06,monthly_basic,4900
GPA.2289-1770-1032-10104..4,2025-06-06,monthly_plus,9900
GPA.4329-6031-8073-10386,2025-06-06,monthly_basic,4900
GPA.5838-5038-7700-10138..3,2025-06-06,monthly_basic,4900
GPA.7017-2180-5003-10189..2,2025-06-06,monthly_basic,4900
GPA.7550-5097-4724-10304..1,2025-06-06,monthly_basic,4900
GPA.8409-5491-3017-10252..1,2025-06-06,monthly_basic,4900
GPA.8710-4590-8186-10291..1,2025-06-06,monthly_basic,4900
GPA.1985-4114-5351-10105..4,2025-06-07,monthly_basic,4900
GPA.2130-8500-5760-10278..1,2025-06-07,monthly_basic,4900
GPA.2915-7794-7009-10283..1,2025-06-07,monthly_basic,4900
GPA.3131-4503-3450-10120..3,2025-06-07,monthly_basic,4900
GPA.3605-7836-2377-10058..4,2025-06-07,monthly_basic,4900
GPA.3610-1966-9839-10186..2,2025-06-07,monthly_basic,4900
GPA.4334-6289-8972-10092..4,2025-06-07,monthly_plus,9900
GPA.4779-6717-2142-10388,2025-06-07,monthly_basic,4900
GPA.5227-7105-5272-10311..1,2025-06-07,monthly_plus,9900
GPA.5980-2115-9571-10067..4,2025-06-07,monthly_basic,4900
GPA.6959-3299-4699-10299..1,2025-06-07,monthly_plus,9900
GPA.7194-3296-8129-10374,2025-06-07,monthly_basic,4900
GPA.8491-7685-7937-10057..4,2025-06-07,monthly_basic,4900
GPA.9303-6781-7842-10325,2025-06-07,monthly_basic,4900
GPA.9552-3003-1750-10317,2025-06-07,monthly_basic,4900
GPA.9638-3726-1861-10246..2,2025-06-07,monthly_plus,9900
GPA.1129-9157-5507-10201..2,2025-06-08,monthly_basic,4900
GPA.1374-4217-4481-10168..3,2025-06-08,monthly_basic,4900
GPA.2113-6971-1982-10009..5,2025-06-08,monthly_basic,4900
GPA.3760-8455-5037-10369,2025-06-08,monthly_basic,4900
GPA.4197-9122-6442-10141..3,2025-06-08,monthly_plus,9900
GPA.4237-7834-6317-10339,2025-06-08,monthly_basic,4900
GPA.5559-6595-3208-10119..3,2025-06-08,monthly_basic,4900
GPA.5784-8341-1973-10334,2025-06-08,monthly_basic,4900
GPA.6032-7877-9721-10004..5,2025-06-08,monthly_basic,4900
GPA.8947-8756-3862-10110..4,2025-06-08,monthly_basic,4900
GPA.8980-4829-7332-10234..2,2025-06-08,monthly_basic,4900
GPA.9225-4047-2963-10166..3,2025-06-08,monthly_basic,4900
GPA.1012-6206-6812-10326,2025-06-09,monthly_plus,9900
GPA.1399-5427-5303-10316..1,2025-06-09,monthly_basic,4900
GPA.1527-8443-4534-10203..2,2025-06-09,monthly_plus,9900
GPA.1902-3078-1331-10192..2,2025-06-09,monthly_basic,4900
GPA.2549-7189-5701-10292..1,2025-06-09,monthly_basic,4900
GPA.3106-3271-2218-10030..5,2025-06-09,monthly_basic,4900
GPA.3129-5615-2874-10165..3,2025-06-09,monthly_basic,4900
GPA.5514-7699-7236-10223..2,2025-06-09,monthly_basic,4900
GPA.5577-4741-5141-10300..1,2025-06-09,monthly_basic,4900
GPA.6283-6871-6549-10016..5,2025-06-09,monthly_basic,4900
GPA.6710-6493-8125-10338,2025-06-09,monthly_basic,4900
GPA.8344-3959-6045-10315..1,2025-06-09,monthly_basic,4900
GPA.8655-9837-5784-10187..2,2025-06-09,monthly_plus,9900
GPA.8736-2248-3200-10099..4,2025-06-09,monthly_basic,4900
GPA.9537-8600-5933-10261..1,2025-06-09,monthly_basic,4900
GPA.9821-2740-4744-10132..3,2025-06-09,monthly_basic,4900
GPA.1604-5016-2080-10352,2025-06-10,monthly_basic,4900
GPA.1787-5212-7584-10184..3,2025-06-10,monthly_plus,9900
GPA.2048-2629-9809-10241..2,2025-06-10,monthly_basic,4900
GPA.2643-2995-8125-10296..1,2025-06-10,monthly_plus,9900
GPA.3383-5159-4851-10076..4,2025-06-10,monthly_basic,4900
GPA.4056-8686-1114-10336,2025-06-10,monthly_basic,4900
GPA.4763-4466-9820-10068..4,2025-06-10,monthly_basic,4900
GPA.7251-7710-1593-10086..4,2025-06-10,monthly_basic,4900
GPA.7342-8191-9417-10263..1,2025-06-10,monthly_basic,4900
GPA.7538-1051-9662-10306..1,2025-06-10,monthly_basic,4900
GPA.8089-8848-9852-10318,2025-06-10,monthly_basic,4900
GPA.8776-1144-5263-10154..3,2025-06-10,monthly_plus,9900
GPA.1484-5646-5753-10230..2,2025-06-11,monthly_basic,4900
GPA.2689-8996-7833-10368,2025-06-11,monthly_basic,4900
GPA.3133-3573-4280-10284..1,2025-06-11,monthly_basic,4900
GPA.3900-7028-7242-10301..1,2025-06-11,monthly_plus,9900
GPA.4250-7505-7930-10251..1,2025-06-11,monthly_basic,4900
GPA.4928-1569-1934-10364,2025-06-11,monthly_basic,4900
GPA.4940-7131-7219-10360,2025-06-11,monthly_plus,9900
GPA.5598-6256-1410-10379,2025-06-11,monthly_basic,4900
GPA.6101-1159-3030-10157..3,2025-06-11,monthly_basic,4900
GPA.6194-5038-3183-10174..3,2025-06-11,monthly_plus,9900
GPA.7836-4264-7514-10193..2,2025-06-11,monthly_plus,9900
GPA.8079-6215-4369-10043..5,2025-06-11,monthly_plus,9900
GPA.8804-7613-5744-10238..2,2025-06-11,monthly_basic,4900
GPA.1790-9549-7127-10231..2,2025-06-12,monthly_basic,4900
GPA.2196-3799-3944-10269..1,2025-06-12,monthly_basic,4900
GPA.3762-2247-7623-10075..4,2025-06-12,monthly_basic,4900
GPA.4724-8332-8549-10274..1,2025-06-12,monthly_basic,4900
GPA.4959-3470-4198-10255..1,2025-06-12,monthly_basic,4900
GPA.6959-9827-4557-10208..2,2025-06-12,monthly_basic,4900
GPA.9126-8210-7980-10275..1,2025-06-12,monthly_basic,4900
GPA.9607-4426-8246-10041..5,2025-06-12,monthly_basic,4900
GPA.9739-4534-8653-10069..4,2025-06-12,monthly_basic,4900
GPA.1587-8050-8376-10142..3,2025-06-13,monthly_plus,9900
GPA.1889-7212-8073-10136..3,2025-06-13,monthly_plus,9900
GPA.2261-2811-3690-10298..1,2025-06-13,monthly_basic,4900
GPA.3592-1465-2368-10337,2025-06-13,monthly_plus,9900
GPA.4622-6272-2903-10250..1,2025-06-13,monthly_basic,4900
GPA.5428-1861-5088-10013..5,2025-06-13,monthly_basic,4900
GPA.7016-1857-8619-10131..3,2025-06-13,monthly_basic,4900
GPA.7658-6561-3906-10260..1,2025-06-13,monthly_basic,4900
GPA.8870-3362-6506-10156..3,2025-06-13,monthly_basic,4900
GPA.1368-5668-8250-10135..3,2025-06-14,monthly_basic,4900
GPA.3358-7373-9449-10236..2,2025-06-14,monthly_basic,4900
GPA.4595-1667-8654-10346,2025-06-14,monthly_basic,4900
GPA.6348-1843-7989-10096..4,2025-06-14,monthly_plus,9900
GPA.7098-5770-8634-10297..1,2025-06-14,monthly_basic,4900
GPA.8263-4035-9334-10239..2,2025-06-14,monthly_plus,9900
GPA.8460-6139-9623-10305..1,2025-06-14,monthly_basic,4900
GPA.9260-3473-5782-10373,2025-06-14,monthly_basic,4900
GPA.9377-6413-4347-10039..5,2025-06-14,monthly_basic,4900
GPA.9381-8599-3979-10019..5,2025-06-14,monthly_basic,4900
GPA.9663-9976-2013-10320,2025-06-14,monthly_basic,4900
GPA.9914-4830-7548-10121..3,2025-06-14,monthly_plus,9900
GPA.1075-9370-7572-10066..4,2025-06-15,monthly_basic,4900
GPA.1570-6408-3162-10294..1,2025-06-15,monthly_basic,4900
GPA.1611-1417-8032-10167..3,2025-06-15,monthly_basic,4900
GPA.1856-9188-6868-10129..3,2025-06-15,monthly_basic,4900
GPA.2449-5274-4286-10095..4,2025-06-15,monthly_basic,4900
GPA.3292-4847-8861-10267..1,2025-06-15,monthly_plus,9900
GPA.3318-7228-1386-10101..4,2025-06-15,monthly_basic,4900
GPA.3736-4190-3552-10233..2,2025-06-15,monthly_plus,9900
GPA.4442-4150-7208-10319,2025-06-15,monthly_basic,4900
GPA.6298-3761-7341-10221..2,2025-06-15,monthly_plus,9900
GPA.6356-9739-3318-10077..4,2025-06-15,monthly_plus,9900
GPA.6538-7423-4395-10357,2025-06-15,monthly_plus,9900
GPA.6733-3893-5659-10197..2,2025-06-15,monthly_basic,4900
GPA.9130-3747-5245-10258..1,2025-06-15,monthly_basic,4900
GPA.9538-7549-7874-10012..5,2025-06-15,monthly_basic,4900
GPA.9958-8006-1672-10194..2,2025-06-15,monthly_basic,4900
GPA.1915-2685-4161-10109..4,2025-06-16,monthly_basic,4900
GPA.5584-1636-8409-10265..1,2025-06-16,monthly_basic,4900
GPA.6456-7612-8970-10055..5,2025-06-16,monthly_plus,9900
GPA.7213-5715-2077-10309..1,2025-06-16,monthly_plus,9900
GPA.8170-7623-8874-10010..5,2025-06-16,monthly_basic,4900
GPA.8564-2237-8908-10125..3,2025-06-16,monthly_plus,9900
GPA.8597-9560-3647-10237..2,2025-06-16,monthly_plus,9900
GPA.9226-2943-3482-10210..2,2025-06-16,monthly_plus,9900
GPA.1329-2610-7954-10331,2025-06-17,monthly_basic,4900
GPA.3725-6938-6923-10033..5,2025-06-17,monthly_basic,4900
GPA.5131-4453-2134-10342,2025-06-17,monthly_basic,4900
GPA.5691-3542-7898-10091..4,2025-06-17,monthly_basic,4900
GPA.5850-9838-8878-10245..2,2025-06-17,monthly_basic,4900
GPA.5870-3711-4764-10015..5,2025-06-17,monthly_basic,4900
GPA.6011-5089-9713-10026..5,2025-06-17,monthly_basic,4900
GPA.6385-4912-6398-10185..2,2025-06-17,monthly_basic,4900
GPA.7742-6593-1277-10256..1,2025-06-17,monthly_basic,4900
GPA.8434-7839-9926-10085..4,2025-06-17,monthly_basic,4900
GPA.9219-9383-2442-10097..4,2025-06-17,monthly_basic,4900
GPA.9471-2116-2154-10196..2,2025-06-17,monthly_plus,9900
GPA.1247-5979-5760-10198..2,2025-06-18,monthly_basic,4900
GPA.1324-4866-2415-10227..2,2025-06-18,monthly_plus,9900
GPA.3291-7154-2284-10378,2025-06-18,monthly_basic,4900
GPA.3724-1661-4100-10310..1,2025-06-18,monthly_basic,4900
GPA.4079-3382-9363-10040..5,2025-06-18,monthly_plus,9900
GPA.4364-3384-1751-10100..4,2025-06-18,monthly_basic,4900
GPA.4901-4433-7075-10345,2025-06-18,monthly_plus,9900
GPA.5471-7506-9233-10262..1,2025-06-18,monthly_basic,4900
GPA.6103-6648-7345-10116..4,2025-06-18,monthly_basic,4900
GPA.6294-9792-5999-10380,2025-06-18,monthly_basic,4900
GPA.6639-3871-4132-10029..5,2025-06-18,monthly_basic,4900
GPA.6682-9670-4187-10211..2,2025-06-18,monthly_basic,4900
GPA.6757-7658-2796-10288..1,2025-06-18,monthly_basic,4900
GPA.7076-1205-8895-10169..3,2025-06-18,monthly_basic,4900
GPA.7341-5407-4984-10035..5,2025-06-18,monthly_basic,4900
GPA.7351-4269-3559-10335,2025-06-18,monthly_basic,4900
GPA.8557-9320-9547-10128..3,2025-06-18,monthly_basic,4900
GPA.9065-1440-4233-10145..3,2025-06-18,monthly_basic,4900
GPA.1734-4531-4208-10248..2,2025-06-19,monthly_basic,4900
GPA.1899-4070-4920-10226..2,2025-06-19,monthly_basic,4900
GPA.5446-7045-9998-10371,2025-06-19,monthly_basic,4900
GPA.5502-4196-4218-10348,2025-06-19,monthly_basic,4900
GPA.6946-3981-3168-10122..3,2025-06-19,monthly_basic,4900
GPA.7247-7632-7375-10271..1,2025-06-19,monthly_plus,9900
GPA.7509-1907-8099-10112..4,2025-06-19,monthly_plus,9900
GPA.7689-2101-2488-10173..3,2025-06-19,monthly_basic,4900
GPA.7711-3538-2797-10387,2025-06-19,monthly_basic,4900
GPA.7760-3219-9217-10034..5,2025-06-19,monthly_plus,9900
GPA.9391-9312-9554-10181..3,2025-06-19,monthly_basic,4900
GPA.9599-7010-2684-10329,2025-06-19,monthly_basic,4900
GPA.1096-4085-6243-10323,2025-06-20,monthly_basic,4900
GPA.1844-1464-2866-10389,2025-06-20,monthly_basic,4900
GPA.1863-1367-5650-10180..3,2025-06-20,monthly_plus,9900
GPA.1943-4169-5337-10061..4,2025-06-20,monthly_plus,9900
GPA.3808-9759-3897-10215..2,2025-06-20,monthly_basic,4900
GPA.3818-3962-8008-10307..1,2025-06-20,monthly_basic,4900
GPA.4366-7590-6737-10126..3,2025-06-20,monthly_plus,9900
GPA.4959-5698-9448-10056..4,2025-06-20,monthly_basic,4900
GPA.4977-9091-9484-10220..2,2025-06-20,monthly_plus,9900
GPA.6916-4554-2439-10028..5,2025-06-20,monthly_plus,9900
GPA.7135-7541-3163-10327,2025-06-20,monthly_basic,4900
GPA.7448-2353-5160-10195..2,2025-06-20,monthly_basic,4900
GPA.9360-1996-5636-10353,2025-06-20,monthly_basic,4900
GPA.1781-1071-1545-10341,2025-06-21,monthly_basic,4900
GPA.3343-5907-2472-10244..2,2025-06-21,monthly_plus,9900
GPA.4237-9284-9103-10272..1,2025-06-21,monthly_basic,4900
GPA.4810-4549-5909-10038..5,2025-06-21,monthly_basic,4900
GPA.6736-3893-9873-10332,2025-06-21,monthly_basic,4900
GPA.7210-1294-5221-10139..3,2025-06-21,monthly_basic,4900
GPA.7224-2675-5158-10333,2025-06-21,monthly_plus,9900
GPA.7632-5247-1887-10218..2,2025-06-21,monthly_basic,4900
GPA.7645-8553-4162-10266..1,2025-06-21,monthly_basic,4900
GPA.8445-2534-6634-10202..2,2025-06-21,monthly_plus,9900
GPA.8835-4364-6091-10343,2025-06-21,monthly_basic,4900
GPA.8934-3985-6768-10172..3,2025-06-21,monthly_plus,9900
GPA.1596-7220-2703-10207..2,2025-06-22,monthly_plus,9900
GPA.2318-4093-6255-10178..3,2025-06-22,monthly_basic,4900
GPA.2971-8704-1814-10149..3,2025-06-22,monthly_plus,9900
GPA.3291-2347-5671-10282..1,2025-06-22,monthly_basic,4900
GPA.4243-8685-4784-10190..2,2025-06-22,monthly_plus,9900
GPA.4704-4436-9862-10176..3,2025-06-22,monthly_basic,4900
GPA.5032-7251-8542-10293..1,2025-06-22,monthly_basic,4900
GPA.5037-9380-7212-10222..2,2025-06-22,monthly_basic,4900
GPA.5177-2002-6456-10372,2025-06-22,monthly_basic,4900
GPA.5211-9319-6780-10264..1,2025-06-22,monthly_basic,4900
GPA.8227-6943-6392-10375,2025-06-22,monthly_basic,4900
GPA.8906-3635-1672-10381,2025-06-22,monthly_basic,4900
GPA.9349-6684-1996-10182..3,2025-06-22,monthly_plus,9900
GPA.1391-2646-7171-10011..5,2025-06-23,monthly_basic,4900
GPA.3279-3655-7427-10137..3,2025-06-23,monthly_basic,4900
GPA.3456-4679-2191-10155..3,2025-06-23,monthly_plus,9900
GPA.3573-1151-5018-10158..3,2025-06-23,monthly_plus,9900
GPA.3593-4503-3711-10114..4,2025-06-23,monthly_basic,4900
GPA.3694-9860-5095-10024..5,2025-06-23,monthly_plus,9900
GPA.4879-8840-6106-10045..5,2025-06-23,monthly_basic,4900
GPA.7359-3645-9504-10268..1,2025-06-23,monthly_plus,9900
GPA.8379-6452-9819-10014..5,2025-06-23,monthly_plus,9900
GPA.1240-5146-8223-10303..1,2025-06-24,monthly_basic,4900
GPA.1241-1262-7986-10321,2025-06-24,monthly_basic,4900
GPA.1671-4445-3848-10240..2,2025-06-24,monthly_plus,9900
GPA.1691-7237-5023-10213..2,2025-06-24,monthly_basic,4900
GPA.1834-7732-5854-10281..1,2025-06-24,monthly_basic,4900
GPA.1987-5470-3868-10384,2025-06-24,monthly_basic,4900
GPA.2509-9059-3401-10285..1,2025-06-24,monthly_basic,4900
GPA.3219-7197-4295-10330,2025-06-24,monthly_basic,4900
GPA.4676-8543-2610-10160..3,2025-06-24,monthly_basic,4900
GPA.5167-2700-1244-10123..3,2025-06-24,monthly_basic,4900
GPA.5428-1328-2147-10277..1,2025-06-24,monthly_basic,4900
GPA.7516-7334-4277-10152..3,2025-06-24,monthly_basic,4900
GPA.7710-7882-6172-10134..3,2025-06-24,monthly_plus,9900
GPA.8116-4733-2271-10098..4,2025-06-24,monthly_basic,4900
GPA.9611-7998-1910-10079..4,2025-06-24,monthly_basic,4900
GPA.1195-5215-5569-10087..4,2025-06-25,monthly_plus,9900
GPA.1267-1813-4526-10314..1,2025-06-25,monthly_basic,4900
GPA.1682-4017-7969-10385,2025-06-25,monthly_basic,4900
GPA.1885-5186-9920-10219..2,2025-06-25,monthly_basic,4900
GPA.2206-8661-6168-10031..5,2025-06-25,monthly_basic,4900
GPA.3054-9988-2263-10117..4,2025-06-25,monthly_basic,4900
GPA.3407-4794-7011-10200..2,2025-06-25,monthly_basic,4900
GPA.3828-6147-6139-10051..5,2025-06-25,monthly_basic,4900
GPA.5004-4451-5641-10046..5,2025-06-25,monthly_basic,4900
GPA.6153-9074-1819-10027..5,2025-06-25,monthly_basic,4900
GPA.6216-9631-7558-10140..3,2025-06-25,monthly_basic,4900
GPA.6254-7423-5743-10214..2,2025-06-25,monthly_basic,4900
GPA.4414-7354-6567-10351,2025-06-26,monthly_plus,9900
GPA.4742-7235-3959-10349,2025-06-26,monthly_plus,9900
GPA.6847-9840-2857-10280..1,2025-06-26,monthly_basic,4900
GPA.9383-2915-6478-10279..1,2025-06-26,monthly_basic,4900
GPA.9734-5420-5220-10328,2025-06-26,monthly_basic,4900
GPA.9759-3638-8448-10290..1,2025-06-26,monthly_basic,4900
GPA.9861-7852-6857-10020..5,2025-06-26,monthly_basic,4900
GPA.2025-6850-2176-10259..1,2025-06-27,monthly_basic,4900
GPA.2663-3637-3795-10133..3,2025-06-27,monthly_basic,4900
GPA.4506-8899-9824-10164..3,2025-06-27,monthly_plus,9900
GPA.4958-2325-9382-10242..2,2025-06-27,monthly_basic,4900
GPA.5332-8959-4844-10179..3,2025-06-27,monthly_basic,4900
GPA.7420-5851-6204-10090..4,2025-06-27,monthly_basic,4900
GPA.7867-7938-4796-10358,2025-06-27,monthly_basic,4900
GPA.8273-1337-6634-10365,2025-06-27,monthly_basic,4900
GPA.1628-3020-9969-10191..2,2025-06-28,monthly_plus,9900
GPA.1855-7235-6795-10063..4,2025-06-28,monthly_plus,9900
GPA.1894-1861-2391-10350,2025-06-28,monthly_basic,4900
GPA.2037-4510-5054-10036..5,2025-06-28,monthly_plus,9900
GPA.2089-3316-8129-10232..2,2025-06-28,monthly_basic,4900
GPA.2491-2004-2636-10224..2,2025-06-28,monthly_plus,9900
GPA.4801-9440-1021-10286..1,2025-06-28,monthly_basic,4900
GPA.5746-9384-8952-10080..4,2025-06-28,monthly_basic,4900
GPA.6022-9546-3059-10324,2025-06-28,monthly_basic,4900
GPA.6045-7716-1799-10362,2025-06-28,monthly_basic,4900
GPA.7597-1795-4527-10094..4,2025-06-28,monthly_plus,9900
GPA.8488-8275-8271-10235..2,2025-06-28,monthly_basic,4900
GPA.8608-6276-9282-10163..3,2025-06-28,monthly_basic,4900
GPA.8994-2524-4965-10383,2025-06-28,monthly_basic,4900
GPA.9127-1994-6912-10355,2025-06-28,monthly_basic,4900
GPA.1505-9157-7699-10361..1,2025-07-01,monthly_plus,9900
GPA.1949-3311-6874-10420,2025-07-01,monthly_plus,9900
GPA.2851-8162-2110-10434,2025-07-01,monthly_basic,4900
GPA.2909-6473-8233-10344..1,2025-07-01,monthly_basic,4900
GPA.3395-3772-5379-10204..3,2025-07-01,monthly_plus,9900
GPA.3419-3516-4831-10064..5,2025-07-01,monthly_plus,9900
GPA.3473-2940-6316-10023..6,2025-07-01,monthly_basic,4900
GPA.5418-1011-6706-10356..1,2025-07-01,monthly_basic,4900
GPA.5659-9035-9088-10088..5,2025-07-01,monthly_basic,4900
GPA.5664-9566-5582-10062..5,2025-07-01,monthly_basic,4900
GPA.8080-4853-2229-10161..4,2025-07-01,monthly_basic,4900
GPA.8372-1232-1624-10212..3,2025-07-01,monthly_basic,4900
GPA.8740-7153-4007-10421,2025-07-01,monthly_plus,9900
GPA.8962-2214-3257-10273..2,2025-07-01,monthly_basic,4900
GPA.9511-5695-6078-10370..1,2025-07-01,monthly_basic,4900
GPA.9534-1869-8141-10456,2025-07-01,monthly_basic,4900
GPA.9699-6499-6803-10115..5,2025-07-01,monthly_basic,4900
GPA.9725-5347-2026-10455,2025-07-01,monthly_plus,9900
GPA.1489-8834-4182-10405,2025-07-02,monthly_basic,4900
GPA.1804-3963-4725-10462,2025-07-02,monthly_basic,4900
GPA.1832-5313-6895-10175..4,2025-07-02,monthly_basic,4900
GPA.2155-5221-4862-10366..1,2025-07-02,monthly_basic,4900
GPA.2936-2584-4319-10432,2025-07-02,monthly_plus,9900
GPA.3070-2885-1535-10419,2025-07-02,monthly_basic,4900
GPA.3598-1310-7562-10205..3,2025-07-02,monthly_plus,9900
GPA.4592-1953-7554-10053..6,2025-07-02,monthly_basic,4900
GPA.5908-7334-8793-10276..2,2025-07-02,monthly_basic,4900
GPA.7809-4993-5782-10393,2025-07-02,monthly_basic,4900
GPA.8283-8302-3738-10308..2,2025-07-02,monthly_basic,4900
GPA.1674-5253-8332-10159..4,2025-07-03,monthly_basic,4900
GPA.2838-4546-5997-10377..1,2025-07-03,monthly_basic,4900
GPA.3124-2707-2650-10453,2025-07-03,monthly_basic,4900
GPA.3239-7888-4606-10243..3,2025-07-03,monthly_basic,4900
GPA.3377-8686-3784-10199..3,2025-07-03,monthly_plus,9900
GPA.3544-6743-3827-10254..2,2025-07-03,monthly_basic,4900
GPA.4133-5566-5397-10363..1,2025-07-03,monthly_basic,4900
GPA.4719-8044-3336-10217..3,2025-07-03,monthly_plus,9900
GPA.5376-7591-3453-10048..6,2025-07-03,monthly_plus,9900
GPA.5496-7339-6564-10124..4,2025-07-03,monthly_basic,4900
GPA.5700-3020-3942-10359..1,2025-07-03,monthly_plus,9900
GPA.6295-6898-5011-10071..5,2025-07-03,monthly_basic,4900
GPA.6576-1160-2121-10143..4,2025-07-03,monthly_basic,4900
GPA.7301-6170-6711-10003..6,2025-07-03,monthly_basic,4900
GPA.7342-7940-5280-10287..2,2025-07-03,monthly_plus,9900
GPA.7964-6890-4949-10001..6,2025-07-03,monthly_basic,4900
GPA.8379-3655-2949-10467,2025-07-03,monthly_plus,9900
GPA.9187-7741-4050-10225..3,2025-07-03,monthly_basic,4900
GPA.9386-4103-4022-10130..4,2025-07-03,monthly_basic,4900
GPA.9793-9429-4929-10047..6,2025-07-03,monthly_basic,4900
GPA.1127-2374-1950-10253..2,2025-07-04,monthly_plus,9900
GPA.1628-6965-4410-10070..5,2025-07-04,monthly_basic,4900
GPA.1719-9988-7231-10427,2025-07-04,monthly_basic,4900
GPA.2217-5570-4836-10367..1,2025-07-04,monthly_basic,4900
GPA.2814-4199-4062-10162..4,2025-07-04,monthly_basic,4900
GPA.4423-5539-6319-10440,2025-07-04,monthly_plus,9900
GPA.4550-3077-4481-10249..2,2025-07-04,monthly_basic,4900
GPA.5631-7386-6312-10022..6,2025-07-04,monthly_basic,4900
GPA.5806-2487-3082-10302..2,2025-07-04,monthly_basic,4900
GPA.7848-5191-3808-10102..5,2025-07-04,monthly_basic,4900
GPA.7901-9183-7891-10322..1,2025-07-04,monthly_basic,4900
GPA.8042-4668-3524-10382..1,2025-07-04,monthly_basic,4900
GPA.8164-6354-2546-10289..2,2025-07-04,monthly_basic,4900
GPA.9089-6871-1993-10376..1,2025-07-04,monthly_basic,4900
GPA.9291-3505-2392-10449,2025-07-04,monthly_basic,4900
GPA.1977-3688-4915-10007..6,2025-07-05,monthly_basic,4900
GPA.2008-2754-1386-10106..5,2025-07-05,monthly_plus,9900
GPA.2139-5988-9631-10407,2025-07-05,monthly_basic,4900
GPA.2715-7459-1957-10153..4,2025-07-05,monthly_basic,4900
GPA.2897-9723-6995-10148..4,2025-07-05,monthly_plus,9900
GPA.4698-2820-5051-10450,2025-07-05,monthly_plus,9900
GPA.5414-1284-1916-10084..5,2025-07-05,monthly_basic,4900
GPA.6353-3208-6512-10347..1,2025-07-05,monthly_basic,4900
GPA.7315-3733-4450-10354..1,2025-07-05,monthly_basic,4900
GPA.9369-7010-8855-10050..6,2025-07-05,monthly_basic,4900
GPA.1517-5030-1454-10340..1,2025-07-06,monthly_basic,4900
GPA.1910-6379-7099-10423,2025-07-06,monthly_basic,4900
GPA.2115-5214-3901-10078..5,2025-07-06,monthly_basic,4900
GPA.2260-4335-8585-10127..4,2025-07-06,monthly_basic,4900
GPA.2261-2787-1680-10412,2025-07-06,monthly_basic,4900
GPA.4329-6031-8073-10386..1,2025-07-06,monthly_basic,4900
GPA.5838-5038-7700-10138..4,2025-07-06,monthly_basic,4900
GPA.7017-2180-5003-10189..3,2025-07-06,monthly_basic,4900
GPA.7550-5097-4724-10304..2,2025-07-06,monthly_basic,4900
GPA.8409-5491-3017-10252..2,2025-07-06,monthly_basic,4900
GPA.8710-4590-8186-10291..2,2025-07-06,monthly_basic,4900
GPA.9489-1040-9325-10459,2025-07-06,monthly_basic,4900
GPA.1985-4114-5351-10105..5,2025-07-07,monthly_basic,4900
GPA.2130-8500-5760-10278..2,2025-07-07,monthly_basic,4900
GPA.2915-7794-7009-10283..2,2025-07-07,monthly_basic,4900
GPA.3131-4503-3450-10120..4,2025-07-07,monthly_basic,4900
GPA.3605-7836-2377-10058..5,2025-07-07,monthly_basic,4900
GPA.3610-1966-9839-10186..3,2025-07-07,monthly_basic,4900
GPA.4334-6289-8972-10092..5,2025-07-07,monthly_plus,9900
GPA.4340-3158-4703-10436,2025-07-07,monthly_plus,9900
GPA.4779-6717-2142-10388..1,2025-07-07,monthly_basic,4900
GPA.5227-7105-5272-10311..2,2025-07-07,monthly_plus,9900
GPA.5980-2115-9571-10067..5,2025-07-07,monthly_basic,4900
GPA.6432-1597-5554-10447,2025-07-07,monthly_plus,9900
GPA.6959-3299-4699-10299..2,2025-07-07,monthly_plus,9900
GPA.7194-3296-8129-10374..1,2025-07-07,monthly_basic,4900
GPA.8491-7685-7937-10057..5,2025-07-07,monthly_basic,4900
GPA.9303-6781-7842-10325..1,2025-07-07,monthly_basic,4900
GPA.9552-3003-1750-10317..1,2025-07-07,monthly_basic,4900
GPA.9638-3726-1861-10246..3,2025-07-07,monthly_plus,9900
GPA.1129-9157-5507-10201..3,2025-07-08,monthly_basic,4900
GPA.1374-4217-4481-10168..4,2025-07-08,monthly_basic,4900
GPA.2113-6971-1982-10009..6,2025-07-08,monthly_basic,4900
GPA.3760-8455-5037-10369..1,2025-07-08,monthly_basic,4900
GPA.4197-9122-6442-10141..4,2025-07-08,monthly_plus,9900
GPA.4237-7834-6317-10339..1,2025-07-08,monthly_basic,4900
GPA.5430-1001-9815-10458,2025-07-08,monthly_basic,4900
GPA.5559-6595-3208-10119..4,2025-07-08,monthly_basic,4900
GPA.5784-8341-1973-10334..1,2025-07-08,monthly_basic,4900
GPA.6032-7877-9721-10004..6,2025-07-08,monthly_basic,4900
GPA.7274-6452-5253-10461,2025-07-08,monthly_basic,4900
GPA.8980-4829-7332-10234..3,2025-07-08,monthly_basic,4900
GPA.9225-4047-2963-10166..4,2025-07-08,monthly_basic,4900
GPA.1399-5427-5303-10316..2,2025-07-09,monthly_basic,4900
GPA.1527-8443-4534-10203..3,2025-07-09,monthly_plus,9900
GPA.1902-3078-1331-10192..3,2025-07-09,monthly_basic,4900
GPA.3106-3271-2218-10030..6,2025-07-09,monthly_basic,4900
GPA.3129-5615-2874-10165..4,2025-07-09,monthly_basic,4900
GPA.5514-7699-7236-10223..3,2025-07-09,monthly_basic,4900
GPA.5577-4741-5141-10300..2,2025-07-09,monthly_basic,4900
GPA.6283-6871-6549-10016..6,2025-07-09,monthly_basic,4900
GPA.6710-6493-8125-10338..1,2025-07-09,monthly_basic,4900
GPA.8344-3959-6045-10315..2,2025-07-09,monthly_basic,4900
GPA.8655-9837-5784-10187..3,2025-07-09,monthly_plus,9900
GPA.8736-2248-3200-10099..5,2025-07-09,monthly_basic,4900
GPA.9537-8600-5933-10261..2,2025-07-09,monthly_basic,4900
GPA.9821-2740-4744-10132..4,2025-07-09,monthly_basic,4900
GPA.1604-5016-2080-10352..1,2025-07-10,monthly_basic,4900
GPA.1787-5212-7584-10184..4,2025-07-10,monthly_plus,9900
GPA.1964-3934-4002-10411,2025-07-10,monthly_basic,4900
GPA.2048-2629-9809-10241..3,2025-07-10,monthly_basic,4900
GPA.2643-2995-8125-10296..2,2025-07-10,monthly_plus,9900
GPA.3383-5159-4851-10076..5,2025-07-10,monthly_basic,4900
GPA.4056-8686-1114-10336..1,2025-07-10,monthly_basic,4900
GPA.4763-4466-9820-10068..5,2025-07-10,monthly_basic,4900
GPA.5997-3650-7796-10413,2025-07-10,monthly_basic,4900
GPA.7251-7710-1593-10086..5,2025-07-10,monthly_basic,4900
GPA.7342-8191-9417-10263..2,2025-07-10,monthly_basic,4900
GPA.7538-1051-9662-10306..2,2025-07-10,monthly_basic,4900
GPA.8089-8848-9852-10318..1,2025-07-10,monthly_basic,4900
GPA.8776-1144-5263-10154..4,2025-07-10,monthly_plus,9900
GPA.1080-3881-4577-10402,2025-07-11,monthly_basic,4900
GPA.1484-5646-5753-10230..3,2025-07-11,monthly_basic,4900
GPA.1936-7944-3660-10391,2025-07-11,monthly_plus,9900
GPA.2628-4753-7018-10428,2025-07-11,monthly_basic,4900
GPA.2689-8996-7833-10368..1,2025-07-11,monthly_plus,9900
GPA.3133-3573-4280-10284..2,2025-07-11,monthly_basic,4900
GPA.3900-7028-7242-10301..2,2025-07-11,monthly_plus,9900
GPA.4250-7505-7930-10251..2,2025-07-11,monthly_basic,4900
GPA.4928-1569-1934-10364..1,2025-07-11,monthly_basic,4900
GPA.5598-6256-1410-10379..1,2025-07-11,monthly_basic,4900
GPA.6101-1159-3030-10157..4,2025-07-11,monthly_basic,4900
GPA.6137-6029-2968-10460,2025-07-11,monthly_basic,4900
GPA.6194-5038-3183-10174..4,2025-07-11,monthly_plus,9900
GPA.6558-5596-5577-10433,2025-07-11,monthly_basic,4900
GPA.7836-4264-7514-10193..3,2025-07-11,monthly_plus,9900
GPA.8079-6215-4369-10043..6,2025-07-11,monthly_plus,9900
GPA.8804-7613-5744-10238..3,2025-07-11,monthly_basic,4900
GPA.1790-9549-7127-10231..3,2025-07-12,monthly_basic,4900
GPA.2196-3799-3944-10269..2,2025-07-12,monthly_basic,4900
GPA.3055-5561-6894-10424,2025-07-12,monthly_plus,9900
GPA.3762-2247-7623-10075..5,2025-07-12,monthly_basic,4900
GPA.3981-6854-3645-10454,2025-07-12,monthly_basic,4900
GPA.4724-8332-8549-10274..2,2025-07-12,monthly_basic,4900
GPA.4959-3470-4198-10255..2,2025-07-12,monthly_basic,4900
GPA.5231-5469-9873-10418,2025-07-12,monthly_basic,4900
GPA.5514-8971-2605-10403,2025-07-12,monthly_plus,9900
GPA.5972-1536-9265-10438,2025-07-12,monthly_basic,4900
GPA.6959-9827-4557-10208..3,2025-07-12,monthly_basic,4900
GPA.7678-2110-9429-10395,2025-07-12,monthly_basic,4900
GPA.9126-8210-7980-10275..2,2025-07-12,monthly_basic,4900
GPA.9607-4426-8246-10041..6,2025-07-12,monthly_basic,4900
GPA.9739-4534-8653-10069..5,2025-07-12,monthly_basic,4900
GPA.9749-4814-9006-10442,2025-07-12,monthly_basic,4900
GPA.1587-8050-8376-10142..4,2025-07-13,monthly_plus,9900
GPA.1889-7212-8073-10136..4,2025-07-13,monthly_plus,9900
GPA.2261-2811-3690-10298..2,2025-07-13,monthly_basic,4900
GPA.3592-1465-2368-10337..1,2025-07-13,monthly_plus,9900
GPA.4622-6272-2903-10250..2,2025-07-13,monthly_basic,4900
GPA.5428-1861-5088-10013..6,2025-07-13,monthly_basic,4900
GPA.7016-1857-8619-10131..4,2025-07-13,monthly_basic,4900
GPA.7658-6561-3906-10260..2,2025-07-13,monthly_basic,4900
GPA.8870-3362-6506-10156..4,2025-07-13,monthly_basic,4900
GPA.3358-7373-9449-10236..3,2025-07-14,monthly_basic,4900
GPA.4595-1667-8654-10346..1,2025-07-14,monthly_basic,4900
GPA.6348-1843-7989-10096..5,2025-07-14,monthly_plus,9900
GPA.7098-5770-8634-10297..2,2025-07-14,monthly_basic,4900
GPA.8263-4035-9334-10239..3,2025-07-14,monthly_basic,4900
GPA.8460-6139-9623-10305..2,2025-07-14,monthly_basic,4900
GPA.9260-3473-5782-10373..1,2025-07-14,monthly_basic,4900
GPA.9377-6413-4347-10039..6,2025-07-14,monthly_plus,9900
GPA.9381-8599-3979-10019..6,2025-07-14,monthly_basic,4900
GPA.9663-9976-2013-10320..1,2025-07-14,monthly_basic,4900
GPA.9914-4830-7548-10121..4,2025-07-14,monthly_plus,9900
GPA.1075-9370-7572-10066..5,2025-07-15,monthly_basic,4900
GPA.1570-6408-3162-10294..2,2025-07-15,monthly_basic,4900
GPA.1611-1417-8032-10167..4,2025-07-15,monthly_basic,4900
GPA.1856-9188-6868-10129..4,2025-07-15,monthly_basic,4900
GPA.2787-3621-7234-10466,2025-07-15,monthly_basic,4900
GPA.3292-4847-8861-10267..2,2025-07-15,monthly_plus,9900
GPA.3318-7228-1386-10101..5,2025-07-15,monthly_basic,4900
GPA.3424-9093-4176-10406,2025-07-15,monthly_plus,9900
GPA.3736-4190-3552-10233..3,2025-07-15,monthly_plus,9900
GPA.4442-4150-7208-10319..1,2025-07-15,monthly_basic,4900
GPA.6019-9888-9443-10392,2025-07-15,monthly_basic,4900
GPA.6298-3761-7341-10221..3,2025-07-15,monthly_plus,9900
GPA.6356-9739-3318-10077..5,2025-07-15,monthly_plus,9900
GPA.6538-7423-4395-10357..1,2025-07-15,monthly_plus,9900
GPA.6733-3893-5659-10197..3,2025-07-15,monthly_basic,4900
GPA.9130-3747-5245-10258..2,2025-07-15,monthly_basic,4900
GPA.9538-7549-7874-10012..6,2025-07-15,monthly_basic,4900
GPA.9958-8006-1672-10194..3,2025-07-15,monthly_basic,4900
GPA.1136-5407-6802-10464,2025-07-16,monthly_basic,4900
GPA.1915-2685-4161-10109..5,2025-07-16,monthly_basic,4900
GPA.2462-3225-1555-10404,2025-07-16,monthly_basic,4900
GPA.5584-1636-8409-10265..2,2025-07-16,monthly_basic,4900
GPA.6456-7612-8970-10055..6,2025-07-16,monthly_plus,9900
GPA.7124-3305-6088-10446,2025-07-16,monthly_basic,4900
GPA.7213-5715-2077-10309..2,2025-07-16,monthly_plus,9900
GPA.8170-7623-8874-10010..6,2025-07-16,monthly_basic,4900
GPA.8564-2237-8908-10125..4,2025-07-16,monthly_plus,9900
GPA.8597-9560-3647-10237..3,2025-07-16,monthly_plus,9900
GPA.9226-2943-3482-10210..3,2025-07-16,monthly_plus,9900
GPA.1329-2610-7954-10331..1,2025-07-17,monthly_basic,4900
GPA.3725-6938-6923-10033..6,2025-07-17,monthly_basic,4900
GPA.4638-7547-4840-10426,2025-07-17,monthly_basic,4900
GPA.5131-4453-2134-10342..1,2025-07-17,monthly_basic,4900
GPA.5691-3542-7898-10091..5,2025-07-17,monthly_basic,4900
GPA.5850-9838-8878-10245..3,2025-07-17,monthly_basic,4900
GPA.5870-3711-4764-10015..6,2025-07-17,monthly_basic,4900
GPA.6011-5089-9713-10026..6,2025-07-17,monthly_basic,4900
GPA.6385-4912-6398-10185..3,2025-07-17,monthly_basic,4900
GPA.7742-6593-1277-10256..2,2025-07-17,monthly_basic,4900
GPA.8434-7839-9926-10085..5,2025-07-17,monthly_basic,4900
GPA.9219-9383-2442-10097..5,2025-07-17,monthly_basic,4900
GPA.9471-2116-2154-10196..3,2025-07-17,monthly_plus,9900
GPA.9970-2625-2692-10451,2025-07-17,monthly_plus,9900
GPA.1247-5979-5760-10198..3,2025-07-18,monthly_basic,4900
GPA.1324-4866-2415-10227..3,2025-07-18,monthly_plus,9900
GPA.2570-5155-7983-10452,2025-07-18,monthly_plus,9900
GPA.3291-7154-2284-10378..1,2025-07-18,monthly_basic,4900
GPA.3724-1661-4100-10310..2,2025-07-18,monthly_basic,4900
GPA.4079-3382-9363-10040..6,2025-07-18,monthly_plus,9900
GPA.4364-3384-1751-10100..5,2025-07-18,monthly_basic,4900
GPA.4901-4433-7075-10345..1,2025-07-18,monthly_plus,9900
GPA.5471-7506-9233-10262..2,2025-07-18,monthly_basic,4900
GPA.6103-6648-7345-10116..5,2025-07-18,monthly_basic,4900
GPA.6294-9792-5999-10380..1,2025-07-18,monthly_basic,4900
GPA.6639-3871-4132-10029..6,2025-07-18,monthly_basic,4900
GPA.6682-9670-4187-10211..3,2025-07-18,monthly_basic,4900
GPA.6757-7658-2796-10288..2,2025-07-18,monthly_basic,4900
GPA.7076-1205-8895-10169..4,2025-07-18,monthly_basic,4900
GPA.7341-5407-4984-10035..6,2025-07-18,monthly_basic,4900
GPA.7351-4269-3559-10335..1,2025-07-18,monthly_basic,4900
GPA.8557-9320-9547-10128..4,2025-07-18,monthly_basic,4900
GPA.9065-1440-4233-10145..4,2025-07-18,monthly_basic,4900
GPA.1734-4531-4208-10248..3,2025-07-19,monthly_basic,4900
GPA.1899-4070-4920-10226..3,2025-07-19,monthly_basic,4900
GPA.3164-3090-1982-10400,2025-07-19,monthly_basic,4900
GPA.3368-2429-2940-10396,2025-07-19,monthly_basic,4900
GPA.5446-7045-9998-10371..1,2025-07-19,monthly_basic,4900
GPA.5502-4196-4218-10348..1,2025-07-19,monthly_basic,4900
GPA.6946-3981-3168-10122..4,2025-07-19,monthly_basic,4900
GPA.7247-7632-7375-10271..2,2025-07-19,monthly_plus,9900
GPA.7509-1907-8099-10112..5,2025-07-19,monthly_plus,9900
GPA.7689-2101-2488-10173..4,2025-07-19,monthly_basic,4900
GPA.7711-3538-2797-10387..1,2025-07-19,monthly_basic,4900
GPA.7760-3219-9217-10034..6,2025-07-19,monthly_plus,9900
GPA.7977-9022-5605-10408,2025-07-19,monthly_basic,4900
GPA.8137-1191-6998-10439,2025-07-19,monthly_basic,4900
GPA.9391-9312-9554-10181..4,2025-07-19,monthly_basic,4900
GPA.9599-7010-2684-10329..1,2025-07-19,monthly_basic,4900
GPA.1096-4085-6243-10323..1,2025-07-20,monthly_basic,4900
GPA.1844-1464-2866-10389..1,2025-07-20,monthly_basic,4900
GPA.1863-1367-5650-10180..4,2025-07-20,monthly_plus,9900
GPA.1943-4169-5337-10061..5,2025-07-20,monthly_plus,9900
GPA.2999-1610-6342-10465,2025-07-20,monthly_basic,4900
GPA.3006-3799-7812-10415,2025-07-20,monthly_basic,4900
GPA.3808-9759-3897-10215..3,2025-07-20,monthly_basic,4900
GPA.3818-3962-8008-10307..2,2025-07-20,monthly_basic,4900
GPA.4366-7590-6737-10126..4,2025-07-20,monthly_plus,9900
GPA.4959-5698-9448-10056..5,2025-07-20,monthly_basic,4900
GPA.4977-9091-9484-10220..3,2025-07-20,monthly_plus,9900
GPA.6916-4554-2439-10028..6,2025-07-20,monthly_plus,9900
GPA.7135-7541-3163-10327..1,2025-07-20,monthly_basic,4900
GPA.7448-2353-5160-10195..3,2025-07-20,monthly_basic,4900
GPA.9360-1996-5636-10353..1,2025-07-20,monthly_basic,4900
GPA.9678-2138-7787-10463,2025-07-20,monthly_plus,9900
GPA.1507-7021-9775-10430,2025-07-21,monthly_basic,4900
GPA.1781-1071-1545-10341..1,2025-07-21,monthly_basic,4900
GPA.3343-5907-2472-10244..3,2025-07-21,monthly_plus,9900
GPA.4237-9284-9103-10272..2,2025-07-21,monthly_basic,4900
GPA.4810-4549-5909-10038..6,2025-07-21,monthly_basic,4900
GPA.6736-3893-9873-10332..1,2025-07-21,monthly_basic,4900
GPA.7210-1294-5221-10139..4,2025-07-21,monthly_basic,4900
GPA.7224-2675-5158-10333..1,2025-07-21,monthly_plus,9900
GPA.7632-5247-1887-10218..3,2025-07-21,monthly_basic,4900
GPA.8445-2534-6634-10202..3,2025-07-21,monthly_plus,9900
GPA.8835-4364-6091-10343..1,2025-07-21,monthly_basic,4900
GPA.8934-3985-6768-10172..4,2025-07-21,monthly_plus,9900
GPA.1434-3925-3166-10431,2025-07-22,monthly_basic,4900
GPA.1596-7220-2703-10207..3,2025-07-22,monthly_plus,9900
GPA.2318-4093-6255-10178..4,2025-07-22,monthly_basic,4900
GPA.2783-3989-8302-10437,2025-07-22,monthly_plus,9900
GPA.2971-8704-1814-10149..4,2025-07-22,monthly_plus,9900
GPA.4072-9379-7289-10416,2025-07-22,monthly_basic,4900
GPA.4243-8685-4784-10190..3,2025-07-22,monthly_plus,9900
GPA.4704-4436-9862-10176..4,2025-07-22,monthly_basic,4900
GPA.5032-7251-8542-10293..2,2025-07-22,monthly_basic,4900
GPA.5037-9380-7212-10222..3,2025-07-22,monthly_basic,4900
GPA.5177-2002-6456-10372..1,2025-07-22,monthly_plus,9900
GPA.5211-9319-6780-10264..2,2025-07-22,monthly_basic,4900
GPA.8227-6943-6392-10375..1,2025-07-22,monthly_basic,4900
GPA.8827-2134-8855-10448,2025-07-22,monthly_plus,9900
GPA.8906-3635-1672-10381..1,2025-07-22,monthly_basic,4900
GPA.9349-6684-1996-10182..4,2025-07-22,monthly_plus,9900
GPA.1391-2646-7171-10011..6,2025-07-23,monthly_basic,4900
GPA.2957-5323-9303-10410,2025-07-23,monthly_plus,9900
GPA.3279-3655-7427-10137..4,2025-07-23,monthly_basic,4900
GPA.3456-4679-2191-10155..4,2025-07-23,monthly_plus,9900
GPA.3573-1151-5018-10158..4,2025-07-23,monthly_plus,9900
GPA.3593-4503-3711-10114..5,2025-07-23,monthly_basic,4900
GPA.3694-9860-5095-10024..6,2025-07-23,monthly_plus,9900
GPA.4040-7479-8912-10394,2025-07-23,monthly_basic,4900
GPA.4879-8840-6106-10045..6,2025-07-23,monthly_basic,4900
GPA.6978-9812-9941-10422,2025-07-23,monthly_plus,9900
GPA.7359-3645-9504-10268..2,2025-07-23,monthly_plus,9900
GPA.7604-8346-5975-10435,2025-07-23,monthly_basic,4900
GPA.8379-6452-9819-10014..6,2025-07-23,monthly_plus,9900
GPA.1240-5146-8223-10303..2,2025-07-24,monthly_basic,4900
GPA.1241-1262-7986-10321..1,2025-07-24,monthly_basic,4900
GPA.1671-4445-3848-10240..3,2025-07-24,monthly_plus,9900
GPA.1691-7237-5023-10213..3,2025-07-24,monthly_basic,4900
GPA.1987-5470-3868-10384..1,2025-07-24,monthly_basic,4900
GPA.2253-5997-8447-10401,2025-07-24,monthly_basic,4900
GPA.2509-9059-3401-10285..2,2025-07-24,monthly_basic,4900
GPA.2558-5666-7919-10445,2025-07-24,monthly_basic,4900
GPA.3219-7197-4295-10330..1,2025-07-24,monthly_basic,4900
GPA.3890-6601-7746-10414,2025-07-24,monthly_plus,9900
GPA.4676-8543-2610-10160..4,2025-07-24,monthly_basic,4900
GPA.5167-2700-1244-10123..4,2025-07-24,monthly_basic,4900
GPA.5428-1328-2147-10277..2,2025-07-24,monthly_basic,4900
GPA.6736-1935-3657-10444,2025-07-24,monthly_basic,4900
GPA.7516-7334-4277-10152..4,2025-07-24,monthly_basic,4900
GPA.7710-7882-6172-10134..4,2025-07-24,monthly_plus,9900
GPA.8116-4733-2271-10098..5,2025-07-24,monthly_plus,9900
GPA.8820-1712-6723-10457,2025-07-24,monthly_basic,4900
GPA.9611-7998-1910-10079..5,2025-07-24,monthly_basic,4900
GPA.1195-5215-5569-10087..5,2025-07-25,monthly_plus,9900
GPA.1267-1813-4526-10314..2,2025-07-25,monthly_basic,4900
GPA.1682-4017-7969-10385..1,2025-07-25,monthly_basic,4900
GPA.2206-8661-6168-10031..6,2025-07-25,monthly_basic,4900
GPA.3054-9988-2263-10117..5,2025-07-25,monthly_basic,4900
GPA.3407-4794-7011-10200..3,2025-07-25,monthly_basic,4900
GPA.3828-6147-6139-10051..6,2025-07-25,monthly_basic,4900
GPA.5004-4451-5641-10046..6,2025-07-25,monthly_basic,4900
GPA.6153-9074-1819-10027..6,2025-07-25,monthly_basic,4900
GPA.6216-9631-7558-10140..4,2025-07-25,monthly_basic,4900
GPA.6254-7423-5743-10214..3,2025-07-25,monthly_basic,4900
GPA.8823-1748-6765-10443,2025-07-25,monthly_basic,4900
GPA.9422-6736-7376-10397,2025-07-25,monthly_basic,4900
GPA.4414-7354-6567-10351..1,2025-07-26,monthly_plus,9900
GPA.4742-7235-3959-10349..1,2025-07-26,monthly_plus,9900
GPA.6847-9840-2857-10280..2,2025-07-26,monthly_basic,4900
GPA.9383-2915-6478-10279..2,2025-07-26,monthly_basic,4900
GPA.9734-5420-5220-10328..1,2025-07-26,monthly_basic,4900
GPA.9759-3638-8448-10290..2,2025-07-26,monthly_basic,4900
GPA.9861-7852-6857-10020..6,2025-07-26,monthly_basic,4900
GPA.9987-5934-1849-10398,2025-07-26,monthly_basic,4900
GPA.2025-6850-2176-10259..2,2025-07-27,monthly_basic,4900
GPA.2663-3637-3795-10133..4,2025-07-27,monthly_basic,4900
GPA.3692-3788-7850-10390,2025-07-27,monthly_plus,9900
GPA.4506-8899-9824-10164..4,2025-07-27,monthly_plus,9900
GPA.4958-2325-9382-10242..3,2025-07-27,monthly_basic,4900
GPA.5332-8959-4844-10179..4,2025-07-27,monthly_basic,4900
GPA.6512-2646-1761-10399,2025-07-27,monthly_basic,4900
GPA.7420-5851-6204-10090..5,2025-07-27,monthly_basic,4900
GPA.7471-4254-1235-10429,2025-07-27,monthly_plus,9900
GPA.7867-7938-4796-10358..1,2025-07-27,monthly_basic,4900
GPA.8273-1337-6634-10365..1,2025-07-27,monthly_basic,4900
GPA.9946-3281-5562-10425,2025-07-27,monthly_basic,4900
GPA.1163-6008-9733-10441,2025-07-28,monthly_basic,4900
GPA.1628-3020-9969-10191..3,2025-07-28,monthly_plus,9900
GPA.1855-7235-6795-10063..5,2025-07-28,monthly_plus,9900
GPA.2037-4510-5054-10036..6,2025-07-28,monthly_plus,9900
GPA.2089-3316-8129-10232..3,2025-07-28,monthly_basic,4900
GPA.2344-5767-5302-10409,2025-07-28,monthly_basic,4900
GPA.2491-2004-2636-10224..3,2025-07-28,monthly_plus,9900
GPA.4801-9440-1021-10286..2,2025-07-28,monthly_basic,4900
GPA.5672-7909-5669-10417,2025-07-28,monthly_basic,4900
GPA.5746-9384-8952-10080..5,2025-07-28,monthly_basic,4900
GPA.6022-9546-3059-10324..1,2025-07-28,monthly_basic,4900
GPA.6045-7716-1799-10362..1,2025-07-28,monthly_basic,4900
GPA.7597-1795-4527-10094..5,2025-07-28,monthly_plus,9900
GPA.8488-8275-8271-10235..3,2025-07-28,monthly_basic,4900
GPA.8608-6276-9282-10163..4,2025-07-28,monthly_basic,4900
GPA.8994-2524-4965-10383..1,2025-07-28,monthly_basic,4900
GPA.9127-1994-6912-10355..1,2025-07-28,monthly_basic,4900
GPA.1505-9157-7699-10361..2,2025-08-01,monthly_plus,9900
GPA.1686-2768-8843-10494,2025-08-01,monthly_basic,4900
GPA.1949-3311-6874-10420..1,2025-08-01,monthly_plus,9900
GPA.2851-8162-2110-10434..1,2025-08-01,monthly_basic,4900
GPA.3395-3772-5379-10204..4,2025-08-01,monthly_plus,9900
GPA.3419-3516-4831-10064..6,2025-08-01,monthly_plus,9900
GPA.3473-2940-6316-10023..7,2025-08-01,monthly_basic,4900
GPA.5418-1011-6706-10356..2,2025-08-01,monthly_plus,9900
GPA.5659-9035-9088-10088..6,2025-08-01,monthly_basic,4900
GPA.5664-9566-5582-10062..6,2025-08-01,monthly_basic,4900
GPA.8080-4853-2229-10161..5,2025-08-01,monthly_basic,4900
GPA.8372-1232-1624-10212..4,2025-08-01,monthly_basic,4900
GPA.8545-3115-9967-10472,2025-08-01,monthly_basic,4900
GPA.8740-7153-4007-10421..1,2025-08-01,monthly_plus,9900
GPA.8962-2214-3257-10273..3,2025-08-01,monthly_basic,4900
GPA.9417-7335-1637-10491,2025-08-01,monthly_basic,4900
GPA.9511-5695-6078-10370..2,2025-08-01,monthly_basic,4900
GPA.9534-1869-8141-10456..1,2025-08-01,monthly_basic,4900
GPA.9699-6499-6803-10115..6,2025-08-01,monthly_basic,4900
GPA.9870-7374-6015-10534,2025-08-01,monthly_basic,4900
GPA.9942-7800-2508-10484,2025-08-01,monthly_basic,4900
GPA.1489-8834-4182-10405..1,2025-08-02,monthly_basic,4900
GPA.1804-3963-4725-10462..1,2025-08-02,monthly_basic,4900
GPA.1832-5313-6895-10175..5,2025-08-02,monthly_basic,4900
GPA.2155-5221-4862-10366..2,2025-08-02,monthly_basic,4900
GPA.2936-2584-4319-10432..1,2025-08-02,monthly_plus,9900
GPA.3070-2885-1535-10419..1,2025-08-02,monthly_basic,4900
GPA.3598-1310-7562-10205..4,2025-08-02,monthly_plus,9900
GPA.3689-1868-2277-10495,2025-08-02,monthly_plus,9900
GPA.4592-1953-7554-10053..7,2025-08-02,monthly_basic,4900
GPA.4646-1198-3035-10515,2025-08-02,monthly_basic,4900
GPA.5908-7334-8793-10276..3,2025-08-02,monthly_basic,4900
GPA.7266-2806-6095-10482,2025-08-02,monthly_basic,4900
GPA.7809-4993-5782-10393..1,2025-08-02,monthly_basic,4900
GPA.8283-8302-3738-10308..3,2025-08-02,monthly_basic,4900
GPA.9706-3081-9343-10516,2025-08-02,monthly_basic,4900
GPA.2838-4546-5997-10377..2,2025-08-03,monthly_basic,4900
GPA.3124-2707-2650-10453..1,2025-08-03,monthly_basic,4900
GPA.3239-7888-4606-10243..4,2025-08-03,monthly_basic,4900
GPA.3377-8686-3784-10199..4,2025-08-03,monthly_plus,9900
GPA.3379-3749-6212-10510,2025-08-03,monthly_basic,4900
GPA.3544-6743-3827-10254..3,2025-08-03,monthly_basic,4900
GPA.3552-1536-5012-10477,2025-08-03,monthly_basic,4900
GPA.4133-5566-5397-10363..2,2025-08-03,monthly_basic,4900
GPA.4719-8044-3336-10217..4,2025-08-03,monthly_plus,9900
GPA.5376-7591-3453-10048..7,2025-08-03,monthly_plus,9900
GPA.5496-7339-6564-10124..5,2025-08-03,monthly_basic,4900
GPA.6295-6898-5011-10071..6,2025-08-03,monthly_basic,4900
GPA.6312-9571-3791-10553,2025-08-03,monthly_basic,4900
GPA.6576-1160-2121-10143..5,2025-08-03,monthly_basic,4900
GPA.7301-6170-6711-10003..7,2025-08-03,monthly_basic,4900
GPA.7342-7940-5280-10287..3,2025-08-03,monthly_plus,9900
GPA.7964-6890-4949-10001..7,2025-08-03,monthly_basic,4900
GPA.8379-3655-2949-10467..1,2025-08-03,monthly_plus,9900
GPA.9187-7741-4050-10225..4,2025-08-03,monthly_basic,4900
GPA.9386-4103-4022-10130..5,2025-08-03,monthly_basic,4900
GPA.9793-9429-4929-10047..7,2025-08-03,monthly_basic,4900
GPA.1127-2374-1950-10253..3,2025-08-04,monthly_plus,9900
GPA.1628-6965-4410-10070..6,2025-08-04,monthly_basic,4900
GPA.1719-9988-7231-10427..1,2025-08-04,monthly_basic,4900
GPA.2217-5570-4836-10367..2,2025-08-04,monthly_basic,4900
GPA.2814-4199-4062-10162..5,2025-08-04,monthly_basic,4900
GPA.4423-5539-6319-10440..1,2025-08-04,monthly_plus,9900
GPA.4550-3077-4481-10249..3,2025-08-04,monthly_basic,4900
GPA.5631-7386-6312-10022..7,2025-08-04,monthly_basic,4900
GPA.5806-2487-3082-10302..3,2025-08-04,monthly_basic,4900
GPA.7460-8698-6580-10485,2025-08-04,monthly_basic,4900
GPA.7848-5191-3808-10102..6,2025-08-04,monthly_basic,4900
GPA.7901-9183-7891-10322..2,2025-08-04,monthly_basic,4900
GPA.8042-4668-3524-10382..2,2025-08-04,monthly_basic,4900
GPA.8164-6354-2546-10289..3,2025-08-04,monthly_basic,4900
GPA.9089-6871-1993-10376..2,2025-08-04,monthly_basic,4900
GPA.9291-3505-2392-10449..1,2025-08-04,monthly_basic,4900
GPA.1977-3688-4915-10007..7,2025-08-05,monthly_basic,4900
GPA.2008-2754-1386-10106..6,2025-08-05,monthly_plus,9900
GPA.2139-5988-9631-10407..1,2025-08-05,monthly_basic,4900
GPA.2162-4123-9534-10501,2025-08-05,monthly_basic,4900
GPA.2715-7459-1957-10153..5,2025-08-05,monthly_basic,4900
GPA.2897-9723-6995-10148..5,2025-08-05,monthly_plus,9900
GPA.3573-2961-6791-10546,2025-08-05,monthly_plus,9900
GPA.4698-2820-5051-10450..1,2025-08-05,monthly_plus,9900
GPA.5414-1284-1916-10084..6,2025-08-05,monthly_basic,4900
GPA.5443-3391-1171-10508,2025-08-05,monthly_basic,4900
GPA.6062-6934-1235-10486,2025-08-05,monthly_basic,4900
GPA.6353-3208-6512-10347..2,2025-08-05,monthly_basic,4900
GPA.6716-2102-2926-10539,2025-08-05,monthly_basic,4900
GPA.7315-3733-4450-10354..2,2025-08-05,monthly_basic,4900
GPA.9369-7010-8855-10050..7,2025-08-05,monthly_basic,4900
GPA.1517-5030-1454-10340..2,2025-08-06,monthly_basic,4900
GPA.1696-4481-4569-10474,2025-08-06,monthly_basic,4900
GPA.1910-6379-7099-10423..1,2025-08-06,monthly_basic,4900
GPA.2260-4335-8585-10127..5,2025-08-06,monthly_basic,4900
GPA.2261-2787-1680-10412..1,2025-08-06,monthly_basic,4900
GPA.2788-7250-8587-10518,2025-08-06,monthly_basic,4900
GPA.3867-7739-9221-10490,2025-08-06,monthly_plus,9900
GPA.4329-6031-8073-10386..2,2025-08-06,monthly_basic,4900
GPA.5838-5038-7700-10138..5,2025-08-06,monthly_basic,4900
GPA.6384-2815-3570-10533,2025-08-06,monthly_basic,4900
GPA.7017-2180-5003-10189..4,2025-08-06,monthly_basic,4900
GPA.7550-5097-4724-10304..3,2025-08-06,monthly_basic,4900
GPA.8409-5491-3017-10252..3,2025-08-06,monthly_basic,4900
GPA.8710-4590-8186-10291..3,2025-08-06,monthly_basic,4900
GPA.9489-1040-9325-10459..1,2025-08-06,monthly_basic,4900
GPA.1985-4114-5351-10105..6,2025-08-07,monthly_basic,4900
GPA.2130-8500-5760-10278..3,2025-08-07,monthly_basic,4900
GPA.2658-7585-7777-10488,2025-08-07,monthly_basic,4900
GPA.2915-7794-7009-10283..3,2025-08-07,monthly_basic,4900
GPA.3131-4503-3450-10120..5,2025-08-07,monthly_basic,4900
GPA.3605-7836-2377-10058..6,2025-08-07,monthly_basic,4900
GPA.3610-1966-9839-10186..4,2025-08-07,monthly_basic,4900
GPA.4334-6289-8972-10092..6,2025-08-07,monthly_plus,9900
GPA.4340-3158-4703-10436..1,2025-08-07,monthly_plus,9900
GPA.4703-3384-6675-10473,2025-08-07,monthly_plus,9900
GPA.4779-6717-2142-10388..2,2025-08-07,monthly_basic,4900
GPA.5227-7105-5272-10311..3,2025-08-07,monthly_plus,9900
GPA.5979-8900-8828-10555,2025-08-07,monthly_basic,4900
GPA.5980-2115-9571-10067..6,2025-08-07,monthly_basic,4900
GPA.6432-1597-5554-10447..1,2025-08-07,monthly_plus,9900
GPA.6959-3299-4699-10299..3,2025-08-07,monthly_plus,9900
GPA.7194-3296-8129-10374..2,2025-08-07,monthly_basic,4900
GPA.8491-7685-7937-10057..6,2025-08-07,monthly_basic,4900
GPA.9303-6781-7842-10325..2,2025-08-07,monthly_basic,4900
GPA.9552-3003-1750-10317..2,2025-08-07,monthly_basic,4900
GPA.9638-3726-1861-10246..4,2025-08-07,monthly_plus,9900
GPA.1129-9157-5507-10201..4,2025-08-08,monthly_basic,4900
GPA.1374-4217-4481-10168..5,2025-08-08,monthly_basic,4900
GPA.1470-5303-6026-10470,2025-08-08,monthly_basic,4900
GPA.1847-4554-9945-10526,2025-08-08,monthly_basic,4900
GPA.2113-6971-1982-10009..7,2025-08-08,monthly_basic,4900
GPA.3760-8455-5037-10369..2,2025-08-08,monthly_basic,4900
GPA.4022-6634-6258-10536,2025-08-08,monthly_basic,4900
GPA.4087-7989-4655-10468,2025-08-08,monthly_basic,4900
GPA.4197-9122-6442-10141..5,2025-08-08,monthly_plus,9900
GPA.4237-7834-6317-10339..2,2025-08-08,monthly_basic,4900
GPA.5430-1001-9815-10458..1,2025-08-08,monthly_basic,4900
GPA.5559-6595-3208-10119..5,2025-08-08,monthly_basic,4900
GPA.5784-8341-1973-10334..2,2025-08-08,monthly_basic,4900
GPA.6032-7877-9721-10004..7,2025-08-08,monthly_basic,4900
GPA.6417-8753-7095-10514,2025-08-08,monthly_basic,4900
GPA.7274-6452-5253-10461..1,2025-08-08,monthly_basic,4900
GPA.8741-8366-2424-10522,2025-08-08,monthly_basic,4900
GPA.8980-4829-7332-10234..4,2025-08-08,monthly_basic,4900
GPA.9225-4047-2963-10166..5,2025-08-08,monthly_basic,4900
GPA.9928-6913-4602-10543,2025-08-08,monthly_basic,4900
GPA.1399-5427-5303-10316..3,2025-08-09,monthly_basic,4900
GPA.1902-3078-1331-10192..4,2025-08-09,monthly_basic,4900
GPA.3106-3271-2218-10030..7,2025-08-09,monthly_basic,4900
GPA.3129-5615-2874-10165..5,2025-08-09,monthly_basic,4900
GPA.4004-6078-3653-10492,2025-08-09,monthly_plus,9900
GPA.4890-1196-8222-10547,2025-08-09,monthly_plus,9900
GPA.5577-4741-5141-10300..3,2025-08-09,monthly_basic,4900
GPA.6283-6871-6549-10016..7,2025-08-09,monthly_basic,4900
GPA.6710-6493-8125-10338..2,2025-08-09,monthly_basic,4900
GPA.6981-3976-8801-10499,2025-08-09,monthly_basic,4900
GPA.8344-3959-6045-10315..3,2025-08-09,monthly_basic,4900
GPA.8655-9837-5784-10187..4,2025-08-09,monthly_plus,9900
GPA.8736-2248-3200-10099..6,2025-08-09,monthly_basic,4900
GPA.8904-7450-6165-10507,2025-08-09,monthly_basic,4900
GPA.9072-4630-3814-10496,2025-08-09,monthly_basic,4900
GPA.9537-8600-5933-10261..3,2025-08-09,monthly_basic,4900
GPA.9821-2740-4744-10132..5,2025-08-09,monthly_basic,4900
GPA.1604-5016-2080-10352..2,2025-08-10,monthly_basic,4900
GPA.1787-5212-7584-10184..5,2025-08-10,monthly_plus,9900
GPA.1964-3934-4002-10411..1,2025-08-10,monthly_basic,4900
GPA.2048-2629-9809-10241..4,2025-08-10,monthly_basic,4900
GPA.2643-2995-8125-10296..3,2025-08-10,monthly_plus,9900
GPA.4056-8686-1114-10336..2,2025-08-10,monthly_basic,4900
GPA.4063-3943-6701-10550,2025-08-10,monthly_basic,4900
GPA.4763-4466-9820-10068..6,2025-08-10,monthly_basic,4900
GPA.5997-3650-7796-10413..1,2025-08-10,monthly_basic,4900
GPA.7103-5410-6519-10509,2025-08-10,monthly_basic,4900
GPA.7251-7710-1593-10086..6,2025-08-10,monthly_basic,4900
GPA.7342-8191-9417-10263..3,2025-08-10,monthly_basic,4900
GPA.7538-1051-9662-10306..3,2025-08-10,monthly_basic,4900
GPA.8089-8848-9852-10318..2,2025-08-10,monthly_basic,4900
GPA.8460-8922-6251-10478,2025-08-10,monthly_plus,9900
GPA.8776-1144-5263-10154..5,2025-08-10,monthly_plus,9900
GPA.1080-3881-4577-10402..1,2025-08-11,monthly_basic,4900
GPA.1484-5646-5753-10230..4,2025-08-11,monthly_basic,4900
GPA.1936-7944-3660-10391..1,2025-08-11,monthly_plus,9900
GPA.2628-4753-7018-10428..1,2025-08-11,monthly_basic,4900
GPA.2689-8996-7833-10368..2,2025-08-11,monthly_plus,9900
GPA.3133-3573-4280-10284..3,2025-08-11,monthly_basic,4900
GPA.3900-7028-7242-10301..3,2025-08-11,monthly_plus,9900
GPA.4250-7505-7930-10251..3,2025-08-11,monthly_basic,4900
GPA.4928-1569-1934-10364..2,2025-08-11,monthly_basic,4900
GPA.5598-6256-1410-10379..2,2025-08-11,monthly_basic,4900
GPA.6101-1159-3030-10157..5,2025-08-11,monthly_basic,4900
GPA.6137-6029-2968-10460..1,2025-08-11,monthly_basic,4900
GPA.6194-5038-3183-10174..5,2025-08-11,monthly_basic,4900
GPA.7754-7283-9123-10542,2025-08-11,monthly_basic,4900
GPA.7836-4264-7514-10193..4,2025-08-11,monthly_plus,9900
GPA.8079-6215-4369-10043..7,2025-08-11,monthly_plus,9900
GPA.8458-8361-7774-10556,2025-08-11,monthly_basic,4900
GPA.8804-7613-5744-10238..4,2025-08-11,monthly_basic,4900
GPA.1790-9549-7127-10231..4,2025-08-12,monthly_basic,4900
GPA.1830-9427-8980-10519,2025-08-12,monthly_basic,4900
GPA.2196-3799-3944-10269..3,2025-08-12,monthly_basic,4900
GPA.3055-5561-6894-10424..1,2025-08-12,monthly_plus,9900
GPA.3762-2247-7623-10075..6,2025-08-12,monthly_basic,4900
GPA.3981-6854-3645-10454..1,2025-08-12,monthly_basic,4900
GPA.4724-8332-8549-10274..3,2025-08-12,monthly_basic,4900
GPA.4959-3470-4198-10255..3,2025-08-12,monthly_basic,4900
GPA.5231-5469-9873-10418..1,2025-08-12,monthly_basic,4900
GPA.5514-8971-2605-10403..1,2025-08-12,monthly_plus,9900
GPA.5972-1536-9265-10438..1,2025-08-12,monthly_basic,4900
GPA.6933-7124-7080-10540,2025-08-12,monthly_basic,4900
GPA.6959-9827-4557-10208..4,2025-08-12,monthly_basic,4900
GPA.7678-2110-9429-10395..1,2025-08-12,monthly_basic,4900
GPA.9126-8210-7980-10275..3,2025-08-12,monthly_basic,4900
GPA.9607-4426-8246-10041..7,2025-08-12,monthly_basic,4900
GPA.9739-4534-8653-10069..6,2025-08-12,monthly_basic,4900
GPA.9749-4814-9006-10442..1,2025-08-12,monthly_basic,4900
GPA.1587-8050-8376-10142..5,2025-08-13,monthly_plus,9900
GPA.1889-7212-8073-10136..5,2025-08-13,monthly_plus,9900
GPA.2261-2811-3690-10298..3,2025-08-13,monthly_basic,4900
GPA.3592-1465-2368-10337..2,2025-08-13,monthly_plus,9900
GPA.4622-6272-2903-10250..3,2025-08-13,monthly_basic,4900
GPA.5428-1861-5088-10013..7,2025-08-13,monthly_basic,4900
GPA.7016-1857-8619-10131..5,2025-08-13,monthly_basic,4900
GPA.7658-6561-3906-10260..3,2025-08-13,monthly_basic,4900
GPA.8870-3362-6506-10156..5,2025-08-13,monthly_basic,4900
GPA.2619-1239-3180-10475,2025-08-14,monthly_basic,4900
GPA.3358-7373-9449-10236..4,2025-08-14,monthly_basic,4900
GPA.4595-1667-8654-10346..2,2025-08-14,monthly_basic,4900
GPA.6348-1843-7989-10096..6,2025-08-14,monthly_plus,9900
GPA.8263-4035-9334-10239..4,2025-08-14,monthly_basic,4900
GPA.8460-6139-9623-10305..3,2025-08-14,monthly_basic,4900
GPA.8608-1427-7166-10544,2025-08-14,monthly_basic,4900
GPA.9260-3473-5782-10373..2,2025-08-14,monthly_basic,4900
GPA.9377-6413-4347-10039..7,2025-08-14,monthly_plus,9900
GPA.9381-8599-3979-10019..7,2025-08-14,monthly_basic,4900
GPA.9663-9976-2013-10320..2,2025-08-14,monthly_basic,4900
GPA.9914-4830-7548-10121..5,2025-08-14,monthly_plus,9900
GPA.1075-9370-7572-10066..6,2025-08-15,monthly_basic,4900
GPA.1570-6408-3162-10294..3,2025-08-15,monthly_basic,4900
GPA.1611-1417-8032-10167..5,2025-08-15,monthly_basic,4900
GPA.1856-9188-6868-10129..5,2025-08-15,monthly_basic,4900
GPA.2787-3621-7234-10466..1,2025-08-15,monthly_basic,4900
GPA.3292-4847-8861-10267..3,2025-08-15,monthly_plus,9900
GPA.3318-7228-1386-10101..6,2025-08-15,monthly_basic,4900
GPA.3424-9093-4176-10406..1,2025-08-15,monthly_plus,9900
GPA.3736-4190-3552-10233..4,2025-08-15,monthly_plus,9900
GPA.4442-4150-7208-10319..2,2025-08-15,monthly_basic,4900
GPA.4753-7563-1767-10548,2025-08-15,monthly_basic,4900
GPA.6019-9888-9443-10392..1,2025-08-15,monthly_basic,4900
GPA.6298-3761-7341-10221..4,2025-08-15,monthly_plus,9900
GPA.6356-9739-3318-10077..6,2025-08-15,monthly_plus,9900
GPA.6538-7423-4395-10357..2,2025-08-15,monthly_plus,9900
GPA.9130-3747-5245-10258..3,2025-08-15,monthly_basic,4900
GPA.9538-7549-7874-10012..7,2025-08-15,monthly_basic,4900
GPA.9887-4332-3504-10524,2025-08-15,monthly_basic,4900
GPA.9958-8006-1672-10194..4,2025-08-15,monthly_basic,4900
GPA.1136-5407-6802-10464..1,2025-08-16,monthly_basic,4900
GPA.1915-2685-4161-10109..6,2025-08-16,monthly_basic,4900
GPA.2281-5497-4841-10500,2025-08-16,monthly_basic,4900
GPA.2462-3225-1555-10404..1,2025-08-16,monthly_basic,4900
GPA.5584-1636-8409-10265..3,2025-08-16,monthly_basic,4900
GPA.6341-8632-9441-10520,2025-08-16,monthly_basic,4900
GPA.6425-7791-3177-10530,2025-08-16,monthly_basic,4900
GPA.6456-7612-8970-10055..7,2025-08-16,monthly_plus,9900
GPA.7124-3305-6088-10446..1,2025-08-16,monthly_basic,4900
GPA.7213-5715-2077-10309..3,2025-08-16,monthly_plus,9900
GPA.8170-7623-8874-10010..7,2025-08-16,monthly_basic,4900
GPA.8564-2237-8908-10125..5,2025-08-16,monthly_plus,9900
GPA.8597-9560-3647-10237..4,2025-08-16,monthly_plus,9900
GPA.9226-2943-3482-10210..4,2025-08-16,monthly_plus,9900
GPA.9483-7638-6348-10551,2025-08-16,monthly_basic,4900
GPA.1329-2610-7954-10331..2,2025-08-17,monthly_basic,4900
GPA.3725-6938-6923-10033..7,2025-08-17,monthly_basic,4900
GPA.4638-7547-4840-10426..1,2025-08-17,monthly_basic,4900
GPA.5131-4453-2134-10342..2,2025-08-17,monthly_basic,4900
GPA.5691-3542-7898-10091..6,2025-08-17,monthly_basic,4900
GPA.5850-9838-8878-10245..4,2025-08-17,monthly_basic,4900
GPA.5870-3711-4764-10015..7,2025-08-17,monthly_basic,4900
GPA.6011-5089-9713-10026..7,2025-08-17,monthly_basic,4900
GPA.6385-4912-6398-10185..4,2025-08-17,monthly_basic,4900
GPA.7742-6593-1277-10256..3,2025-08-17,monthly_basic,4900
GPA.8434-7839-9926-10085..6,2025-08-17,monthly_basic,4900
GPA.9219-9383-2442-10097..6,2025-08-17,monthly_basic,4900
GPA.9471-2116-2154-10196..4,2025-08-17,monthly_plus,9900
GPA.9970-2625-2692-10451..1,2025-08-17,monthly_plus,9900
GPA.1324-4866-2415-10227..4,2025-08-18,monthly_plus,9900
GPA.2570-5155-7983-10452..1,2025-08-18,monthly_plus,9900
GPA.3008-5379-3125-10506,2025-08-18,monthly_basic,4900
GPA.3291-7154-2284-10378..2,2025-08-18,monthly_basic,4900
GPA.3724-1661-4100-10310..3,2025-08-18,monthly_basic,4900
GPA.4364-3384-1751-10100..6,2025-08-18,monthly_basic,4900
GPA.5471-7506-9233-10262..3,2025-08-18,monthly_basic,4900
GPA.6103-6648-7345-10116..6,2025-08-18,monthly_basic,4900
GPA.6294-9792-5999-10380..2,2025-08-18,monthly_basic,4900
GPA.6409-2567-9964-10535,2025-08-18,monthly_basic,4900
GPA.6639-3871-4132-10029..7,2025-08-18,monthly_basic,4900
GPA.6682-9670-4187-10211..4,2025-08-18,monthly_basic,4900
GPA.6757-7658-2796-10288..3,2025-08-18,monthly_basic,4900
GPA.7076-1205-8895-10169..5,2025-08-18,monthly_basic,4900
GPA.7341-5407-4984-10035..7,2025-08-18,monthly_basic,4900
GPA.7351-4269-3559-10335..2,2025-08-18,monthly_basic,4900
GPA.8557-9320-9547-10128..5,2025-08-18,monthly_basic,4900
GPA.9065-1440-4233-10145..5,2025-08-18,monthly_basic,4900
GPA.9196-9036-2537-10545,2025-08-18,monthly_basic,4900
GPA.1734-4531-4208-10248..4,2025-08-19,monthly_basic,4900
GPA.1899-4070-4920-10226..4,2025-08-19,monthly_basic,4900
GPA.3164-3090-1982-10400..1,2025-08-19,monthly_basic,4900
GPA.3368-2429-2940-10396..1,2025-08-19,monthly_basic,4900
GPA.4439-9400-9930-10527,2025-08-19,monthly_plus,9900
GPA.5446-7045-9998-10371..2,2025-08-19,monthly_basic,4900
GPA.5502-4196-4218-10348..2,2025-08-19,monthly_basic,4900
GPA.6946-3981-3168-10122..5,2025-08-19,monthly_basic,4900
GPA.7247-7632-7375-10271..3,2025-08-19,monthly_plus,9900
GPA.7509-1907-8099-10112..6,2025-08-19,monthly_plus,9900
GPA.7689-2101-2488-10173..5,2025-08-19,monthly_basic,4900
GPA.7711-3538-2797-10387..2,2025-08-19,monthly_basic,4900
GPA.7760-3219-9217-10034..7,2025-08-19,monthly_plus,9900
GPA.7977-9022-5605-10408..1,2025-08-19,monthly_basic,4900
GPA.8137-1191-6998-10439..1,2025-08-19,monthly_basic,4900
GPA.8385-5625-5046-10493,2025-08-19,monthly_basic,4900
GPA.8846-5133-8069-10511,2025-08-19,monthly_plus,9900
GPA.9391-9312-9554-10181..5,2025-08-19,monthly_basic,4900
GPA.9599-7010-2684-10329..2,2025-08-19,monthly_basic,4900
GPA.1096-4085-6243-10323..2,2025-08-20,monthly_basic,4900
GPA.1844-1464-2866-10389..2,2025-08-20,monthly_basic,4900
GPA.1863-1367-5650-10180..5,2025-08-20,monthly_plus,9900
GPA.2999-1610-6342-10465..1,2025-08-20,monthly_basic,4900
GPA.3432-6195-9671-10523,2025-08-20,monthly_basic,4900
GPA.3808-9759-3897-10215..4,2025-08-20,monthly_basic,4900
GPA.3818-3962-8008-10307..3,2025-08-20,monthly_basic,4900
GPA.4366-7590-6737-10126..5,2025-08-20,monthly_plus,9900
GPA.4959-5698-9448-10056..6,2025-08-20,monthly_basic,4900
GPA.4977-9091-9484-10220..4,2025-08-20,monthly_plus,9900
GPA.5864-1209-8563-10528,2025-08-20,monthly_basic,4900
GPA.6916-4554-2439-10028..7,2025-08-20,monthly_plus,9900
GPA.7135-7541-3163-10327..2,2025-08-20,monthly_basic,4900
GPA.7448-2353-5160-10195..4,2025-08-20,monthly_basic,4900
GPA.9360-1996-5636-10353..2,2025-08-20,monthly_plus,9900
GPA.9678-2138-7787-10463..1,2025-08-20,monthly_plus,9900
GPA.1504-2684-6648-10479,2025-08-21,monthly_plus,9900
GPA.1507-7021-9775-10430..1,2025-08-21,monthly_basic,4900
GPA.1781-1071-1545-10341..2,2025-08-21,monthly_basic,4900
GPA.2012-6957-8741-10532,2025-08-21,monthly_plus,9900
GPA.2360-1714-3567-10487,2025-08-21,monthly_basic,4900
GPA.3343-5907-2472-10244..4,2025-08-21,monthly_plus,9900
GPA.3807-3116-2211-10498,2025-08-21,monthly_basic,4900
GPA.4237-9284-9103-10272..3,2025-08-21,monthly_basic,4900
GPA.4810-4549-5909-10038..7,2025-08-21,monthly_basic,4900
GPA.6736-3893-9873-10332..2,2025-08-21,monthly_basic,4900
GPA.7210-1294-5221-10139..5,2025-08-21,monthly_basic,4900
GPA.7224-2675-5158-10333..2,2025-08-21,monthly_plus,9900
GPA.7374-9132-1553-10489,2025-08-21,monthly_basic,4900
GPA.7632-5247-1887-10218..4,2025-08-21,monthly_basic,4900
GPA.8445-2534-6634-10202..4,2025-08-21,monthly_plus,9900
GPA.8835-4364-6091-10343..2,2025-08-21,monthly_basic,4900
GPA.8934-3985-6768-10172..5,2025-08-21,monthly_plus,9900
GPA.1066-1845-9456-10541,2025-08-22,monthly_plus,9900
GPA.1434-3925-3166-10431..1,2025-08-22,monthly_basic,4900
GPA.1596-7220-2703-10207..4,2025-08-22,monthly_plus,9900
GPA.2318-4093-6255-10178..5,2025-08-22,monthly_basic,4900
GPA.2783-3989-8302-10437..1,2025-08-22,monthly_plus,9900
GPA.2971-8704-1814-10149..5,2025-08-22,monthly_plus,9900
GPA.4072-9379-7289-10416..1,2025-08-22,monthly_basic,4900
GPA.4243-8685-4784-10190..4,2025-08-22,monthly_plus,9900
GPA.4704-4436-9862-10176..5,2025-08-22,monthly_basic,4900
GPA.4888-5250-2953-10505,2025-08-22,monthly_basic,4900
GPA.5032-7251-8542-10293..3,2025-08-22,monthly_basic,4900
GPA.5037-9380-7212-10222..4,2025-08-22,monthly_basic,4900
GPA.5177-2002-6456-10372..2,2025-08-22,monthly_plus,9900
GPA.5211-9319-6780-10264..3,2025-08-22,monthly_basic,4900
GPA.5266-3942-3345-10480,2025-08-22,monthly_plus,9900
GPA.7960-4319-4210-10502,2025-08-22,monthly_basic,4900
GPA.8227-6943-6392-10375..2,2025-08-22,monthly_basic,4900
GPA.8827-2134-8855-10448..1,2025-08-22,monthly_plus,9900
GPA.8906-3635-1672-10381..2,2025-08-22,monthly_basic,4900
GPA.9202-3241-1254-10469,2025-08-22,monthly_basic,4900
GPA.9349-6684-1996-10182..5,2025-08-22,monthly_plus,9900
GPA.1391-2646-7171-10011..7,2025-08-23,monthly_basic,4900
GPA.2591-9367-2155-10481,2025-08-23,monthly_plus,9900
GPA.2931-9146-2666-10521,2025-08-23,monthly_basic,4900
GPA.2957-5323-9303-10410..1,2025-08-23,monthly_plus,9900
GPA.3279-3655-7427-10137..5,2025-08-23,monthly_basic,4900
GPA.3456-4679-2191-10155..5,2025-08-23,monthly_plus,9900
GPA.3573-1151-5018-10158..5,2025-08-23,monthly_plus,9900
GPA.3593-4503-3711-10114..6,2025-08-23,monthly_basic,4900
GPA.4040-7479-8912-10394..1,2025-08-23,monthly_basic,4900
GPA.4252-5257-6985-10552,2025-08-23,monthly_basic,4900
GPA.4879-8840-6106-10045..7,2025-08-23,monthly_basic,4900
GPA.6764-1615-3485-10504,2025-08-23,monthly_basic,4900
GPA.6978-9812-9941-10422..1,2025-08-23,monthly_plus,9900
GPA.7359-3645-9504-10268..3,2025-08-23,monthly_plus,9900
GPA.7604-8346-5975-10435..1,2025-08-23,monthly_basic,4900
GPA.8379-6452-9819-10014..7,2025-08-23,monthly_plus,9900
GPA.9499-6791-1347-10529,2025-08-23,monthly_basic,4900
GPA.1240-5146-8223-10303..3,2025-08-24,monthly_basic,4900
GPA.1241-1262-7986-10321..2,2025-08-24,monthly_basic,4900
GPA.1671-4445-3848-10240..4,2025-08-24,monthly_plus,9900
GPA.1691-7237-5023-10213..4,2025-08-24,monthly_basic,4900
GPA.1987-5470-3868-10384..2,2025-08-24,monthly_basic,4900
GPA.2253-5997-8447-10401..1,2025-08-24,monthly_basic,4900
GPA.2509-9059-3401-10285..3,2025-08-24,monthly_basic,4900
GPA.2558-5666-7919-10445..1,2025-08-24,monthly_basic,4900
GPA.3219-7197-4295-10330..2,2025-08-24,monthly_basic,4900
GPA.3248-4906-6175-10513,2025-08-24,monthly_plus,9900
GPA.3890-6601-7746-10414..1,2025-08-24,monthly_plus,9900
GPA.5167-2700-1244-10123..5,2025-08-24,monthly_basic,4900
GPA.5428-1328-2147-10277..3,2025-08-24,monthly_basic,4900
GPA.6453-3232-9678-10497,2025-08-24,monthly_basic,4900
GPA.6736-1935-3657-10444..1,2025-08-24,monthly_basic,4900
GPA.7516-7334-4277-10152..5,2025-08-24,monthly_basic,4900
GPA.7710-7882-6172-10134..5,2025-08-24,monthly_plus,9900
GPA.8116-4733-2271-10098..6,2025-08-24,monthly_plus,9900
GPA.8128-3731-4413-10525,2025-08-24,monthly_basic,4900
GPA.8820-1712-6723-10457..1,2025-08-24,monthly_basic,4900
GPA.9611-7998-1910-10079..6,2025-08-24,monthly_basic,4900
GPA.1267-1813-4526-10314..3,2025-08-25,monthly_basic,4900
GPA.1682-4017-7969-10385..2,2025-08-25,monthly_basic,4900
GPA.2206-8661-6168-10031..7,2025-08-25,monthly_basic,4900
GPA.3054-9988-2263-10117..6,2025-08-25,monthly_basic,4900
GPA.3407-4794-7011-10200..4,2025-08-25,monthly_basic,4900
GPA.3828-6147-6139-10051..7,2025-08-25,monthly_basic,4900
GPA.5004-4451-5641-10046..7,2025-08-25,monthly_basic,4900
GPA.5730-5709-5993-10512,2025-08-25,monthly_plus,9900
GPA.6153-9074-1819-10027..7,2025-08-25,monthly_basic,4900
GPA.6216-9631-7558-10140..5,2025-08-25,monthly_basic,4900
GPA.6254-7423-5743-10214..4,2025-08-25,monthly_basic,4900
GPA.8823-1748-6765-10443..1,2025-08-25,monthly_basic,4900
GPA.9031-9795-1511-10538,2025-08-25,monthly_plus,9900
GPA.9422-6736-7376-10397..1,2025-08-25,monthly_basic,4900
GPA.1101-6130-2248-10517,2025-08-26,monthly_basic,4900
GPA.2161-5057-7071-10549,2025-08-26,monthly_basic,4900
GPA.2403-7728-1648-10503,2025-08-26,monthly_basic,4900
GPA.4062-7484-5119-10531,2025-08-26,monthly_basic,4900
GPA.4414-7354-6567-10351..2,2025-08-26,monthly_plus,9900
GPA.4742-7235-3959-10349..2,2025-08-26,monthly_plus,9900
GPA.5963-7516-8034-10483,2025-08-26,monthly_basic,4900
GPA.6847-9840-2857-10280..3,2025-08-26,monthly_basic,4900
GPA.8072-1013-5533-10476,2025-08-26,monthly_basic,4900
GPA.9383-2915-6478-10279..3,2025-08-26,monthly_basic,4900
GPA.9734-5420-5220-10328..2,2025-08-26,monthly_basic,4900
GPA.9759-3638-8448-10290..3,2025-08-26,monthly_basic,4900
GPA.9861-7852-6857-10020..7,2025-08-26,monthly_basic,4900
GPA.9987-5934-1849-10398..1,2025-08-26,monthly_basic,4900
GPA.2663-3637-3795-10133..5,2025-08-27,monthly_basic,4900
GPA.3692-3788-7850-10390..1,2025-08-27,monthly_plus,9900
GPA.4320-1983-9383-10021..3,2025-08-27,monthly_basic,4900
GPA.4506-8899-9824-10164..5,2025-08-27,monthly_basic,4900
GPA.4958-2325-9382-10242..4,2025-08-27,monthly_basic,4900
GPA.5332-8959-4844-10179..5,2025-08-27,monthly_basic,4900
GPA.6512-2646-1761-10399..1,2025-08-27,monthly_basic,4900
GPA.7420-5851-6204-10090..6,2025-08-27,monthly_basic,4900
GPA.7471-4254-1235-10429..1,2025-08-27,monthly_plus,9900
GPA.7867-7938-4796-10358..2,2025-08-27,monthly_basic,4900
GPA.8273-1337-6634-10365..2,2025-08-27,monthly_basic,4900
GPA.9946-3281-5562-10425..1,2025-08-27,monthly_basic,4900
GPA.1163-6008-9733-10441..1,2025-08-28,monthly_basic,4900
GPA.1628-3020-9969-10191..4,2025-08-28,monthly_plus,9900
GPA.1855-7235-6795-10063..6,2025-08-28,monthly_plus,9900
GPA.2037-4510-5054-10036..7,2025-08-28,monthly_plus,9900
GPA.2089-3316-8129-10232..4,2025-08-28,monthly_basic,4900
GPA.2290-5894-7126-10554,2025-08-28,monthly_basic,4900
GPA.2344-5767-5302-10409..1,2025-08-28,monthly_basic,4900
GPA.3935-2608-8010-10537,2025-08-28,monthly_plus,9900
GPA.4801-9440-1021-10286..3,2025-08-28,monthly_basic,4900
GPA.5672-7909-5669-10417..1,2025-08-28,monthly_basic,4900
GPA.5746-9384-8952-10080..6,2025-08-28,monthly_basic,4900
GPA.6022-9546-3059-10324..2,2025-08-28,monthly_basic,4900
GPA.6045-7716-1799-10362..2,2025-08-28,monthly_basic,4900
GPA.7597-1795-4527-10094..6,2025-08-28,monthly_plus,9900
GPA.8488-8275-8271-10235..4,2025-08-28,monthly_basic,4900
GPA.8608-6276-9282-10163..5,2025-08-28,monthly_basic,4900
GPA.8994-2524-4965-10383..2,2025-08-28,monthly_basic,4900
GPA.9127-1994-6912-10355..2,2025-08-28,monthly_basic,4900
GPA.9390-6712-6782-10471,2025-08-28,monthly_basic,4900
GPA.1505-9157-7699-10361..3,2025-09-01,monthly_plus,9900
GPA.1686-2768-8843-10494..1,2025-09-01,monthly_basic,4900
GPA.1949-3311-6874-10420..2,2025-09-01,monthly_plus,9900
GPA.2851-8162-2110-10434..2,2025-09-01,monthly_basic,4900
GPA.3395-3772-5379-10204..5,2025-09-01,monthly_plus,9900
GPA.3419-3516-4831-10064..7,2025-09-01,monthly_plus,9900
GPA.3473-2940-6316-10023..8,2025-09-01,monthly_basic,4900
GPA.4449-7781-8015-10566,2025-09-01,monthly_plus,9900
GPA.5418-1011-6706-10356..3,2025-09-01,monthly_plus,9900
GPA.5659-9035-9088-10088..7,2025-09-01,monthly_basic,4900
GPA.5664-9566-5582-10062..7,2025-09-01,monthly_basic,4900
GPA.6781-1446-5336-10637,2025-09-01,monthly_basic,4900
GPA.8080-4853-2229-10161..6,2025-09-01,monthly_basic,4900
GPA.8372-1232-1624-10212..5,2025-09-01,monthly_basic,4900
GPA.8545-3115-9967-10472..1,2025-09-01,monthly_basic,4900
GPA.8740-7153-4007-10421..2,2025-09-01,monthly_plus,9900
GPA.8858-1423-9496-10627,2025-09-01,monthly_plus,9900
GPA.8962-2214-3257-10273..4,2025-09-01,monthly_basic,4900
GPA.9417-7335-1637-10491..1,2025-09-01,monthly_basic,4900
GPA.9511-5695-6078-10370..3,2025-09-01,monthly_basic,4900
GPA.9534-1869-8141-10456..2,2025-09-01,monthly_basic,4900
GPA.9699-6499-6803-10115..7,2025-09-01,monthly_basic,4900
GPA.9870-7374-6015-10534..1,2025-09-01,monthly_plus,9900
GPA.9942-7800-2508-10484..1,2025-09-01,monthly_basic,4900
GPA.1489-8834-4182-10405..2,2025-09-02,monthly_basic,4900
GPA.1804-3963-4725-10462..2,2025-09-02,monthly_basic,4900
GPA.1832-5313-6895-10175..6,2025-09-02,monthly_basic,4900
GPA.2155-5221-4862-10366..3,2025-09-02,monthly_basic,4900
GPA.2936-2584-4319-10432..2,2025-09-02,monthly_plus,9900
GPA.3070-2885-1535-10419..2,2025-09-02,monthly_basic,4900
GPA.3598-1310-7562-10205..5,2025-09-02,monthly_plus,9900
GPA.3689-1868-2277-10495..1,2025-09-02,monthly_plus,9900
GPA.4592-1953-7554-10053..8,2025-09-02,monthly_basic,4900
GPA.4646-1198-3035-10515..1,2025-09-02,monthly_basic,4900
GPA.4699-5310-5625-10612,2025-09-02,monthly_basic,4900
GPA.5908-7334-8793-10276..4,2025-09-02,monthly_basic,4900
GPA.6671-2357-1899-10604,2025-09-02,monthly_basic,4900
GPA.7266-2806-6095-10482..1,2025-09-02,monthly_basic,4900
GPA.7809-4993-5782-10393..2,2025-09-02,monthly_basic,4900
GPA.8283-8302-3738-10308..4,2025-09-02,monthly_basic,4900
GPA.9049-1873-8922-10589,2025-09-02,monthly_basic,4900
GPA.9706-3081-9343-10516..1,2025-09-02,monthly_basic,4900
GPA.2838-4546-5997-10377..3,2025-09-03,monthly_basic,4900
GPA.3124-2707-2650-10453..2,2025-09-03,monthly_basic,4900
GPA.3239-7888-4606-10243..5,2025-09-03,monthly_basic,4900
GPA.3377-8686-3784-10199..5,2025-09-03,monthly_plus,9900
GPA.3379-3749-6212-10510..1,2025-09-03,monthly_basic,4900
GPA.3544-6743-3827-10254..4,2025-09-03,monthly_basic,4900
GPA.3552-1536-5012-10477..1,2025-09-03,monthly_basic,4900
GPA.4719-8044-3336-10217..5,2025-09-03,monthly_plus,9900
GPA.5376-7591-3453-10048..8,2025-09-03,monthly_plus,9900
GPA.5496-7339-6564-10124..6,2025-09-03,monthly_basic,4900
GPA.6295-6898-5011-10071..7,2025-09-03,monthly_basic,4900
GPA.6312-9571-3791-10553..1,2025-09-03,monthly_basic,4900
GPA.6576-1160-2121-10143..6,2025-09-03,monthly_basic,4900
GPA.7301-6170-6711-10003..8,2025-09-03,monthly_basic,4900
GPA.7342-7940-5280-10287..4,2025-09-03,monthly_plus,9900
GPA.7964-6890-4949-10001..8,2025-09-03,monthly_basic,4900
GPA.8379-3655-2949-10467..2,2025-09-03,monthly_plus,9900
GPA.8488-4132-3664-10622,2025-09-03,monthly_plus,9900
GPA.9187-7741-4050-10225..5,2025-09-03,monthly_basic,4900
GPA.9386-4103-4022-10130..6,2025-09-03,monthly_basic,4900
GPA.9793-9429-4929-10047..8,2025-09-03,monthly_basic,4900
GPA.1127-2374-1950-10253..4,2025-09-04,monthly_plus,9900
GPA.1628-6965-4410-10070..7,2025-09-04,monthly_basic,4900
GPA.1719-9988-7231-10427..2,2025-09-04,monthly_basic,4900
GPA.2217-5570-4836-10367..3,2025-09-04,monthly_basic,4900
GPA.2814-4199-4062-10162..6,2025-09-04,monthly_basic,4900
GPA.3650-5290-9068-10640,2025-09-04,monthly_plus,9900
GPA.4423-5539-6319-10440..2,2025-09-04,monthly_plus,9900
GPA.4550-3077-4481-10249..4,2025-09-04,monthly_basic,4900
GPA.5631-7386-6312-10022..8,2025-09-04,monthly_basic,4900
GPA.7460-8698-6580-10485..1,2025-09-04,monthly_basic,4900
GPA.7848-5191-3808-10102..7,2025-09-04,monthly_basic,4900
GPA.7901-9183-7891-10322..3,2025-09-04,monthly_basic,4900
GPA.8042-4668-3524-10382..3,2025-09-04,monthly_basic,4900
GPA.8164-6354-2546-10289..4,2025-09-04,monthly_basic,4900
GPA.9089-6871-1993-10376..3,2025-09-04,monthly_basic,4900
GPA.9291-3505-2392-10449..2,2025-09-04,monthly_basic,4900
GPA.1927-8644-5255-10565,2025-09-05,monthly_basic,4900
GPA.1977-3688-4915-10007..8,2025-09-05,monthly_basic,4900
GPA.2008-2754-1386-10106..7,2025-09-05,monthly_plus,9900
GPA.2139-5988-9631-10407..2,2025-09-05,monthly_plus,9900
GPA.2162-4123-9534-10501..1,2025-09-05,monthly_basic,4900
GPA.2715-7459-1957-10153..6,2025-09-05,monthly_basic,4900
GPA.2897-9723-6995-10148..6,2025-09-05,monthly_plus,9900
GPA.3573-2961-6791-10546..1,2025-09-05,monthly_plus,9900
GPA.4698-2820-5051-10450..2,2025-09-05,monthly_plus,9900
GPA.5414-1284-1916-10084..7,2025-09-05,monthly_basic,4900
GPA.5443-3391-1171-10508..1,2025-09-05,monthly_basic,4900
GPA.5720-9542-7054-10592,2025-09-05,monthly_basic,4900
GPA.6062-6934-1235-10486..1,2025-09-05,monthly_basic,4900
GPA.6353-3208-6512-10347..3,2025-09-05,monthly_basic,4900
GPA.6716-2102-2926-10539..1,2025-09-05,monthly_basic,4900
GPA.7315-3733-4450-10354..3,2025-09-05,monthly_basic,4900
GPA.7361-5911-4900-10629,2025-09-05,monthly_basic,4900
GPA.7516-2938-3542-10625,2025-09-05,monthly_basic,4900
GPA.9369-7010-8855-10050..8,2025-09-05,monthly_basic,4900
GPA.1517-5030-1454-10340..3,2025-09-06,monthly_basic,4900
GPA.1696-4481-4569-10474..1,2025-09-06,monthly_basic,4900
GPA.1910-6379-7099-10423..2,2025-09-06,monthly_basic,4900
GPA.2260-4335-8585-10127..6,2025-09-06,monthly_basic,4900
GPA.2261-2787-1680-10412..2,2025-09-06,monthly_basic,4900
GPA.2788-7250-8587-10518..1,2025-09-06,monthly_basic,4900
GPA.3867-7739-9221-10490..1,2025-09-06,monthly_plus,9900
GPA.4329-6031-8073-10386..3,2025-09-06,monthly_basic,4900
GPA.4998-1492-4054-10609,2025-09-06,monthly_basic,4900
GPA.6384-2815-3570-10533..1,2025-09-06,monthly_basic,4900
GPA.6940-6888-6898-10591,2025-09-06,monthly_basic,4900
GPA.7017-2180-5003-10189..5,2025-09-06,monthly_basic,4900
GPA.7550-5097-4724-10304..4,2025-09-06,monthly_basic,4900
GPA.8409-5491-3017-10252..4,2025-09-06,monthly_basic,4900
GPA.8710-4590-8186-10291..4,2025-09-06,monthly_basic,4900
GPA.9489-1040-9325-10459..2,2025-09-06,monthly_basic,4900
GPA.1985-4114-5351-10105..7,2025-09-07,monthly_basic,4900
GPA.2130-8500-5760-10278..4,2025-09-07,monthly_basic,4900
GPA.2658-7585-7777-10488..1,2025-09-07,monthly_basic,4900
GPA.2915-7794-7009-10283..4,2025-09-07,monthly_basic,4900
GPA.3131-4503-3450-10120..6,2025-09-07,monthly_basic,4900
GPA.3469-3207-9211-10580,2025-09-07,monthly_basic,4900
GPA.3605-7836-2377-10058..7,2025-09-07,monthly_basic,4900
GPA.3610-1966-9839-10186..5,2025-09-07,monthly_basic,4900
GPA.3611-8633-3466-10587,2025-09-07,monthly_basic,4900
GPA.4334-6289-8972-10092..7,2025-09-07,monthly_plus,9900
GPA.4340-3158-4703-10436..2,2025-09-07,monthly_plus,9900
GPA.4703-3384-6675-10473..1,2025-09-07,monthly_plus,9900
GPA.4779-6717-2142-10388..3,2025-09-07,monthly_basic,4900
GPA.5227-7105-5272-10311..4,2025-09-07,monthly_plus,9900
GPA.5979-8900-8828-10555..1,2025-09-07,monthly_basic,4900
GPA.5980-2115-9571-10067..7,2025-09-07,monthly_plus,9900
GPA.6432-1597-5554-10447..2,2025-09-07,monthly_plus,9900
GPA.6938-2628-1318-10626,2025-09-07,monthly_basic,4900
GPA.6959-3299-4699-10299..4,2025-09-07,monthly_plus,9900
GPA.7194-3296-8129-10374..3,2025-09-07,monthly_basic,4900
GPA.8491-7685-7937-10057..7,2025-09-07,monthly_basic,4900
GPA.9303-6781-7842-10325..3,2025-09-07,monthly_basic,4900
GPA.9552-3003-1750-10317..3,2025-09-07,monthly_basic,4900
GPA.9638-3726-1861-10246..5,2025-09-07,monthly_plus,9900
GPA.9912-7597-5506-10575,2025-09-07,monthly_basic,4900
GPA.1129-9157-5507-10201..5,2025-09-08,monthly_basic,4900
GPA.1374-4217-4481-10168..6,2025-09-08,monthly_basic,4900
GPA.1470-5303-6026-10470..1,2025-09-08,monthly_basic,4900
GPA.1847-4554-9945-10526..1,2025-09-08,monthly_basic,4900
GPA.2009-3999-7589-10559,2025-09-08,monthly_basic,4900
GPA.2113-6971-1982-10009..8,2025-09-08,monthly_basic,4900
GPA.3760-8455-5037-10369..3,2025-09-08,monthly_basic,4900
GPA.4022-6634-6258-10536..1,2025-09-08,monthly_basic,4900
GPA.4087-7989-4655-10468..1,2025-09-08,monthly_basic,4900
GPA.4197-9122-6442-10141..6,2025-09-08,monthly_plus,9900
GPA.4237-7834-6317-10339..3,2025-09-08,monthly_basic,4900
GPA.5349-2496-9933-10605,2025-09-08,monthly_basic,4900
GPA.5430-1001-9815-10458..2,2025-09-08,monthly_basic,4900
GPA.5559-6595-3208-10119..6,2025-09-08,monthly_basic,4900
GPA.5784-8341-1973-10334..3,2025-09-08,monthly_basic,4900
GPA.6032-7877-9721-10004..8,2025-09-08,monthly_basic,4900
GPA.6417-8753-7095-10514..1,2025-09-08,monthly_basic,4900
GPA.6605-3492-2778-10581,2025-09-08,monthly_plus,9900
GPA.7274-6452-5253-10461..2,2025-09-08,monthly_basic,4900
GPA.7402-1159-3496-10636,2025-09-08,monthly_basic,4900
GPA.8741-8366-2424-10522..1,2025-09-08,monthly_basic,4900
GPA.9225-4047-2963-10166..6,2025-09-08,monthly_basic,4900
GPA.9928-6913-4602-10543..1,2025-09-08,monthly_basic,4900
GPA.1399-5427-5303-10316..4,2025-09-09,monthly_basic,4900
GPA.1648-6710-6889-10638,2025-09-09,monthly_basic,4900
GPA.1902-3078-1331-10192..5,2025-09-09,monthly_basic,4900
GPA.3106-3271-2218-10030..8,2025-09-09,monthly_basic,4900
GPA.3950-8437-6589-10579,2025-09-09,monthly_basic,4900
GPA.4004-6078-3653-10492..1,2025-09-09,monthly_plus,9900
GPA.4890-1196-8222-10547..1,2025-09-09,monthly_plus,9900
GPA.5577-4741-5141-10300..4,2025-09-09,monthly_basic,4900
GPA.6283-6871-6549-10016..8,2025-09-09,monthly_basic,4900
GPA.6710-6493-8125-10338..3,2025-09-09,monthly_basic,4900
GPA.6981-3976-8801-10499..1,2025-09-09,monthly_basic,4900
GPA.8344-3959-6045-10315..4,2025-09-09,monthly_basic,4900
GPA.8612-7803-6790-10564,2025-09-09,monthly_basic,4900
GPA.8613-9352-2585-10578,2025-09-09,monthly_plus,9900
GPA.8655-9837-5784-10187..5,2025-09-09,monthly_plus,9900
GPA.8736-2248-3200-10099..7,2025-09-09,monthly_basic,4900
GPA.8904-7450-6165-10507..1,2025-09-09,monthly_basic,4900
GPA.9072-4630-3814-10496..1,2025-09-09,monthly_basic,4900
GPA.9821-2740-4744-10132..6,2025-09-09,monthly_basic,4900
GPA.1787-5212-7584-10184..6,2025-09-10,monthly_plus,9900
GPA.1964-3934-4002-10411..2,2025-09-10,monthly_basic,4900
GPA.2643-2995-8125-10296..4,2025-09-10,monthly_plus,9900
GPA.3813-7054-5195-10570,2025-09-10,monthly_basic,4900
GPA.4056-8686-1114-10336..3,2025-09-10,monthly_basic,4900
GPA.4063-3943-6701-10550..1,2025-09-10,monthly_basic,4900
GPA.4763-4466-9820-10068..7,2025-09-10,monthly_basic,4900
GPA.5062-4328-7314-10621,2025-09-10,monthly_basic,4900
GPA.5832-9560-4392-10628,2025-09-10,monthly_basic,4900
GPA.5997-3650-7796-10413..2,2025-09-10,monthly_basic,4900
GPA.6727-8019-5508-10600,2025-09-10,monthly_basic,4900
GPA.7103-5410-6519-10509..1,2025-09-10,monthly_basic,4900
GPA.7251-7710-1593-10086..7,2025-09-10,monthly_basic,4900
GPA.7342-8191-9417-10263..4,2025-09-10,monthly_basic,4900
GPA.7538-1051-9662-10306..4,2025-09-10,monthly_basic,4900
GPA.8089-8848-9852-10318..3,2025-09-10,monthly_basic,4900
GPA.8460-8922-6251-10478..1,2025-09-10,monthly_plus,9900
GPA.8776-1144-5263-10154..6,2025-09-10,monthly_plus,9900
GPA.8944-1906-9986-10613,2025-09-10,monthly_basic,4900
GPA.1050-4399-9181-10560,2025-09-11,monthly_basic,4900
GPA.1080-3881-4577-10402..2,2025-09-11,monthly_basic,4900
GPA.1484-5646-5753-10230..5,2025-09-11,monthly_basic,4900
GPA.1534-2988-9731-10641,2025-09-11,monthly_basic,4900
GPA.1907-1573-7196-10597,2025-09-11,monthly_basic,4900
GPA.1936-7944-3660-10391..2,2025-09-11,monthly_plus,9900
GPA.2628-4753-7018-10428..2,2025-09-11,monthly_basic,4900
GPA.2689-8996-7833-10368..3,2025-09-11,monthly_plus,9900
GPA.3133-3573-4280-10284..4,2025-09-11,monthly_basic,4900
GPA.4250-7505-7930-10251..4,2025-09-11,monthly_basic,4900
GPA.4928-1569-1934-10364..3,2025-09-11,monthly_basic,4900
GPA.5121-4521-8062-10608,2025-09-11,monthly_basic,4900
GPA.5598-6256-1410-10379..3,2025-09-11,monthly_basic,4900
GPA.5813-6124-9552-10631,2025-09-11,monthly_basic,4900
GPA.5971-5100-4217-10563,2025-09-11,monthly_plus,9900
GPA.6101-1159-3030-10157..6,2025-09-11,monthly_basic,4900
GPA.6137-6029-2968-10460..2,2025-09-11,monthly_basic,4900
GPA.6194-5038-3183-10174..6,2025-09-11,monthly_basic,4900
GPA.6577-2245-9871-10642,2025-09-11,monthly_basic,4900
GPA.6982-3728-5610-10632,2025-09-11,monthly_plus,9900
GPA.7754-7283-9123-10542..1,2025-09-11,monthly_basic,4900
GPA.7836-4264-7514-10193..5,2025-09-11,monthly_plus,9900
GPA.8079-6215-4369-10043..8,2025-09-11,monthly_plus,9900
GPA.8458-8361-7774-10556..1,2025-09-11,monthly_basic,4900
GPA.8804-7613-5744-10238..5,2025-09-11,monthly_plus,9900
GPA.1790-9549-7127-10231..5,2025-09-12,monthly_basic,4900
GPA.1830-9427-8980-10519..1,2025-09-12,monthly_basic,4900
GPA.2196-3799-3944-10269..4,2025-09-12,monthly_basic,4900
GPA.3055-5561-6894-10424..2,2025-09-12,monthly_plus,9900
GPA.3762-2247-7623-10075..7,2025-09-12,monthly_basic,4900
GPA.3981-6854-3645-10454..2,2025-09-12,monthly_basic,4900
GPA.4724-8332-8549-10274..4,2025-09-12,monthly_basic,4900
GPA.4959-3470-4198-10255..4,2025-09-12,monthly_basic,4900
GPA.5231-5469-9873-10418..2,2025-09-12,monthly_basic,4900
GPA.5514-8971-2605-10403..2,2025-09-12,monthly_plus,9900
GPA.5972-1536-9265-10438..2,2025-09-12,monthly_basic,4900
GPA.6933-7124-7080-10540..1,2025-09-12,monthly_basic,4900
GPA.6959-9827-4557-10208..5,2025-09-12,monthly_basic,4900
GPA.7678-2110-9429-10395..2,2025-09-12,monthly_basic,4900
GPA.9126-8210-7980-10275..4,2025-09-12,monthly_plus,9900
GPA.9607-4426-8246-10041..8,2025-09-12,monthly_basic,4900
GPA.9739-4534-8653-10069..7,2025-09-12,monthly_basic,4900
GPA.9749-4814-9006-10442..2,2025-09-12,monthly_basic,4900
GPA.9858-5183-3383-10630,2025-09-12,monthly_basic,4900
GPA.1587-8050-8376-10142..6,2025-09-13,monthly_plus,9900
GPA.1889-7212-8073-10136..6,2025-09-13,monthly_plus,9900
GPA.2261-2811-3690-10298..4,2025-09-13,monthly_basic,4900
GPA.3592-1465-2368-10337..3,2025-09-13,monthly_plus,9900
GPA.4313-4281-9125-10595,2025-09-13,monthly_basic,4900
GPA.4622-6272-2903-10250..4,2025-09-13,monthly_basic,4900
GPA.5220-9106-7074-10607,2025-09-13,monthly_plus,9900
GPA.5428-1861-5088-10013..8,2025-09-13,monthly_basic,4900
GPA.7016-1857-8619-10131..6,2025-09-13,monthly_basic,4900
GPA.7658-6561-3906-10260..4,2025-09-13,monthly_basic,4900
GPA.8870-3362-6506-10156..6,2025-09-13,monthly_basic,4900
GPA.1316-7692-7040-10577,2025-09-14,monthly_basic,4900
GPA.1680-9650-5541-10620,2025-09-14,monthly_plus,9900
GPA.2619-1239-3180-10475..1,2025-09-14,monthly_basic,4900
GPA.3358-7373-9449-10236..5,2025-09-14,monthly_basic,4900
GPA.4595-1667-8654-10346..3,2025-09-14,monthly_basic,4900
GPA.5654-8585-6623-10572,2025-09-14,monthly_basic,4900
GPA.6348-1843-7989-10096..7,2025-09-14,monthly_plus,9900
GPA.8263-4035-9334-10239..5,2025-09-14,monthly_basic,4900
GPA.8460-6139-9623-10305..4,2025-09-14,monthly_basic,4900
GPA.8608-1427-7166-10544..1,2025-09-14,monthly_basic,4900
GPA.9042-7245-6317-10623,2025-09-14,monthly_basic,4900
GPA.9260-3473-5782-10373..3,2025-09-14,monthly_basic,4900
GPA.9377-6413-4347-10039..8,2025-09-14,monthly_plus,9900
GPA.9381-8599-3979-10019..8,2025-09-14,monthly_basic,4900
GPA.9663-9976-2013-10320..3,2025-09-14,monthly_basic,4900
GPA.9914-4830-7548-10121..6,2025-09-14,monthly_plus,9900
GPA.1075-9370-7572-10066..7,2025-09-15,monthly_basic,4900
GPA.1570-6408-3162-10294..4,2025-09-15,monthly_basic,4900
GPA.1611-1417-8032-10167..6,2025-09-15,monthly_basic,4900
GPA.1685-7194-6195-10558,2025-09-15,monthly_basic,4900
GPA.1856-9188-6868-10129..6,2025-09-15,monthly_basic,4900
GPA.2787-3621-7234-10466..2,2025-09-15,monthly_basic,4900
GPA.3292-4847-8861-10267..4,2025-09-15,monthly_plus,9900
GPA.3318-7228-1386-10101..7,2025-09-15,monthly_basic,4900
GPA.3424-9093-4176-10406..2,2025-09-15,monthly_plus,9900
GPA.4442-4150-7208-10319..3,2025-09-15,monthly_basic,4900
GPA.4753-7563-1767-10548..1,2025-09-15,monthly_basic,4900
GPA.6019-9888-9443-10392..2,2025-09-15,monthly_basic,4900
GPA.6298-3761-7341-10221..5,2025-09-15,monthly_plus,9900
GPA.6356-9739-3318-10077..7,2025-09-15,monthly_plus,9900
GPA.6538-7423-4395-10357..3,2025-09-15,monthly_plus,9900
GPA.9130-3747-5245-10258..4,2025-09-15,monthly_basic,4900
GPA.9538-7549-7874-10012..8,2025-09-15,monthly_basic,4900
GPA.9887-4332-3504-10524..1,2025-09-15,monthly_basic,4900
GPA.9958-8006-1672-10194..5,2025-09-15,monthly_basic,4900
GPA.1136-5407-6802-10464..2,2025-09-16,monthly_basic,4900
GPA.1324-4354-3390-10590,2025-09-16,monthly_basic,4900
GPA.1515-2600-7159-10616,2025-09-16,monthly_plus,9900
GPA.1792-1695-6299-10594,2025-09-16,monthly_basic,4900
GPA.2281-5497-4841-10500..1,2025-09-16,monthly_basic,4900
GPA.2462-3225-1555-10404..2,2025-09-16,monthly_basic,4900
GPA.5584-1636-8409-10265..4,2025-09-16,monthly_basic,4900
GPA.6078-4013-3803-10576,2025-09-16,monthly_basic,4900
GPA.6092-4759-2200-10567,2025-09-16,monthly_plus,9900
GPA.6341-8632-9441-10520..1,2025-09-16,monthly_basic,4900
GPA.6425-7791-3177-10530..1,2025-09-16,monthly_basic,4900
GPA.6456-7612-8970-10055..8,2025-09-16,monthly_plus,9900
GPA.7124-3305-6088-10446..2,2025-09-16,monthly_basic,4900
GPA.7213-5715-2077-10309..4,2025-09-16,monthly_plus,9900
GPA.7524-6067-2844-10585,2025-09-16,monthly_basic,4900
GPA.8170-7623-8874-10010..8,2025-09-16,monthly_basic,4900
GPA.8564-2237-8908-10125..6,2025-09-16,monthly_plus,9900
GPA.8597-9560-3647-10237..5,2025-09-16,monthly_plus,9900
GPA.9226-2943-3482-10210..5,2025-09-16,monthly_plus,9900
GPA.9483-7638-6348-10551..1,2025-09-16,monthly_basic,4900
GPA.1285-7817-7579-10599,2025-09-17,monthly_basic,4900
GPA.1329-2610-7954-10331..3,2025-09-17,monthly_basic,4900
GPA.3725-6938-6923-10033..8,2025-09-17,monthly_basic,4900
GPA.4638-7547-4840-10426..2,2025-09-17,monthly_basic,4900
GPA.5131-4453-2134-10342..3,2025-09-17,monthly_basic,4900
GPA.5505-8617-7342-10633,2025-09-17,monthly_basic,4900
GPA.5691-3542-7898-10091..7,2025-09-17,monthly_basic,4900
GPA.5850-9838-8878-10245..5,2025-09-17,monthly_basic,4900
GPA.5870-3711-4764-10015..8,2025-09-17,monthly_basic,4900
GPA.6011-5089-9713-10026..8,2025-09-17,monthly_basic,4900
GPA.6385-4912-6398-10185..5,2025-09-17,monthly_basic,4900
GPA.7742-6593-1277-10256..4,2025-09-17,monthly_basic,4900
GPA.8434-7839-9926-10085..7,2025-09-17,monthly_basic,4900
GPA.9219-9383-2442-10097..7,2025-09-17,monthly_basic,4900
GPA.9267-1772-8208-10596,2025-09-17,monthly_basic,4900
GPA.9471-2116-2154-10196..5,2025-09-17,monthly_plus,9900
GPA.9970-2625-2692-10451..2,2025-09-17,monthly_plus,9900
GPA.1324-4866-2415-10227..5,2025-09-18,monthly_plus,9900
GPA.2570-5155-7983-10452..2,2025-09-18,monthly_plus,9900
GPA.3008-5379-3125-10506..1,2025-09-18,monthly_basic,4900
GPA.3291-7154-2284-10378..3,2025-09-18,monthly_basic,4900
GPA.3724-1661-4100-10310..4,2025-09-18,monthly_basic,4900
GPA.3728-4607-3068-10593,2025-09-18,monthly_basic,4900
GPA.4364-3384-1751-10100..7,2025-09-18,monthly_basic,4900
GPA.4901-4433-7075-10345..2,2025-09-18,monthly_plus,9900
GPA.5452-5827-1856-10617,2025-09-18,monthly_basic,4900
GPA.5471-7506-9233-10262..4,2025-09-18,monthly_basic,4900
GPA.6103-6648-7345-10116..7,2025-09-18,monthly_basic,4900
GPA.6294-9792-5999-10380..3,2025-09-18,monthly_basic,4900
GPA.6409-2567-9964-10535..1,2025-09-18,monthly_basic,4900
GPA.6639-3871-4132-10029..8,2025-09-18,monthly_basic,4900
GPA.6682-9670-4187-10211..5,2025-09-18,monthly_basic,4900
GPA.6757-7658-2796-10288..4,2025-09-18,monthly_basic,4900
GPA.7076-1205-8895-10169..6,2025-09-18,monthly_basic,4900
GPA.7341-5407-4984-10035..8,2025-09-18,monthly_basic,4900
GPA.7351-4269-3559-10335..3,2025-09-18,monthly_basic,4900
GPA.8557-9320-9547-10128..6,2025-09-18,monthly_basic,4900
GPA.8580-2692-2642-10624,2025-09-18,monthly_basic,4900
GPA.8775-3408-6022-10614,2025-09-18,monthly_basic,4900
GPA.9065-1440-4233-10145..6,2025-09-18,monthly_basic,4900
GPA.9196-9036-2537-10545..1,2025-09-18,monthly_basic,4900
GPA.1734-4531-4208-10248..5,2025-09-19,monthly_basic,4900
GPA.1899-4070-4920-10226..5,2025-09-19,monthly_basic,4900
GPA.3164-3090-1982-10400..2,2025-09-19,monthly_basic,4900
GPA.3368-2429-2940-10396..2,2025-09-19,monthly_basic,4900
GPA.3566-5280-8440-10083..3,2025-09-19,monthly_basic,4900
GPA.3971-6937-3486-10635,2025-09-19,monthly_basic,4900
GPA.4439-9400-9930-10527..1,2025-09-19,monthly_plus,9900
GPA.5446-7045-9998-10371..3,2025-09-19,monthly_basic,4900
GPA.5502-4196-4218-10348..3,2025-09-19,monthly_basic,4900
GPA.5852-2096-5474-10606,2025-09-19,monthly_basic,4900
GPA.6629-9607-7405-10573,2025-09-19,monthly_basic,4900
GPA.6946-3981-3168-10122..6,2025-09-19,monthly_basic,4900
GPA.7247-7632-7375-10271..4,2025-09-19,monthly_plus,9900
GPA.7509-1907-8099-10112..7,2025-09-19,monthly_plus,9900
GPA.7760-3219-9217-10034..8,2025-09-19,monthly_plus,9900
GPA.8137-1191-6998-10439..2,2025-09-19,monthly_basic,4900
GPA.8385-5625-5046-10493..1,2025-09-19,monthly_basic,4900
GPA.8846-5133-8069-10511..1,2025-09-19,monthly_plus,9900
GPA.9391-9312-9554-10181..6,2025-09-19,monthly_basic,4900
GPA.9599-7010-2684-10329..3,2025-09-19,monthly_basic,4900
GPA.1096-4085-6243-10323..3,2025-09-20,monthly_basic,4900
GPA.1844-1464-2866-10389..3,2025-09-20,monthly_basic,4900
GPA.1863-1367-5650-10180..6,2025-09-20,monthly_plus,9900
GPA.2999-1610-6342-10465..2,2025-09-20,monthly_basic,4900
GPA.3432-6195-9671-10523..1,2025-09-20,monthly_basic,4900
GPA.3504-6861-4650-10598,2025-09-20,monthly_basic,4900
GPA.3808-9759-3897-10215..5,2025-09-20,monthly_basic,4900
GPA.3818-3962-8008-10307..4,2025-09-20,monthly_basic,4900
GPA.4366-7590-6737-10126..6,2025-09-20,monthly_plus,9900
GPA.4959-5698-9448-10056..7,2025-09-20,monthly_basic,4900
GPA.4963-5643-5880-10562,2025-09-20,monthly_basic,4900
GPA.4977-9091-9484-10220..5,2025-09-20,monthly_plus,9900
GPA.5864-1209-8563-10528..1,2025-09-20,monthly_basic,4900
GPA.6916-4554-2439-10028..8,2025-09-20,monthly_plus,9900
GPA.7135-7541-3163-10327..3,2025-09-20,monthly_basic,4900
GPA.7448-2353-5160-10195..5,2025-09-20,monthly_basic,4900
GPA.8797-7211-7148-10619,2025-09-20,monthly_basic,4900
GPA.9360-1996-5636-10353..3,2025-09-20,monthly_plus,9900
GPA.9678-2138-7787-10463..2,2025-09-20,monthly_plus,9900
GPA.1504-2684-6648-10479..1,2025-09-21,monthly_plus,9900
GPA.1507-7021-9775-10430..2,2025-09-21,monthly_basic,4900
GPA.1781-1071-1545-10341..3,2025-09-21,monthly_basic,4900
GPA.2012-6957-8741-10532..1,2025-09-21,monthly_plus,9900
GPA.2360-1714-3567-10487..1,2025-09-21,monthly_basic,4900
GPA.3343-5907-2472-10244..5,2025-09-21,monthly_plus,9900
GPA.3807-3116-2211-10498..1,2025-09-21,monthly_basic,4900
GPA.4237-9284-9103-10272..4,2025-09-21,monthly_basic,4900
GPA.4810-4549-5909-10038..8,2025-09-21,monthly_basic,4900
GPA.6736-3893-9873-10332..3,2025-09-21,monthly_basic,4900
GPA.7210-1294-5221-10139..6,2025-09-21,monthly_basic,4900
GPA.7224-2675-5158-10333..3,2025-09-21,monthly_plus,9900
GPA.7374-9132-1553-10489..1,2025-09-21,monthly_basic,4900
GPA.7632-5247-1887-10218..5,2025-09-21,monthly_basic,4900
GPA.8445-2534-6634-10202..5,2025-09-21,monthly_plus,9900
GPA.8835-4364-6091-10343..3,2025-09-21,monthly_basic,4900
GPA.9452-4071-3574-10618,2025-09-21,monthly_basic,4900
GPA.1066-1845-9456-10541..1,2025-09-22,monthly_plus,9900
GPA.1434-3925-3166-10431..2,2025-09-22,monthly_basic,4900
GPA.1596-7220-2703-10207..5,2025-09-22,monthly_plus,9900
GPA.2318-4093-6255-10178..6,2025-09-22,monthly_basic,4900
GPA.2783-3989-8302-10437..2,2025-09-22,monthly_plus,9900
GPA.2971-8704-1814-10149..6,2025-09-22,monthly_plus,9900
GPA.3028-7075-2840-10557,2025-09-22,monthly_basic,4900
GPA.3295-8226-3726-10603,2025-09-22,monthly_basic,4900
GPA.4072-9379-7289-10416..2,2025-09-22,monthly_basic,4900
GPA.4243-8685-4784-10190..5,2025-09-22,monthly_plus,9900
GPA.4704-4436-9862-10176..6,2025-09-22,monthly_basic,4900
GPA.4888-5250-2953-10505..1,2025-09-22,monthly_basic,4900
GPA.5032-7251-8542-10293..4,2025-09-22,monthly_basic,4900
GPA.5037-9380-7212-10222..5,2025-09-22,monthly_basic,4900
GPA.5177-2002-6456-10372..3,2025-09-22,monthly_plus,9900
GPA.5211-9319-6780-10264..4,2025-09-22,monthly_basic,4900
GPA.5266-3942-3345-10480..1,2025-09-22,monthly_plus,9900
GPA.6159-5523-3771-10586,2025-09-22,monthly_basic,4900
GPA.7126-9982-5359-10639,2025-09-22,monthly_basic,4900
GPA.7960-4319-4210-10502..1,2025-09-22,monthly_basic,4900
GPA.8227-6943-6392-10375..3,2025-09-22,monthly_basic,4900
GPA.8827-2134-8855-10448..2,2025-09-22,monthly_basic,4900
GPA.8906-3635-1672-10381..3,2025-09-22,monthly_basic,4900
GPA.9087-6359-7182-10588,2025-09-22,monthly_basic,4900
GPA.9202-3241-1254-10469..1,2025-09-22,monthly_basic,4900
GPA.9349-6684-1996-10182..6,2025-09-22,monthly_plus,9900
GPA.9789-5075-7502-10568,2025-09-22,monthly_basic,4900
GPA.1391-2646-7171-10011..8,2025-09-23,monthly_basic,4900
GPA.2591-9367-2155-10481..1,2025-09-23,monthly_plus,9900
GPA.2931-9146-2666-10521..1,2025-09-23,monthly_basic,4900
GPA.2957-5323-9303-10410..2,2025-09-23,monthly_plus,9900
GPA.3279-3655-7427-10137..6,2025-09-23,monthly_basic,4900
GPA.3456-4679-2191-10155..6,2025-09-23,monthly_plus,9900
GPA.3573-1151-5018-10158..6,2025-09-23,monthly_plus,9900
GPA.3593-4503-3711-10114..7,2025-09-23,monthly_basic,4900
GPA.4040-7479-8912-10394..2,2025-09-23,monthly_basic,4900
GPA.4879-8840-6106-10045..8,2025-09-23,monthly_basic,4900
GPA.6439-9122-3997-10601,2025-09-23,monthly_basic,4900
GPA.6584-7127-2695-10583,2025-09-23,monthly_plus,9900
GPA.6764-1615-3485-10504..1,2025-09-23,monthly_basic,4900
GPA.6978-9812-9941-10422..2,2025-09-23,monthly_basic,4900
GPA.7359-3645-9504-10268..4,2025-09-23,monthly_plus,9900
GPA.7604-8346-5975-10435..2,2025-09-23,monthly_basic,4900
GPA.8379-6452-9819-10014..8,2025-09-23,monthly_plus,9900
GPA.9499-6791-1347-10529..1,2025-09-23,monthly_basic,4900
GPA.1240-5146-8223-10303..4,2025-09-24,monthly_basic,4900
GPA.1241-1262-7986-10321..3,2025-09-24,monthly_basic,4900
GPA.1671-4445-3848-10240..5,2025-09-24,monthly_plus,9900
GPA.1691-7237-5023-10213..5,2025-09-24,monthly_basic,4900
GPA.1987-5470-3868-10384..3,2025-09-24,monthly_basic,4900
GPA.2253-5997-8447-10401..2,2025-09-24,monthly_basic,4900
GPA.2509-9059-3401-10285..4,2025-09-24,monthly_basic,4900
GPA.2558-5666-7919-10445..2,2025-09-24,monthly_basic,4900
GPA.3219-7197-4295-10330..3,2025-09-24,monthly_basic,4900
GPA.3248-4906-6175-10513..1,2025-09-24,monthly_plus,9900
GPA.5167-2700-1244-10123..6,2025-09-24,monthly_basic,4900
GPA.5428-1328-2147-10277..4,2025-09-24,monthly_plus,9900
GPA.6453-3232-9678-10497..1,2025-09-24,monthly_basic,4900
GPA.7516-7334-4277-10152..6,2025-09-24,monthly_basic,4900
GPA.7710-7882-6172-10134..6,2025-09-24,monthly_plus,9900
GPA.8116-4733-2271-10098..7,2025-09-24,monthly_plus,9900
GPA.8128-3731-4413-10525..1,2025-09-24,monthly_basic,4900
GPA.8820-1712-6723-10457..2,2025-09-24,monthly_basic,4900
GPA.9611-7998-1910-10079..7,2025-09-24,monthly_basic,4900
GPA.1267-1813-4526-10314..4,2025-09-25,monthly_basic,4900
GPA.1565-9813-9520-10602,2025-09-25,monthly_basic,4900
GPA.1682-4017-7969-10385..3,2025-09-25,monthly_basic,4900
GPA.2206-8661-6168-10031..8,2025-09-25,monthly_basic,4900
GPA.3054-9988-2263-10117..7,2025-09-25,monthly_basic,4900
GPA.3407-4794-7011-10200..5,2025-09-25,monthly_basic,4900
GPA.3828-6147-6139-10051..8,2025-09-25,monthly_basic,4900
GPA.5004-4451-5641-10046..8,2025-09-25,monthly_basic,4900
GPA.5730-5709-5993-10512..1,2025-09-25,monthly_plus,9900
GPA.6153-9074-1819-10027..8,2025-09-25,monthly_basic,4900
GPA.6216-9631-7558-10140..6,2025-09-25,monthly_basic,4900
GPA.6254-7423-5743-10214..5,2025-09-25,monthly_basic,4900
GPA.8823-1748-6765-10443..2,2025-09-25,monthly_basic,4900
GPA.9031-9795-1511-10538..1,2025-09-25,monthly_plus,9900
GPA.9422-6736-7376-10397..2,2025-09-25,monthly_basic,4900
GPA.1101-6130-2248-10517..1,2025-09-26,monthly_basic,4900
GPA.2161-5057-7071-10549..1,2025-09-26,monthly_basic,4900
GPA.2403-7728-1648-10503..1,2025-09-26,monthly_basic,4900
GPA.2765-8094-5094-10584,2025-09-26,monthly_plus,9900
GPA.4062-7484-5119-10531..1,2025-09-26,monthly_basic,4900
GPA.4414-7354-6567-10351..3,2025-09-26,monthly_plus,9900
GPA.4742-7235-3959-10349..3,2025-09-26,monthly_plus,9900
GPA.5963-7516-8034-10483..1,2025-09-26,monthly_basic,4900
GPA.6672-1019-1918-10615,2025-09-26,monthly_basic,4900
GPA.6777-6062-5440-10569,2025-09-26,monthly_plus,9900
GPA.6847-9840-2857-10280..4,2025-09-26,monthly_basic,4900
GPA.8072-1013-5533-10476..1,2025-09-26,monthly_basic,4900
GPA.8461-8489-2861-10574,2025-09-26,monthly_basic,4900
GPA.9759-3638-8448-10290..4,2025-09-26,monthly_basic,4900
GPA.9861-7852-6857-10020..8,2025-09-26,monthly_basic,4900
GPA.9987-5934-1849-10398..2,2025-09-26,monthly_basic,4900
GPA.1516-4037-8179-10610,2025-09-27,monthly_basic,4900
GPA.2663-3637-3795-10133..6,2025-09-27,monthly_basic,4900
GPA.3351-1752-6359-10611,2025-09-27,monthly_basic,4900
GPA.3692-3788-7850-10390..2,2025-09-27,monthly_plus,9900
GPA.4320-1983-9383-10021..4,2025-09-27,monthly_basic,4900
GPA.4506-8899-9824-10164..6,2025-09-27,monthly_basic,4900
GPA.4958-2325-9382-10242..5,2025-09-27,monthly_plus,9900
GPA.5332-8959-4844-10179..6,2025-09-27,monthly_basic,4900
GPA.6289-4919-8633-10571,2025-09-27,monthly_basic,4900
GPA.6512-2646-1761-10399..2,2025-09-27,monthly_basic,4900
GPA.7420-5851-6204-10090..7,2025-09-27,monthly_basic,4900
GPA.7471-4254-1235-10429..2,2025-09-27,monthly_plus,9900
GPA.7867-7938-4796-10358..3,2025-09-27,monthly_basic,4900
GPA.8273-1337-6634-10365..3,2025-09-27,monthly_basic,4900
GPA.8572-5158-2458-10643,2025-09-27,monthly_basic,4900
GPA.9090-7848-8011-10634,2025-09-27,monthly_basic,4900
GPA.9946-3281-5562-10425..2,2025-09-27,monthly_basic,4900
GPA.1163-6008-9733-10441..2,2025-09-28,monthly_basic,4900
GPA.1628-3020-9969-10191..5,2025-09-28,monthly_plus,9900
GPA.1855-7235-6795-10063..7,2025-09-28,monthly_plus,9900
GPA.2037-4510-5054-10036..8,2025-09-28,monthly_plus,9900
GPA.2089-3316-8129-10232..5,2025-09-28,monthly_basic,4900
GPA.2290-5894-7126-10554..1,2025-09-28,monthly_basic,4900
GPA.2344-5767-5302-10409..2,2025-09-28,monthly_basic,4900
GPA.3751-1454-1602-10582,2025-09-28,monthly_basic,4900
GPA.3935-2608-8010-10537..1,2025-09-28,monthly_plus,9900
GPA.4801-9440-1021-10286..4,2025-09-28,monthly_basic,4900
GPA.5672-7909-5669-10417..2,2025-09-28,monthly_basic,4900
GPA.5746-9384-8952-10080..7,2025-09-28,monthly_basic,4900
GPA.6022-9546-3059-10324..3,2025-09-28,monthly_basic,4900
GPA.6045-7716-1799-10362..3,2025-09-28,monthly_basic,4900
GPA.7597-1795-4527-10094..7,2025-09-28,monthly_plus,9900
GPA.7888-1753-2508-10561,2025-09-28,monthly_plus,9900
GPA.8488-8275-8271-10235..5,2025-09-28,monthly_basic,4900
GPA.8608-6276-9282-10163..6,2025-09-28,monthly_basic,4900
GPA.8994-2524-4965-10383..3,2025-09-28,monthly_basic,4900
GPA.9390-6712-6782-10471..1,2025-09-28,monthly_basic,4900
GPA.1505-9157-7699-10361..4,2025-10-01,monthly_plus,9900
GPA.1686-2768-8843-10494..2,2025-10-01,monthly_basic,4900
GPA.1949-3311-6874-10420..3,2025-10-01,monthly_plus,9900
GPA.2851-8162-2110-10434..3,2025-10-01,monthly_basic,4900
GPA.3395-3772-5379-10204..6,2025-10-01,monthly_plus,9900
GPA.3419-3516-4831-10064..8,2025-10-01,monthly_plus,9900
GPA.3473-2940-6316-10023..9,2025-10-01,monthly_basic,4900
GPA.4449-7781-8015-10566..1,2025-10-01,monthly_plus,9900
GPA.5233-6058-3095-10729,2025-10-01,monthly_plus,9900
GPA.5418-1011-6706-10356..4,2025-10-01,monthly_plus,9900
GPA.5659-9035-9088-10088..8,2025-10-01,monthly_basic,4900
GPA.5664-9566-5582-10062..8,2025-10-01,monthly_basic,4900
GPA.6781-1446-5336-10637..1,2025-10-01,monthly_basic,4900
GPA.8080-4853-2229-10161..7,2025-10-01,monthly_basic,4900
GPA.8372-1232-1624-10212..6,2025-10-01,monthly_basic,4900
GPA.8545-3115-9967-10472..2,2025-10-01,monthly_basic,4900
GPA.8740-7153-4007-10421..3,2025-10-01,monthly_plus,9900
GPA.8858-1423-9496-10627..1,2025-10-01,monthly_plus,9900
GPA.8962-2214-3257-10273..5,2025-10-01,monthly_basic,4900
GPA.9417-7335-1637-10491..2,2025-10-01,monthly_basic,4900
GPA.9511-5695-6078-10370..4,2025-10-01,monthly_basic,4900
GPA.9534-1869-8141-10456..3,2025-10-01,monthly_basic,4900
GPA.9699-6499-6803-10115..8,2025-10-01,monthly_basic,4900
GPA.9870-7374-6015-10534..2,2025-10-01,monthly_plus,9900
GPA.9942-7800-2508-10484..2,2025-10-01,monthly_basic,4900
GPA.1115-4219-5570-10645,2025-10-02,monthly_basic,4900
GPA.1393-3407-2932-10704,2025-10-02,monthly_basic,4900
GPA.1489-8834-4182-10405..3,2025-10-02,monthly_basic,4900
GPA.1804-3963-4725-10462..3,2025-10-02,monthly_basic,4900
GPA.2155-5221-4862-10366..4,2025-10-02,monthly_basic,4900
GPA.2321-2018-9033-10701,2025-10-02,monthly_basic,4900
GPA.2936-2584-4319-10432..3,2025-10-02,monthly_plus,9900
GPA.3070-2885-1535-10419..3,2025-10-02,monthly_basic,4900
GPA.3598-1310-7562-10205..6,2025-10-02,monthly_plus,9900
GPA.3663-6622-6279-10658,2025-10-02,monthly_basic,4900
GPA.3689-1868-2277-10495..2,2025-10-02,monthly_plus,9900
GPA.4592-1953-7554-10053..9,2025-10-02,monthly_basic,4900
GPA.4646-1198-3035-10515..2,2025-10-02,monthly_basic,4900
GPA.4699-5310-5625-10612..1,2025-10-02,monthly_basic,4900
GPA.5908-7334-8793-10276..5,2025-10-02,monthly_basic,4900
GPA.6671-2357-1899-10604..1,2025-10-02,monthly_basic,4900
GPA.6779-2345-9926-10667,2025-10-02,monthly_basic,4900
GPA.7266-2806-6095-10482..2,2025-10-02,monthly_basic,4900
GPA.7809-4993-5782-10393..3,2025-10-02,monthly_basic,4900
GPA.9049-1873-8922-10589..1,2025-10-02,monthly_basic,4900
GPA.9595-2281-6892-10730,2025-10-02,monthly_basic,4900
GPA.9706-3081-9343-10516..2,2025-10-02,monthly_basic,4900
GPA.2838-4546-5997-10377..4,2025-10-03,monthly_basic,4900
GPA.3124-2707-2650-10453..3,2025-10-03,monthly_basic,4900
GPA.3239-7888-4606-10243..6,2025-10-03,monthly_basic,4900
GPA.3377-8686-3784-10199..6,2025-10-03,monthly_plus,9900
GPA.3379-3749-6212-10510..2,2025-10-03,monthly_basic,4900
GPA.3552-1536-5012-10477..2,2025-10-03,monthly_basic,4900
GPA.3863-4654-7653-10682,2025-10-03,monthly_basic,4900
GPA.4719-8044-3336-10217..6,2025-10-03,monthly_plus,9900
GPA.5376-7591-3453-10048..9,2025-10-03,monthly_plus,9900
GPA.5496-7339-6564-10124..7,2025-10-03,monthly_basic,4900
GPA.6053-7481-2728-10714,2025-10-03,monthly_basic,4900
GPA.6295-6898-5011-10071..8,2025-10-03,monthly_basic,4900
GPA.6312-9571-3791-10553..2,2025-10-03,monthly_basic,4900
GPA.6576-1160-2121-10143..7,2025-10-03,monthly_basic,4900
GPA.7301-6170-6711-10003..9,2025-10-03,monthly_basic,4900
GPA.7342-7940-5280-10287..5,2025-10-03,monthly_plus,9900
GPA.7964-6890-4949-10001..9,2025-10-03,monthly_basic,4900
GPA.8379-3655-2949-10467..3,2025-10-03,monthly_plus,9900
GPA.8488-4132-3664-10622..1,2025-10-03,monthly_plus,9900
GPA.9187-7741-4050-10225..6,2025-10-03,monthly_basic,4900
GPA.9386-4103-4022-10130..7,2025-10-03,monthly_basic,4900
GPA.9793-9429-4929-10047..9,2025-10-03,monthly_basic,4900
GPA.1127-2374-1950-10253..5,2025-10-04,monthly_plus,9900
GPA.1628-6965-4410-10070..8,2025-10-04,monthly_basic,4900
GPA.1719-9988-7231-10427..3,2025-10-04,monthly_basic,4900
GPA.2217-5570-4836-10367..4,2025-10-04,monthly_basic,4900
GPA.2814-4199-4062-10162..7,2025-10-04,monthly_basic,4900
GPA.3650-5290-9068-10640..1,2025-10-04,monthly_plus,9900
GPA.4423-5539-6319-10440..3,2025-10-04,monthly_plus,9900
GPA.5631-7386-6312-10022..9,2025-10-04,monthly_basic,4900
GPA.7460-8698-6580-10485..2,2025-10-04,monthly_basic,4900
GPA.7848-5191-3808-10102..8,2025-10-04,monthly_basic,4900
GPA.8042-4668-3524-10382..4,2025-10-04,monthly_basic,4900
GPA.8164-6354-2546-10289..5,2025-10-04,monthly_basic,4900
GPA.9089-6871-1993-10376..4,2025-10-04,monthly_basic,4900
GPA.9291-3505-2392-10449..3,2025-10-04,monthly_basic,4900
GPA.9533-8301-7254-10676,2025-10-04,monthly_basic,4900
GPA.1589-6813-9884-10675,2025-10-05,monthly_basic,4900
GPA.1927-8644-5255-10565..1,2025-10-05,monthly_basic,4900
GPA.1977-3688-4915-10007..9,2025-10-05,monthly_basic,4900
GPA.2008-2754-1386-10106..8,2025-10-05,monthly_plus,9900
GPA.2139-5988-9631-10407..3,2025-10-05,monthly_plus,9900
GPA.2162-4123-9534-10501..2,2025-10-05,monthly_basic,4900
GPA.2715-7459-1957-10153..7,2025-10-05,monthly_basic,4900
GPA.2897-9723-6995-10148..7,2025-10-05,monthly_plus,9900
GPA.3573-2961-6791-10546..2,2025-10-05,monthly_plus,9900
GPA.4698-2820-5051-10450..3,2025-10-05,monthly_plus,9900
GPA.5414-1284-1916-10084..8,2025-10-05,monthly_basic,4900
GPA.5443-3391-1171-10508..2,2025-10-05,monthly_basic,4900
GPA.5720-9542-7054-10592..1,2025-10-05,monthly_basic,4900
GPA.6062-6934-1235-10486..2,2025-10-05,monthly_basic,4900
GPA.6716-2102-2926-10539..2,2025-10-05,monthly_basic,4900
GPA.7315-3733-4450-10354..4,2025-10-05,monthly_basic,4900
GPA.7361-5911-4900-10629..1,2025-10-05,monthly_basic,4900
GPA.7444-1136-1435-10649,2025-10-05,monthly_plus,9900
GPA.7516-2938-3542-10625..1,2025-10-05,monthly_basic,4900
GPA.9369-7010-8855-10050..9,2025-10-05,monthly_basic,4900
GPA.9690-1995-5657-10653,2025-10-05,monthly_basic,4900
GPA.1517-5030-1454-10340..4,2025-10-06,monthly_basic,4900
GPA.1696-4481-4569-10474..2,2025-10-06,monthly_basic,4900
GPA.1910-6379-7099-10423..3,2025-10-06,monthly_basic,4900
GPA.2261-2787-1680-10412..3,2025-10-06,monthly_basic,4900
GPA.2788-7250-8587-10518..2,2025-10-06,monthly_basic,4900
GPA.2849-2227-5773-10698,2025-10-06,monthly_basic,4900
GPA.3867-7739-9221-10490..2,2025-10-06,monthly_plus,9900
GPA.4329-6031-8073-10386..4,2025-10-06,monthly_basic,4900
GPA.4417-9714-5922-10717,2025-10-06,monthly_basic,4900
GPA.4998-1492-4054-10609..1,2025-10-06,monthly_basic,4900
GPA.5765-2066-1268-10725,2025-10-06,monthly_plus,9900
GPA.6384-2815-3570-10533..2,2025-10-06,monthly_plus,9900
GPA.6940-6888-6898-10591..1,2025-10-06,monthly_basic,4900
GPA.7017-2180-5003-10189..6,2025-10-06,monthly_basic,4900
GPA.7550-5097-4724-10304..5,2025-10-06,monthly_basic,4900
GPA.8409-5491-3017-10252..5,2025-10-06,monthly_basic,4900
GPA.8710-4590-8186-10291..5,2025-10-06,monthly_basic,4900
GPA.9489-1040-9325-10459..3,2025-10-06,monthly_basic,4900
GPA.1325-5418-9552-10690,2025-10-07,monthly_basic,4900
GPA.1493-9265-5990-10702,2025-10-07,monthly_basic,4900
GPA.1985-4114-5351-10105..8,2025-10-07,monthly_basic,4900
GPA.2130-8500-5760-10278..5,2025-10-07,monthly_basic,4900
GPA.2658-7585-7777-10488..2,2025-10-07,monthly_basic,4900
GPA.2915-7794-7009-10283..5,2025-10-07,monthly_basic,4900
GPA.3131-4503-3450-10120..7,2025-10-07,monthly_basic,4900
GPA.3469-3207-9211-10580..1,2025-10-07,monthly_basic,4900
GPA.3605-7836-2377-10058..8,2025-10-07,monthly_basic,4900
GPA.3610-1966-9839-10186..6,2025-10-07,monthly_basic,4900
GPA.3611-8633-3466-10587..1,2025-10-07,monthly_basic,4900
GPA.4334-6289-8972-10092..8,2025-10-07,monthly_plus,9900
GPA.4340-3158-4703-10436..3,2025-10-07,monthly_plus,9900
GPA.4703-3384-6675-10473..2,2025-10-07,monthly_plus,9900
GPA.4779-6717-2142-10388..4,2025-10-07,monthly_basic,4900
GPA.5227-7105-5272-10311..5,2025-10-07,monthly_plus,9900
GPA.5979-8900-8828-10555..2,2025-10-07,monthly_basic,4900
GPA.5980-2115-9571-10067..8,2025-10-07,monthly_plus,9900
GPA.6432-1597-5554-10447..3,2025-10-07,monthly_plus,9900
GPA.6938-2628-1318-10626..1,2025-10-07,monthly_basic,4900
GPA.7194-3296-8129-10374..4,2025-10-07,monthly_basic,4900
GPA.8491-7685-7937-10057..8,2025-10-07,monthly_basic,4900
GPA.9303-6781-7842-10325..4,2025-10-07,monthly_basic,4900
GPA.9552-3003-1750-10317..4,2025-10-07,monthly_basic,4900
GPA.9638-3726-1861-10246..6,2025-10-07,monthly_plus,9900
GPA.9912-7597-5506-10575..1,2025-10-07,monthly_basic,4900
GPA.1129-9157-5507-10201..6,2025-10-08,monthly_basic,4900
GPA.1176-8175-2341-10686,2025-10-08,monthly_basic,4900
GPA.1374-4217-4481-10168..7,2025-10-08,monthly_basic,4900
GPA.1470-5303-6026-10470..2,2025-10-08,monthly_basic,4900
GPA.1847-4554-9945-10526..2,2025-10-08,monthly_basic,4900
GPA.2009-3999-7589-10559..1,2025-10-08,monthly_plus,9900
GPA.2113-6971-1982-10009..9,2025-10-08,monthly_basic,4900
GPA.2491-2004-2636-10224..4,2025-10-08,monthly_plus,9900
GPA.3760-8455-5037-10369..4,2025-10-08,monthly_basic,4900
GPA.4022-6634-6258-10536..2,2025-10-08,monthly_basic,4900
GPA.4087-7989-4655-10468..2,2025-10-08,monthly_basic,4900
GPA.4237-7834-6317-10339..4,2025-10-08,monthly_basic,4900
GPA.5349-2496-9933-10605..1,2025-10-08,monthly_basic,4900
GPA.5430-1001-9815-10458..3,2025-10-08,monthly_basic,4900
GPA.5559-6595-3208-10119..7,2025-10-08,monthly_basic,4900
GPA.5784-8341-1973-10334..4,2025-10-08,monthly_basic,4900
GPA.6032-7877-9721-10004..9,2025-10-08,monthly_basic,4900
GPA.6605-3492-2778-10581..1,2025-10-08,monthly_plus,9900
GPA.7274-6452-5253-10461..3,2025-10-08,monthly_basic,4900
GPA.7402-1159-3496-10636..1,2025-10-08,monthly_basic,4900
GPA.8741-8366-2424-10522..2,2025-10-08,monthly_basic,4900
GPA.9225-4047-2963-10166..7,2025-10-08,monthly_basic,4900
GPA.9928-6913-4602-10543..2,2025-10-08,monthly_basic,4900
GPA.1399-5427-5303-10316..5,2025-10-09,monthly_basic,4900
GPA.1648-6710-6889-10638..1,2025-10-09,monthly_basic,4900
GPA.1902-3078-1331-10192..6,2025-10-09,monthly_basic,4900
GPA.3106-3271-2218-10030..9,2025-10-09,monthly_basic,4900
GPA.3950-8437-6589-10579..1,2025-10-09,monthly_basic,4900
GPA.4004-6078-3653-10492..2,2025-10-09,monthly_plus,9900
GPA.4890-1196-8222-10547..2,2025-10-09,monthly_plus,9900
GPA.5577-4741-5141-10300..5,2025-10-09,monthly_basic,4900
GPA.6283-6871-6549-10016..9,2025-10-09,monthly_basic,4900
GPA.6710-6493-8125-10338..4,2025-10-09,monthly_basic,4900
GPA.6981-3976-8801-10499..2,2025-10-09,monthly_basic,4900
GPA.8344-3959-6045-10315..5,2025-10-09,monthly_basic,4900
GPA.8612-7803-6790-10564..1,2025-10-09,monthly_basic,4900
GPA.8613-9352-2585-10578..1,2025-10-09,monthly_plus,9900
GPA.8655-9837-5784-10187..6,2025-10-09,monthly_plus,9900
GPA.8736-2248-3200-10099..8,2025-10-09,monthly_basic,4900
GPA.8904-7450-6165-10507..2,2025-10-09,monthly_basic,4900
GPA.9072-4630-3814-10496..2,2025-10-09,monthly_basic,4900
GPA.9821-2740-4744-10132..7,2025-10-09,monthly_basic,4900
GPA.1787-5212-7584-10184..7,2025-10-10,monthly_plus,9900
GPA.1964-3934-4002-10411..3,2025-10-10,monthly_basic,4900
GPA.2643-2995-8125-10296..5,2025-10-10,monthly_plus,9900
GPA.3813-7054-5195-10570..1,2025-10-10,monthly_basic,4900
GPA.4056-8686-1114-10336..4,2025-10-10,monthly_basic,4900
GPA.4063-3943-6701-10550..2,2025-10-10,monthly_basic,4900
GPA.4763-4466-9820-10068..8,2025-10-10,monthly_basic,4900
GPA.4782-6305-6670-10696,2025-10-10,monthly_basic,4900
GPA.5062-4328-7314-10621..1,2025-10-10,monthly_basic,4900
GPA.5340-6048-5451-10657,2025-10-10,monthly_plus,9900
GPA.6389-4307-1190-10648,2025-10-10,monthly_plus,9900
GPA.6727-8019-5508-10600..1,2025-10-10,monthly_basic,4900
GPA.7103-5410-6519-10509..2,2025-10-10,monthly_basic,4900
GPA.7251-7710-1593-10086..8,2025-10-10,monthly_basic,4900
GPA.7342-8191-9417-10263..5,2025-10-10,monthly_basic,4900
GPA.7538-1051-9662-10306..5,2025-10-10,monthly_basic,4900
GPA.8089-8848-9852-10318..4,2025-10-10,monthly_basic,4900
GPA.8282-2404-9256-10662,2025-10-10,monthly_basic,4900
GPA.8460-8922-6251-10478..2,2025-10-10,monthly_plus,9900
GPA.8736-4633-1038-10700,2025-10-10,monthly_plus,9900
GPA.8776-1144-5263-10154..7,2025-10-10,monthly_plus,9900
GPA.8944-1906-9986-10613..1,2025-10-10,monthly_basic,4900
GPA.1050-4399-9181-10560..1,2025-10-11,monthly_basic,4900
GPA.1080-3881-4577-10402..3,2025-10-11,monthly_basic,4900
GPA.1484-5646-5753-10230..6,2025-10-11,monthly_basic,4900
GPA.1534-2988-9731-10641..1,2025-10-11,monthly_basic,4900
GPA.1907-1573-7196-10597..1,2025-10-11,monthly_basic,4900
GPA.1936-7944-3660-10391..3,2025-10-11,monthly_plus,9900
GPA.2628-4753-7018-10428..3,2025-10-11,monthly_basic,4900
GPA.2689-8996-7833-10368..4,2025-10-11,monthly_plus,9900
GPA.3133-3573-4280-10284..5,2025-10-11,monthly_basic,4900
GPA.4250-7505-7930-10251..5,2025-10-11,monthly_basic,4900
GPA.4928-1569-1934-10364..4,2025-10-11,monthly_basic,4900
GPA.5121-4521-8062-10608..1,2025-10-11,monthly_basic,4900
GPA.5177-4778-8009-10727,2025-10-11,monthly_basic,4900
GPA.5598-6256-1410-10379..4,2025-10-11,monthly_basic,4900
GPA.5813-6124-9552-10631..1,2025-10-11,monthly_basic,4900
GPA.5971-5100-4217-10563..1,2025-10-11,monthly_plus,9900
GPA.6101-1159-3030-10157..7,2025-10-11,monthly_basic,4900
GPA.6137-6029-2968-10460..3,2025-10-11,monthly_basic,4900
GPA.6194-5038-3183-10174..7,2025-10-11,monthly_basic,4900
GPA.6577-2245-9871-10642..1,2025-10-11,monthly_basic,4900
GPA.6982-3728-5610-10632..1,2025-10-11,monthly_plus,9900
GPA.7520-2007-3296-10651,2025-10-11,monthly_basic,4900
GPA.7555-5125-9465-10680,2025-10-11,monthly_basic,4900
GPA.7754-7283-9123-10542..2,2025-10-11,monthly_basic,4900
GPA.7836-4264-7514-10193..6,2025-10-11,monthly_plus,9900
GPA.8079-6215-4369-10043..9,2025-10-11,monthly_plus,9900
GPA.8458-8361-7774-10556..2,2025-10-11,monthly_basic,4900
GPA.8804-7613-5744-10238..6,2025-10-11,monthly_plus,9900
GPA.9211-9300-6047-10670,2025-10-11,monthly_basic,4900
GPA.1790-9549-7127-10231..6,2025-10-12,monthly_basic,4900
GPA.1830-9427-8980-10519..2,2025-10-12,monthly_plus,9900
GPA.2196-3799-3944-10269..5,2025-10-12,monthly_basic,4900
GPA.3055-5561-6894-10424..3,2025-10-12,monthly_plus,9900
GPA.3762-2247-7623-10075..8,2025-10-12,monthly_basic,4900
GPA.3981-6854-3645-10454..3,2025-10-12,monthly_basic,4900
GPA.4724-8332-8549-10274..5,2025-10-12,monthly_basic,4900
GPA.4959-3470-4198-10255..5,2025-10-12,monthly_basic,4900
GPA.5514-8971-2605-10403..3,2025-10-12,monthly_plus,9900
GPA.5972-1536-9265-10438..3,2025-10-12,monthly_basic,4900
GPA.6933-7124-7080-10540..2,2025-10-12,monthly_basic,4900
GPA.6959-9827-4557-10208..6,2025-10-12,monthly_basic,4900
GPA.7267-8802-7011-10697,2025-10-12,monthly_basic,4900
GPA.7678-2110-9429-10395..3,2025-10-12,monthly_basic,4900
GPA.7968-2441-4425-10660,2025-10-12,monthly_basic,4900
GPA.8411-8209-6825-10692,2025-10-12,monthly_basic,4900
GPA.9126-8210-7980-10275..5,2025-10-12,monthly_plus,9900
GPA.9607-4426-8246-10041..9,2025-10-12,monthly_basic,4900
GPA.9739-4534-8653-10069..8,2025-10-12,monthly_basic,4900
GPA.9749-4814-9006-10442..3,2025-10-12,monthly_basic,4900
GPA.9858-5183-3383-10630..1,2025-10-12,monthly_basic,4900
GPA.1587-8050-8376-10142..7,2025-10-13,monthly_plus,9900
GPA.1889-7212-8073-10136..7,2025-10-13,monthly_plus,9900
GPA.2261-2811-3690-10298..5,2025-10-13,monthly_basic,4900
GPA.3070-8304-3938-10678,2025-10-13,monthly_basic,4900
GPA.3592-1465-2368-10337..4,2025-10-13,monthly_plus,9900
GPA.3971-2790-3021-10663,2025-10-13,monthly_basic,4900
GPA.4313-4281-9125-10595..1,2025-10-13,monthly_basic,4900
GPA.4622-6272-2903-10250..5,2025-10-13,monthly_basic,4900
GPA.5220-9106-7074-10607..1,2025-10-13,monthly_plus,9900
GPA.7016-1857-8619-10131..7,2025-10-13,monthly_basic,4900
GPA.7658-6561-3906-10260..5,2025-10-13,monthly_basic,4900
GPA.8870-3362-6506-10156..7,2025-10-13,monthly_basic,4900
GPA.9950-6039-7136-10673,2025-10-13,monthly_plus,9900
GPA.1316-7692-7040-10577..1,2025-10-14,monthly_basic,4900
GPA.1554-9934-1688-10718,2025-10-14,monthly_basic,4900
GPA.1680-9650-5541-10620..1,2025-10-14,monthly_plus,9900
GPA.2619-1239-3180-10475..2,2025-10-14,monthly_basic,4900
GPA.3358-7373-9449-10236..6,2025-10-14,monthly_basic,4900
GPA.4413-9345-2452-10644,2025-10-14,monthly_basic,4900
GPA.4595-1667-8654-10346..4,2025-10-14,monthly_basic,4900
GPA.4750-3051-8178-10719,2025-10-14,monthly_plus,9900
GPA.5654-8585-6623-10572..1,2025-10-14,monthly_basic,4900
GPA.6348-1843-7989-10096..8,2025-10-14,monthly_plus,9900
GPA.7950-7888-9323-10669,2025-10-14,monthly_basic,4900
GPA.8263-4035-9334-10239..6,2025-10-14,monthly_basic,4900
GPA.8460-6139-9623-10305..5,2025-10-14,monthly_basic,4900
GPA.8608-1427-7166-10544..2,2025-10-14,monthly_basic,4900
GPA.9042-7245-6317-10623..1,2025-10-14,monthly_basic,4900
GPA.9260-3473-5782-10373..4,2025-10-14,monthly_basic,4900
GPA.9377-6413-4347-10039..9,2025-10-14,monthly_plus,9900
GPA.9381-8599-3979-10019..9,2025-10-14,monthly_basic,4900
GPA.9663-9976-2013-10320..4,2025-10-14,monthly_basic,4900
GPA.1075-9370-7572-10066..8,2025-10-15,monthly_basic,4900
GPA.1570-6408-3162-10294..5,2025-10-15,monthly_basic,4900
GPA.1611-1417-8032-10167..7,2025-10-15,monthly_basic,4900
GPA.1685-7194-6195-10558..1,2025-10-15,monthly_basic,4900
GPA.1856-9188-6868-10129..7,2025-10-15,monthly_basic,4900
GPA.2787-3621-7234-10466..3,2025-10-15,monthly_basic,4900
GPA.3292-4847-8861-10267..5,2025-10-15,monthly_plus,9900
GPA.3424-9093-4176-10406..3,2025-10-15,monthly_plus,9900
GPA.4442-4150-7208-10319..4,2025-10-15,monthly_basic,4900
GPA.4753-7563-1767-10548..2,2025-10-15,monthly_basic,4900
GPA.6019-9888-9443-10392..3,2025-10-15,monthly_basic,4900
GPA.6055-3274-2525-10655,2025-10-15,monthly_basic,4900
GPA.6298-3761-7341-10221..6,2025-10-15,monthly_plus,9900
GPA.6356-9739-3318-10077..8,2025-10-15,monthly_plus,9900
GPA.6538-7423-4395-10357..4,2025-10-15,monthly_plus,9900
GPA.8808-3018-4730-10647,2025-10-15,monthly_basic,4900
GPA.9130-3747-5245-10258..5,2025-10-15,monthly_basic,4900
GPA.9538-7549-7874-10012..9,2025-10-15,monthly_basic,4900
GPA.9887-4332-3504-10524..2,2025-10-15,monthly_basic,4900
GPA.9958-8006-1672-10194..6,2025-10-15,monthly_basic,4900
GPA.1136-5407-6802-10464..3,2025-10-16,monthly_basic,4900
GPA.1324-4354-3390-10590..1,2025-10-16,monthly_basic,4900
GPA.1515-2600-7159-10616..1,2025-10-16,monthly_plus,9900
GPA.1792-1695-6299-10594..1,2025-10-16,monthly_basic,4900
GPA.2281-5497-4841-10500..2,2025-10-16,monthly_basic,4900
GPA.2462-3225-1555-10404..3,2025-10-16,monthly_basic,4900
GPA.4689-6854-8624-10723,2025-10-16,monthly_basic,4900
GPA.5174-8637-2222-10713,2025-10-16,monthly_basic,4900
GPA.5584-1636-8409-10265..5,2025-10-16,monthly_basic,4900
GPA.5788-3922-9154-10716,2025-10-16,monthly_plus,9900
GPA.6078-4013-3803-10576..1,2025-10-16,monthly_basic,4900
GPA.6092-4759-2200-10567..1,2025-10-16,monthly_plus,9900
GPA.6341-8632-9441-10520..2,2025-10-16,monthly_basic,4900
GPA.6425-7791-3177-10530..2,2025-10-16,monthly_basic,4900
GPA.6456-7612-8970-10055..9,2025-10-16,monthly_plus,9900
GPA.7124-3305-6088-10446..3,2025-10-16,monthly_basic,4900
GPA.7213-5715-2077-10309..5,2025-10-16,monthly_plus,9900
GPA.7524-6067-2844-10585..1,2025-10-16,monthly_basic,4900
GPA.7705-9785-3873-10689,2025-10-16,monthly_basic,4900
GPA.8170-7623-8874-10010..9,2025-10-16,monthly_basic,4900
GPA.8564-2237-8908-10125..7,2025-10-16,monthly_plus,9900
GPA.8597-9560-3647-10237..6,2025-10-16,monthly_plus,9900
GPA.9226-2943-3482-10210..6,2025-10-16,monthly_plus,9900
GPA.9483-7638-6348-10551..2,2025-10-16,monthly_basic,4900
GPA.1285-7817-7579-10599..1,2025-10-17,monthly_basic,4900
GPA.1329-2610-7954-10331..4,2025-10-17,monthly_basic,4900
GPA.2628-4538-6750-10710,2025-10-17,monthly_basic,4900
GPA.3725-6938-6923-10033..9,2025-10-17,monthly_basic,4900
GPA.4638-7547-4840-10426..3,2025-10-17,monthly_basic,4900
GPA.5030-8970-7565-10666,2025-10-17,monthly_basic,4900
GPA.5131-4453-2134-10342..4,2025-10-17,monthly_basic,4900
GPA.5505-8617-7342-10633..1,2025-10-17,monthly_basic,4900
GPA.5691-3542-7898-10091..8,2025-10-17,monthly_basic,4900
GPA.5850-9838-8878-10245..6,2025-10-17,monthly_basic,4900
GPA.5870-3711-4764-10015..9,2025-10-17,monthly_basic,4900
GPA.6011-5089-9713-10026..9,2025-10-17,monthly_basic,4900
GPA.6385-4912-6398-10185..6,2025-10-17,monthly_basic,4900
GPA.8434-7839-9926-10085..8,2025-10-17,monthly_basic,4900
GPA.9219-9383-2442-10097..8,2025-10-17,monthly_basic,4900
GPA.9267-1772-8208-10596..1,2025-10-17,monthly_basic,4900
GPA.9471-2116-2154-10196..6,2025-10-17,monthly_plus,9900
GPA.9777-6039-5767-10694,2025-10-17,monthly_basic,4900
GPA.9970-2625-2692-10451..3,2025-10-17,monthly_plus,9900
GPA.1324-4866-2415-10227..6,2025-10-18,monthly_plus,9900
GPA.2570-5155-7983-10452..3,2025-10-18,monthly_plus,9900
GPA.3008-5379-3125-10506..2,2025-10-18,monthly_basic,4900
GPA.3042-2179-9146-10687,2025-10-18,monthly_basic,4900
GPA.3291-7154-2284-10378..4,2025-10-18,monthly_basic,4900
GPA.3724-1661-4100-10310..5,2025-10-18,monthly_basic,4900
GPA.3728-4607-3068-10593..1,2025-10-18,monthly_basic,4900
GPA.3810-5889-6885-10724,2025-10-18,monthly_basic,4900
GPA.4364-3384-1751-10100..8,2025-10-18,monthly_basic,4900
GPA.4901-4433-7075-10345..3,2025-10-18,monthly_plus,9900
GPA.5452-5827-1856-10617..1,2025-10-18,monthly_basic,4900
GPA.5471-7506-9233-10262..5,2025-10-18,monthly_basic,4900
GPA.6103-6648-7345-10116..8,2025-10-18,monthly_basic,4900
GPA.6294-9792-5999-10380..4,2025-10-18,monthly_basic,4900
GPA.6409-2567-9964-10535..2,2025-10-18,monthly_basic,4900
GPA.6639-3871-4132-10029..9,2025-10-18,monthly_basic,4900
GPA.6682-9670-4187-10211..6,2025-10-18,monthly_basic,4900
GPA.6757-7658-2796-10288..5,2025-10-18,monthly_basic,4900
GPA.7076-1205-8895-10169..7,2025-10-18,monthly_basic,4900
GPA.7341-5407-4984-10035..9,2025-10-18,monthly_basic,4900
GPA.7351-4269-3559-10335..4,2025-10-18,monthly_basic,4900
GPA.8557-9320-9547-10128..7,2025-10-18,monthly_basic,4900
GPA.8580-2692-2642-10624..1,2025-10-18,monthly_basic,4900
GPA.8775-3408-6022-10614..1,2025-10-18,monthly_basic,4900
GPA.9065-1440-4233-10145..7,2025-10-18,monthly_basic,4900
GPA.9196-9036-2537-10545..2,2025-10-18,monthly_basic,4900
GPA.9277-9203-5737-10674,2025-10-18,monthly_basic,4900
GPA.1151-7066-1149-10672,2025-10-19,monthly_plus,9900
GPA.1734-4531-4208-10248..6,2025-10-19,monthly_basic,4900
GPA.1891-3064-3683-10720,2025-10-19,monthly_basic,4900
GPA.1899-4070-4920-10226..6,2025-10-19,monthly_basic,4900
GPA.3368-2429-2940-10396..3,2025-10-19,monthly_basic,4900
GPA.3566-5280-8440-10083..4,2025-10-19,monthly_basic,4900
GPA.3971-6937-3486-10635..1,2025-10-19,monthly_basic,4900
GPA.4439-9400-9930-10527..2,2025-10-19,monthly_plus,9900
GPA.5446-7045-9998-10371..4,2025-10-19,monthly_basic,4900
GPA.5502-4196-4218-10348..4,2025-10-19,monthly_basic,4900
GPA.5507-6202-9242-10693,2025-10-19,monthly_plus,9900
GPA.5852-2096-5474-10606..1,2025-10-19,monthly_basic,4900
GPA.6629-9607-7405-10573..1,2025-10-19,monthly_basic,4900
GPA.6946-3981-3168-10122..7,2025-10-19,monthly_basic,4900
GPA.7247-7632-7375-10271..5,2025-10-19,monthly_plus,9900
GPA.7509-1907-8099-10112..8,2025-10-19,monthly_plus,9900
GPA.8137-1191-6998-10439..3,2025-10-19,monthly_basic,4900
GPA.8385-5625-5046-10493..2,2025-10-19,monthly_basic,4900
GPA.8846-5133-8069-10511..2,2025-10-19,monthly_plus,9900
GPA.9391-9312-9554-10181..7,2025-10-19,monthly_basic,4900
GPA.9599-7010-2684-10329..4,2025-10-19,monthly_basic,4900
GPA.1096-4085-6243-10323..4,2025-10-20,monthly_basic,4900
GPA.1844-1464-2866-10389..4,2025-10-20,monthly_basic,4900
GPA.1863-1367-5650-10180..7,2025-10-20,monthly_plus,9900
GPA.1972-3446-5928-10708,2025-10-20,monthly_plus,9900
GPA.2999-1610-6342-10465..3,2025-10-20,monthly_basic,4900
GPA.3432-6195-9671-10523..2,2025-10-20,monthly_basic,4900
GPA.3504-6861-4650-10598..1,2025-10-20,monthly_basic,4900
GPA.3808-9759-3897-10215..6,2025-10-20,monthly_basic,4900
GPA.3818-3962-8008-10307..5,2025-10-20,monthly_basic,4900
GPA.4959-5698-9448-10056..8,2025-10-20,monthly_basic,4900
GPA.4963-5643-5880-10562..1,2025-10-20,monthly_basic,4900
GPA.4977-9091-9484-10220..6,2025-10-20,monthly_plus,9900
GPA.5864-1209-8563-10528..2,2025-10-20,monthly_basic,4900
GPA.6526-9493-9525-10654,2025-10-20,monthly_basic,4900
GPA.6916-4554-2439-10028..9,2025-10-20,monthly_plus,9900
GPA.7135-7541-3163-10327..4,2025-10-20,monthly_basic,4900
GPA.7448-2353-5160-10195..6,2025-10-20,monthly_basic,4900
GPA.8797-7211-7148-10619..1,2025-10-20,monthly_basic,4900
GPA.9360-1996-5636-10353..4,2025-10-20,monthly_plus,9900
GPA.9678-2138-7787-10463..3,2025-10-20,monthly_plus,9900
GPA.1504-2684-6648-10479..2,2025-10-21,monthly_plus,9900
GPA.1507-7021-9775-10430..3,2025-10-21,monthly_basic,4900
GPA.1781-1071-1545-10341..4,2025-10-21,monthly_basic,4900
GPA.2012-6957-8741-10532..2,2025-10-21,monthly_plus,9900
GPA.2360-1714-3567-10487..2,2025-10-21,monthly_basic,4900
GPA.3343-5907-2472-10244..6,2025-10-21,monthly_plus,9900
GPA.3685-8575-4942-10707,2025-10-21,monthly_basic,4900
GPA.3807-3116-2211-10498..2,2025-10-21,monthly_basic,4900
GPA.4237-9284-9103-10272..5,2025-10-21,monthly_basic,4900
GPA.4810-4549-5909-10038..9,2025-10-21,monthly_basic,4900
GPA.6581-4834-5942-10712,2025-10-21,monthly_plus,9900
GPA.6736-3893-9873-10332..4,2025-10-21,monthly_basic,4900
GPA.6762-8502-5726-10728,2025-10-21,monthly_basic,4900
GPA.7210-1294-5221-10139..7,2025-10-21,monthly_basic,4900
GPA.7224-2675-5158-10333..4,2025-10-21,monthly_plus,9900
GPA.7374-9132-1553-10489..2,2025-10-21,monthly_basic,4900
GPA.7632-5247-1887-10218..6,2025-10-21,monthly_basic,4900
GPA.8086-4790-6556-10688,2025-10-21,monthly_basic,4900
GPA.8445-2534-6634-10202..6,2025-10-21,monthly_plus,9900
GPA.8835-4364-6091-10343..4,2025-10-21,monthly_basic,4900
GPA.9452-4071-3574-10618..1,2025-10-21,monthly_basic,4900
GPA.1050-3969-4587-10684,2025-10-22,monthly_basic,4900
GPA.1066-1845-9456-10541..2,2025-10-22,monthly_plus,9900
GPA.1434-3925-3166-10431..3,2025-10-22,monthly_basic,4900
GPA.1596-7220-2703-10207..6,2025-10-22,monthly_plus,9900
GPA.2318-4093-6255-10178..7,2025-10-22,monthly_basic,4900
GPA.2617-9510-8698-10668,2025-10-22,monthly_plus,9900
GPA.2667-1755-6898-10681,2025-10-22,monthly_basic,4900
GPA.2783-3989-8302-10437..3,2025-10-22,monthly_plus,9900
GPA.2971-8704-1814-10149..7,2025-10-22,monthly_plus,9900
GPA.3028-7075-2840-10557..1,2025-10-22,monthly_basic,4900
GPA.3295-8226-3726-10603..1,2025-10-22,monthly_basic,4900
GPA.4072-9379-7289-10416..3,2025-10-22,monthly_basic,4900
GPA.4243-8685-4784-10190..6,2025-10-22,monthly_plus,9900
GPA.4704-4436-9862-10176..7,2025-10-22,monthly_basic,4900
GPA.4888-5250-2953-10505..2,2025-10-22,monthly_basic,4900
GPA.5032-7251-8542-10293..5,2025-10-22,monthly_basic,4900
GPA.5037-9380-7212-10222..6,2025-10-22,monthly_basic,4900
GPA.5177-2002-6456-10372..4,2025-10-22,monthly_plus,9900
GPA.5211-9319-6780-10264..5,2025-10-22,monthly_basic,4900
GPA.5266-3942-3345-10480..2,2025-10-22,monthly_plus,9900
GPA.5622-1123-2491-10659,2025-10-22,monthly_basic,4900
GPA.6159-5523-3771-10586..1,2025-10-22,monthly_basic,4900
GPA.7126-9982-5359-10639..1,2025-10-22,monthly_basic,4900
GPA.7960-4319-4210-10502..2,2025-10-22,monthly_basic,4900
GPA.8227-6943-6392-10375..4,2025-10-22,monthly_basic,4900
GPA.8478-9056-7301-10677,2025-10-22,monthly_plus,9900
GPA.8827-2134-8855-10448..3,2025-10-22,monthly_basic,4900
GPA.8906-3635-1672-10381..4,2025-10-22,monthly_basic,4900
GPA.9087-6359-7182-10588..1,2025-10-22,monthly_basic,4900
GPA.9202-3241-1254-10469..2,2025-10-22,monthly_basic,4900
GPA.9349-6684-1996-10182..7,2025-10-22,monthly_plus,9900
GPA.9672-7523-3671-10695,2025-10-22,monthly_plus,9900
GPA.9789-5075-7502-10568..1,2025-10-22,monthly_basic,4900
GPA.1391-2646-7171-10011..9,2025-10-23,monthly_basic,4900
GPA.1962-4672-1744-10679,2025-10-23,monthly_basic,4900
GPA.2591-9367-2155-10481..2,2025-10-23,monthly_plus,9900
GPA.2931-9146-2666-10521..2,2025-10-23,monthly_basic,4900
GPA.2957-5323-9303-10410..3,2025-10-23,monthly_plus,9900
GPA.3279-3655-7427-10137..7,2025-10-23,monthly_basic,4900
GPA.3354-8914-7378-10715,2025-10-23,monthly_plus,9900
GPA.3456-4679-2191-10155..7,2025-10-23,monthly_plus,9900
GPA.3573-1151-5018-10158..7,2025-10-23,monthly_plus,9900
GPA.3593-4503-3711-10114..8,2025-10-23,monthly_basic,4900
GPA.4040-7479-8912-10394..3,2025-10-23,monthly_basic,4900
GPA.4241-1120-1979-10646,2025-10-23,monthly_basic,4900
GPA.4879-8840-6106-10045..9,2025-10-23,monthly_basic,4900
GPA.5843-7208-3593-10664,2025-10-23,monthly_basic,4900
GPA.6439-9122-3997-10601..1,2025-10-23,monthly_basic,4900
GPA.6584-7127-2695-10583..1,2025-10-23,monthly_plus,9900
GPA.6764-1615-3485-10504..2,2025-10-23,monthly_basic,4900
GPA.6978-9812-9941-10422..3,2025-10-23,monthly_basic,4900
GPA.7250-8061-3622-10650,2025-10-23,monthly_basic,4900
GPA.7359-3645-9504-10268..5,2025-10-23,monthly_plus,9900
GPA.7604-8346-5975-10435..3,2025-10-23,monthly_basic,4900
GPA.8379-6452-9819-10014..9,2025-10-23,monthly_plus,9900
GPA.9499-6791-1347-10529..2,2025-10-23,monthly_basic,4900
GPA.1240-5146-8223-10303..5,2025-10-24,monthly_basic,4900
GPA.1241-1262-7986-10321..4,2025-10-24,monthly_plus,9900
GPA.1671-4445-3848-10240..6,2025-10-24,monthly_plus,9900
GPA.1691-7237-5023-10213..6,2025-10-24,monthly_basic,4900
GPA.1987-5470-3868-10384..4,2025-10-24,monthly_basic,4900
GPA.2253-5997-8447-10401..3,2025-10-24,monthly_basic,4900
GPA.2509-9059-3401-10285..5,2025-10-24,monthly_basic,4900
GPA.2558-5666-7919-10445..3,2025-10-24,monthly_basic,4900
GPA.3219-7197-4295-10330..4,2025-10-24,monthly_basic,4900
GPA.3248-4906-6175-10513..2,2025-10-24,monthly_plus,9900
GPA.5167-2700-1244-10123..7,2025-10-24,monthly_basic,4900
GPA.5428-1328-2147-10277..5,2025-10-24,monthly_plus,9900
GPA.6453-3232-9678-10497..2,2025-10-24,monthly_basic,4900
GPA.7487-2650-5401-10711,2025-10-24,monthly_plus,9900
GPA.7516-7334-4277-10152..7,2025-10-24,monthly_basic,4900
GPA.7710-7882-6172-10134..7,2025-10-24,monthly_plus,9900
GPA.8116-4733-2271-10098..8,2025-10-24,monthly_plus,9900
GPA.8128-3731-4413-10525..2,2025-10-24,monthly_basic,4900
GPA.8820-1712-6723-10457..3,2025-10-24,monthly_basic,4900
GPA.9611-7998-1910-10079..8,2025-10-24,monthly_basic,4900
GPA.1032-4760-9383-10683,2025-10-25,monthly_basic,4900
GPA.1565-9813-9520-10602..1,2025-10-25,monthly_basic,4900
GPA.1682-4017-7969-10385..4,2025-10-25,monthly_basic,4900
GPA.1794-2347-7687-10652,2025-10-25,monthly_basic,4900
GPA.2206-8661-6168-10031..9,2025-10-25,monthly_basic,4900
GPA.3054-9988-2263-10117..8,2025-10-25,monthly_basic,4900
GPA.3828-6147-6139-10051..9,2025-10-25,monthly_basic,4900
GPA.5004-4451-5641-10046..9,2025-10-25,monthly_basic,4900
GPA.5730-5709-5993-10512..2,2025-10-25,monthly_plus,9900
GPA.6153-9074-1819-10027..9,2025-10-25,monthly_basic,4900
GPA.6254-7423-5743-10214..6,2025-10-25,monthly_basic,4900
GPA.7161-8290-1826-10699,2025-10-25,monthly_basic,4900
GPA.7708-1212-4663-10691,2025-10-25,monthly_basic,4900
GPA.8570-6353-3560-10722,2025-10-25,monthly_basic,4900
GPA.8823-1748-6765-10443..3,2025-10-25,monthly_basic,4900
GPA.9031-9795-1511-10538..2,2025-10-25,monthly_plus,9900
GPA.9422-6736-7376-10397..3,2025-10-25,monthly_basic,4900
GPA.1101-6130-2248-10517..2,2025-10-26,monthly_basic,4900
GPA.1515-6713-5645-10709,2025-10-26,monthly_basic,4900
GPA.2161-5057-7071-10549..2,2025-10-26,monthly_basic,4900
GPA.2297-5578-2646-10705,2025-10-26,monthly_basic,4900
GPA.2403-7728-1648-10503..2,2025-10-26,monthly_basic,4900
GPA.2765-8094-5094-10584..1,2025-10-26,monthly_plus,9900
GPA.4062-7484-5119-10531..2,2025-10-26,monthly_basic,4900
GPA.4414-7354-6567-10351..4,2025-10-26,monthly_plus,9900
GPA.4742-7235-3959-10349..4,2025-10-26,monthly_plus,9900
GPA.5963-7516-8034-10483..2,2025-10-26,monthly_basic,4900
GPA.6429-9364-8086-10731,2025-10-26,monthly_basic,4900
GPA.6672-1019-1918-10615..1,2025-10-26,monthly_basic,4900
GPA.6777-6062-5440-10569..1,2025-10-26,monthly_plus,9900
GPA.6847-9840-2857-10280..5,2025-10-26,monthly_basic,4900
GPA.7970-5400-6411-10706,2025-10-26,monthly_basic,4900
GPA.8072-1013-5533-10476..2,2025-10-26,monthly_basic,4900
GPA.8461-8489-2861-10574..1,2025-10-26,monthly_basic,4900
GPA.9113-5638-8660-10726,2025-10-26,monthly_basic,4900
GPA.9759-3638-8448-10290..5,2025-10-26,monthly_basic,4900
GPA.9861-7852-6857-10020..9,2025-10-26,monthly_basic,4900
GPA.9987-5934-1849-10398..3,2025-10-26,monthly_basic,4900
GPA.2663-3637-3795-10133..7,2025-10-27,monthly_basic,4900
GPA.3351-1752-6359-10611..1,2025-10-27,monthly_basic,4900
GPA.3692-3788-7850-10390..3,2025-10-27,monthly_plus,9900
GPA.4150-8950-8778-10671,2025-10-27,monthly_basic,4900
GPA.4958-2325-9382-10242..6,2025-10-27,monthly_plus,9900
GPA.5250-2299-4282-10703,2025-10-27,monthly_basic,4900
GPA.5332-8959-4844-10179..7,2025-10-27,monthly_basic,4900
GPA.6289-4919-8633-10571..1,2025-10-27,monthly_basic,4900
GPA.6489-6792-7002-10661,2025-10-27,monthly_basic,4900
GPA.6512-2646-1761-10399..3,2025-10-27,monthly_basic,4900
GPA.7420-5851-6204-10090..8,2025-10-27,monthly_basic,4900
GPA.7867-7938-4796-10358..4,2025-10-27,monthly_basic,4900
GPA.8273-1337-6634-10365..4,2025-10-27,monthly_basic,4900
GPA.8572-5158-2458-10643..1,2025-10-27,monthly_basic,4900
GPA.9090-7848-8011-10634..1,2025-10-27,monthly_basic,4900
GPA.9946-3281-5562-10425..3,2025-10-27,monthly_basic,4900
GPA.1163-6008-9733-10441..3,2025-10-28,monthly_basic,4900
GPA.1232-9866-4462-10685,2025-10-28,monthly_basic,4900
GPA.1628-3020-9969-10191..6,2025-10-28,monthly_plus,9900
GPA.1855-7235-6795-10063..8,2025-10-28,monthly_plus,9900
GPA.2037-4510-5054-10036..9,2025-10-28,monthly_plus,9900
GPA.2089-3316-8129-10232..6,2025-10-28,monthly_basic,4900
GPA.2290-5894-7126-10554..2,2025-10-28,monthly_basic,4900
GPA.2344-5767-5302-10409..3,2025-10-28,monthly_basic,4900
GPA.3751-1454-1602-10582..1,2025-10-28,monthly_basic,4900
GPA.3935-2608-8010-10537..2,2025-10-28,monthly_plus,9900
GPA.4585-6413-7004-10721,2025-10-28,monthly_basic,4900
GPA.4801-9440-1021-10286..5,2025-10-28,monthly_basic,4900
GPA.5746-9384-8952-10080..8,2025-10-28,monthly_basic,4900
GPA.5865-3006-4096-10665,2025-10-28,monthly_basic,4900
GPA.6022-9546-3059-10324..4,2025-10-28,monthly_basic,4900
GPA.6152-2336-7225-10656,2025-10-28,monthly_basic,4900
GPA.7597-1795-4527-10094..8,2025-10-28,monthly_plus,9900
GPA.7888-1753-2508-10561..1,2025-10-28,monthly_plus,9900
GPA.8488-8275-8271-10235..6,2025-10-28,monthly_basic,4900
GPA.8608-6276-9282-10163..7,2025-10-28,monthly_basic,4900
GPA.8994-2524-4965-10383..4,2025-10-28,monthly_basic,4900
GPA.9390-6712-6782-10471..2,2025-10-28,monthly_basic,4900
GPA.1505-9157-7699-10361..5,2025-11-01,monthly_plus,9900
GPA.1607-5558-2454-10753,2025-11-01,monthly_basic,4900
GPA.1686-2768-8843-10494..3,2025-11-01,monthly_basic,4900
GPA.1949-3311-6874-10420..4,2025-11-01,monthly_plus,9900
GPA.2851-8162-2110-10434..4,2025-11-01,monthly_basic,4900
GPA.3419-3516-4831-10064..9,2025-11-01,monthly_plus,9900
GPA.3473-2940-6316-10023..10,2025-11-01,monthly_basic,4900
GPA.4449-7781-8015-10566..2,2025-11-01,monthly_plus,9900
GPA.5233-6058-3095-10729..1,2025-11-01,monthly_plus,9900
GPA.5418-1011-6706-10356..5,2025-11-01,monthly_plus,9900
GPA.5659-9035-9088-10088..9,2025-11-01,monthly_basic,4900
GPA.5664-9566-5582-10062..9,2025-11-01,monthly_basic,4900
GPA.6781-1446-5336-10637..2,2025-11-01,monthly_basic,4900
GPA.8080-4853-2229-10161..8,2025-11-01,monthly_basic,4900
GPA.8372-1232-1624-10212..7,2025-11-01,monthly_basic,4900
GPA.8545-3115-9967-10472..3,2025-11-01,monthly_basic,4900
GPA.8740-7153-4007-10421..4,2025-11-01,monthly_plus,9900
GPA.8799-8676-7089-10776,2025-11-01,monthly_basic,4900
GPA.8858-1423-9496-10627..2,2025-11-01,monthly_plus,9900
GPA.8924-7791-5174-10823,2025-11-01,monthly_basic,4900
GPA.8962-2214-3257-10273..6,2025-11-01,monthly_basic,4900
GPA.8973-1838-5767-10793,2025-11-01,monthly_basic,4900
GPA.9417-7335-1637-10491..3,2025-11-01,monthly_basic,4900
GPA.9511-5695-6078-10370..5,2025-11-01,monthly_basic,4900
GPA.9534-1869-8141-10456..4,2025-11-01,monthly_basic,4900
GPA.9600-2997-9416-10767,2025-11-01,monthly_basic,4900
GPA.9699-6499-6803-10115..9,2025-11-01,monthly_basic,4900
GPA.9870-7374-6015-10534..3,2025-11-01,monthly_plus,9900
GPA.9942-7800-2508-10484..3,2025-11-01,monthly_basic,4900
GPA.1115-4219-5570-10645..1,2025-11-02,monthly_basic,4900
GPA.1393-3407-2932-10704..1,2025-11-02,monthly_basic,4900
GPA.1489-8834-4182-10405..4,2025-11-02,monthly_basic,4900
GPA.1804-3963-4725-10462..4,2025-11-02,monthly_basic,4900
GPA.2155-5221-4862-10366..5,2025-11-02,monthly_basic,4900
GPA.2321-2018-9033-10701..1,2025-11-02,monthly_basic,4900
GPA.2888-7212-7812-10768,2025-11-02,monthly_basic,4900
GPA.2936-2584-4319-10432..4,2025-11-02,monthly_plus,9900
GPA.3598-1310-7562-10205..7,2025-11-02,monthly_plus,9900
GPA.3663-6622-6279-10658..1,2025-11-02,monthly_basic,4900
GPA.3689-1868-2277-10495..3,2025-11-02,monthly_plus,9900
GPA.4592-1953-7554-10053..10,2025-11-02,monthly_basic,4900
GPA.4646-1198-3035-10515..3,2025-11-02,monthly_basic,4900
GPA.4699-5310-5625-10612..2,2025-11-02,monthly_basic,4900
GPA.4793-6339-3238-10796,2025-11-02,monthly_plus,9900
GPA.5908-7334-8793-10276..6,2025-11-02,monthly_basic,4900
GPA.6473-7393-1891-10759,2025-11-02,monthly_basic,4900
GPA.6779-2345-9926-10667..1,2025-11-02,monthly_basic,4900
GPA.6985-6730-5946-10820,2025-11-02,monthly_basic,4900
GPA.7266-2806-6095-10482..3,2025-11-02,monthly_plus,9900
GPA.7809-4993-5782-10393..4,2025-11-02,monthly_basic,4900
GPA.9049-1873-8922-10589..2,2025-11-02,monthly_basic,4900
GPA.9595-2281-6892-10730..1,2025-11-02,monthly_basic,4900
GPA.9706-3081-9343-10516..3,2025-11-02,monthly_basic,4900
GPA.1910-6141-4065-10738,2025-11-03,monthly_basic,4900
GPA.2838-4546-5997-10377..5,2025-11-03,monthly_basic,4900
GPA.3124-2707-2650-10453..4,2025-11-03,monthly_basic,4900
GPA.3239-7888-4606-10243..7,2025-11-03,monthly_basic,4900
GPA.3377-8686-3784-10199..7,2025-11-03,monthly_plus,9900
GPA.3379-3749-6212-10510..3,2025-11-03,monthly_basic,4900
GPA.3552-1536-5012-10477..3,2025-11-03,monthly_basic,4900
GPA.3863-4654-7653-10682..1,2025-11-03,monthly_basic,4900
GPA.4197-7516-2279-10734,2025-11-03,monthly_basic,4900
GPA.4602-1127-5368-10772,2025-11-03,monthly_basic,4900
GPA.4719-8044-3336-10217..7,2025-11-03,monthly_plus,9900
GPA.5376-7591-3453-10048..10,2025-11-03,monthly_plus,9900
GPA.5496-7339-6564-10124..8,2025-11-03,monthly_basic,4900
GPA.6053-7481-2728-10714..1,2025-11-03,monthly_basic,4900
GPA.6295-6898-5011-10071..9,2025-11-03,monthly_basic,4900
GPA.6312-9571-3791-10553..3,2025-11-03,monthly_basic,4900
GPA.6576-1160-2121-10143..8,2025-11-03,monthly_basic,4900
GPA.7301-6170-6711-10003..10,2025-11-03,monthly_basic,4900
GPA.7342-7940-5280-10287..6,2025-11-03,monthly_plus,9900
GPA.7964-6890-4949-10001..10,2025-11-03,monthly_basic,4900
GPA.8379-3655-2949-10467..4,2025-11-03,monthly_plus,9900
GPA.8488-4132-3664-10622..2,2025-11-03,monthly_plus,9900
GPA.9187-7741-4050-10225..7,2025-11-03,monthly_basic,4900
GPA.9386-4103-4022-10130..8,2025-11-03,monthly_basic,4900
GPA.9793-9429-4929-10047..10,2025-11-03,monthly_basic,4900
GPA.1127-2374-1950-10253..6,2025-11-04,monthly_basic,4900
GPA.1628-6965-4410-10070..9,2025-11-04,monthly_basic,4900
GPA.1719-9988-7231-10427..4,2025-11-04,monthly_basic,4900
GPA.2217-5570-4836-10367..5,2025-11-04,monthly_basic,4900
GPA.2814-4199-4062-10162..8,2025-11-04,monthly_basic,4900
GPA.3650-5290-9068-10640..2,2025-11-04,monthly_plus,9900
GPA.3983-7988-7336-10758,2025-11-04,monthly_basic,4900
GPA.4423-5539-6319-10440..4,2025-11-04,monthly_plus,9900
GPA.5410-1684-5195-10748,2025-11-04,monthly_basic,4900
GPA.5631-7386-6312-10022..10,2025-11-04,monthly_basic,4900
GPA.7460-8698-6580-10485..3,2025-11-04,monthly_basic,4900
GPA.8042-4668-3524-10382..5,2025-11-04,monthly_basic,4900
GPA.8089-7512-6285-10757,2025-11-04,monthly_basic,4900
GPA.8164-6354-2546-10289..6,2025-11-04,monthly_basic,4900
GPA.8166-2355-8141-10750,2025-11-04,monthly_basic,4900
GPA.9089-6871-1993-10376..5,2025-11-04,monthly_basic,4900
GPA.9291-3505-2392-10449..4,2025-11-04,monthly_basic,4900
GPA.9533-8301-7254-10676..1,2025-11-04,monthly_basic,4900
GPA.1589-6813-9884-10675..1,2025-11-05,monthly_basic,4900
GPA.1927-8644-5255-10565..2,2025-11-05,monthly_basic,4900
GPA.1977-3688-4915-10007..10,2025-11-05,monthly_basic,4900
GPA.2008-2754-1386-10106..9,2025-11-05,monthly_plus,9900
GPA.2059-7208-4578-10751,2025-11-05,monthly_plus,9900
GPA.2139-5988-9631-10407..4,2025-11-05,monthly_plus,9900
GPA.2162-4123-9534-10501..3,2025-11-05,monthly_basic,4900
GPA.2715-7459-1957-10153..8,2025-11-05,monthly_basic,4900
GPA.2760-4963-7231-10739,2025-11-05,monthly_plus,9900
GPA.2897-9723-6995-10148..8,2025-11-05,monthly_plus,9900
GPA.3573-2961-6791-10546..3,2025-11-05,monthly_plus,9900
GPA.4698-2820-5051-10450..4,2025-11-05,monthly_plus,9900
GPA.5414-1284-1916-10084..9,2025-11-05,monthly_basic,4900
GPA.5443-3391-1171-10508..3,2025-11-05,monthly_basic,4900
GPA.5720-9542-7054-10592..2,2025-11-05,monthly_basic,4900
GPA.6062-6934-1235-10486..3,2025-11-05,monthly_basic,4900
GPA.6716-2102-2926-10539..3,2025-11-05,monthly_basic,4900
GPA.7315-3733-4450-10354..5,2025-11-05,monthly_basic,4900
GPA.7361-5911-4900-10629..2,2025-11-05,monthly_basic,4900
GPA.7444-1136-1435-10649..1,2025-11-05,monthly_plus,9900
GPA.7516-2938-3542-10625..2,2025-11-05,monthly_basic,4900
GPA.8688-7348-6914-10817,2025-11-05,monthly_basic,4900
GPA.9369-7010-8855-10050..10,2025-11-05,monthly_basic,4900
GPA.9690-1995-5657-10653..1,2025-11-05,monthly_basic,4900
GPA.1036-4818-6344-10742,2025-11-06,monthly_plus,9900
GPA.1517-5030-1454-10340..5,2025-11-06,monthly_basic,4900
GPA.1696-4481-4569-10474..3,2025-11-06,monthly_basic,4900
GPA.1910-6379-7099-10423..4,2025-11-06,monthly_basic,4900
GPA.2261-2787-1680-10412..4,2025-11-06,monthly_basic,4900
GPA.2788-7250-8587-10518..3,2025-11-06,monthly_basic,4900
GPA.2849-2227-5773-10698..1,2025-11-06,monthly_basic,4900
GPA.3867-7739-9221-10490..3,2025-11-06,monthly_plus,9900
GPA.4329-6031-8073-10386..5,2025-11-06,monthly_basic,4900
GPA.4998-1492-4054-10609..2,2025-11-06,monthly_basic,4900
GPA.5765-2066-1268-10725..1,2025-11-06,monthly_plus,9900
GPA.6384-2815-3570-10533..3,2025-11-06,monthly_plus,9900
GPA.6940-6888-6898-10591..2,2025-11-06,monthly_basic,4900
GPA.7017-2180-5003-10189..7,2025-11-06,monthly_basic,4900
GPA.7550-5097-4724-10304..6,2025-11-06,monthly_basic,4900
GPA.7789-8411-8454-10802,2025-11-06,monthly_basic,4900
GPA.8409-5491-3017-10252..6,2025-11-06,monthly_basic,4900
GPA.8710-4590-8186-10291..6,2025-11-06,monthly_basic,4900
GPA.9435-5858-8443-10747,2025-11-06,monthly_plus,9900
GPA.9489-1040-9325-10459..4,2025-11-06,monthly_basic,4900
GPA.9736-4938-3337-10740,2025-11-06,monthly_basic,4900
GPA.1325-5418-9552-10690..1,2025-11-07,monthly_basic,4900
GPA.1493-9265-5990-10702..1,2025-11-07,monthly_basic,4900
GPA.1985-4114-5351-10105..9,2025-11-07,monthly_basic,4900
GPA.2130-8500-5760-10278..6,2025-11-07,monthly_basic,4900
GPA.2658-7585-7777-10488..3,2025-11-07,monthly_basic,4900
GPA.2915-7794-7009-10283..6,2025-11-07,monthly_basic,4900
GPA.3131-4503-3450-10120..8,2025-11-07,monthly_basic,4900
GPA.3469-3207-9211-10580..2,2025-11-07,monthly_basic,4900
GPA.3605-7836-2377-10058..9,2025-11-07,monthly_basic,4900
GPA.3610-1966-9839-10186..7,2025-11-07,monthly_basic,4900
GPA.3611-8633-3466-10587..2,2025-11-07,monthly_basic,4900
GPA.4334-6289-8972-10092..9,2025-11-07,monthly_plus,9900
GPA.4340-3158-4703-10436..4,2025-11-07,monthly_plus,9900
GPA.4703-3384-6675-10473..3,2025-11-07,monthly_plus,9900
GPA.4779-6717-2142-10388..5,2025-11-07,monthly_basic,4900
GPA.5164-5375-4975-10735,2025-11-07,monthly_plus,9900
GPA.5227-7105-5272-10311..6,2025-11-07,monthly_plus,9900
GPA.5912-6548-1194-10822,2025-11-07,monthly_basic,4900
GPA.5979-8900-8828-10555..3,2025-11-07,monthly_basic,4900
GPA.6432-1597-5554-10447..4,2025-11-07,monthly_plus,9900
GPA.6938-2628-1318-10626..2,2025-11-07,monthly_basic,4900
GPA.7194-3296-8129-10374..5,2025-11-07,monthly_basic,4900
GPA.7601-8295-4540-10799,2025-11-07,monthly_plus,9900
GPA.7937-3624-1388-10812,2025-11-07,monthly_basic,4900
GPA.8491-7685-7937-10057..9,2025-11-07,monthly_basic,4900
GPA.9303-6781-7842-10325..5,2025-11-07,monthly_basic,4900
GPA.9552-3003-1750-10317..5,2025-11-07,monthly_basic,4900
GPA.9638-3726-1861-10246..7,2025-11-07,monthly_plus,9900
GPA.9912-7597-5506-10575..2,2025-11-07,monthly_basic,4900
GPA.1129-9157-5507-10201..7,2025-11-08,monthly_basic,4900
GPA.1176-8175-2341-10686..1,2025-11-08,monthly_basic,4900
GPA.1374-4217-4481-10168..8,2025-11-08,monthly_basic,4900
GPA.1470-5303-6026-10470..3,2025-11-08,monthly_basic,4900
GPA.1847-4554-9945-10526..3,2025-11-08,monthly_basic,4900
GPA.2009-3999-7589-10559..2,2025-11-08,monthly_plus,9900
GPA.2113-6971-1982-10009..10,2025-11-08,monthly_basic,4900
GPA.2491-2004-2636-10224..5,2025-11-08,monthly_plus,9900
GPA.3760-8455-5037-10369..5,2025-11-08,monthly_basic,4900
GPA.4022-6634-6258-10536..3,2025-11-08,monthly_basic,4900
GPA.4087-7989-4655-10468..3,2025-11-08,monthly_basic,4900
GPA.4237-7834-6317-10339..5,2025-11-08,monthly_basic,4900
GPA.5349-2496-9933-10605..2,2025-11-08,monthly_basic,4900
GPA.5430-1001-9815-10458..4,2025-11-08,monthly_basic,4900
GPA.5559-6595-3208-10119..8,2025-11-08,monthly_basic,4900
GPA.5604-4345-6387-10784,2025-11-08,monthly_basic,4900
GPA.5784-8341-1973-10334..5,2025-11-08,monthly_basic,4900
GPA.6605-3492-2778-10581..2,2025-11-08,monthly_plus,9900
GPA.7274-6452-5253-10461..4,2025-11-08,monthly_basic,4900
GPA.7402-1159-3496-10636..2,2025-11-08,monthly_basic,4900
GPA.8741-8366-2424-10522..3,2025-11-08,monthly_basic,4900
GPA.9225-4047-2963-10166..8,2025-11-08,monthly_basic,4900
GPA.9928-6913-4602-10543..3,2025-11-08,monthly_basic,4900
GPA.1399-5427-5303-10316..6,2025-11-09,monthly_basic,4900
GPA.1648-6710-6889-10638..2,2025-11-09,monthly_basic,4900
GPA.1902-3078-1331-10192..7,2025-11-09,monthly_basic,4900
GPA.1979-1113-9573-10794,2025-11-09,monthly_basic,4900
GPA.2983-8876-6342-10816,2025-11-09,monthly_basic,4900
GPA.3106-3271-2218-10030..10,2025-11-09,monthly_basic,4900
GPA.3950-8437-6589-10579..2,2025-11-09,monthly_plus,9900
GPA.4004-6078-3653-10492..3,2025-11-09,monthly_plus,9900
GPA.5577-4741-5141-10300..6,2025-11-09,monthly_basic,4900
GPA.6283-6871-6549-10016..10,2025-11-09,monthly_basic,4900
GPA.6710-6493-8125-10338..5,2025-11-09,monthly_basic,4900
GPA.6981-3976-8801-10499..3,2025-11-09,monthly_basic,4900
GPA.7177-5117-7158-10801,2025-11-09,monthly_basic,4900
GPA.8344-3959-6045-10315..6,2025-11-09,monthly_basic,4900
GPA.8612-7803-6790-10564..2,2025-11-09,monthly_basic,4900
GPA.8613-9352-2585-10578..2,2025-11-09,monthly_plus,9900
GPA.8655-9837-5784-10187..7,2025-11-09,monthly_plus,9900
GPA.8736-2248-3200-10099..9,2025-11-09,monthly_basic,4900
GPA.8904-7450-6165-10507..3,2025-11-09,monthly_basic,4900
GPA.9072-4630-3814-10496..3,2025-11-09,monthly_basic,4900
GPA.9821-2740-4744-10132..8,2025-11-09,monthly_basic,4900
GPA.1082-5410-5557-10814,2025-11-10,monthly_basic,4900
GPA.1787-5212-7584-10184..8,2025-11-10,monthly_plus,9900
GPA.1964-3934-4002-10411..4,2025-11-10,monthly_basic,4900
GPA.2643-2995-8125-10296..6,2025-11-10,monthly_plus,9900
GPA.3813-7054-5195-10570..2,2025-11-10,monthly_basic,4900
GPA.4050-6449-9090-10773,2025-11-10,monthly_basic,4900
GPA.4056-8686-1114-10336..5,2025-11-10,monthly_basic,4900
GPA.4063-3943-6701-10550..3,2025-11-10,monthly_basic,4900
GPA.4763-4466-9820-10068..9,2025-11-10,monthly_basic,4900
GPA.4782-6305-6670-10696..1,2025-11-10,monthly_basic,4900
GPA.5062-4328-7314-10621..2,2025-11-10,monthly_basic,4900
GPA.5340-6048-5451-10657..1,2025-11-10,monthly_plus,9900
GPA.5780-7948-2145-10786,2025-11-10,monthly_basic,4900
GPA.6389-4307-1190-10648..1,2025-11-10,monthly_plus,9900
GPA.6727-8019-5508-10600..2,2025-11-10,monthly_basic,4900
GPA.7103-5410-6519-10509..3,2025-11-10,monthly_basic,4900
GPA.7342-8191-9417-10263..6,2025-11-10,monthly_basic,4900
GPA.7538-1051-9662-10306..6,2025-11-10,monthly_basic,4900
GPA.8089-8848-9852-10318..5,2025-11-10,monthly_basic,4900
GPA.8282-2404-9256-10662..1,2025-11-10,monthly_basic,4900
GPA.8460-8922-6251-10478..3,2025-11-10,monthly_plus,9900
GPA.8640-9924-6647-10754,2025-11-10,monthly_basic,4900
GPA.8736-4633-1038-10700..1,2025-11-10,monthly_plus,9900
GPA.8776-1144-5263-10154..8,2025-11-10,monthly_plus,9900
GPA.8944-1906-9986-10613..2,2025-11-10,monthly_basic,4900
GPA.9135-2387-8831-10804,2025-11-10,monthly_basic,4900
GPA.9300-8536-4032-10764,2025-11-10,monthly_basic,4900
GPA.1050-4399-9181-10560..2,2025-11-11,monthly_basic,4900
GPA.1080-3881-4577-10402..4,2025-11-11,monthly_basic,4900
GPA.1194-3671-7136-10775,2025-11-11,monthly_plus,9900
GPA.1484-5646-5753-10230..7,2025-11-11,monthly_basic,4900
GPA.1534-2988-9731-10641..2,2025-11-11,monthly_basic,4900
GPA.1936-7944-3660-10391..4,2025-11-11,monthly_plus,9900
GPA.2243-1525-8076-10787,2025-11-11,monthly_basic,4900
GPA.2628-4753-7018-10428..4,2025-11-11,monthly_basic,4900
GPA.2689-8996-7833-10368..5,2025-11-11,monthly_plus,9900
GPA.3133-3573-4280-10284..6,2025-11-11,monthly_basic,4900
GPA.4250-7505-7930-10251..6,2025-11-11,monthly_basic,4900
GPA.4928-1569-1934-10364..5,2025-11-11,monthly_basic,4900
GPA.5121-4521-8062-10608..2,2025-11-11,monthly_basic,4900
GPA.5177-4778-8009-10727..1,2025-11-11,monthly_basic,4900
GPA.5598-6256-1410-10379..5,2025-11-11,monthly_basic,4900
GPA.5813-6124-9552-10631..2,2025-11-11,monthly_basic,4900
GPA.5971-5100-4217-10563..2,2025-11-11,monthly_plus,9900
GPA.6101-1159-3030-10157..8,2025-11-11,monthly_basic,4900
GPA.6137-6029-2968-10460..4,2025-11-11,monthly_basic,4900
GPA.6194-5038-3183-10174..8,2025-11-11,monthly_basic,4900
GPA.6577-2245-9871-10642..2,2025-11-11,monthly_basic,4900
GPA.6982-3728-5610-10632..2,2025-11-11,monthly_plus,9900
GPA.7282-8303-6077-10789,2025-11-11,monthly_plus,9900
GPA.7520-2007-3296-10651..1,2025-11-11,monthly_basic,4900
GPA.7555-5125-9465-10680..1,2025-11-11,monthly_basic,4900
GPA.7754-7283-9123-10542..3,2025-11-11,monthly_basic,4900
GPA.7836-4264-7514-10193..7,2025-11-11,monthly_plus,9900
GPA.8079-6215-4369-10043..10,2025-11-11,monthly_plus,9900
GPA.8458-8361-7774-10556..3,2025-11-11,monthly_basic,4900
GPA.8804-7613-5744-10238..7,2025-11-11,monthly_basic,4900
GPA.9211-9300-6047-10670..1,2025-11-11,monthly_basic,4900
GPA.1790-9549-7127-10231..7,2025-11-12,monthly_basic,4900
GPA.1830-9427-8980-10519..3,2025-11-12,monthly_plus,9900
GPA.2196-3799-3944-10269..6,2025-11-12,monthly_basic,4900
GPA.3055-5561-6894-10424..4,2025-11-12,monthly_plus,9900
GPA.3749-6980-5045-10741,2025-11-12,monthly_basic,4900
GPA.3762-2247-7623-10075..9,2025-11-12,monthly_basic,4900
GPA.3981-6854-3645-10454..4,2025-11-12,monthly_basic,4900
GPA.4724-8332-8549-10274..6,2025-11-12,monthly_basic,4900
GPA.4959-3470-4198-10255..6,2025-11-12,monthly_basic,4900
GPA.5441-6141-8482-10781,2025-11-12,monthly_basic,4900
GPA.5514-8971-2605-10403..4,2025-11-12,monthly_plus,9900
GPA.5972-1536-9265-10438..4,2025-11-12,monthly_basic,4900
GPA.6933-7124-7080-10540..3,2025-11-12,monthly_basic,4900
GPA.6959-9827-4557-10208..7,2025-11-12,monthly_basic,4900
GPA.7267-8802-7011-10697..1,2025-11-12,monthly_basic,4900
GPA.7678-2110-9429-10395..4,2025-11-12,monthly_basic,4900
GPA.7968-2441-4425-10660..1,2025-11-12,monthly_basic,4900
GPA.8411-8209-6825-10692..1,2025-11-12,monthly_basic,4900
GPA.9126-8210-7980-10275..6,2025-11-12,monthly_plus,9900
GPA.9607-4426-8246-10041..10,2025-11-12,monthly_basic,4900
GPA.9739-4534-8653-10069..9,2025-11-12,monthly_basic,4900
GPA.9749-4814-9006-10442..4,2025-11-12,monthly_basic,4900
GPA.9858-5183-3383-10630..2,2025-11-12,monthly_basic,4900
GPA.1587-8050-8376-10142..8,2025-11-13,monthly_plus,9900
GPA.1889-7212-8073-10136..8,2025-11-13,monthly_plus,9900
GPA.2261-2811-3690-10298..6,2025-11-13,monthly_basic,4900
GPA.3070-8304-3938-10678..1,2025-11-13,monthly_basic,4900
GPA.3592-1465-2368-10337..5,2025-11-13,monthly_plus,9900
GPA.3971-2790-3021-10663..1,2025-11-13,monthly_basic,4900
GPA.4313-4281-9125-10595..2,2025-11-13,monthly_basic,4900
GPA.4622-6272-2903-10250..6,2025-11-13,monthly_basic,4900
GPA.5220-9106-7074-10607..2,2025-11-13,monthly_plus,9900
GPA.7658-6561-3906-10260..6,2025-11-13,monthly_basic,4900
GPA.8870-3362-6506-10156..8,2025-11-13,monthly_basic,4900
GPA.9278-2066-5728-10765,2025-11-13,monthly_plus,9900
GPA.9950-6039-7136-10673..1,2025-11-13,monthly_plus,9900
GPA.1316-7692-7040-10577..2,2025-11-14,monthly_basic,4900
GPA.1554-9934-1688-10718..1,2025-11-14,monthly_basic,4900
GPA.1680-9650-5541-10620..2,2025-11-14,monthly_plus,9900
GPA.2619-1239-3180-10475..3,2025-11-14,monthly_basic,4900
GPA.3358-7373-9449-10236..7,2025-11-14,monthly_basic,4900
GPA.4394-8385-1189-10743,2025-11-14,monthly_basic,4900
GPA.4413-9345-2452-10644..1,2025-11-14,monthly_basic,4900
GPA.4750-3051-8178-10719..1,2025-11-14,monthly_plus,9900
GPA.5563-9801-2631-10815,2025-11-14,monthly_plus,9900
GPA.5654-8585-6623-10572..2,2025-11-14,monthly_basic,4900
GPA.6348-1843-7989-10096..9,2025-11-14,monthly_plus,9900
GPA.7950-7888-9323-10669..1,2025-11-14,monthly_basic,4900
GPA.8263-4035-9334-10239..7,2025-11-14,monthly_basic,4900
GPA.8460-6139-9623-10305..6,2025-11-14,monthly_basic,4900
GPA.8608-1427-7166-10544..3,2025-11-14,monthly_basic,4900
GPA.9042-7245-6317-10623..2,2025-11-14,monthly_basic,4900
GPA.9260-3473-5782-10373..5,2025-11-14,monthly_basic,4900
GPA.9377-6413-4347-10039..10,2025-11-14,monthly_plus,9900
GPA.9381-8599-3979-10019..10,2025-11-14,monthly_basic,4900
GPA.9663-9976-2013-10320..5,2025-11-14,monthly_basic,4900
GPA.1075-9370-7572-10066..9,2025-11-15,monthly_basic,4900
GPA.1570-6408-3162-10294..6,2025-11-15,monthly_basic,4900
GPA.1611-1417-8032-10167..8,2025-11-15,monthly_basic,4900
GPA.1685-7194-6195-10558..2,2025-11-15,monthly_basic,4900
GPA.1856-9188-6868-10129..8,2025-11-15,monthly_basic,4900
GPA.2787-3621-7234-10466..4,2025-11-15,monthly_basic,4900
GPA.3292-4847-8861-10267..6,2025-11-15,monthly_plus,9900
GPA.3424-9093-4176-10406..4,2025-11-15,monthly_plus,9900
GPA.4442-4150-7208-10319..5,2025-11-15,monthly_basic,4900
GPA.4753-7563-1767-10548..3,2025-11-15,monthly_basic,4900
GPA.6019-9888-9443-10392..4,2025-11-15,monthly_basic,4900
GPA.6055-3274-2525-10655..1,2025-11-15,monthly_basic,4900
GPA.6298-3761-7341-10221..7,2025-11-15,monthly_plus,9900
GPA.6356-9739-3318-10077..9,2025-11-15,monthly_plus,9900
GPA.6538-7423-4395-10357..5,2025-11-15,monthly_plus,9900
GPA.8258-2298-1366-10762,2025-11-15,monthly_basic,4900
GPA.8492-1399-6727-10732,2025-11-15,monthly_plus,9900
GPA.8808-3018-4730-10647..1,2025-11-15,monthly_basic,4900
GPA.9130-3747-5245-10258..6,2025-11-15,monthly_basic,4900
GPA.9538-7549-7874-10012..10,2025-11-15,monthly_basic,4900
GPA.9887-4332-3504-10524..3,2025-11-15,monthly_basic,4900
GPA.9958-8006-1672-10194..7,2025-11-15,monthly_basic,4900
GPA.1136-5407-6802-10464..4,2025-11-16,monthly_basic,4900
GPA.1324-4354-3390-10590..2,2025-11-16,monthly_basic,4900
GPA.1515-2600-7159-10616..2,2025-11-16,monthly_plus,9900
GPA.1792-1695-6299-10594..2,2025-11-16,monthly_basic,4900
GPA.1840-8378-8895-10769,2025-11-16,monthly_basic,4900
GPA.2281-5497-4841-10500..3,2025-11-16,monthly_basic,4900
GPA.2462-3225-1555-10404..4,2025-11-16,monthly_basic,4900
GPA.4689-6854-8624-10723..1,2025-11-16,monthly_basic,4900
GPA.5174-8637-2222-10713..1,2025-11-16,monthly_basic,4900
GPA.5422-6488-7730-10790,2025-11-16,monthly_basic,4900
GPA.5584-1636-8409-10265..6,2025-11-16,monthly_basic,4900
GPA.5788-3922-9154-10716..1,2025-11-16,monthly_plus,9900
GPA.5797-3585-9292-10813,2025-11-16,monthly_basic,4900
GPA.5877-5633-7409-10810,2025-11-16,monthly_plus,9900
GPA.6078-4013-3803-10576..2,2025-11-16,monthly_basic,4900
GPA.6092-4759-2200-10567..2,2025-11-16,monthly_plus,9900
GPA.6341-8632-9441-10520..3,2025-11-16,monthly_basic,4900
GPA.6425-7791-3177-10530..3,2025-11-16,monthly_basic,4900
GPA.6456-7612-8970-10055..10,2025-11-16,monthly_plus,9900
GPA.6476-4648-3011-10795,2025-11-16,monthly_basic,4900
GPA.7124-3305-6088-10446..4,2025-11-16,monthly_basic,4900
GPA.7213-5715-2077-10309..6,2025-11-16,monthly_plus,9900
GPA.7524-6067-2844-10585..2,2025-11-16,monthly_basic,4900
GPA.7705-9785-3873-10689..1,2025-11-16,monthly_basic,4900
GPA.8170-7623-8874-10010..10,2025-11-16,monthly_basic,4900
GPA.8564-2237-8908-10125..8,2025-11-16,monthly_plus,9900
GPA.9226-2943-3482-10210..7,2025-11-16,monthly_plus,9900
GPA.9483-7638-6348-10551..3,2025-11-16,monthly_basic,4900
GPA.1154-7651-5243-10761,2025-11-17,monthly_basic,4900
GPA.1285-7817-7579-10599..2,2025-11-17,monthly_basic,4900
GPA.1329-2610-7954-10331..5,2025-11-17,monthly_basic,4900
GPA.2628-4538-6750-10710..1,2025-11-17,monthly_basic,4900
GPA.3725-6938-6923-10033..10,2025-11-17,monthly_basic,4900
GPA.4133-5566-5397-10363..3,2025-11-17,monthly_basic,4900
GPA.4638-7547-4840-10426..4,2025-11-17,monthly_basic,4900
GPA.5030-8970-7565-10666..1,2025-11-17,monthly_basic,4900
GPA.5131-4453-2134-10342..5,2025-11-17,monthly_basic,4900
GPA.5505-8617-7342-10633..2,2025-11-17,monthly_basic,4900
GPA.5691-3542-7898-10091..9,2025-11-17,monthly_basic,4900
GPA.5850-9838-8878-10245..7,2025-11-17,monthly_basic,4900
GPA.6011-5089-9713-10026..10,2025-11-17,monthly_basic,4900
GPA.6385-4912-6398-10185..7,2025-11-17,monthly_basic,4900
GPA.8434-7839-9926-10085..9,2025-11-17,monthly_basic,4900
GPA.8527-6586-9860-10745,2025-11-17,monthly_plus,9900
GPA.8623-4531-1935-10042..1,2025-11-17,monthly_basic,4900
GPA.9219-9383-2442-10097..9,2025-11-17,monthly_basic,4900
GPA.9267-1772-8208-10596..2,2025-11-17,monthly_basic,4900
GPA.9471-2116-2154-10196..7,2025-11-17,monthly_plus,9900
GPA.9777-6039-5767-10694..1,2025-11-17,monthly_basic,4900
GPA.9970-2625-2692-10451..4,2025-11-17,monthly_plus,9900
GPA.1141-2984-1878-10746,2025-11-18,monthly_basic,4900
GPA.1324-4866-2415-10227..7,2025-11-18,monthly_plus,9900
GPA.2570-5155-7983-10452..4,2025-11-18,monthly_plus,9900
GPA.3042-2179-9146-10687..1,2025-11-18,monthly_basic,4900
GPA.3291-7154-2284-10378..5,2025-11-18,monthly_basic,4900
GPA.3724-1661-4100-10310..6,2025-11-18,monthly_basic,4900
GPA.3728-4607-3068-10593..2,2025-11-18,monthly_basic,4900
GPA.3810-5889-6885-10724..1,2025-11-18,monthly_basic,4900
GPA.4364-3384-1751-10100..9,2025-11-18,monthly_basic,4900
GPA.4901-4433-7075-10345..4,2025-11-18,monthly_plus,9900
GPA.5452-5827-1856-10617..2,2025-11-18,monthly_basic,4900
GPA.5471-7506-9233-10262..6,2025-11-18,monthly_basic,4900
GPA.6103-6648-7345-10116..9,2025-11-18,monthly_basic,4900
GPA.6294-9792-5999-10380..5,2025-11-18,monthly_basic,4900
GPA.6409-2567-9964-10535..3,2025-11-18,monthly_basic,4900
GPA.6639-3871-4132-10029..10,2025-11-18,monthly_basic,4900
GPA.6682-9670-4187-10211..7,2025-11-18,monthly_basic,4900
GPA.6757-7658-2796-10288..6,2025-11-18,monthly_basic,4900
GPA.7076-1205-8895-10169..8,2025-11-18,monthly_basic,4900
GPA.7341-5407-4984-10035..10,2025-11-18,monthly_basic,4900
GPA.7351-4269-3559-10335..5,2025-11-18,monthly_basic,4900
GPA.7649-6972-3871-10766,2025-11-18,monthly_basic,4900
GPA.8298-4631-3669-10755,2025-11-18,monthly_plus,9900
GPA.8430-8903-8453-10800,2025-11-18,monthly_basic,4900
GPA.8557-9320-9547-10128..8,2025-11-18,monthly_basic,4900
GPA.8580-2692-2642-10624..2,2025-11-18,monthly_basic,4900
GPA.8775-3408-6022-10614..2,2025-11-18,monthly_basic,4900
GPA.9065-1440-4233-10145..8,2025-11-18,monthly_basic,4900
GPA.9196-9036-2537-10545..3,2025-11-18,monthly_basic,4900
GPA.9277-9203-5737-10674..1,2025-11-18,monthly_basic,4900
GPA.1151-7066-1149-10672..1,2025-11-19,monthly_plus,9900
GPA.1532-7552-8531-10798,2025-11-19,monthly_basic,4900
GPA.1734-4531-4208-10248..7,2025-11-19,monthly_basic,4900
GPA.1891-3064-3683-10720..1,2025-11-19,monthly_basic,4900
GPA.1899-4070-4920-10226..7,2025-11-19,monthly_basic,4900
GPA.3368-2429-2940-10396..4,2025-11-19,monthly_basic,4900
GPA.3566-5280-8440-10083..5,2025-11-19,monthly_basic,4900
GPA.3971-6937-3486-10635..2,2025-11-19,monthly_basic,4900
GPA.4439-9400-9930-10527..3,2025-11-19,monthly_plus,9900
GPA.5219-2970-7645-10736,2025-11-19,monthly_basic,4900
GPA.5502-4196-4218-10348..5,2025-11-19,monthly_basic,4900
GPA.5507-6202-9242-10693..1,2025-11-19,monthly_plus,9900
GPA.5852-2096-5474-10606..2,2025-11-19,monthly_basic,4900
GPA.6629-9607-7405-10573..2,2025-11-19,monthly_basic,4900
GPA.6946-3981-3168-10122..8,2025-11-19,monthly_basic,4900
GPA.7247-7632-7375-10271..6,2025-11-19,monthly_plus,9900
GPA.7509-1907-8099-10112..9,2025-11-19,monthly_plus,9900
GPA.8137-1191-6998-10439..4,2025-11-19,monthly_basic,4900
GPA.8264-6599-2149-10809,2025-11-19,monthly_basic,4900
GPA.8385-5625-5046-10493..3,2025-11-19,monthly_basic,4900
GPA.8846-5133-8069-10511..3,2025-11-19,monthly_plus,9900
GPA.9391-9312-9554-10181..8,2025-11-19,monthly_basic,4900
GPA.9599-7010-2684-10329..5,2025-11-19,monthly_basic,4900
GPA.1096-4085-6243-10323..5,2025-11-20,monthly_basic,4900
GPA.1844-1464-2866-10389..5,2025-11-20,monthly_basic,4900
GPA.1972-3446-5928-10708..1,2025-11-20,monthly_plus,9900
GPA.2999-1610-6342-10465..4,2025-11-20,monthly_basic,4900
GPA.3432-6195-9671-10523..3,2025-11-20,monthly_basic,4900
GPA.3504-6861-4650-10598..2,2025-11-20,monthly_basic,4900
GPA.3808-9759-3897-10215..7,2025-11-20,monthly_basic,4900
GPA.3818-3962-8008-10307..6,2025-11-20,monthly_basic,4900
GPA.4959-5698-9448-10056..9,2025-11-20,monthly_basic,4900
GPA.4963-5643-5880-10562..2,2025-11-20,monthly_basic,4900
GPA.4977-9091-9484-10220..7,2025-11-20,monthly_plus,9900
GPA.5864-1209-8563-10528..3,2025-11-20,monthly_basic,4900
GPA.6526-9493-9525-10654..1,2025-11-20,monthly_basic,4900
GPA.6916-4554-2439-10028..10,2025-11-20,monthly_plus,9900
GPA.7135-7541-3163-10327..5,2025-11-20,monthly_basic,4900
GPA.7448-2353-5160-10195..7,2025-11-20,monthly_basic,4900
GPA.8797-7211-7148-10619..2,2025-11-20,monthly_basic,4900
GPA.9360-1996-5636-10353..5,2025-11-20,monthly_plus,9900
GPA.9678-2138-7787-10463..4,2025-11-20,monthly_plus,9900
GPA.1504-2684-6648-10479..3,2025-11-21,monthly_plus,9900
GPA.1507-7021-9775-10430..4,2025-11-21,monthly_basic,4900
GPA.1781-1071-1545-10341..5,2025-11-21,monthly_basic,4900
GPA.2012-6957-8741-10532..3,2025-11-21,monthly_plus,9900
GPA.2360-1714-3567-10487..3,2025-11-21,monthly_basic,4900
GPA.3343-5907-2472-10244..7,2025-11-21,monthly_plus,9900
GPA.3685-8575-4942-10707..1,2025-11-21,monthly_basic,4900
GPA.3807-3116-2211-10498..3,2025-11-21,monthly_basic,4900
GPA.4237-9284-9103-10272..6,2025-11-21,monthly_plus,9900
GPA.4810-4549-5909-10038..10,2025-11-21,monthly_basic,4900
GPA.6254-3058-4280-10774,2025-11-21,monthly_basic,4900
GPA.6581-4834-5942-10712..1,2025-11-21,monthly_plus,9900
GPA.6736-3893-9873-10332..5,2025-11-21,monthly_basic,4900
GPA.6762-8502-5726-10728..1,2025-11-21,monthly_basic,4900
GPA.7210-1294-5221-10139..8,2025-11-21,monthly_basic,4900
GPA.7224-2675-5158-10333..5,2025-11-21,monthly_plus,9900
GPA.7374-9132-1553-10489..3,2025-11-21,monthly_basic,4900
GPA.7632-5247-1887-10218..7,2025-11-21,monthly_basic,4900
GPA.8086-4790-6556-10688..1,2025-11-21,monthly_basic,4900
GPA.8445-2534-6634-10202..7,2025-11-21,monthly_plus,9900
GPA.8835-4364-6091-10343..5,2025-11-21,monthly_basic,4900
GPA.9452-4071-3574-10618..2,2025-11-21,monthly_basic,4900
GPA.1050-3969-4587-10684..1,2025-11-22,monthly_basic,4900
GPA.1066-1845-9456-10541..3,2025-11-22,monthly_plus,9900
GPA.1434-3925-3166-10431..4,2025-11-22,monthly_basic,4900
GPA.1596-7220-2703-10207..7,2025-11-22,monthly_plus,9900
GPA.2318-4093-6255-10178..8,2025-11-22,monthly_basic,4900
GPA.2617-9510-8698-10668..1,2025-11-22,monthly_plus,9900
GPA.2667-1755-6898-10681..1,2025-11-22,monthly_basic,4900
GPA.2783-3989-8302-10437..4,2025-11-22,monthly_plus,9900
GPA.2971-8704-1814-10149..8,2025-11-22,monthly_plus,9900
GPA.3028-7075-2840-10557..2,2025-11-22,monthly_basic,4900
GPA.3295-8226-3726-10603..2,2025-11-22,monthly_basic,4900
GPA.3531-4910-6765-10780,2025-11-22,monthly_plus,9900
GPA.3561-1512-7371-10811,2025-11-22,monthly_plus,9900
GPA.4243-8685-4784-10190..7,2025-11-22,monthly_plus,9900
GPA.4704-4436-9862-10176..8,2025-11-22,monthly_basic,4900
GPA.4888-5250-2953-10505..3,2025-11-22,monthly_basic,4900
GPA.5032-7251-8542-10293..6,2025-11-22,monthly_plus,9900
GPA.5037-9380-7212-10222..7,2025-11-22,monthly_basic,4900
GPA.5177-2002-6456-10372..5,2025-11-22,monthly_plus,9900
GPA.5211-9319-6780-10264..6,2025-11-22,monthly_basic,4900
GPA.5266-3942-3345-10480..3,2025-11-22,monthly_plus,9900
GPA.5622-1123-2491-10659..1,2025-11-22,monthly_basic,4900
GPA.6159-5523-3771-10586..2,2025-11-22,monthly_basic,4900
GPA.6769-8388-2262-10797,2025-11-22,monthly_basic,4900
GPA.7126-9982-5359-10639..2,2025-11-22,monthly_basic,4900
GPA.7960-4319-4210-10502..3,2025-11-22,monthly_basic,4900
GPA.8227-6943-6392-10375..5,2025-11-22,monthly_basic,4900
GPA.8478-9056-7301-10677..1,2025-11-22,monthly_plus,9900
GPA.8827-2134-8855-10448..4,2025-11-22,monthly_basic,4900
GPA.8906-3635-1672-10381..5,2025-11-22,monthly_basic,4900
GPA.9087-6359-7182-10588..2,2025-11-22,monthly_basic,4900
GPA.9202-3241-1254-10469..3,2025-11-22,monthly_basic,4900
GPA.9312-5909-8814-10752,2025-11-22,monthly_basic,4900
GPA.9349-6684-1996-10182..8,2025-11-22,monthly_plus,9900
GPA.9672-7523-3671-10695..1,2025-11-22,monthly_plus,9900
GPA.9789-5075-7502-10568..2,2025-11-22,monthly_basic,4900
GPA.1136-1854-8484-10805,2025-11-23,monthly_basic,4900
GPA.1391-2646-7171-10011..10,2025-11-23,monthly_basic,4900
GPA.1962-4672-1744-10679..1,2025-11-23,monthly_basic,4900
GPA.2591-9367-2155-10481..3,2025-11-23,monthly_plus,9900
GPA.2931-9146-2666-10521..3,2025-11-23,monthly_basic,4900
GPA.2957-5323-9303-10410..4,2025-11-23,monthly_plus,9900
GPA.3279-3655-7427-10137..8,2025-11-23,monthly_basic,4900
GPA.3354-8914-7378-10715..1,2025-11-23,monthly_plus,9900
GPA.3456-4679-2191-10155..8,2025-11-23,monthly_plus,9900
GPA.3573-1151-5018-10158..8,2025-11-23,monthly_plus,9900
GPA.3593-4503-3711-10114..9,2025-11-23,monthly_basic,4900
GPA.3711-3729-3959-10791,2025-11-23,monthly_plus,9900
GPA.4040-7479-8912-10394..4,2025-11-23,monthly_basic,4900
GPA.4568-1870-8859-10803,2025-11-23,monthly_basic,4900
GPA.4879-8840-6106-10045..10,2025-11-23,monthly_basic,4900
GPA.5843-7208-3593-10664..1,2025-11-23,monthly_basic,4900
GPA.6439-9122-3997-10601..2,2025-11-23,monthly_basic,4900
GPA.6584-7127-2695-10583..2,2025-11-23,monthly_plus,9900
GPA.6764-1615-3485-10504..3,2025-11-23,monthly_basic,4900
GPA.6978-9812-9941-10422..4,2025-11-23,monthly_basic,4900
GPA.7250-8061-3622-10650..1,2025-11-23,monthly_basic,4900
GPA.7359-3645-9504-10268..6,2025-11-23,monthly_plus,9900
GPA.7604-8346-5975-10435..4,2025-11-23,monthly_basic,4900
GPA.8199-5270-6712-10806,2025-11-23,monthly_plus,9900
GPA.8379-6452-9819-10014..10,2025-11-23,monthly_plus,9900
GPA.8907-9084-3543-10788,2025-11-23,monthly_plus,9900
GPA.9499-6791-1347-10529..3,2025-11-23,monthly_basic,4900
GPA.1240-5146-8223-10303..6,2025-11-24,monthly_basic,4900
GPA.1241-1262-7986-10321..5,2025-11-24,monthly_plus,9900
GPA.1263-1441-7869-10792,2025-11-24,monthly_basic,4900
GPA.1671-4445-3848-10240..7,2025-11-24,monthly_plus,9900
GPA.1691-7237-5023-10213..7,2025-11-24,monthly_basic,4900
GPA.1987-5470-3868-10384..5,2025-11-24,monthly_basic,4900
GPA.2253-5997-8447-10401..4,2025-11-24,monthly_basic,4900
GPA.2509-9059-3401-10285..6,2025-11-24,monthly_basic,4900
GPA.2558-5666-7919-10445..4,2025-11-24,monthly_basic,4900
GPA.3219-7197-4295-10330..5,2025-11-24,monthly_basic,4900
GPA.5165-1320-1965-10771,2025-11-24,monthly_plus,9900
GPA.5167-2700-1244-10123..8,2025-11-24,monthly_basic,4900
GPA.5278-6425-9840-10779,2025-11-24,monthly_basic,4900
GPA.5428-1328-2147-10277..6,2025-11-24,monthly_plus,9900
GPA.6453-3232-9678-10497..3,2025-11-24,monthly_basic,4900
GPA.6731-3324-6864-10821,2025-11-24,monthly_basic,4900
GPA.7487-2650-5401-10711..1,2025-11-24,monthly_plus,9900
GPA.7516-7334-4277-10152..8,2025-11-24,monthly_basic,4900
GPA.7710-7882-6172-10134..8,2025-11-24,monthly_plus,9900
GPA.8116-4733-2271-10098..9,2025-11-24,monthly_plus,9900
GPA.8128-3731-4413-10525..3,2025-11-24,monthly_basic,4900
GPA.8820-1712-6723-10457..4,2025-11-24,monthly_basic,4900
GPA.9611-7998-1910-10079..9,2025-11-24,monthly_basic,4900
GPA.1032-4760-9383-10683..1,2025-11-25,monthly_basic,4900
GPA.1565-9813-9520-10602..2,2025-11-25,monthly_basic,4900
GPA.1682-4017-7969-10385..5,2025-11-25,monthly_basic,4900
GPA.1794-2347-7687-10652..1,2025-11-25,monthly_basic,4900
GPA.2206-8661-6168-10031..10,2025-11-25,monthly_basic,4900
GPA.3054-9988-2263-10117..9,2025-11-25,monthly_basic,4900
GPA.3667-7075-2069-10785,2025-11-25,monthly_basic,4900
GPA.3828-6147-6139-10051..10,2025-11-25,monthly_basic,4900
GPA.4805-8507-7859-10783,2025-11-25,monthly_basic,4900
GPA.5004-4451-5641-10046..10,2025-11-25,monthly_basic,4900
GPA.5730-5709-5993-10512..3,2025-11-25,monthly_plus,9900
GPA.6153-9074-1819-10027..10,2025-11-25,monthly_basic,4900
GPA.6254-7423-5743-10214..7,2025-11-25,monthly_basic,4900
GPA.6361-1795-1993-10763,2025-11-25,monthly_basic,4900
GPA.6952-3044-5967-10807,2025-11-25,monthly_basic,4900
GPA.7161-8290-1826-10699..1,2025-11-25,monthly_basic,4900
GPA.7708-1212-4663-10691..1,2025-11-25,monthly_basic,4900
GPA.7846-8110-2590-10737,2025-11-25,monthly_basic,4900
GPA.8570-6353-3560-10722..1,2025-11-25,monthly_basic,4900
GPA.8823-1748-6765-10443..4,2025-11-25,monthly_basic,4900
GPA.9031-9795-1511-10538..3,2025-11-25,monthly_plus,9900
GPA.9422-6736-7376-10397..4,2025-11-25,monthly_basic,4900
GPA.1101-6130-2248-10517..3,2025-11-26,monthly_basic,4900
GPA.1376-3409-5417-10756,2025-11-26,monthly_plus,9900
GPA.1515-6713-5645-10709..1,2025-11-26,monthly_basic,4900
GPA.2161-5057-7071-10549..3,2025-11-26,monthly_basic,4900
GPA.2297-5578-2646-10705..1,2025-11-26,monthly_basic,4900
GPA.2403-7728-1648-10503..3,2025-11-26,monthly_basic,4900
GPA.2765-8094-5094-10584..2,2025-11-26,monthly_plus,9900
GPA.3565-6755-8006-10819,2025-11-26,monthly_basic,4900
GPA.4062-7484-5119-10531..3,2025-11-26,monthly_basic,4900
GPA.4259-9763-1906-10733,2025-11-26,monthly_plus,9900
GPA.4742-7235-3959-10349..5,2025-11-26,monthly_plus,9900
GPA.5963-7516-8034-10483..3,2025-11-26,monthly_basic,4900
GPA.6672-1019-1918-10615..2,2025-11-26,monthly_basic,4900
GPA.6777-6062-5440-10569..2,2025-11-26,monthly_plus,9900
GPA.6847-9840-2857-10280..6,2025-11-26,monthly_basic,4900
GPA.7832-3012-3957-10782,2025-11-26,monthly_basic,4900
GPA.7970-5400-6411-10706..1,2025-11-26,monthly_basic,4900
GPA.8072-1013-5533-10476..3,2025-11-26,monthly_basic,4900
GPA.8461-8489-2861-10574..2,2025-11-26,monthly_basic,4900
GPA.9113-5638-8660-10726..1,2025-11-26,monthly_basic,4900
GPA.9600-3802-5268-10818,2025-11-26,monthly_plus,9900
GPA.9759-3638-8448-10290..6,2025-11-26,monthly_basic,4900
GPA.9861-7852-6857-10020..10,2025-11-26,monthly_basic,4900
GPA.9987-5934-1849-10398..4,2025-11-26,monthly_basic,4900
GPA.2663-3637-3795-10133..8,2025-11-27,monthly_basic,4900
GPA.3351-1752-6359-10611..2,2025-11-27,monthly_basic,4900
GPA.3692-3788-7850-10390..4,2025-11-27,monthly_plus,9900
GPA.4150-8950-8778-10671..1,2025-11-27,monthly_basic,4900
GPA.4825-6128-5356-10777,2025-11-27,monthly_basic,4900
GPA.4958-2325-9382-10242..7,2025-11-27,monthly_plus,9900
GPA.5250-2299-4282-10703..1,2025-11-27,monthly_basic,4900
GPA.5332-8959-4844-10179..8,2025-11-27,monthly_basic,4900
GPA.6289-4919-8633-10571..2,2025-11-27,monthly_basic,4900
GPA.6489-6792-7002-10661..1,2025-11-27,monthly_basic,4900
GPA.6512-2646-1761-10399..4,2025-11-27,monthly_basic,4900
GPA.7085-3439-9275-10744,2025-11-27,monthly_basic,4900
GPA.7420-5851-6204-10090..9,2025-11-27,monthly_basic,4900
GPA.7867-7938-4796-10358..5,2025-11-27,monthly_basic,4900
GPA.8242-2216-1902-10770,2025-11-27,monthly_basic,4900
GPA.8273-1337-6634-10365..5,2025-11-27,monthly_basic,4900
GPA.8572-5158-2458-10643..2,2025-11-27,monthly_basic,4900
GPA.9090-7848-8011-10634..2,2025-11-27,monthly_basic,4900
GPA.9946-3281-5562-10425..4,2025-11-27,monthly_basic,4900
GPA.1163-6008-9733-10441..4,2025-11-28,monthly_basic,4900
GPA.1232-9866-4462-10685..1,2025-11-28,monthly_basic,4900
GPA.1628-3020-9969-10191..7,2025-11-28,monthly_plus,9900
GPA.1855-7235-6795-10063..9,2025-11-28,monthly_plus,9900
GPA.2037-4510-5054-10036..10,2025-11-28,monthly_plus,9900
GPA.2089-3316-8129-10232..7,2025-11-28,monthly_basic,4900
GPA.2290-5894-7126-10554..3,2025-11-28,monthly_basic,4900
GPA.2344-5767-5302-10409..4,2025-11-28,monthly_basic,4900
GPA.3751-1454-1602-10582..2,2025-11-28,monthly_basic,4900
GPA.3935-2608-8010-10537..3,2025-11-28,monthly_plus,9900
GPA.4585-6413-7004-10721..1,2025-11-28,monthly_basic,4900
GPA.4801-9440-1021-10286..6,2025-11-28,monthly_basic,4900
GPA.5363-5788-5050-10749,2025-11-28,monthly_basic,4900
GPA.5746-9384-8952-10080..9,2025-11-28,monthly_basic,4900
GPA.5865-3006-4096-10665..1,2025-11-28,monthly_basic,4900
GPA.6022-9546-3059-10324..5,2025-11-28,monthly_basic,4900
GPA.6152-2336-7225-10656..1,2025-11-28,monthly_basic,4900
GPA.6959-2394-7090-10808,2025-11-28,monthly_basic,4900
GPA.6988-9998-9431-10760,2025-11-28,monthly_basic,4900
GPA.7597-1795-4527-10094..9,2025-11-28,monthly_plus,9900
GPA.7828-1850-1000-10778,2025-11-28,monthly_basic,4900
GPA.7888-1753-2508-10561..2,2025-11-28,monthly_plus,9900
GPA.8488-8275-8271-10235..7,2025-11-28,monthly_basic,4900
GPA.8608-6276-9282-10163..8,2025-11-28,monthly_basic,4900
GPA.8994-2524-4965-10383..5,2025-11-28,monthly_basic,4900
GPA.9390-6712-6782-10471..3,2025-11-28,monthly_basic,4900
GPA.1505-9157-7699-10361..6,2025-12-01,monthly_plus,9900
GPA.1607-5558-2454-10753..1,2025-12-01,monthly_basic,4900
GPA.1686-2768-8843-10494..4,2025-12-01,monthly_basic,4900
GPA.1949-3311-6874-10420..5,2025-12-01,monthly_plus,9900
GPA.1989-2517-2266-10852,2025-12-01,monthly_basic,4900
GPA.2851-8162-2110-10434..5,2025-12-01,monthly_basic,4900
GPA.3272-8308-6014-10914,2025-12-01,monthly_basic,4900
GPA.3473-2940-6316-10023..11,2025-12-01,monthly_basic,4900
GPA.4449-7781-8015-10566..3,2025-12-01,monthly_plus,9900
GPA.5233-6058-3095-10729..2,2025-12-01,monthly_plus,9900
GPA.5418-1011-6706-10356..6,2025-12-01,monthly_plus,9900
GPA.5659-9035-9088-10088..10,2025-12-01,monthly_basic,4900
GPA.5664-9566-5582-10062..10,2025-12-01,monthly_basic,4900
GPA.6440-2840-8458-10875,2025-12-01,monthly_basic,4900
GPA.6781-1446-5336-10637..3,2025-12-01,monthly_basic,4900
GPA.7326-6487-1345-10912,2025-12-01,monthly_basic,4900
GPA.8004-2862-9961-10839,2025-12-01,monthly_plus,9900
GPA.8080-4853-2229-10161..9,2025-12-01,monthly_basic,4900
GPA.8372-1232-1624-10212..8,2025-12-01,monthly_basic,4900
GPA.8740-7153-4007-10421..5,2025-12-01,monthly_plus,9900
GPA.8858-1423-9496-10627..3,2025-12-01,monthly_plus,9900
GPA.8924-7791-5174-10823..1,2025-12-01,monthly_basic,4900
GPA.8962-2214-3257-10273..7,2025-12-01,monthly_basic,4900
GPA.8973-1838-5767-10793..1,2025-12-01,monthly_basic,4900
GPA.9417-7335-1637-10491..4,2025-12-01,monthly_basic,4900
GPA.9511-5695-6078-10370..6,2025-12-01,monthly_basic,4900
GPA.9534-1869-8141-10456..5,2025-12-01,monthly_basic,4900
GPA.9600-2997-9416-10767..1,2025-12-01,monthly_basic,4900
GPA.9699-6499-6803-10115..10,2025-12-01,monthly_basic,4900
GPA.9870-7374-6015-10534..4,2025-12-01,monthly_plus,9900
GPA.9942-7800-2508-10484..4,2025-12-01,monthly_basic,4900
GPA.1115-4219-5570-10645..2,2025-12-02,monthly_basic,4900
GPA.1393-3407-2932-10704..2,2025-12-02,monthly_basic,4900
GPA.1804-3963-4725-10462..5,2025-12-02,monthly_basic,4900
GPA.2155-5221-4862-10366..6,2025-12-02,monthly_basic,4900
GPA.2321-2018-9033-10701..2,2025-12-02,monthly_basic,4900
GPA.2888-7212-7812-10768..1,2025-12-02,monthly_basic,4900
GPA.2936-2584-4319-10432..5,2025-12-02,monthly_plus,9900
GPA.3598-1310-7562-10205..8,2025-12-02,monthly_plus,9900
GPA.3663-6622-6279-10658..2,2025-12-02,monthly_basic,4900
GPA.3689-1868-2277-10495..4,2025-12-02,monthly_plus,9900
GPA.3966-6545-4579-10906,2025-12-02,monthly_basic,4900
GPA.4592-1953-7554-10053..11,2025-12-02,monthly_basic,4900
GPA.4646-1198-3035-10515..4,2025-12-02,monthly_basic,4900
GPA.4699-5310-5625-10612..3,2025-12-02,monthly_basic,4900
GPA.4793-6339-3238-10796..1,2025-12-02,monthly_plus,9900
GPA.5908-7334-8793-10276..7,2025-12-02,monthly_basic,4900
GPA.6200-3647-3572-10901,2025-12-02,monthly_basic,4900
GPA.6473-7393-1891-10759..1,2025-12-02,monthly_basic,4900
GPA.6779-2345-9926-10667..2,2025-12-02,monthly_basic,4900
GPA.6985-6730-5946-10820..1,2025-12-02,monthly_basic,4900
GPA.7266-2806-6095-10482..4,2025-12-02,monthly_plus,9900
GPA.7809-4993-5782-10393..5,2025-12-02,monthly_basic,4900
GPA.7898-9678-1727-10918,2025-12-02,monthly_basic,4900
GPA.9049-1873-8922-10589..3,2025-12-02,monthly_basic,4900
GPA.9595-2281-6892-10730..2,2025-12-02,monthly_basic,4900
GPA.9706-3081-9343-10516..4,2025-12-02,monthly_basic,4900
GPA.1910-6141-4065-10738..1,2025-12-03,monthly_basic,4900
GPA.2002-5056-1725-10858,2025-12-03,monthly_plus,9900
GPA.2838-4546-5997-10377..6,2025-12-03,monthly_basic,4900
GPA.3124-2707-2650-10453..5,2025-12-03,monthly_basic,4900
GPA.3239-7888-4606-10243..8,2025-12-03,monthly_basic,4900
GPA.3377-8686-3784-10199..8,2025-12-03,monthly_plus,9900
GPA.3379-3749-6212-10510..4,2025-12-03,monthly_basic,4900
GPA.3552-1536-5012-10477..4,2025-12-03,monthly_basic,4900
GPA.3863-4654-7653-10682..2,2025-12-03,monthly_plus,9900
GPA.4197-7516-2279-10734..1,2025-12-03,monthly_basic,4900
GPA.4602-1127-5368-10772..1,2025-12-03,monthly_basic,4900
GPA.4719-8044-3336-10217..8,2025-12-03,monthly_plus,9900
GPA.4846-3216-4647-10888,2025-12-03,monthly_plus,9900
GPA.5376-7591-3453-10048..11,2025-12-03,monthly_plus,9900
GPA.5496-7339-6564-10124..9,2025-12-03,monthly_basic,4900
GPA.6053-7481-2728-10714..2,2025-12-03,monthly_basic,4900
GPA.6295-6898-5011-10071..10,2025-12-03,monthly_basic,4900
GPA.6312-9571-3791-10553..4,2025-12-03,monthly_basic,4900
GPA.6576-1160-2121-10143..9,2025-12-03,monthly_basic,4900
GPA.7301-6170-6711-10003..11,2025-12-03,monthly_basic,4900
GPA.7342-7940-5280-10287..7,2025-12-03,monthly_plus,9900
GPA.7964-6890-4949-10001..11,2025-12-03,monthly_basic,4900
GPA.8379-3655-2949-10467..5,2025-12-03,monthly_plus,9900
GPA.8488-4132-3664-10622..3,2025-12-03,monthly_plus,9900
GPA.9187-7741-4050-10225..8,2025-12-03,monthly_basic,4900
GPA.9386-4103-4022-10130..9,2025-12-03,monthly_basic,4900
GPA.9793-9429-4929-10047..11,2025-12-03,monthly_basic,4900
GPA.1127-2374-1950-10253..7,2025-12-04,monthly_basic,4900
GPA.1628-6965-4410-10070..10,2025-12-04,monthly_basic,4900
GPA.1719-9988-7231-10427..5,2025-12-04,monthly_basic,4900
GPA.2217-5570-4836-10367..6,2025-12-04,monthly_basic,4900
GPA.2814-4199-4062-10162..9,2025-12-04,monthly_basic,4900
GPA.3650-5290-9068-10640..3,2025-12-04,monthly_plus,9900
GPA.3983-7988-7336-10758..1,2025-12-04,monthly_basic,4900
GPA.4033-9817-8440-10836,2025-12-04,monthly_basic,4900
GPA.4213-2809-7488-10894,2025-12-04,monthly_plus,9900
GPA.4423-5539-6319-10440..5,2025-12-04,monthly_plus,9900
GPA.5410-1684-5195-10748..1,2025-12-04,monthly_basic,4900
GPA.5453-1130-9480-10871,2025-12-04,monthly_basic,4900
GPA.5631-7386-6312-10022..11,2025-12-04,monthly_basic,4900
GPA.6602-2686-1037-10873,2025-12-04,monthly_basic,4900
GPA.7153-8405-2400-10880,2025-12-04,monthly_basic,4900
GPA.7460-8698-6580-10485..4,2025-12-04,monthly_basic,4900
GPA.8042-4668-3524-10382..6,2025-12-04,monthly_basic,4900
GPA.8089-7512-6285-10757..1,2025-12-04,monthly_basic,4900
GPA.8164-6354-2546-10289..7,2025-12-04,monthly_basic,4900
GPA.8166-2355-8141-10750..1,2025-12-04,monthly_basic,4900
GPA.9089-6871-1993-10376..6,2025-12-04,monthly_basic,4900
GPA.9291-3505-2392-10449..5,2025-12-04,monthly_basic,4900
GPA.9533-8301-7254-10676..2,2025-12-04,monthly_basic,4900
GPA.9886-7573-8474-10854,2025-12-04,monthly_basic,4900
GPA.1589-6813-9884-10675..2,2025-12-05,monthly_basic,4900
GPA.1927-8644-5255-10565..3,2025-12-05,monthly_basic,4900
GPA.1977-3688-4915-10007..11,2025-12-05,monthly_basic,4900
GPA.2008-2754-1386-10106..10,2025-12-05,monthly_plus,9900
GPA.2059-7208-4578-10751..1,2025-12-05,monthly_plus,9900
GPA.2139-5988-9631-10407..5,2025-12-05,monthly_plus,9900
GPA.2162-4123-9534-10501..4,2025-12-05,monthly_basic,4900
GPA.2715-7459-1957-10153..9,2025-12-05,monthly_basic,4900
GPA.2760-4963-7231-10739..1,2025-12-05,monthly_basic,4900
GPA.2897-9723-6995-10148..9,2025-12-05,monthly_plus,9900
GPA.3573-2961-6791-10546..4,2025-12-05,monthly_plus,9900
GPA.4698-2820-5051-10450..5,2025-12-05,monthly_plus,9900
GPA.5414-1284-1916-10084..10,2025-12-05,monthly_basic,4900
GPA.5443-3391-1171-10508..4,2025-12-05,monthly_basic,4900
GPA.5720-9542-7054-10592..3,2025-12-05,monthly_basic,4900
GPA.6062-6934-1235-10486..4,2025-12-05,monthly_basic,4900
GPA.6716-2102-2926-10539..4,2025-12-05,monthly_basic,4900
GPA.7315-3733-4450-10354..6,2025-12-05,monthly_basic,4900
GPA.7361-5911-4900-10629..3,2025-12-05,monthly_basic,4900
GPA.7444-1136-1435-10649..2,2025-12-05,monthly_plus,9900
GPA.7516-2938-3542-10625..3,2025-12-05,monthly_basic,4900
GPA.8688-7348-6914-10817..1,2025-12-05,monthly_basic,4900
GPA.9369-7010-8855-10050..11,2025-12-05,monthly_basic,4900
GPA.9690-1995-5657-10653..2,2025-12-05,monthly_basic,4900
GPA.1036-4818-6344-10742..1,2025-12-06,monthly_plus,9900
GPA.1517-5030-1454-10340..6,2025-12-06,monthly_basic,4900
GPA.1696-4481-4569-10474..4,2025-12-06,monthly_basic,4900
GPA.1910-6379-7099-10423..5,2025-12-06,monthly_basic,4900
GPA.2261-2787-1680-10412..5,2025-12-06,monthly_basic,4900
GPA.2788-7250-8587-10518..4,2025-12-06,monthly_basic,4900
GPA.2849-2227-5773-10698..2,2025-12-06,monthly_basic,4900
GPA.3867-7739-9221-10490..4,2025-12-06,monthly_plus,9900
GPA.4329-6031-8073-10386..6,2025-12-06,monthly_basic,4900
GPA.4998-1492-4054-10609..3,2025-12-06,monthly_basic,4900
GPA.5765-2066-1268-10725..2,2025-12-06,monthly_plus,9900
GPA.6384-2815-3570-10533..4,2025-12-06,monthly_plus,9900
GPA.6795-1347-6313-10898,2025-12-06,monthly_basic,4900
GPA.6940-6888-6898-10591..3,2025-12-06,monthly_basic,4900
GPA.7017-2180-5003-10189..8,2025-12-06,monthly_basic,4900
GPA.7550-5097-4724-10304..7,2025-12-06,monthly_basic,4900
GPA.7789-8411-8454-10802..1,2025-12-06,monthly_basic,4900
GPA.8256-2459-9424-10907,2025-12-06,monthly_basic,4900
GPA.8409-5491-3017-10252..7,2025-12-06,monthly_plus,9900
GPA.8710-4590-8186-10291..7,2025-12-06,monthly_basic,4900
GPA.8769-7722-3731-10831,2025-12-06,monthly_plus,9900
GPA.9435-5858-8443-10747..1,2025-12-06,monthly_plus,9900
GPA.9489-1040-9325-10459..5,2025-12-06,monthly_basic,4900
GPA.9736-4938-3337-10740..1,2025-12-06,monthly_basic,4900
GPA.9998-4753-4604-10909,2025-12-06,monthly_plus,9900
GPA.1301-4823-6860-10913,2025-12-07,monthly_basic,4900
GPA.1325-5418-9552-10690..2,2025-12-07,monthly_basic,4900
GPA.1493-9265-5990-10702..2,2025-12-07,monthly_basic,4900
GPA.1985-4114-5351-10105..10,2025-12-07,monthly_basic,4900
GPA.2130-8500-5760-10278..7,2025-12-07,monthly_basic,4900
GPA.2915-7794-7009-10283..7,2025-12-07,monthly_basic,4900
GPA.3131-4503-3450-10120..9,2025-12-07,monthly_basic,4900
GPA.3469-3207-9211-10580..3,2025-12-07,monthly_basic,4900
GPA.3605-7836-2377-10058..10,2025-12-07,monthly_basic,4900
GPA.3611-8633-3466-10587..3,2025-12-07,monthly_basic,4900
GPA.4334-6289-8972-10092..10,2025-12-07,monthly_plus,9900
GPA.4340-3158-4703-10436..5,2025-12-07,monthly_plus,9900
GPA.4703-3384-6675-10473..4,2025-12-07,monthly_plus,9900
GPA.4779-6717-2142-10388..6,2025-12-07,monthly_basic,4900
GPA.5164-5375-4975-10735..1,2025-12-07,monthly_plus,9900
GPA.5227-7105-5272-10311..7,2025-12-07,monthly_plus,9900
GPA.5912-6548-1194-10822..1,2025-12-07,monthly_basic,4900
GPA.5979-8900-8828-10555..4,2025-12-07,monthly_basic,4900
GPA.6294-5834-1764-10916,2025-12-07,monthly_basic,4900
GPA.6432-1597-5554-10447..5,2025-12-07,monthly_plus,9900
GPA.6938-2628-1318-10626..3,2025-12-07,monthly_basic,4900
GPA.7194-3296-8129-10374..6,2025-12-07,monthly_basic,4900
GPA.7601-8295-4540-10799..1,2025-12-07,monthly_plus,9900
GPA.7937-3624-1388-10812..1,2025-12-07,monthly_basic,4900
GPA.8491-7685-7937-10057..10,2025-12-07,monthly_basic,4900
GPA.9303-6781-7842-10325..6,2025-12-07,monthly_basic,4900
GPA.9552-3003-1750-10317..6,2025-12-07,monthly_basic,4900
GPA.9638-3726-1861-10246..8,2025-12-07,monthly_plus,9900
GPA.9912-7597-5506-10575..3,2025-12-07,monthly_basic,4900
GPA.1129-9157-5507-10201..8,2025-12-08,monthly_basic,4900
GPA.1374-4217-4481-10168..9,2025-12-08,monthly_basic,4900
GPA.1470-5303-6026-10470..4,2025-12-08,monthly_basic,4900
GPA.1847-4554-9945-10526..4,2025-12-08,monthly_basic,4900
GPA.2009-3999-7589-10559..3,2025-12-08,monthly_plus,9900
GPA.2113-6971-1982-10009..11,2025-12-08,monthly_basic,4900
GPA.2491-2004-2636-10224..6,2025-12-08,monthly_plus,9900
GPA.3760-8455-5037-10369..6,2025-12-08,monthly_basic,4900
GPA.4022-6634-6258-10536..4,2025-12-08,monthly_basic,4900
GPA.4087-7989-4655-10468..4,2025-12-08,monthly_basic,4900
GPA.4237-7834-6317-10339..6,2025-12-08,monthly_basic,4900
GPA.5349-2496-9933-10605..3,2025-12-08,monthly_basic,4900
GPA.5430-1001-9815-10458..5,2025-12-08,monthly_basic,4900
GPA.5559-6595-3208-10119..9,2025-12-08,monthly_basic,4900
GPA.5604-4345-6387-10784..1,2025-12-08,monthly_basic,4900
GPA.5784-8341-1973-10334..6,2025-12-08,monthly_basic,4900
GPA.7274-6452-5253-10461..5,2025-12-08,monthly_basic,4900
GPA.7402-1159-3496-10636..3,2025-12-08,monthly_basic,4900
GPA.8741-8366-2424-10522..4,2025-12-08,monthly_basic,4900
GPA.9225-4047-2963-10166..9,2025-12-08,monthly_basic,4900
GPA.1399-5427-5303-10316..7,2025-12-09,monthly_basic,4900
GPA.1648-6710-6889-10638..3,2025-12-09,monthly_basic,4900
GPA.1902-3078-1331-10192..8,2025-12-09,monthly_basic,4900
GPA.2269-3198-7373-10865,2025-12-09,monthly_basic,4900
GPA.3106-3271-2218-10030..11,2025-12-09,monthly_basic,4900
GPA.3878-1049-8377-10833,2025-12-09,monthly_plus,9900
GPA.3950-8437-6589-10579..3,2025-12-09,monthly_plus,9900
GPA.4004-6078-3653-10492..4,2025-12-09,monthly_plus,9900
GPA.4072-4875-5780-10911,2025-12-09,monthly_basic,4900
GPA.5577-4741-5141-10300..7,2025-12-09,monthly_basic,4900
GPA.6283-6871-6549-10016..11,2025-12-09,monthly_basic,4900
GPA.6710-6493-8125-10338..6,2025-12-09,monthly_basic,4900
GPA.6981-3976-8801-10499..4,2025-12-09,monthly_basic,4900
GPA.7177-5117-7158-10801..1,2025-12-09,monthly_basic,4900
GPA.8344-3959-6045-10315..7,2025-12-09,monthly_basic,4900
GPA.8612-7803-6790-10564..3,2025-12-09,monthly_basic,4900
GPA.8613-9352-2585-10578..3,2025-12-09,monthly_plus,9900
GPA.8655-9837-5784-10187..8,2025-12-09,monthly_plus,9900
GPA.8736-2248-3200-10099..10,2025-12-09,monthly_basic,4900
GPA.8904-7450-6165-10507..4,2025-12-09,monthly_plus,9900
GPA.9072-4630-3814-10496..4,2025-12-09,monthly_basic,4900
GPA.9821-2740-4744-10132..9,2025-12-09,monthly_basic,4900
GPA.1082-5410-5557-10814..1,2025-12-10,monthly_basic,4900
GPA.1787-5212-7584-10184..9,2025-12-10,monthly_plus,9900
GPA.1964-3934-4002-10411..5,2025-12-10,monthly_basic,4900
GPA.2198-4300-4285-10877,2025-12-10,monthly_basic,4900
GPA.2643-2995-8125-10296..7,2025-12-10,monthly_plus,9900
GPA.3752-6885-2120-10908,2025-12-10,monthly_basic,4900
GPA.3813-7054-5195-10570..3,2025-12-10,monthly_plus,9900
GPA.4050-6449-9090-10773..1,2025-12-10,monthly_basic,4900
GPA.4056-8686-1114-10336..6,2025-12-10,monthly_basic,4900
GPA.4063-3943-6701-10550..4,2025-12-10,monthly_basic,4900
GPA.4763-4466-9820-10068..10,2025-12-10,monthly_basic,4900
GPA.5340-6048-5451-10657..2,2025-12-10,monthly_plus,9900
GPA.5780-7948-2145-10786..1,2025-12-10,monthly_basic,4900
GPA.6116-9417-9583-10870,2025-12-10,monthly_basic,4900
GPA.6389-4307-1190-10648..2,2025-12-10,monthly_plus,9900
GPA.6575-6185-5855-10864,2025-12-10,monthly_basic,4900
GPA.6727-8019-5508-10600..3,2025-12-10,monthly_basic,4900
GPA.7103-5410-6519-10509..4,2025-12-10,monthly_basic,4900
GPA.7342-8191-9417-10263..7,2025-12-10,monthly_basic,4900
GPA.7538-1051-9662-10306..7,2025-12-10,monthly_basic,4900
GPA.8089-8848-9852-10318..6,2025-12-10,monthly_basic,4900
GPA.8282-2404-9256-10662..2,2025-12-10,monthly_basic,4900
GPA.8460-8922-6251-10478..4,2025-12-10,monthly_plus,9900
GPA.8576-5328-5130-10896,2025-12-10,monthly_basic,4900
GPA.8640-9924-6647-10754..1,2025-12-10,monthly_basic,4900
GPA.8736-4633-1038-10700..2,2025-12-10,monthly_plus,9900
GPA.8776-1144-5263-10154..9,2025-12-10,monthly_plus,9900
GPA.8944-1906-9986-10613..3,2025-12-10,monthly_basic,4900
GPA.9135-2387-8831-10804..1,2025-12-10,monthly_basic,4900
GPA.1050-4399-9181-10560..3,2025-12-11,monthly_basic,4900
GPA.1194-3671-7136-10775..1,2025-12-11,monthly_plus,9900
GPA.1484-5646-5753-10230..8,2025-12-11,monthly_basic,4900
GPA.1936-7944-3660-10391..5,2025-12-11,monthly_plus,9900
GPA.2243-1525-8076-10787..1,2025-12-11,monthly_basic,4900
GPA.2628-4753-7018-10428..5,2025-12-11,monthly_basic,4900
GPA.3133-3573-4280-10284..7,2025-12-11,monthly_basic,4900
GPA.4250-7505-7930-10251..7,2025-12-11,monthly_basic,4900
GPA.5177-4778-8009-10727..2,2025-12-11,monthly_basic,4900
GPA.5324-5769-6452-10860,2025-12-11,monthly_basic,4900
GPA.5338-2315-9508-10856,2025-12-11,monthly_plus,9900
GPA.5598-6256-1410-10379..6,2025-12-11,monthly_basic,4900
GPA.5813-6124-9552-10631..3,2025-12-11,monthly_basic,4900
GPA.6101-1159-3030-10157..9,2025-12-11,monthly_basic,4900
GPA.6137-6029-2968-10460..5,2025-12-11,monthly_basic,4900
GPA.6194-5038-3183-10174..9,2025-12-11,monthly_basic,4900
GPA.6577-2245-9871-10642..3,2025-12-11,monthly_basic,4900
GPA.6982-3728-5610-10632..3,2025-12-11,monthly_plus,9900
GPA.7282-8303-6077-10789..1,2025-12-11,monthly_plus,9900
GPA.7520-2007-3296-10651..2,2025-12-11,monthly_basic,4900
GPA.7555-5125-9465-10680..2,2025-12-11,monthly_basic,4900
GPA.7754-7283-9123-10542..4,2025-12-11,monthly_basic,4900
GPA.7836-4264-7514-10193..8,2025-12-11,monthly_plus,9900
GPA.8014-3009-1103-10824,2025-12-11,monthly_plus,9900
GPA.8079-6215-4369-10043..11,2025-12-11,monthly_plus,9900
GPA.8458-8361-7774-10556..4,2025-12-11,monthly_basic,4900
GPA.8804-7613-5744-10238..8,2025-12-11,monthly_basic,4900
GPA.9211-9300-6047-10670..2,2025-12-11,monthly_basic,4900
GPA.1322-6036-3184-10895,2025-12-12,monthly_basic,4900
GPA.1645-9403-2555-10825,2025-12-12,monthly_basic,4900
GPA.1669-6917-4837-10893,2025-12-12,monthly_basic,4900
GPA.1790-9549-7127-10231..8,2025-12-12,monthly_basic,4900
GPA.1830-9427-8980-10519..4,2025-12-12,monthly_plus,9900
GPA.2196-3799-3944-10269..7,2025-12-12,monthly_basic,4900
GPA.3055-5561-6894-10424..5,2025-12-12,monthly_plus,9900
GPA.3762-2247-7623-10075..10,2025-12-12,monthly_basic,4900
GPA.3981-6854-3645-10454..5,2025-12-12,monthly_basic,4900
GPA.4135-3852-8999-10920,2025-12-12,monthly_basic,4900
GPA.4530-2168-8438-10866,2025-12-12,monthly_basic,4900
GPA.4724-8332-8549-10274..7,2025-12-12,monthly_basic,4900
GPA.4959-3470-4198-10255..7,2025-12-12,monthly_basic,4900
GPA.5132-1706-3288-10885,2025-12-12,monthly_basic,4900
GPA.5441-6141-8482-10781..1,2025-12-12,monthly_basic,4900
GPA.5514-8971-2605-10403..5,2025-12-12,monthly_plus,9900
GPA.5972-1536-9265-10438..5,2025-12-12,monthly_basic,4900
GPA.6933-7124-7080-10540..4,2025-12-12,monthly_basic,4900
GPA.6959-9827-4557-10208..8,2025-12-12,monthly_basic,4900
GPA.7267-8802-7011-10697..2,2025-12-12,monthly_basic,4900
GPA.7304-2684-7310-10826,2025-12-12,monthly_plus,9900
GPA.7678-2110-9429-10395..5,2025-12-12,monthly_basic,4900
GPA.7968-2441-4425-10660..2,2025-12-12,monthly_basic,4900
GPA.8411-8209-6825-10692..2,2025-12-12,monthly_basic,4900
GPA.9126-8210-7980-10275..7,2025-12-12,monthly_plus,9900
GPA.9361-2558-1323-10834,2025-12-12,monthly_basic,4900
GPA.9607-4426-8246-10041..11,2025-12-12,monthly_basic,4900
GPA.9739-4534-8653-10069..10,2025-12-12,monthly_basic,4900
GPA.9749-4814-9006-10442..5,2025-12-12,monthly_basic,4900
GPA.9858-5183-3383-10630..3,2025-12-12,monthly_basic,4900
GPA.9913-7987-1773-10876,2025-12-12,monthly_basic,4900
GPA.1263-3069-8516-10915,2025-12-13,monthly_plus,9900
GPA.1587-8050-8376-10142..9,2025-12-13,monthly_plus,9900
GPA.2261-2811-3690-10298..7,2025-12-13,monthly_basic,4900
GPA.2991-6105-6776-10838,2025-12-13,monthly_basic,4900
GPA.3070-8304-3938-10678..2,2025-12-13,monthly_basic,4900
GPA.3204-1035-3017-10840,2025-12-13,monthly_basic,4900
GPA.3592-1465-2368-10337..6,2025-12-13,monthly_plus,9900
GPA.3971-2790-3021-10663..2,2025-12-13,monthly_basic,4900
GPA.4313-4281-9125-10595..3,2025-12-13,monthly_plus,9900
GPA.4622-6272-2903-10250..7,2025-12-13,monthly_basic,4900
GPA.5050-3084-6504-10879,2025-12-13,monthly_basic,4900
GPA.5220-9106-7074-10607..3,2025-12-13,monthly_plus,9900
GPA.7658-6561-3906-10260..7,2025-12-13,monthly_basic,4900
GPA.8870-3362-6506-10156..9,2025-12-13,monthly_basic,4900
GPA.9278-2066-5728-10765..1,2025-12-13,monthly_plus,9900
GPA.9945-5908-1991-10874,2025-12-13,monthly_basic,4900
GPA.9950-6039-7136-10673..2,2025-12-13,monthly_plus,9900
GPA.1316-7692-7040-10577..3,2025-12-14,monthly_basic,4900
GPA.1554-9934-1688-10718..2,2025-12-14,monthly_basic,4900
GPA.1680-9650-5541-10620..3,2025-12-14,monthly_plus,9900
GPA.2838-6095-8755-10869,2025-12-14,monthly_basic,4900
GPA.3358-7373-9449-10236..8,2025-12-14,monthly_basic,4900
GPA.4394-8385-1189-10743..1,2025-12-14,monthly_basic,4900
GPA.4413-9345-2452-10644..2,2025-12-14,monthly_basic,4900
GPA.4750-3051-8178-10719..2,2025-12-14,monthly_plus,9900
GPA.5218-8913-2701-10921,2025-12-14,monthly_plus,9900
GPA.5563-9801-2631-10815..1,2025-12-14,monthly_plus,9900
GPA.5654-8585-6623-10572..3,2025-12-14,monthly_basic,4900
GPA.6348-1843-7989-10096..10,2025-12-14,monthly_plus,9900
GPA.8263-4035-9334-10239..8,2025-12-14,monthly_basic,4900
GPA.8460-6139-9623-10305..7,2025-12-14,monthly_basic,4900
GPA.8608-1427-7166-10544..4,2025-12-14,monthly_basic,4900
GPA.8609-5394-2594-10850,2025-12-14,monthly_basic,4900
GPA.9042-7245-6317-10623..3,2025-12-14,monthly_basic,4900
GPA.9377-6413-4347-10039..11,2025-12-14,monthly_plus,9900
GPA.9663-9976-2013-10320..6,2025-12-14,monthly_basic,4900
GPA.1075-9370-7572-10066..10,2025-12-15,monthly_basic,4900
GPA.1570-6408-3162-10294..7,2025-12-15,monthly_basic,4900
GPA.1571-7746-2819-10883,2025-12-15,monthly_basic,4900
GPA.1611-1417-8032-10167..9,2025-12-15,monthly_basic,4900
GPA.1685-7194-6195-10558..3,2025-12-15,monthly_basic,4900
GPA.1802-5798-5535-10897,2025-12-15,monthly_plus,9900
GPA.1856-9188-6868-10129..9,2025-12-15,monthly_basic,4900
GPA.2787-3621-7234-10466..5,2025-12-15,monthly_basic,4900
GPA.3292-4847-8861-10267..7,2025-12-15,monthly_plus,9900
GPA.3424-9093-4176-10406..5,2025-12-15,monthly_plus,9900
GPA.4442-4150-7208-10319..6,2025-12-15,monthly_basic,4900
GPA.4753-7563-1767-10548..4,2025-12-15,monthly_basic,4900
GPA.6019-9888-9443-10392..5,2025-12-15,monthly_basic,4900
GPA.6055-3274-2525-10655..2,2025-12-15,monthly_basic,4900
GPA.6298-3761-7341-10221..8,2025-12-15,monthly_plus,9900
GPA.6356-9739-3318-10077..10,2025-12-15,monthly_plus,9900
GPA.6538-7423-4395-10357..6,2025-12-15,monthly_plus,9900
GPA.6559-4396-7178-10835,2025-12-15,monthly_plus,9900
GPA.6745-7700-3829-10882,2025-12-15,monthly_basic,4900
GPA.8258-2298-1366-10762..1,2025-12-15,monthly_basic,4900
GPA.8492-1399-6727-10732..1,2025-12-15,monthly_plus,9900
GPA.8808-3018-4730-10647..2,2025-12-15,monthly_basic,4900
GPA.9130-3747-5245-10258..7,2025-12-15,monthly_basic,4900
GPA.9538-7549-7874-10012..11,2025-12-15,monthly_basic,4900
GPA.9633-7834-9677-10887,2025-12-15,monthly_basic,4900
GPA.9887-4332-3504-10524..4,2025-12-15,monthly_basic,4900
GPA.9958-8006-1672-10194..8,2025-12-15,monthly_basic,4900
GPA.1136-5407-6802-10464..5,2025-12-16,monthly_basic,4900
GPA.1324-4354-3390-10590..3,2025-12-16,monthly_basic,4900
GPA.1515-2600-7159-10616..3,2025-12-16,monthly_plus,9900
GPA.1708-9008-9174-10889,2025-12-16,monthly_basic,4900
GPA.1792-1695-6299-10594..3,2025-12-16,monthly_basic,4900
GPA.1840-8378-8895-10769..1,2025-12-16,monthly_basic,4900
GPA.1906-7854-5473-10848,2025-12-16,monthly_basic,4900
GPA.2281-5497-4841-10500..4,2025-12-16,monthly_basic,4900
GPA.2462-3225-1555-10404..5,2025-12-16,monthly_basic,4900
GPA.2665-1793-5963-10863,2025-12-16,monthly_basic,4900
GPA.4179-2299-6105-10847,2025-12-16,monthly_plus,9900
GPA.4689-6854-8624-10723..2,2025-12-16,monthly_basic,4900
GPA.5174-8637-2222-10713..2,2025-12-16,monthly_basic,4900
GPA.5422-6488-7730-10790..1,2025-12-16,monthly_basic,4900
GPA.5584-1636-8409-10265..7,2025-12-16,monthly_basic,4900
GPA.5788-3922-9154-10716..2,2025-12-16,monthly_plus,9900
GPA.5797-3585-9292-10813..1,2025-12-16,monthly_basic,4900
GPA.5877-5633-7409-10810..1,2025-12-16,monthly_plus,9900
GPA.6078-4013-3803-10576..3,2025-12-16,monthly_basic,4900
GPA.6092-4759-2200-10567..3,2025-12-16,monthly_plus,9900
GPA.6341-8632-9441-10520..4,2025-12-16,monthly_basic,4900
GPA.6425-7791-3177-10530..4,2025-12-16,monthly_basic,4900
GPA.6456-7612-8970-10055..11,2025-12-16,monthly_plus,9900
GPA.6476-4648-3011-10795..1,2025-12-16,monthly_basic,4900
GPA.6684-2957-6713-10829,2025-12-16,monthly_basic,4900
GPA.7124-3305-6088-10446..5,2025-12-16,monthly_basic,4900
GPA.7213-5715-2077-10309..7,2025-12-16,monthly_plus,9900
GPA.7524-6067-2844-10585..3,2025-12-16,monthly_basic,4900
GPA.7705-9785-3873-10689..2,2025-12-16,monthly_basic,4900
GPA.8170-7623-8874-10010..11,2025-12-16,monthly_basic,4900
GPA.8564-2237-8908-10125..9,2025-12-16,monthly_plus,9900
GPA.9226-2943-3482-10210..8,2025-12-16,monthly_plus,9900
GPA.9483-7638-6348-10551..4,2025-12-16,monthly_basic,4900
GPA.1154-7651-5243-10761..1,2025-12-17,monthly_basic,4900
GPA.1285-7817-7579-10599..3,2025-12-17,monthly_basic,4900
GPA.1329-2610-7954-10331..6,2025-12-17,monthly_basic,4900
GPA.2061-8960-9169-10846,2025-12-17,monthly_basic,4900
GPA.2628-4538-6750-10710..2,2025-12-17,monthly_basic,4900
GPA.3641-7533-3679-10867,2025-12-17,monthly_basic,4900
GPA.3725-6938-6923-10033..11,2025-12-17,monthly_basic,4900
GPA.4133-5566-5397-10363..4,2025-12-17,monthly_basic,4900
GPA.4638-7547-4840-10426..5,2025-12-17,monthly_basic,4900
GPA.5131-4453-2134-10342..6,2025-12-17,monthly_basic,4900
GPA.5505-8617-7342-10633..3,2025-12-17,monthly_basic,4900
GPA.5691-3542-7898-10091..10,2025-12-17,monthly_basic,4900
GPA.5850-9838-8878-10245..8,2025-12-17,monthly_basic,4900
GPA.6011-5089-9713-10026..11,2025-12-17,monthly_basic,4900
GPA.6385-4912-6398-10185..8,2025-12-17,monthly_basic,4900
GPA.7977-2806-3937-10857,2025-12-17,monthly_plus,9900
GPA.8434-7839-9926-10085..10,2025-12-17,monthly_basic,4900
GPA.8527-6586-9860-10745..1,2025-12-17,monthly_plus,9900
GPA.8623-4531-1935-10042..2,2025-12-17,monthly_basic,4900
GPA.9219-9383-2442-10097..10,2025-12-17,monthly_basic,4900
GPA.9777-6039-5767-10694..2,2025-12-17,monthly_basic,4900
GPA.9970-2625-2692-10451..5,2025-12-17,monthly_plus,9900
GPA.1141-2984-1878-10746..1,2025-12-18,monthly_basic,4900
GPA.2570-5155-7983-10452..5,2025-12-18,monthly_plus,9900
GPA.3042-2179-9146-10687..2,2025-12-18,monthly_basic,4900
GPA.3262-8736-1290-10859,2025-12-18,monthly_basic,4900
GPA.3291-7154-2284-10378..6,2025-12-18,monthly_basic,4900
GPA.3724-1661-4100-10310..7,2025-12-18,monthly_basic,4900
GPA.3728-4607-3068-10593..3,2025-12-18,monthly_basic,4900
GPA.3810-5889-6885-10724..2,2025-12-18,monthly_basic,4900
GPA.4364-3384-1751-10100..10,2025-12-18,monthly_basic,4900
GPA.4901-4433-7075-10345..5,2025-12-18,monthly_plus,9900
GPA.5452-5827-1856-10617..3,2025-12-18,monthly_basic,4900
GPA.5471-7506-9233-10262..7,2025-12-18,monthly_basic,4900
GPA.6103-6648-7345-10116..10,2025-12-18,monthly_basic,4900
GPA.6294-9792-5999-10380..6,2025-12-18,monthly_basic,4900
GPA.6409-2567-9964-10535..4,2025-12-18,monthly_basic,4900
GPA.6639-3871-4132-10029..11,2025-12-18,monthly_basic,4900
GPA.6682-9670-4187-10211..8,2025-12-18,monthly_basic,4900
GPA.6757-7658-2796-10288..7,2025-12-18,monthly_basic,4900
GPA.7076-1205-8895-10169..9,2025-12-18,monthly_basic,4900
GPA.7351-4269-3559-10335..6,2025-12-18,monthly_basic,4900
GPA.7649-6972-3871-10766..1,2025-12-18,monthly_basic,4900
GPA.8298-4631-3669-10755..1,2025-12-18,monthly_basic,4900
GPA.8430-8903-8453-10800..1,2025-12-18,monthly_basic,4900
GPA.8557-9320-9547-10128..9,2025-12-18,monthly_basic,4900
GPA.8775-3408-6022-10614..3,2025-12-18,monthly_plus,9900
GPA.8947-8756-3862-10110..5,2025-12-18,monthly_basic,4900
GPA.9065-1440-4233-10145..9,2025-12-18,monthly_basic,4900
GPA.9196-9036-2537-10545..4,2025-12-18,monthly_basic,4900
GPA.9277-9203-5737-10674..2,2025-12-18,monthly_basic,4900
GPA.1151-7066-1149-10672..2,2025-12-19,monthly_plus,9900
GPA.1532-7552-8531-10798..1,2025-12-19,monthly_basic,4900
GPA.1734-4531-4208-10248..8,2025-12-19,monthly_basic,4900
GPA.1891-3064-3683-10720..2,2025-12-19,monthly_basic,4900
GPA.1899-4070-4920-10226..8,2025-12-19,monthly_basic,4900
GPA.2894-3616-4616-10904,2025-12-19,monthly_basic,4900
GPA.3368-2429-2940-10396..5,2025-12-19,monthly_basic,4900
GPA.3566-5280-8440-10083..6,2025-12-19,monthly_basic,4900
GPA.3971-6937-3486-10635..3,2025-12-19,monthly_basic,4900
GPA.4439-9400-9930-10527..4,2025-12-19,monthly_plus,9900
GPA.5219-2970-7645-10736..1,2025-12-19,monthly_basic,4900
GPA.5507-6202-9242-10693..2,2025-12-19,monthly_plus,9900
GPA.5796-5211-4181-10899,2025-12-19,monthly_plus,9900
GPA.5852-2096-5474-10606..3,2025-12-19,monthly_basic,4900
GPA.6799-8872-1187-10843,2025-12-19,monthly_basic,4900
GPA.6946-3981-3168-10122..9,2025-12-19,monthly_basic,4900
GPA.7247-7632-7375-10271..7,2025-12-19,monthly_plus,9900
GPA.7509-1907-8099-10112..10,2025-12-19,monthly_plus,9900
GPA.7858-9413-6544-10884,2025-12-19,monthly_basic,4900
GPA.7913-2561-3714-10891,2025-12-19,monthly_basic,4900
GPA.8137-1191-6998-10439..5,2025-12-19,monthly_basic,4900
GPA.8264-6599-2149-10809..1,2025-12-19,monthly_basic,4900
GPA.8385-5625-5046-10493..4,2025-12-19,monthly_basic,4900
GPA.8846-5133-8069-10511..4,2025-12-19,monthly_plus,9900
GPA.9391-9312-9554-10181..9,2025-12-19,monthly_basic,4900
GPA.9599-7010-2684-10329..6,2025-12-19,monthly_basic,4900
GPA.1058-3148-4596-10849,2025-12-20,monthly_basic,4900
GPA.1096-4085-6243-10323..6,2025-12-20,monthly_basic,4900
GPA.1844-1464-2866-10389..6,2025-12-20,monthly_basic,4900
GPA.1972-3446-5928-10708..2,2025-12-20,monthly_plus,9900
GPA.2999-1610-6342-10465..5,2025-12-20,monthly_basic,4900
GPA.3432-6195-9671-10523..4,2025-12-20,monthly_basic,4900
GPA.3504-6861-4650-10598..3,2025-12-20,monthly_basic,4900
GPA.3808-9759-3897-10215..8,2025-12-20,monthly_basic,4900
GPA.3818-3962-8008-10307..7,2025-12-20,monthly_basic,4900
GPA.4590-3976-7752-10841,2025-12-20,monthly_basic,4900
GPA.4959-5698-9448-10056..10,2025-12-20,monthly_basic,4900
GPA.4963-5643-5880-10562..3,2025-12-20,monthly_basic,4900
GPA.4977-9091-9484-10220..8,2025-12-20,monthly_plus,9900
GPA.5864-1209-8563-10528..4,2025-12-20,monthly_basic,4900
GPA.6526-9493-9525-10654..2,2025-12-20,monthly_basic,4900
GPA.6916-4554-2439-10028..11,2025-12-20,monthly_plus,9900
GPA.7135-7541-3163-10327..6,2025-12-20,monthly_basic,4900
GPA.8797-7211-7148-10619..3,2025-12-20,monthly_basic,4900
GPA.9360-1996-5636-10353..6,2025-12-20,monthly_plus,9900
GPA.9678-2138-7787-10463..5,2025-12-20,monthly_plus,9900
GPA.1504-2684-6648-10479..4,2025-12-21,monthly_plus,9900
GPA.1507-7021-9775-10430..5,2025-12-21,monthly_basic,4900
GPA.1781-1071-1545-10341..6,2025-12-21,monthly_basic,4900
GPA.2360-1714-3567-10487..4,2025-12-21,monthly_basic,4900
GPA.3221-6788-1150-10902,2025-12-21,monthly_plus,9900
GPA.3343-5907-2472-10244..8,2025-12-21,monthly_plus,9900
GPA.3685-8575-4942-10707..2,2025-12-21,monthly_basic,4900
GPA.3807-3116-2211-10498..4,2025-12-21,monthly_basic,4900
GPA.4237-9284-9103-10272..7,2025-12-21,monthly_plus,9900
GPA.4810-4549-5909-10038..11,2025-12-21,monthly_basic,4900
GPA.6254-3058-4280-10774..1,2025-12-21,monthly_basic,4900
GPA.6581-4834-5942-10712..2,2025-12-21,monthly_plus,9900
GPA.6736-3893-9873-10332..6,2025-12-21,monthly_basic,4900
GPA.6762-8502-5726-10728..2,2025-12-21,monthly_basic,4900
GPA.7210-1294-5221-10139..9,2025-12-21,monthly_basic,4900
GPA.7224-2675-5158-10333..6,2025-12-21,monthly_plus,9900
GPA.7374-9132-1553-10489..4,2025-12-21,monthly_basic,4900
GPA.7632-5247-1887-10218..8,2025-12-21,monthly_basic,4900
GPA.8086-4790-6556-10688..2,2025-12-21,monthly_basic,4900
GPA.8445-2534-6634-10202..8,2025-12-21,monthly_plus,9900
GPA.8835-4364-6091-10343..6,2025-12-21,monthly_basic,4900
GPA.9452-4071-3574-10618..3,2025-12-21,monthly_basic,4900
GPA.1050-3969-4587-10684..2,2025-12-22,monthly_basic,4900
GPA.1066-1845-9456-10541..4,2025-12-22,monthly_plus,9900
GPA.1434-3925-3166-10431..5,2025-12-22,monthly_basic,4900
GPA.2318-4093-6255-10178..9,2025-12-22,monthly_basic,4900
GPA.2617-9510-8698-10668..2,2025-12-22,monthly_plus,9900
GPA.2667-1755-6898-10681..2,2025-12-22,monthly_basic,4900
GPA.2783-3989-8302-10437..5,2025-12-22,monthly_plus,9900
GPA.2971-8704-1814-10149..9,2025-12-22,monthly_plus,9900
GPA.3028-7075-2840-10557..3,2025-12-22,monthly_basic,4900
GPA.3072-9007-8057-10890,2025-12-22,monthly_plus,9900
GPA.3531-4910-6765-10780..1,2025-12-22,monthly_plus,9900
GPA.3561-1512-7371-10811..1,2025-12-22,monthly_plus,9900
GPA.4243-8685-4784-10190..8,2025-12-22,monthly_plus,9900
GPA.4704-4436-9862-10176..9,2025-12-22,monthly_basic,4900
GPA.4888-5250-2953-10505..4,2025-12-22,monthly_basic,4900
GPA.5037-9380-7212-10222..8,2025-12-22,monthly_basic,4900
GPA.5177-2002-6456-10372..6,2025-12-22,monthly_plus,9900
GPA.5211-9319-6780-10264..7,2025-12-22,monthly_basic,4900
GPA.5266-3942-3345-10480..4,2025-12-22,monthly_plus,9900
GPA.5622-1123-2491-10659..2,2025-12-22,monthly_basic,4900
GPA.6088-6448-2409-10905,2025-12-22,monthly_plus,9900
GPA.6159-5523-3771-10586..3,2025-12-22,monthly_basic,4900
GPA.6641-6142-5041-10868,2025-12-22,monthly_basic,4900
GPA.6769-8388-2262-10797..1,2025-12-22,monthly_basic,4900
GPA.7126-9982-5359-10639..3,2025-12-22,monthly_basic,4900
GPA.7960-4319-4210-10502..4,2025-12-22,monthly_basic,4900
GPA.8227-6943-6392-10375..6,2025-12-22,monthly_basic,4900
GPA.8478-9056-7301-10677..2,2025-12-22,monthly_plus,9900
GPA.8600-4245-4327-10881,2025-12-22,monthly_basic,4900
GPA.8827-2134-8855-10448..5,2025-12-22,monthly_basic,4900
GPA.8906-3635-1672-10381..6,2025-12-22,monthly_basic,4900
GPA.9087-6359-7182-10588..3,2025-12-22,monthly_basic,4900
GPA.9202-3241-1254-10469..4,2025-12-22,monthly_basic,4900
GPA.9312-5909-8814-10752..1,2025-12-22,monthly_basic,4900
GPA.9369-3157-7918-10910,2025-12-22,monthly_plus,9900
GPA.9672-7523-3671-10695..2,2025-12-22,monthly_plus,9900
GPA.9789-5075-7502-10568..3,2025-12-22,monthly_basic,4900
GPA.1136-1854-8484-10805..1,2025-12-23,monthly_basic,4900
GPA.1391-2646-7171-10011..11,2025-12-23,monthly_basic,4900
GPA.1546-4815-8337-10923,2025-12-23,monthly_basic,4900
GPA.1962-4672-1744-10679..2,2025-12-23,monthly_basic,4900
GPA.2591-9367-2155-10481..4,2025-12-23,monthly_plus,9900
GPA.2931-9146-2666-10521..4,2025-12-23,monthly_basic,4900
GPA.2957-5323-9303-10410..5,2025-12-23,monthly_plus,9900
GPA.3279-3655-7427-10137..9,2025-12-23,monthly_basic,4900
GPA.3354-8914-7378-10715..2,2025-12-23,monthly_plus,9900
GPA.3456-4679-2191-10155..9,2025-12-23,monthly_plus,9900
GPA.3573-1151-5018-10158..9,2025-12-23,monthly_plus,9900
GPA.3593-4503-3711-10114..10,2025-12-23,monthly_basic,4900
GPA.3711-3729-3959-10791..1,2025-12-23,monthly_plus,9900
GPA.4040-7479-8912-10394..5,2025-12-23,monthly_basic,4900
GPA.4568-1870-8859-10803..1,2025-12-23,monthly_basic,4900
GPA.4879-8840-6106-10045..11,2025-12-23,monthly_basic,4900
GPA.5843-7208-3593-10664..2,2025-12-23,monthly_basic,4900
GPA.6399-7553-1793-10827,2025-12-23,monthly_basic,4900
GPA.6439-9122-3997-10601..3,2025-12-23,monthly_basic,4900
GPA.6584-7127-2695-10583..3,2025-12-23,monthly_plus,9900
GPA.6764-1615-3485-10504..4,2025-12-23,monthly_basic,4900
GPA.6978-9812-9941-10422..5,2025-12-23,monthly_basic,4900
GPA.7250-8061-3622-10650..2,2025-12-23,monthly_basic,4900
GPA.7359-3645-9504-10268..7,2025-12-23,monthly_plus,9900
GPA.7604-8346-5975-10435..5,2025-12-23,monthly_basic,4900
GPA.8116-8057-9931-10892,2025-12-23,monthly_basic,4900
GPA.8199-5270-6712-10806..1,2025-12-23,monthly_plus,9900
GPA.8274-3545-8734-10861,2025-12-23,monthly_basic,4900
GPA.8379-6452-9819-10014..11,2025-12-23,monthly_plus,9900
GPA.8725-7994-5287-10903,2025-12-23,monthly_basic,4900
GPA.8772-2082-7782-10853,2025-12-23,monthly_basic,4900
GPA.8907-9084-3543-10788..1,2025-12-23,monthly_plus,9900
GPA.9499-6791-1347-10529..4,2025-12-23,monthly_basic,4900
GPA.1240-5146-8223-10303..7,2025-12-24,monthly_basic,4900
GPA.1241-1262-7986-10321..6,2025-12-24,monthly_plus,9900
GPA.1263-1441-7869-10792..1,2025-12-24,monthly_basic,4900
GPA.1671-4445-3848-10240..8,2025-12-24,monthly_plus,9900
GPA.1691-7237-5023-10213..8,2025-12-24,monthly_basic,4900
GPA.1987-5470-3868-10384..6,2025-12-24,monthly_basic,4900
GPA.2253-5997-8447-10401..5,2025-12-24,monthly_basic,4900
GPA.2509-9059-3401-10285..7,2025-12-24,monthly_basic,4900
GPA.2558-5666-7919-10445..5,2025-12-24,monthly_basic,4900
GPA.3219-7197-4295-10330..6,2025-12-24,monthly_basic,4900
GPA.5167-2700-1244-10123..9,2025-12-24,monthly_basic,4900
GPA.5201-8470-8549-10886,2025-12-24,monthly_basic,4900
GPA.5278-6425-9840-10779..1,2025-12-24,monthly_basic,4900
GPA.5361-5078-1036-10837,2025-12-24,monthly_basic,4900
GPA.5428-1328-2147-10277..7,2025-12-24,monthly_plus,9900
GPA.6453-3232-9678-10497..4,2025-12-24,monthly_basic,4900
GPA.6513-8918-1565-10855,2025-12-24,monthly_basic,4900
GPA.6731-3324-6864-10821..1,2025-12-24,monthly_basic,4900
GPA.7487-2650-5401-10711..2,2025-12-24,monthly_plus,9900
GPA.7516-7334-4277-10152..9,2025-12-24,monthly_basic,4900
GPA.7710-7882-6172-10134..9,2025-12-24,monthly_plus,9900
GPA.8116-4733-2271-10098..10,2025-12-24,monthly_plus,9900
GPA.8128-3731-4413-10525..4,2025-12-24,monthly_basic,4900
GPA.8513-5760-2734-10872,2025-12-24,monthly_plus,9900
GPA.8820-1712-6723-10457..5,2025-12-24,monthly_basic,4900
GPA.9611-7998-1910-10079..10,2025-12-24,monthly_basic,4900
GPA.1032-4760-9383-10683..2,2025-12-25,monthly_basic,4900
GPA.1565-9813-9520-10602..3,2025-12-25,monthly_basic,4900
GPA.1794-2347-7687-10652..2,2025-12-25,monthly_basic,4900
GPA.2206-8661-6168-10031..11,2025-12-25,monthly_basic,4900
GPA.3054-9988-2263-10117..10,2025-12-25,monthly_basic,4900
GPA.3667-7075-2069-10785..1,2025-12-25,monthly_basic,4900
GPA.3828-6147-6139-10051..11,2025-12-25,monthly_basic,4900
GPA.4805-8507-7859-10783..1,2025-12-25,monthly_basic,4900
GPA.5004-4451-5641-10046..11,2025-12-25,monthly_basic,4900
GPA.5730-5709-5993-10512..4,2025-12-25,monthly_plus,9900
GPA.5862-2807-9598-10924,2025-12-25,monthly_basic,4900
GPA.6153-9074-1819-10027..11,2025-12-25,monthly_basic,4900
GPA.6254-7423-5743-10214..8,2025-12-25,monthly_basic,4900
GPA.6361-1795-1993-10763..1,2025-12-25,monthly_plus,9900
GPA.6609-7398-1598-10844,2025-12-25,monthly_basic,4900
GPA.6952-3044-5967-10807..1,2025-12-25,monthly_basic,4900
GPA.7161-8290-1826-10699..2,2025-12-25,monthly_basic,4900
GPA.7463-5977-8719-10830,2025-12-25,monthly_basic,4900
GPA.7708-1212-4663-10691..2,2025-12-25,monthly_basic,4900
GPA.7846-8110-2590-10737..1,2025-12-25,monthly_basic,4900
GPA.8570-6353-3560-10722..2,2025-12-25,monthly_basic,4900
GPA.8823-1748-6765-10443..5,2025-12-25,monthly_basic,4900
GPA.9031-9795-1511-10538..4,2025-12-25,monthly_plus,9900
GPA.9940-9163-5478-10878,2025-12-25,monthly_basic,4900
GPA.1101-6130-2248-10517..4,2025-12-26,monthly_basic,4900
GPA.1376-3409-5417-10756..1,2025-12-26,monthly_plus,9900
GPA.1515-6713-5645-10709..2,2025-12-26,monthly_basic,4900
GPA.2161-5057-7071-10549..4,2025-12-26,monthly_basic,4900
GPA.2297-5578-2646-10705..2,2025-12-26,monthly_basic,4900
GPA.2403-7728-1648-10503..4,2025-12-26,monthly_basic,4900
GPA.2765-8094-5094-10584..3,2025-12-26,monthly_plus,9900
GPA.3565-6755-8006-10819..1,2025-12-26,monthly_basic,4900
GPA.4062-7484-5119-10531..4,2025-12-26,monthly_basic,4900
GPA.4259-9763-1906-10733..1,2025-12-26,monthly_plus,9900
GPA.4467-3337-2049-10851,2025-12-26,monthly_basic,4900
GPA.4742-7235-3959-10349..6,2025-12-26,monthly_plus,9900
GPA.5963-7516-8034-10483..4,2025-12-26,monthly_basic,4900
GPA.6461-7992-3896-10862,2025-12-26,monthly_basic,4900
GPA.6672-1019-1918-10615..3,2025-12-26,monthly_basic,4900
GPA.6777-6062-5440-10569..3,2025-12-26,monthly_plus,9900
GPA.6847-9840-2857-10280..7,2025-12-26,monthly_basic,4900
GPA.7497-9494-6654-10842,2025-12-26,monthly_basic,4900
GPA.7832-3012-3957-10782..1,2025-12-26,monthly_basic,4900
GPA.7970-5400-6411-10706..2,2025-12-26,monthly_basic,4900
GPA.8072-1013-5533-10476..4,2025-12-26,monthly_basic,4900
GPA.8461-8489-2861-10574..3,2025-12-26,monthly_basic,4900
GPA.9113-5638-8660-10726..2,2025-12-26,monthly_basic,4900
GPA.9600-3802-5268-10818..1,2025-12-26,monthly_plus,9900
GPA.9861-7852-6857-10020..11,2025-12-26,monthly_basic,4900
GPA.9987-5934-1849-10398..5,2025-12-26,monthly_basic,4900
GPA.2580-3623-2979-10922,2025-12-27,monthly_basic,4900
GPA.2663-3637-3795-10133..9,2025-12-27,monthly_basic,4900
GPA.3351-1752-6359-10611..3,2025-12-27,monthly_basic,4900
GPA.3399-9245-7402-10900,2025-12-27,monthly_plus,9900
GPA.3692-3788-7850-10390..5,2025-12-27,monthly_plus,9900
GPA.4150-8950-8778-10671..2,2025-12-27,monthly_basic,4900
GPA.4825-6128-5356-10777..1,2025-12-27,monthly_basic,4900
GPA.4958-2325-9382-10242..8,2025-12-27,monthly_plus,9900
GPA.5099-2488-3426-10917,2025-12-27,monthly_basic,4900
GPA.5250-2299-4282-10703..2,2025-12-27,monthly_basic,4900
GPA.5332-8959-4844-10179..9,2025-12-27,monthly_basic,4900
GPA.6289-4919-8633-10571..3,2025-12-27,monthly_basic,4900
GPA.6489-6792-7002-10661..2,2025-12-27,monthly_basic,4900
GPA.6512-2646-1761-10399..5,2025-12-27,monthly_basic,4900
GPA.6715-2446-8622-10845,2025-12-27,monthly_basic,4900
GPA.7085-3439-9275-10744..1,2025-12-27,monthly_basic,4900
GPA.7420-5851-6204-10090..10,2025-12-27,monthly_basic,4900
GPA.8242-2216-1902-10770..1,2025-12-27,monthly_basic,4900
GPA.8273-1337-6634-10365..6,2025-12-27,monthly_basic,4900
GPA.8572-5158-2458-10643..3,2025-12-27,monthly_basic,4900
GPA.9090-7848-8011-10634..3,2025-12-27,monthly_basic,4900
GPA.9946-3281-5562-10425..5,2025-12-27,monthly_basic,4900
GPA.1163-6008-9733-10441..5,2025-12-28,monthly_basic,4900
GPA.1232-9866-4462-10685..2,2025-12-28,monthly_basic,4900
GPA.1628-3020-9969-10191..8,2025-12-28,monthly_plus,9900
GPA.1855-7235-6795-10063..10,2025-12-28,monthly_plus,9900
GPA.2037-4510-5054-10036..11,2025-12-28,monthly_plus,9900
GPA.2089-3316-8129-10232..8,2025-12-28,monthly_basic,4900
GPA.2290-5894-7126-10554..4,2025-12-28,monthly_basic,4900
GPA.2344-5767-5302-10409..5,2025-12-28,monthly_basic,4900
GPA.2747-7626-6849-10828,2025-12-28,monthly_basic,4900
GPA.3751-1454-1602-10582..3,2025-12-28,monthly_basic,4900
GPA.3935-2608-8010-10537..4,2025-12-28,monthly_plus,9900
GPA.4585-6413-7004-10721..2,2025-12-28,monthly_basic,4900
GPA.4801-9440-1021-10286..7,2025-12-28,monthly_basic,4900
GPA.5363-5788-5050-10749..1,2025-12-28,monthly_basic,4900
GPA.5387-6517-1539-10832,2025-12-28,monthly_basic,4900
GPA.5746-9384-8952-10080..10,2025-12-28,monthly_basic,4900
GPA.5865-3006-4096-10665..2,2025-12-28,monthly_basic,4900
GPA.6022-9546-3059-10324..6,2025-12-28,monthly_basic,4900
GPA.6152-2336-7225-10656..2,2025-12-28,monthly_basic,4900
GPA.6959-2394-7090-10808..1,2025-12-28,monthly_basic,4900
GPA.6988-9998-9431-10760..1,2025-12-28,monthly_basic,4900
GPA.7264-1503-4754-10919,2025-12-28,monthly_plus,9900
GPA.7597-1795-4527-10094..10,2025-12-28,monthly_plus,9900
GPA.7828-1850-1000-10778..1,2025-12-28,monthly_basic,4900
GPA.7888-1753-2508-10561..3,2025-12-28,monthly_plus,9900
GPA.8488-8275-8271-10235..8,2025-12-28,monthly_basic,4900
GPA.8608-6276-9282-10163..9,2025-12-28,monthly_basic,4900
GPA.8706-2898-8163-10228..1,2025-12-28,monthly_plus,9900
GPA.8994-2524-4965-10383..6,2025-12-28,monthly_basic,4900
GPA.1505-9157-7699-10361..7,2026-01-01,monthly_plus,9900
GPA.1607-5558-2454-10753..2,2026-01-01,monthly_basic,4900
GPA.1686-2768-8843-10494..5,2026-01-01,monthly_basic,4900
GPA.1949-3311-6874-10420..6,2026-01-01,monthly_plus,9900
GPA.1989-2517-2266-10852..1,2026-01-01,monthly_basic,4900
GPA.2851-8162-2110-10434..6,2026-01-01,monthly_basic,4900
GPA.2932-9091-1166-10964,2026-01-01,monthly_basic,4900
GPA.3272-8308-6014-10914..1,2026-01-01,monthly_basic,4900
GPA.3335-7784-7899-11009,2026-01-01,monthly_basic,4900
GPA.4449-7781-8015-10566..4,2026-01-01,monthly_plus,9900
GPA.5233-6058-3095-10729..3,2026-01-01,monthly_plus,9900
GPA.5418-1011-6706-10356..7,2026-01-01,monthly_plus,9900
GPA.5659-9035-9088-10088..11,2026-01-01,monthly_basic,4900
GPA.5664-9566-5582-10062..11,2026-01-01,monthly_basic,4900
GPA.6440-2840-8458-10875..1,2026-01-01,monthly_basic,4900
GPA.6781-1446-5336-10637..4,2026-01-01,monthly_basic,4900
GPA.7326-6487-1345-10912..1,2026-01-01,monthly_basic,4900
GPA.8004-2862-9961-10839..1,2026-01-01,monthly_plus,9900
GPA.8080-4853-2229-10161..10,2026-01-01,monthly_basic,4900
GPA.8372-1232-1624-10212..9,2026-01-01,monthly_basic,4900
GPA.8740-7153-4007-10421..6,2026-01-01,monthly_plus,9900
GPA.8858-1423-9496-10627..4,2026-01-01,monthly_plus,9900
GPA.8924-7791-5174-10823..2,2026-01-01,monthly_basic,4900
GPA.8962-2214-3257-10273..8,2026-01-01,monthly_basic,4900
GPA.8973-1838-5767-10793..2,2026-01-01,monthly_basic,4900
GPA.9007-3253-3770-11004,2026-01-01,monthly_basic,4900
GPA.9417-7335-1637-10491..5,2026-01-01,monthly_basic,4900
GPA.9511-5695-6078-10370..7,2026-01-01,monthly_basic,4900
GPA.9534-1869-8141-10456..6,2026-01-01,monthly_basic,4900
GPA.9600-2997-9416-10767..2,2026-01-01,monthly_basic,4900
GPA.9699-6499-6803-10115..11,2026-01-01,monthly_basic,4900
GPA.9870-7374-6015-10534..5,2026-01-01,monthly_plus,9900
GPA.9942-7800-2508-10484..5,2026-01-01,monthly_basic,4900
GPA.1115-4219-5570-10645..3,2026-01-02,monthly_basic,4900
GPA.1137-9695-3121-10982,2026-01-02,monthly_plus,9900
GPA.1358-1888-9514-10939,2026-01-02,monthly_basic,4900
GPA.1393-3407-2932-10704..3,2026-01-02,monthly_basic,4900
GPA.1804-3963-4725-10462..6,2026-01-02,monthly_basic,4900
GPA.2155-5221-4862-10366..7,2026-01-02,monthly_basic,4900
GPA.2888-7212-7812-10768..2,2026-01-02,monthly_basic,4900
GPA.2936-2584-4319-10432..6,2026-01-02,monthly_plus,9900
GPA.3598-1310-7562-10205..9,2026-01-02,monthly_plus,9900
GPA.3663-6622-6279-10658..3,2026-01-02,monthly_basic,4900
GPA.3689-1868-2277-10495..5,2026-01-02,monthly_plus,9900
GPA.3966-6545-4579-10906..1,2026-01-02,monthly_basic,4900
GPA.4592-1953-7554-10053..12,2026-01-02,monthly_basic,4900
GPA.4646-1198-3035-10515..5,2026-01-02,monthly_basic,4900
GPA.4699-5310-5625-10612..4,2026-01-02,monthly_basic,4900
GPA.4793-6339-3238-10796..2,2026-01-02,monthly_plus,9900
GPA.5908-7334-8793-10276..8,2026-01-02,monthly_basic,4900
GPA.6200-3647-3572-10901..1,2026-01-02,monthly_basic,4900
GPA.6473-7393-1891-10759..2,2026-01-02,monthly_basic,4900
GPA.6779-2345-9926-10667..3,2026-01-02,monthly_basic,4900
GPA.6985-6730-5946-10820..2,2026-01-02,monthly_basic,4900
GPA.7266-2806-6095-10482..5,2026-01-02,monthly_plus,9900
GPA.7809-4993-5782-10393..6,2026-01-02,monthly_basic,4900
GPA.7898-9678-1727-10918..1,2026-01-02,monthly_basic,4900
GPA.7986-5717-9713-11021,2026-01-02,monthly_plus,9900
GPA.9049-1873-8922-10589..4,2026-01-02,monthly_basic,4900
GPA.9595-2281-6892-10730..3,2026-01-02,monthly_basic,4900
GPA.9706-3081-9343-10516..5,2026-01-02,monthly_basic,4900
GPA.1780-4707-5205-10931,2026-01-03,monthly_plus,9900
GPA.1830-1424-9279-10935,2026-01-03,monthly_basic,4900
GPA.1910-6141-4065-10738..2,2026-01-03,monthly_basic,4900
GPA.2002-5056-1725-10858..1,2026-01-03,monthly_plus,9900
GPA.2170-9765-3092-11022,2026-01-03,monthly_basic,4900
GPA.2838-4546-5997-10377..7,2026-01-03,monthly_basic,4900
GPA.3124-2707-2650-10453..6,2026-01-03,monthly_basic,4900
GPA.3239-7888-4606-10243..9,2026-01-03,monthly_basic,4900
GPA.3377-8686-3784-10199..9,2026-01-03,monthly_plus,9900
GPA.3379-3749-6212-10510..5,2026-01-03,monthly_basic,4900
GPA.3552-1536-5012-10477..5,2026-01-03,monthly_basic,4900
GPA.3825-7912-8214-10994,2026-01-03,monthly_basic,4900
GPA.3863-4654-7653-10682..3,2026-01-03,monthly_plus,9900
GPA.4103-6975-9752-10963,2026-01-03,monthly_basic,4900
GPA.4197-7516-2279-10734..2,2026-01-03,monthly_plus,9900
GPA.4602-1127-5368-10772..2,2026-01-03,monthly_basic,4900
GPA.4719-8044-3336-10217..9,2026-01-03,monthly_plus,9900
GPA.4846-3216-4647-10888..1,2026-01-03,monthly_plus,9900
GPA.5376-7591-3453-10048..12,2026-01-03,monthly_plus,9900
GPA.5496-7339-6564-10124..10,2026-01-03,monthly_basic,4900
GPA.6053-7481-2728-10714..3,2026-01-03,monthly_basic,4900
GPA.6295-6898-5011-10071..11,2026-01-03,monthly_basic,4900
GPA.6312-9571-3791-10553..5,2026-01-03,monthly_basic,4900
GPA.6576-1160-2121-10143..10,2026-01-03,monthly_basic,4900
GPA.7301-6170-6711-10003..12,2026-01-03,monthly_basic,4900
GPA.7342-7940-5280-10287..8,2026-01-03,monthly_plus,9900
GPA.7964-6890-4949-10001..12,2026-01-03,monthly_basic,4900
GPA.8379-3655-2949-10467..6,2026-01-03,monthly_plus,9900
GPA.8488-4132-3664-10622..4,2026-01-03,monthly_basic,4900
GPA.9187-7741-4050-10225..9,2026-01-03,monthly_basic,4900
GPA.9386-4103-4022-10130..10,2026-01-03,monthly_basic,4900
GPA.9793-9429-4929-10047..12,2026-01-03,monthly_basic,4900
GPA.1127-2374-1950-10253..8,2026-01-04,monthly_basic,4900
GPA.1628-6965-4410-10070..11,2026-01-04,monthly_basic,4900
GPA.1719-9988-7231-10427..6,2026-01-04,monthly_basic,4900
GPA.2173-8110-7941-10986,2026-01-04,monthly_basic,4900
GPA.2217-5570-4836-10367..7,2026-01-04,monthly_basic,4900
GPA.2814-4199-4062-10162..10,2026-01-04,monthly_basic,4900
GPA.3650-5290-9068-10640..4,2026-01-04,monthly_plus,9900
GPA.3983-7988-7336-10758..2,2026-01-04,monthly_basic,4900
GPA.4033-9817-8440-10836..1,2026-01-04,monthly_basic,4900
GPA.4213-2809-7488-10894..1,2026-01-04,monthly_plus,9900
GPA.4235-1047-7301-11016,2026-01-04,monthly_plus,9900
GPA.4423-5539-6319-10440..6,2026-01-04,monthly_plus,9900
GPA.5410-1684-5195-10748..2,2026-01-04,monthly_basic,4900
GPA.5453-1130-9480-10871..1,2026-01-04,monthly_basic,4900
GPA.5631-7386-6312-10022..12,2026-01-04,monthly_basic,4900
GPA.6602-2686-1037-10873..1,2026-01-04,monthly_basic,4900
GPA.7153-8405-2400-10880..1,2026-01-04,monthly_basic,4900
GPA.7460-8698-6580-10485..5,2026-01-04,monthly_basic,4900
GPA.8042-4668-3524-10382..7,2026-01-04,monthly_basic,4900
GPA.8089-7512-6285-10757..2,2026-01-04,monthly_basic,4900
GPA.8164-6354-2546-10289..8,2026-01-04,monthly_basic,4900
GPA.8166-2355-8141-10750..2,2026-01-04,monthly_basic,4900
GPA.9089-6871-1993-10376..7,2026-01-04,monthly_basic,4900
GPA.9291-3505-2392-10449..6,2026-01-04,monthly_basic,4900
GPA.9533-8301-7254-10676..3,2026-01-04,monthly_basic,4900
GPA.9886-7573-8474-10854..1,2026-01-04,monthly_basic,4900
GPA.1589-6813-9884-10675..3,2026-01-05,monthly_basic,4900
GPA.1596-7220-2703-10207..8,2026-01-05,monthly_plus,9900
GPA.1927-8644-5255-10565..4,2026-01-05,monthly_basic,4900
GPA.1977-3688-4915-10007..12,2026-01-05,monthly_basic,4900
GPA.2008-2754-1386-10106..11,2026-01-05,monthly_plus,9900
GPA.2059-7208-4578-10751..2,2026-01-05,monthly_plus,9900
GPA.2139-5988-9631-10407..6,2026-01-05,monthly_plus,9900
GPA.2162-4123-9534-10501..5,2026-01-05,monthly_basic,4900
GPA.2467-6537-1314-11027,2026-01-05,monthly_basic,4900
GPA.2715-7459-1957-10153..10,2026-01-05,monthly_basic,4900
GPA.2760-4963-7231-10739..2,2026-01-05,monthly_basic,4900
GPA.2897-9723-6995-10148..10,2026-01-05,monthly_plus,9900
GPA.3573-2961-6791-10546..5,2026-01-05,monthly_plus,9900
GPA.4698-2820-5051-10450..6,2026-01-05,monthly_plus,9900
GPA.4940-7131-7219-10360..1,2026-01-05,monthly_plus,9900
GPA.5414-1284-1916-10084..11,2026-01-05,monthly_basic,4900
GPA.5443-3391-1171-10508..5,2026-01-05,monthly_basic,4900
GPA.5720-9542-7054-10592..4,2026-01-05,monthly_basic,4900
GPA.5778-2622-2008-10967,2026-01-05,monthly_basic,4900
GPA.5927-4638-8520-10990,2026-01-05,monthly_plus,9900
GPA.6062-6934-1235-10486..5,2026-01-05,monthly_basic,4900
GPA.7134-4632-3479-11005,2026-01-05,monthly_basic,4900
GPA.7315-3733-4450-10354..7,2026-01-05,monthly_basic,4900
GPA.7361-5911-4900-10629..4,2026-01-05,monthly_basic,4900
GPA.7444-1136-1435-10649..3,2026-01-05,monthly_plus,9900
GPA.7516-2938-3542-10625..4,2026-01-05,monthly_basic,4900
GPA.8688-7348-6914-10817..2,2026-01-05,monthly_basic,4900
GPA.9369-7010-8855-10050..12,2026-01-05,monthly_basic,4900
GPA.9690-1995-5657-10653..3,2026-01-05,monthly_basic,4900
GPA.1517-5030-1454-10340..7,2026-01-06,monthly_basic,4900
GPA.1696-4481-4569-10474..5,2026-01-06,monthly_basic,4900
GPA.1910-6379-7099-10423..6,2026-01-06,monthly_basic,4900
GPA.2261-2787-1680-10412..6,2026-01-06,monthly_basic,4900
GPA.2768-5654-2658-11030,2026-01-06,monthly_basic,4900
GPA.2788-7250-8587-10518..5,2026-01-06,monthly_basic,4900
GPA.2849-2227-5773-10698..3,2026-01-06,monthly_basic,4900
GPA.3867-7739-9221-10490..5,2026-01-06,monthly_plus,9900
GPA.4329-6031-8073-10386..7,2026-01-06,monthly_basic,4900
GPA.4998-1492-4054-10609..4,2026-01-06,monthly_basic,4900
GPA.6384-2815-3570-10533..5,2026-01-06,monthly_plus,9900
GPA.6795-1347-6313-10898..1,2026-01-06,monthly_plus,9900
GPA.6940-6888-6898-10591..4,2026-01-06,monthly_basic,4900
GPA.7017-2180-5003-10189..9,2026-01-06,monthly_basic,4900
GPA.7550-5097-4724-10304..8,2026-01-06,monthly_basic,4900
GPA.7789-8411-8454-10802..2,2026-01-06,monthly_basic,4900
GPA.7996-6154-2744-10958,2026-01-06,monthly_plus,9900
GPA.8256-2459-9424-10907..1,2026-01-06,monthly_basic,4900
GPA.8409-5491-3017-10252..8,2026-01-06,monthly_plus,9900
GPA.8515-9392-6066-10928,2026-01-06,monthly_basic,4900
GPA.8710-4590-8186-10291..8,2026-01-06,monthly_basic,4900
GPA.8769-7722-3731-10831..1,2026-01-06,monthly_plus,9900
GPA.9435-5858-8443-10747..2,2026-01-06,monthly_plus,9900
GPA.9489-1040-9325-10459..6,2026-01-06,monthly_basic,4900
GPA.9736-4938-3337-10740..2,2026-01-06,monthly_basic,4900
GPA.9998-4753-4604-10909..1,2026-01-06,monthly_plus,9900
GPA.1301-4823-6860-10913..1,2026-01-07,monthly_basic,4900
GPA.1325-5418-9552-10690..3,2026-01-07,monthly_basic,4900
GPA.1493-9265-5990-10702..3,2026-01-07,monthly_basic,4900
GPA.1985-4114-5351-10105..11,2026-01-07,monthly_basic,4900
GPA.2130-8500-5760-10278..8,2026-01-07,monthly_basic,4900
GPA.2915-7794-7009-10283..8,2026-01-07,monthly_basic,4900
GPA.3125-3972-7410-10995,2026-01-07,monthly_basic,4900
GPA.3131-4503-3450-10120..10,2026-01-07,monthly_basic,4900
GPA.3469-3207-9211-10580..4,2026-01-07,monthly_basic,4900
GPA.3605-7836-2377-10058..11,2026-01-07,monthly_basic,4900
GPA.3611-8633-3466-10587..4,2026-01-07,monthly_basic,4900
GPA.4334-6289-8972-10092..11,2026-01-07,monthly_plus,9900
GPA.4340-3158-4703-10436..6,2026-01-07,monthly_plus,9900
GPA.4703-3384-6675-10473..5,2026-01-07,monthly_plus,9900
GPA.4779-6717-2142-10388..7,2026-01-07,monthly_basic,4900
GPA.5164-5375-4975-10735..2,2026-01-07,monthly_plus,9900
GPA.5227-7105-5272-10311..8,2026-01-07,monthly_plus,9900
GPA.5549-9412-5250-10929,2026-01-07,monthly_basic,4900
GPA.5912-6548-1194-10822..2,2026-01-07,monthly_basic,4900
GPA.5979-8900-8828-10555..5,2026-01-07,monthly_basic,4900
GPA.6294-5834-1764-10916..1,2026-01-07,monthly_basic,4900
GPA.6432-1597-5554-10447..6,2026-01-07,monthly_plus,9900
GPA.6938-2628-1318-10626..4,2026-01-07,monthly_basic,4900
GPA.7194-3296-8129-10374..7,2026-01-07,monthly_basic,4900
GPA.7601-8295-4540-10799..2,2026-01-07,monthly_basic,4900
GPA.7759-7283-8786-11003,2026-01-07,monthly_basic,4900
GPA.7937-3624-1388-10812..2,2026-01-07,monthly_basic,4900
GPA.8388-1399-8354-10978,2026-01-07,monthly_basic,4900
GPA.8491-7685-7937-10057..11,2026-01-07,monthly_plus,9900
GPA.9060-5016-3664-11025,2026-01-07,monthly_basic,4900
GPA.9303-6781-7842-10325..7,2026-01-07,monthly_basic,4900
GPA.9386-5372-9211-10980,2026-01-07,monthly_basic,4900
GPA.9412-4348-2111-10945,2026-01-07,monthly_basic,4900
GPA.9552-3003-1750-10317..7,2026-01-07,monthly_basic,4900
GPA.9638-3726-1861-10246..9,2026-01-07,monthly_plus,9900
GPA.1129-9157-5507-10201..9,2026-01-08,monthly_basic,4900
GPA.1374-4217-4481-10168..10,2026-01-08,monthly_basic,4900
GPA.1470-5303-6026-10470..5,2026-01-08,monthly_basic,4900
GPA.2009-3999-7589-10559..4,2026-01-08,monthly_plus,9900
GPA.2113-6971-1982-10009..12,2026-01-08,monthly_basic,4900
GPA.2435-3589-4043-10987,2026-01-08,monthly_plus,9900
GPA.2491-2004-2636-10224..7,2026-01-08,monthly_plus,9900
GPA.3760-8455-5037-10369..7,2026-01-08,monthly_basic,4900
GPA.3883-5221-5111-11008,2026-01-08,monthly_basic,4900
GPA.4022-6634-6258-10536..5,2026-01-08,monthly_basic,4900
GPA.4087-7989-4655-10468..5,2026-01-08,monthly_basic,4900
GPA.4237-7834-6317-10339..7,2026-01-08,monthly_basic,4900
GPA.4444-1061-6168-11024,2026-01-08,monthly_basic,4900
GPA.5349-2496-9933-10605..4,2026-01-08,monthly_basic,4900
GPA.5430-1001-9815-10458..6,2026-01-08,monthly_basic,4900
GPA.5604-4345-6387-10784..2,2026-01-08,monthly_basic,4900
GPA.5775-4878-3737-11002,2026-01-08,monthly_basic,4900
GPA.5784-8341-1973-10334..7,2026-01-08,monthly_basic,4900
GPA.7274-6452-5253-10461..6,2026-01-08,monthly_basic,4900
GPA.7402-1159-3496-10636..4,2026-01-08,monthly_basic,4900
GPA.8741-8366-2424-10522..5,2026-01-08,monthly_basic,4900
GPA.9225-4047-2963-10166..10,2026-01-08,monthly_basic,4900
GPA.1399-5427-5303-10316..8,2026-01-09,monthly_basic,4900
GPA.1648-6710-6889-10638..4,2026-01-09,monthly_basic,4900
GPA.1902-3078-1331-10192..9,2026-01-09,monthly_basic,4900
GPA.2842-3305-8410-10948,2026-01-09,monthly_basic,4900
GPA.3106-3271-2218-10030..12,2026-01-09,monthly_basic,4900
GPA.3950-8437-6589-10579..4,2026-01-09,monthly_plus,9900
GPA.4004-6078-3653-10492..5,2026-01-09,monthly_plus,9900
GPA.4072-4875-5780-10911..1,2026-01-09,monthly_basic,4900
GPA.5577-4741-5141-10300..8,2026-01-09,monthly_basic,4900
GPA.6283-6871-6549-10016..12,2026-01-09,monthly_plus,9900
GPA.6710-6493-8125-10338..7,2026-01-09,monthly_basic,4900
GPA.6981-3976-8801-10499..5,2026-01-09,monthly_basic,4900
GPA.7177-5117-7158-10801..2,2026-01-09,monthly_basic,4900
GPA.7502-6109-7221-10961,2026-01-09,monthly_plus,9900
GPA.8344-3959-6045-10315..8,2026-01-09,monthly_basic,4900
GPA.8613-9352-2585-10578..4,2026-01-09,monthly_plus,9900
GPA.8655-9837-5784-10187..9,2026-01-09,monthly_plus,9900
GPA.8736-2248-3200-10099..11,2026-01-09,monthly_basic,4900
GPA.8904-7450-6165-10507..5,2026-01-09,monthly_plus,9900
GPA.9072-4630-3814-10496..5,2026-01-09,monthly_basic,4900
GPA.9821-2740-4744-10132..10,2026-01-09,monthly_basic,4900
GPA.1082-5410-5557-10814..2,2026-01-10,monthly_basic,4900
GPA.1787-5212-7584-10184..10,2026-01-10,monthly_plus,9900
GPA.1964-3934-4002-10411..6,2026-01-10,monthly_basic,4900
GPA.2198-4300-4285-10877..1,2026-01-10,monthly_basic,4900
GPA.2643-2995-8125-10296..8,2026-01-10,monthly_plus,9900
GPA.3752-6885-2120-10908..1,2026-01-10,monthly_basic,4900
GPA.3813-7054-5195-10570..4,2026-01-10,monthly_plus,9900
GPA.4050-6449-9090-10773..2,2026-01-10,monthly_basic,4900
GPA.4056-8686-1114-10336..7,2026-01-10,monthly_basic,4900
GPA.4063-3943-6701-10550..5,2026-01-10,monthly_basic,4900
GPA.4763-4466-9820-10068..11,2026-01-10,monthly_basic,4900
GPA.5340-6048-5451-10657..3,2026-01-10,monthly_plus,9900
GPA.5780-7948-2145-10786..2,2026-01-10,monthly_basic,4900
GPA.6116-9417-9583-10870..1,2026-01-10,monthly_basic,4900
GPA.6389-4307-1190-10648..3,2026-01-10,monthly_plus,9900
GPA.6575-6185-5855-10864..1,2026-01-10,monthly_basic,4900
GPA.6727-8019-5508-10600..4,2026-01-10,monthly_basic,4900
GPA.6965-2234-6131-11012,2026-01-10,monthly_basic,4900
GPA.7103-5410-6519-10509..5,2026-01-10,monthly_basic,4900
GPA.7342-8191-9417-10263..8,2026-01-10,monthly_basic,4900
GPA.7538-1051-9662-10306..8,2026-01-10,monthly_basic,4900
GPA.8089-8848-9852-10318..7,2026-01-10,monthly_basic,4900
GPA.8282-2404-9256-10662..3,2026-01-10,monthly_basic,4900
GPA.8460-8922-6251-10478..5,2026-01-10,monthly_plus,9900
GPA.8576-5328-5130-10896..1,2026-01-10,monthly_basic,4900
GPA.8640-9924-6647-10754..2,2026-01-10,monthly_basic,4900
GPA.8736-4633-1038-10700..3,2026-01-10,monthly_plus,9900
GPA.8776-1144-5263-10154..10,2026-01-10,monthly_plus,9900
GPA.8944-1906-9986-10613..4,2026-01-10,monthly_basic,4900
GPA.9135-2387-8831-10804..2,2026-01-10,monthly_basic,4900
GPA.1050-4399-9181-10560..4,2026-01-11,monthly_basic,4900
GPA.1194-3671-7136-10775..2,2026-01-11,monthly_plus,9900
GPA.1246-4681-9057-10925,2026-01-11,monthly_basic,4900
GPA.1484-5646-5753-10230..9,2026-01-11,monthly_basic,4900
GPA.1936-7944-3660-10391..6,2026-01-11,monthly_plus,9900
GPA.2243-1525-8076-10787..2,2026-01-11,monthly_basic,4900
GPA.2628-4753-7018-10428..6,2026-01-11,monthly_plus,9900
GPA.3133-3573-4280-10284..8,2026-01-11,monthly_basic,4900
GPA.4250-7505-7930-10251..8,2026-01-11,monthly_basic,4900
GPA.5177-4778-8009-10727..3,2026-01-11,monthly_basic,4900
GPA.5324-5769-6452-10860..1,2026-01-11,monthly_basic,4900
GPA.5338-2315-9508-10856..1,2026-01-11,monthly_plus,9900
GPA.5598-6256-1410-10379..7,2026-01-11,monthly_basic,4900
GPA.5641-2126-4245-10933,2026-01-11,monthly_basic,4900
GPA.5813-6124-9552-10631..4,2026-01-11,monthly_basic,4900
GPA.5906-2795-7048-10992,2026-01-11,monthly_basic,4900
GPA.6101-1159-3030-10157..10,2026-01-11,monthly_basic,4900
GPA.6137-6029-2968-10460..6,2026-01-11,monthly_basic,4900
GPA.6194-5038-3183-10174..10,2026-01-11,monthly_basic,4900
GPA.6577-2245-9871-10642..4,2026-01-11,monthly_basic,4900
GPA.6982-3728-5610-10632..4,2026-01-11,monthly_plus,9900
GPA.7018-4853-5173-10972,2026-01-11,monthly_plus,9900
GPA.7282-8303-6077-10789..2,2026-01-11,monthly_plus,9900
GPA.7520-2007-3296-10651..3,2026-01-11,monthly_basic,4900
GPA.7555-5125-9465-10680..3,2026-01-11,monthly_basic,4900
GPA.7754-7283-9123-10542..5,2026-01-11,monthly_basic,4900
GPA.7836-4264-7514-10193..9,2026-01-11,monthly_plus,9900
GPA.8014-3009-1103-10824..1,2026-01-11,monthly_plus,9900
GPA.8063-2556-4391-10938,2026-01-11,monthly_plus,9900
GPA.8079-6215-4369-10043..12,2026-01-11,monthly_plus,9900
GPA.8137-3188-9092-10953,2026-01-11,monthly_basic,4900
GPA.8458-8361-7774-10556..5,2026-01-11,monthly_basic,4900
GPA.8804-7613-5744-10238..9,2026-01-11,monthly_basic,4900
GPA.9211-9300-6047-10670..3,2026-01-11,monthly_basic,4900
GPA.9838-5904-1866-11013,2026-01-11,monthly_basic,4900
GPA.1322-6036-3184-10895..1,2026-01-12,monthly_basic,4900
GPA.1645-9403-2555-10825..1,2026-01-12,monthly_basic,4900
GPA.1669-6917-4837-10893..1,2026-01-12,monthly_basic,4900
GPA.1830-9427-8980-10519..5,2026-01-12,monthly_plus,9900
GPA.2196-3799-3944-10269..8,2026-01-12,monthly_basic,4900
GPA.3055-5561-6894-10424..6,2026-01-12,monthly_plus,9900
GPA.3762-2247-7623-10075..11,2026-01-12,monthly_basic,4900
GPA.3981-6854-3645-10454..6,2026-01-12,monthly_basic,4900
GPA.3992-2572-5322-10941,2026-01-12,monthly_basic,4900
GPA.4135-3852-8999-10920..1,2026-01-12,monthly_basic,4900
GPA.4530-2168-8438-10866..1,2026-01-12,monthly_basic,4900
GPA.4724-8332-8549-10274..8,2026-01-12,monthly_basic,4900
GPA.4959-3470-4198-10255..8,2026-01-12,monthly_basic,4900
GPA.5132-1706-3288-10885..1,2026-01-12,monthly_plus,9900
GPA.5422-9494-8579-11011,2026-01-12,monthly_basic,4900
GPA.5441-6141-8482-10781..2,2026-01-12,monthly_basic,4900
GPA.5514-8971-2605-10403..6,2026-01-12,monthly_plus,9900
GPA.5972-1536-9265-10438..6,2026-01-12,monthly_basic,4900
GPA.6933-7124-7080-10540..5,2026-01-12,monthly_basic,4900
GPA.6959-9827-4557-10208..9,2026-01-12,monthly_basic,4900
GPA.7267-8802-7011-10697..3,2026-01-12,monthly_basic,4900
GPA.7304-2684-7310-10826..1,2026-01-12,monthly_plus,9900
GPA.7678-2110-9429-10395..6,2026-01-12,monthly_basic,4900
GPA.7968-2441-4425-10660..3,2026-01-12,monthly_basic,4900
GPA.9126-8210-7980-10275..8,2026-01-12,monthly_plus,9900
GPA.9361-2558-1323-10834..1,2026-01-12,monthly_basic,4900
GPA.9607-4426-8246-10041..12,2026-01-12,monthly_basic,4900
GPA.9739-4534-8653-10069..11,2026-01-12,monthly_basic,4900
GPA.9749-4814-9006-10442..6,2026-01-12,monthly_basic,4900
GPA.9858-5183-3383-10630..4,2026-01-12,monthly_basic,4900
GPA.9913-7987-1773-10876..1,2026-01-12,monthly_basic,4900
GPA.1263-3069-8516-10915..1,2026-01-13,monthly_plus,9900
GPA.1587-8050-8376-10142..10,2026-01-13,monthly_plus,9900
GPA.2261-2811-3690-10298..8,2026-01-13,monthly_basic,4900
GPA.2635-1812-7973-11015,2026-01-13,monthly_basic,4900
GPA.2991-6105-6776-10838..1,2026-01-13,monthly_basic,4900
GPA.3070-8304-3938-10678..3,2026-01-13,monthly_basic,4900
GPA.3204-1035-3017-10840..1,2026-01-13,monthly_basic,4900
GPA.3592-1465-2368-10337..7,2026-01-13,monthly_plus,9900
GPA.3971-2790-3021-10663..3,2026-01-13,monthly_basic,4900
GPA.4313-4281-9125-10595..4,2026-01-13,monthly_plus,9900
GPA.4622-6272-2903-10250..8,2026-01-13,monthly_basic,4900
GPA.5050-3084-6504-10879..1,2026-01-13,monthly_basic,4900
GPA.5220-9106-7074-10607..4,2026-01-13,monthly_plus,9900
GPA.6286-1508-2825-10968,2026-01-13,monthly_basic,4900
GPA.6519-2044-6391-10988,2026-01-13,monthly_basic,4900
GPA.6737-4039-4464-11017,2026-01-13,monthly_basic,4900
GPA.6757-2589-5824-10965,2026-01-13,monthly_plus,9900
GPA.7658-6561-3906-10260..8,2026-01-13,monthly_basic,4900
GPA.8078-4247-9401-10991,2026-01-13,monthly_basic,4900
GPA.8673-2675-3222-10949,2026-01-13,monthly_plus,9900
GPA.8870-3362-6506-10156..10,2026-01-13,monthly_basic,4900
GPA.9278-2066-5728-10765..2,2026-01-13,monthly_plus,9900
GPA.9945-5908-1991-10874..1,2026-01-13,monthly_basic,4900
GPA.9950-6039-7136-10673..3,2026-01-13,monthly_plus,9900
GPA.1316-7692-7040-10577..4,2026-01-14,monthly_basic,4900
GPA.1554-9934-1688-10718..3,2026-01-14,monthly_basic,4900
GPA.1680-9650-5541-10620..4,2026-01-14,monthly_plus,9900
GPA.2838-6095-8755-10869..1,2026-01-14,monthly_basic,4900
GPA.3358-7373-9449-10236..9,2026-01-14,monthly_basic,4900
GPA.4198-6298-5997-10966,2026-01-14,monthly_basic,4900
GPA.4394-8385-1189-10743..2,2026-01-14,monthly_basic,4900
GPA.4413-9345-2452-10644..3,2026-01-14,monthly_basic,4900
GPA.4750-3051-8178-10719..3,2026-01-14,monthly_plus,9900
GPA.5218-8913-2701-10921..1,2026-01-14,monthly_plus,9900
GPA.5563-9801-2631-10815..2,2026-01-14,monthly_plus,9900
GPA.5654-8585-6623-10572..4,2026-01-14,monthly_basic,4900
GPA.5669-4203-6326-10943,2026-01-14,monthly_basic,4900
GPA.6348-1843-7989-10096..11,2026-01-14,monthly_plus,9900
GPA.8263-4035-9334-10239..9,2026-01-14,monthly_basic,4900
GPA.8460-6139-9623-10305..8,2026-01-14,monthly_basic,4900
GPA.8608-1427-7166-10544..5,2026-01-14,monthly_basic,4900
GPA.8609-5394-2594-10850..1,2026-01-14,monthly_basic,4900
GPA.8661-4812-5577-11020,2026-01-14,monthly_plus,9900
GPA.9042-7245-6317-10623..4,2026-01-14,monthly_basic,4900
GPA.9377-6413-4347-10039..12,2026-01-14,monthly_plus,9900
GPA.9663-9976-2013-10320..7,2026-01-14,monthly_basic,4900
GPA.9829-1972-1917-11028,2026-01-14,monthly_plus,9900
GPA.1072-8151-4947-10959,2026-01-15,monthly_basic,4900
GPA.1075-9370-7572-10066..11,2026-01-15,monthly_basic,4900
GPA.1570-6408-3162-10294..8,2026-01-15,monthly_basic,4900
GPA.1571-7746-2819-10883..1,2026-01-15,monthly_basic,4900
GPA.1611-1417-8032-10167..10,2026-01-15,monthly_basic,4900
GPA.1685-7194-6195-10558..4,2026-01-15,monthly_basic,4900
GPA.1802-5798-5535-10897..1,2026-01-15,monthly_plus,9900
GPA.1856-9188-6868-10129..10,2026-01-15,monthly_basic,4900
GPA.2787-3621-7234-10466..6,2026-01-15,monthly_basic,4900
GPA.3292-4847-8861-10267..8,2026-01-15,monthly_plus,9900
GPA.3424-9093-4176-10406..6,2026-01-15,monthly_plus,9900
GPA.4442-4150-7208-10319..7,2026-01-15,monthly_basic,4900
GPA.4753-7563-1767-10548..5,2026-01-15,monthly_basic,4900
GPA.6019-9888-9443-10392..6,2026-01-15,monthly_basic,4900
GPA.6298-3761-7341-10221..9,2026-01-15,monthly_plus,9900
GPA.6356-9739-3318-10077..11,2026-01-15,monthly_plus,9900
GPA.6538-7423-4395-10357..7,2026-01-15,monthly_plus,9900
GPA.8258-2298-1366-10762..2,2026-01-15,monthly_basic,4900
GPA.8492-1399-6727-10732..2,2026-01-15,monthly_plus,9900
GPA.8808-3018-4730-10647..3,2026-01-15,monthly_basic,4900
GPA.9130-3747-5245-10258..8,2026-01-15,monthly_basic,4900
GPA.9538-7549-7874-10012..12,2026-01-15,monthly_basic,4900
GPA.9887-4332-3504-10524..5,2026-01-15,monthly_basic,4900
GPA.9958-8006-1672-10194..9,2026-01-15,monthly_basic,4900
GPA.1136-5407-6802-10464..6,2026-01-16,monthly_basic,4900
GPA.1324-4354-3390-10590..4,2026-01-16,monthly_basic,4900
GPA.1515-2600-7159-10616..4,2026-01-16,monthly_plus,9900
GPA.1708-9008-9174-10889..1,2026-01-16,monthly_basic,4900
GPA.1792-1695-6299-10594..4,2026-01-16,monthly_basic,4900
GPA.1840-8378-8895-10769..2,2026-01-16,monthly_basic,4900
GPA.1906-7854-5473-10848..1,2026-01-16,monthly_basic,4900
GPA.2019-2544-5921-10926,2026-01-16,monthly_basic,4900
GPA.2281-5497-4841-10500..5,2026-01-16,monthly_basic,4900
GPA.2462-3225-1555-10404..6,2026-01-16,monthly_basic,4900
GPA.2510-7463-6673-10936,2026-01-16,monthly_basic,4900
GPA.2665-1793-5963-10863..1,2026-01-16,monthly_basic,4900
GPA.4179-2299-6105-10847..1,2026-01-16,monthly_plus,9900
GPA.4689-6854-8624-10723..3,2026-01-16,monthly_basic,4900
GPA.5174-8637-2222-10713..3,2026-01-16,monthly_basic,4900
GPA.5422-6488-7730-10790..2,2026-01-16,monthly_plus,9900
GPA.5584-1636-8409-10265..8,2026-01-16,monthly_basic,4900
GPA.5788-3922-9154-10716..3,2026-01-16,monthly_plus,9900
GPA.5797-3585-9292-10813..2,2026-01-16,monthly_basic,4900
GPA.5877-5633-7409-10810..2,2026-01-16,monthly_plus,9900
GPA.6078-4013-3803-10576..4,2026-01-16,monthly_basic,4900
GPA.6092-4759-2200-10567..4,2026-01-16,monthly_plus,9900
GPA.6341-8632-9441-10520..5,2026-01-16,monthly_basic,4900
GPA.6425-7791-3177-10530..5,2026-01-16,monthly_basic,4900
GPA.6456-7612-8970-10055..12,2026-01-16,monthly_plus,9900
GPA.6476-4648-3011-10795..2,2026-01-16,monthly_basic,4900
GPA.6684-2957-6713-10829..1,2026-01-16,monthly_basic,4900
GPA.7124-3305-6088-10446..6,2026-01-16,monthly_basic,4900
GPA.7138-1367-7439-10952,2026-01-16,monthly_plus,9900
GPA.7213-5715-2077-10309..8,2026-01-16,monthly_plus,9900
GPA.7393-3658-8166-10957,2026-01-16,monthly_plus,9900
GPA.7524-6067-2844-10585..4,2026-01-16,monthly_basic,4900
GPA.8170-7623-8874-10010..12,2026-01-16,monthly_basic,4900
GPA.8564-2237-8908-10125..10,2026-01-16,monthly_plus,9900
GPA.9226-2943-3482-10210..9,2026-01-16,monthly_plus,9900
GPA.9483-7638-6348-10551..5,2026-01-16,monthly_basic,4900
GPA.1154-7651-5243-10761..2,2026-01-17,monthly_basic,4900
GPA.1285-7817-7579-10599..4,2026-01-17,monthly_basic,4900
GPA.1599-1949-7227-11001,2026-01-17,monthly_basic,4900
GPA.2061-8960-9169-10846..1,2026-01-17,monthly_basic,4900
GPA.2628-4538-6750-10710..3,2026-01-17,monthly_basic,4900
GPA.3641-7533-3679-10867..1,2026-01-17,monthly_basic,4900
GPA.3725-6938-6923-10033..12,2026-01-17,monthly_basic,4900
GPA.4133-5566-5397-10363..5,2026-01-17,monthly_basic,4900
GPA.4214-1621-7196-10997,2026-01-17,monthly_basic,4900
GPA.4598-1729-1690-10970,2026-01-17,monthly_plus,9900
GPA.4638-7547-4840-10426..6,2026-01-17,monthly_basic,4900
GPA.5131-4453-2134-10342..7,2026-01-17,monthly_basic,4900
GPA.5505-8617-7342-10633..4,2026-01-17,monthly_basic,4900
GPA.5850-9838-8878-10245..9,2026-01-17,monthly_basic,4900
GPA.6011-5089-9713-10026..12,2026-01-17,monthly_basic,4900
GPA.6325-4872-1713-10974,2026-01-17,monthly_basic,4900
GPA.6385-4912-6398-10185..9,2026-01-17,monthly_basic,4900
GPA.6648-8038-4574-10942,2026-01-17,monthly_plus,9900
GPA.6678-2040-6422-10932,2026-01-17,monthly_basic,4900
GPA.7977-2806-3937-10857..1,2026-01-17,monthly_plus,9900
GPA.8434-7839-9926-10085..11,2026-01-17,monthly_basic,4900
GPA.8527-6586-9860-10745..2,2026-01-17,monthly_plus,9900
GPA.8623-4531-1935-10042..3,2026-01-17,monthly_basic,4900
GPA.9219-9383-2442-10097..11,2026-01-17,monthly_basic,4900
GPA.9970-2625-2692-10451..6,2026-01-17,monthly_plus,9900
GPA.1141-2984-1878-10746..2,2026-01-18,monthly_basic,4900
GPA.1535-4590-3075-10979,2026-01-18,monthly_basic,4900
GPA.2570-5155-7983-10452..6,2026-01-18,monthly_plus,9900
GPA.3042-2179-9146-10687..3,2026-01-18,monthly_basic,4900
GPA.3253-6816-4053-10975,2026-01-18,monthly_basic,4900
GPA.3262-8736-1290-10859..1,2026-01-18,monthly_basic,4900
GPA.3291-7154-2284-10378..7,2026-01-18,monthly_basic,4900
GPA.3544-6743-3827-10254..5,2026-01-18,monthly_basic,4900
GPA.3724-1661-4100-10310..8,2026-01-18,monthly_basic,4900
GPA.3728-4607-3068-10593..4,2026-01-18,monthly_basic,4900
GPA.3810-5889-6885-10724..3,2026-01-18,monthly_basic,4900
GPA.3900-7028-7242-10301..4,2026-01-18,monthly_plus,9900
GPA.4364-3384-1751-10100..11,2026-01-18,monthly_basic,4900
GPA.4901-4433-7075-10345..6,2026-01-18,monthly_plus,9900
GPA.5452-5827-1856-10617..4,2026-01-18,monthly_basic,4900
GPA.5471-7506-9233-10262..8,2026-01-18,monthly_basic,4900
GPA.6103-6648-7345-10116..11,2026-01-18,monthly_basic,4900
GPA.6275-9143-8333-10950,2026-01-18,monthly_basic,4900
GPA.6294-9792-5999-10380..7,2026-01-18,monthly_basic,4900
GPA.6409-2567-9964-10535..5,2026-01-18,monthly_basic,4900
GPA.6682-9670-4187-10211..9,2026-01-18,monthly_basic,4900
GPA.6757-7658-2796-10288..8,2026-01-18,monthly_basic,4900
GPA.7076-1205-8895-10169..10,2026-01-18,monthly_basic,4900
GPA.7351-4269-3559-10335..7,2026-01-18,monthly_basic,4900
GPA.7649-6972-3871-10766..2,2026-01-18,monthly_basic,4900
GPA.8298-4631-3669-10755..2,2026-01-18,monthly_basic,4900
GPA.8430-8903-8453-10800..2,2026-01-18,monthly_basic,4900
GPA.8557-9320-9547-10128..10,2026-01-18,monthly_basic,4900
GPA.8775-3408-6022-10614..4,2026-01-18,monthly_plus,9900
GPA.8947-8756-3862-10110..6,2026-01-18,monthly_basic,4900
GPA.9065-1440-4233-10145..10,2026-01-18,monthly_basic,4900
GPA.9196-9036-2537-10545..5,2026-01-18,monthly_basic,4900
GPA.1151-7066-1149-10672..3,2026-01-19,monthly_plus,9900
GPA.1532-7552-8531-10798..2,2026-01-19,monthly_basic,4900
GPA.1734-4531-4208-10248..9,2026-01-19,monthly_basic,4900
GPA.1891-3064-3683-10720..3,2026-01-19,monthly_basic,4900
GPA.1899-4070-4920-10226..9,2026-01-19,monthly_basic,4900
GPA.2064-8522-2147-10934,2026-01-19,monthly_basic,4900
GPA.2894-3616-4616-10904..1,2026-01-19,monthly_basic,4900
GPA.2905-6024-5661-10955,2026-01-19,monthly_basic,4900
GPA.3368-2429-2940-10396..6,2026-01-19,monthly_basic,4900
GPA.3566-5280-8440-10083..7,2026-01-19,monthly_basic,4900
GPA.3971-6937-3486-10635..4,2026-01-19,monthly_basic,4900
GPA.4432-9544-5231-10976,2026-01-19,monthly_basic,4900
GPA.4439-9400-9930-10527..5,2026-01-19,monthly_plus,9900
GPA.5219-2970-7645-10736..2,2026-01-19,monthly_basic,4900
GPA.5484-5114-1099-11026,2026-01-19,monthly_basic,4900
GPA.5507-6202-9242-10693..3,2026-01-19,monthly_plus,9900
GPA.5740-6387-2485-10956,2026-01-19,monthly_basic,4900
GPA.5756-3761-3392-11018,2026-01-19,monthly_basic,4900
GPA.5796-5211-4181-10899..1,2026-01-19,monthly_plus,9900
GPA.5852-2096-5474-10606..4,2026-01-19,monthly_basic,4900
GPA.6799-8872-1187-10843..1,2026-01-19,monthly_basic,4900
GPA.6946-3981-3168-10122..10,2026-01-19,monthly_basic,4900
GPA.7247-7632-7375-10271..8,2026-01-19,monthly_plus,9900
GPA.7509-1907-8099-10112..11,2026-01-19,monthly_plus,9900
GPA.7858-9413-6544-10884..1,2026-01-19,monthly_basic,4900
GPA.7913-2561-3714-10891..1,2026-01-19,monthly_basic,4900
GPA.8137-1191-6998-10439..6,2026-01-19,monthly_basic,4900
GPA.8264-6599-2149-10809..2,2026-01-19,monthly_basic,4900
GPA.8385-5625-5046-10493..5,2026-01-19,monthly_basic,4900
GPA.8846-5133-8069-10511..5,2026-01-19,monthly_plus,9900
GPA.9391-9312-9554-10181..10,2026-01-19,monthly_basic,4900
GPA.9599-7010-2684-10329..7,2026-01-19,monthly_basic,4900
GPA.1058-3148-4596-10849..1,2026-01-20,monthly_basic,4900
GPA.1096-4085-6243-10323..7,2026-01-20,monthly_basic,4900
GPA.1238-3033-8137-11029,2026-01-20,monthly_basic,4900
GPA.1844-1464-2866-10389..7,2026-01-20,monthly_basic,4900
GPA.1972-3446-5928-10708..3,2026-01-20,monthly_plus,9900
GPA.2063-3665-7045-10971,2026-01-20,monthly_basic,4900
GPA.2999-1610-6342-10465..6,2026-01-20,monthly_basic,4900
GPA.3432-6195-9671-10523..5,2026-01-20,monthly_basic,4900
GPA.3504-6861-4650-10598..4,2026-01-20,monthly_basic,4900
GPA.3808-9759-3897-10215..9,2026-01-20,monthly_basic,4900
GPA.3818-3962-8008-10307..8,2026-01-20,monthly_basic,4900
GPA.4590-3976-7752-10841..1,2026-01-20,monthly_basic,4900
GPA.4959-5698-9448-10056..11,2026-01-20,monthly_basic,4900
GPA.4963-5643-5880-10562..4,2026-01-20,monthly_basic,4900
GPA.4977-9091-9484-10220..9,2026-01-20,monthly_plus,9900
GPA.5864-1209-8563-10528..5,2026-01-20,monthly_basic,4900
GPA.6452-1835-6869-10977,2026-01-20,monthly_basic,4900
GPA.6526-9493-9525-10654..3,2026-01-20,monthly_basic,4900
GPA.7135-7541-3163-10327..7,2026-01-20,monthly_basic,4900
GPA.8797-7211-7148-10619..4,2026-01-20,monthly_basic,4900
GPA.9360-1996-5636-10353..7,2026-01-20,monthly_plus,9900
GPA.9678-2138-7787-10463..6,2026-01-20,monthly_plus,9900
GPA.1504-2684-6648-10479..5,2026-01-21,monthly_plus,9900
GPA.1507-7021-9775-10430..6,2026-01-21,monthly_basic,4900
GPA.1546-9062-4755-10973,2026-01-21,monthly_basic,4900
GPA.1781-1071-1545-10341..7,2026-01-21,monthly_basic,4900
GPA.2360-1714-3567-10487..5,2026-01-21,monthly_basic,4900
GPA.2674-8107-9811-11031,2026-01-21,monthly_plus,9900
GPA.3221-6788-1150-10902..1,2026-01-21,monthly_plus,9900
GPA.3343-5907-2472-10244..9,2026-01-21,monthly_plus,9900
GPA.3413-1790-7074-11007,2026-01-21,monthly_basic,4900
GPA.3685-8575-4942-10707..3,2026-01-21,monthly_basic,4900
GPA.3807-3116-2211-10498..5,2026-01-21,monthly_basic,4900
GPA.4237-9284-9103-10272..8,2026-01-21,monthly_plus,9900
GPA.4810-4549-5909-10038..12,2026-01-21,monthly_basic,4900
GPA.6254-3058-4280-10774..2,2026-01-21,monthly_basic,4900
GPA.6581-4834-5942-10712..3,2026-01-21,monthly_plus,9900
GPA.6736-3893-9873-10332..7,2026-01-21,monthly_basic,4900
GPA.6762-8502-5726-10728..3,2026-01-21,monthly_basic,4900
GPA.7210-1294-5221-10139..10,2026-01-21,monthly_basic,4900
GPA.7374-9132-1553-10489..5,2026-01-21,monthly_basic,4900
GPA.7725-7109-8563-11032,2026-01-21,monthly_basic,4900
GPA.8078-5241-5219-10998,2026-01-21,monthly_basic,4900
GPA.8086-4790-6556-10688..3,2026-01-21,monthly_basic,4900
GPA.8140-6317-6237-11006,2026-01-21,monthly_basic,4900
GPA.8445-2534-6634-10202..9,2026-01-21,monthly_plus,9900
GPA.8635-7225-6189-10947,2026-01-21,monthly_basic,4900
GPA.8835-4364-6091-10343..7,2026-01-21,monthly_basic,4900
GPA.9452-4071-3574-10618..4,2026-01-21,monthly_basic,4900
GPA.1050-3969-4587-10684..3,2026-01-22,monthly_basic,4900
GPA.1066-1845-9456-10541..5,2026-01-22,monthly_plus,9900
GPA.1434-3925-3166-10431..6,2026-01-22,monthly_basic,4900
GPA.2318-4093-6255-10178..10,2026-01-22,monthly_basic,4900
GPA.2528-7822-9973-11000,2026-01-22,monthly_basic,4900
GPA.2617-9510-8698-10668..3,2026-01-22,monthly_plus,9900
GPA.2667-1755-6898-10681..3,2026-01-22,monthly_basic,4900
GPA.2783-3989-8302-10437..6,2026-01-22,monthly_plus,9900
GPA.2971-8704-1814-10149..10,2026-01-22,monthly_plus,9900
GPA.3028-7075-2840-10557..4,2026-01-22,monthly_basic,4900
GPA.3062-3906-3039-10969,2026-01-22,monthly_basic,4900
GPA.3072-9007-8057-10890..1,2026-01-22,monthly_plus,9900
GPA.3531-4910-6765-10780..2,2026-01-22,monthly_plus,9900
GPA.3561-1512-7371-10811..2,2026-01-22,monthly_plus,9900
GPA.4243-8685-4784-10190..9,2026-01-22,monthly_plus,9900
GPA.4545-9704-8407-10940,2026-01-22,monthly_plus,9900
GPA.4704-4436-9862-10176..10,2026-01-22,monthly_basic,4900
GPA.4888-5250-2953-10505..5,2026-01-22,monthly_basic,4900
GPA.5037-9380-7212-10222..9,2026-01-22,monthly_basic,4900
GPA.5177-2002-6456-10372..7,2026-01-22,monthly_plus,9900
GPA.5211-9319-6780-10264..8,2026-01-22,monthly_basic,4900
GPA.5266-3942-3345-10480..5,2026-01-22,monthly_plus,9900
GPA.5622-1123-2491-10659..3,2026-01-22,monthly_basic,4900
GPA.6088-6448-2409-10905..1,2026-01-22,monthly_plus,9900
GPA.6159-5523-3771-10586..4,2026-01-22,monthly_basic,4900
GPA.6641-6142-5041-10868..1,2026-01-22,monthly_basic,4900
GPA.6769-8388-2262-10797..2,2026-01-22,monthly_basic,4900
GPA.7126-9982-5359-10639..4,2026-01-22,monthly_basic,4900
GPA.7960-4319-4210-10502..5,2026-01-22,monthly_basic,4900
GPA.8227-6943-6392-10375..7,2026-01-22,monthly_basic,4900
GPA.8478-9056-7301-10677..3,2026-01-22,monthly_plus,9900
GPA.8600-4245-4327-10881..1,2026-01-22,monthly_basic,4900
GPA.8827-2134-8855-10448..6,2026-01-22,monthly_basic,4900
GPA.8906-3635-1672-10381..7,2026-01-22,monthly_basic,4900
GPA.9087-6359-7182-10588..4,2026-01-22,monthly_basic,4900
GPA.9202-3241-1254-10469..5,2026-01-22,monthly_basic,4900
GPA.9312-5909-8814-10752..2,2026-01-22,monthly_basic,4900
GPA.9349-6684-1996-10182..9,2026-01-22,monthly_plus,9900
GPA.9369-3157-7918-10910..1,2026-01-22,monthly_plus,9900
GPA.9672-7523-3671-10695..3,2026-01-22,monthly_plus,9900
GPA.9789-5075-7502-10568..4,2026-01-22,monthly_basic,4900
GPA.1136-1854-8484-10805..2,2026-01-23,monthly_basic,4900
GPA.1391-2646-7171-10011..12,2026-01-23,monthly_basic,4900
GPA.1546-4815-8337-10923..1,2026-01-23,monthly_basic,4900
GPA.1962-4672-1744-10679..3,2026-01-23,monthly_basic,4900
GPA.2591-9367-2155-10481..5,2026-01-23,monthly_plus,9900
GPA.2931-9146-2666-10521..5,2026-01-23,monthly_basic,4900
GPA.2957-5323-9303-10410..6,2026-01-23,monthly_plus,9900
GPA.3279-3655-7427-10137..10,2026-01-23,monthly_basic,4900
GPA.3354-8914-7378-10715..3,2026-01-23,monthly_plus,9900
GPA.3456-4679-2191-10155..10,2026-01-23,monthly_plus,9900
GPA.3573-1151-5018-10158..10,2026-01-23,monthly_plus,9900
GPA.3593-4503-3711-10114..11,2026-01-23,monthly_plus,9900
GPA.3696-1832-3816-10985,2026-01-23,monthly_basic,4900
GPA.3711-3729-3959-10791..2,2026-01-23,monthly_plus,9900
GPA.4040-7479-8912-10394..6,2026-01-23,monthly_basic,4900
GPA.4568-1870-8859-10803..2,2026-01-23,monthly_basic,4900
GPA.4879-8840-6106-10045..12,2026-01-23,monthly_basic,4900
GPA.5843-7208-3593-10664..3,2026-01-23,monthly_basic,4900
GPA.6128-4225-3443-10960,2026-01-23,monthly_basic,4900
GPA.6399-7553-1793-10827..1,2026-01-23,monthly_basic,4900
GPA.6439-9122-3997-10601..4,2026-01-23,monthly_basic,4900
GPA.6584-7127-2695-10583..4,2026-01-23,monthly_plus,9900
GPA.6764-1615-3485-10504..5,2026-01-23,monthly_basic,4900
GPA.6978-9812-9941-10422..6,2026-01-23,monthly_basic,4900
GPA.7073-1423-9157-10983,2026-01-23,monthly_plus,9900
GPA.7176-5738-2923-11019,2026-01-23,monthly_basic,4900
GPA.7250-8061-3622-10650..3,2026-01-23,monthly_basic,4900
GPA.7359-3645-9504-10268..8,2026-01-23,monthly_plus,9900
GPA.7604-8346-5975-10435..6,2026-01-23,monthly_basic,4900
GPA.8011-7528-3898-10930,2026-01-23,monthly_basic,4900
GPA.8116-8057-9931-10892..1,2026-01-23,monthly_basic,4900
GPA.8199-5270-6712-10806..2,2026-01-23,monthly_plus,9900
GPA.8274-3545-8734-10861..1,2026-01-23,monthly_basic,4900
GPA.8379-6452-9819-10014..12,2026-01-23,monthly_plus,9900
GPA.8725-7994-5287-10903..1,2026-01-23,monthly_basic,4900
GPA.8772-2082-7782-10853..1,2026-01-23,monthly_basic,4900
GPA.8907-9084-3543-10788..2,2026-01-23,monthly_plus,9900
GPA.9499-6791-1347-10529..5,2026-01-23,monthly_basic,4900
GPA.1240-5146-8223-10303..8,2026-01-24,monthly_basic,4900
GPA.1241-1262-7986-10321..7,2026-01-24,monthly_plus,9900
GPA.1263-1441-7869-10792..2,2026-01-24,monthly_basic,4900
GPA.1671-4445-3848-10240..9,2026-01-24,monthly_plus,9900
GPA.1691-7237-5023-10213..9,2026-01-24,monthly_basic,4900
GPA.1987-5470-3868-10384..7,2026-01-24,monthly_basic,4900
GPA.2253-5997-8447-10401..6,2026-01-24,monthly_basic,4900
GPA.2509-9059-3401-10285..8,2026-01-24,monthly_basic,4900
GPA.2558-5666-7919-10445..6,2026-01-24,monthly_basic,4900
GPA.3219-7197-4295-10330..7,2026-01-24,monthly_basic,4900
GPA.5167-2700-1244-10123..10,2026-01-24,monthly_basic,4900
GPA.5201-8470-8549-10886..1,2026-01-24,monthly_basic,4900
GPA.5278-6425-9840-10779..2,2026-01-24,monthly_basic,4900
GPA.5361-5078-1036-10837..1,2026-01-24,monthly_basic,4900
GPA.5428-1328-2147-10277..8,2026-01-24,monthly_plus,9900
GPA.6453-3232-9678-10497..5,2026-01-24,monthly_basic,4900
GPA.6513-8918-1565-10855..1,2026-01-24,monthly_basic,4900
GPA.6731-3324-6864-10821..2,2026-01-24,monthly_basic,4900
GPA.7487-2650-5401-10711..3,2026-01-24,monthly_plus,9900
GPA.7516-7334-4277-10152..10,2026-01-24,monthly_basic,4900
GPA.7710-7882-6172-10134..10,2026-01-24,monthly_plus,9900
GPA.8116-4733-2271-10098..11,2026-01-24,monthly_plus,9900
GPA.8128-3731-4413-10525..5,2026-01-24,monthly_basic,4900
GPA.8513-5760-2734-10872..1,2026-01-24,monthly_plus,9900
GPA.8820-1712-6723-10457..6,2026-01-24,monthly_basic,4900
GPA.9611-7998-1910-10079..11,2026-01-24,monthly_basic,4900
GPA.1032-4760-9383-10683..3,2026-01-25,monthly_basic,4900
GPA.1263-1430-8729-11010,2026-01-25,monthly_basic,4900
GPA.1565-9813-9520-10602..4,2026-01-25,monthly_basic,4900
GPA.1794-2347-7687-10652..3,2026-01-25,monthly_basic,4900
GPA.2206-8661-6168-10031..12,2026-01-25,monthly_basic,4900
GPA.2602-2858-8275-10927,2026-01-25,monthly_basic,4900
GPA.3667-7075-2069-10785..2,2026-01-25,monthly_basic,4900
GPA.3828-6147-6139-10051..12,2026-01-25,monthly_basic,4900
GPA.4800-6594-3268-10981,2026-01-25,monthly_basic,4900
GPA.4805-8507-7859-10783..2,2026-01-25,monthly_basic,4900
GPA.5004-4451-5641-10046..12,2026-01-25,monthly_basic,4900
GPA.5235-2935-2314-10944,2026-01-25,monthly_plus,9900
GPA.5248-5162-4091-10954,2026-01-25,monthly_basic,4900
GPA.5518-3483-7916-10999,2026-01-25,monthly_basic,4900
GPA.5730-5709-5993-10512..5,2026-01-25,monthly_plus,9900
GPA.5862-2807-9598-10924..1,2026-01-25,monthly_basic,4900
GPA.6254-7423-5743-10214..9,2026-01-25,monthly_basic,4900
GPA.6261-4058-7022-10996,2026-01-25,monthly_basic,4900
GPA.6361-1795-1993-10763..2,2026-01-25,monthly_plus,9900
GPA.6609-7398-1598-10844..1,2026-01-25,monthly_basic,4900
GPA.6952-3044-5967-10807..2,2026-01-25,monthly_basic,4900
GPA.7161-8290-1826-10699..3,2026-01-25,monthly_basic,4900
GPA.7463-5977-8719-10830..1,2026-01-25,monthly_basic,4900
GPA.7708-1212-4663-10691..3,2026-01-25,monthly_basic,4900
GPA.7827-6913-9510-10989,2026-01-25,monthly_basic,4900
GPA.7846-8110-2590-10737..2,2026-01-25,monthly_basic,4900
GPA.8570-6353-3560-10722..3,2026-01-25,monthly_basic,4900
GPA.8823-1748-6765-10443..6,2026-01-25,monthly_basic,4900
GPA.8916-7892-5118-10937,2026-01-25,monthly_basic,4900
GPA.8971-8920-5440-10946,2026-01-25,monthly_plus,9900
GPA.9031-9795-1511-10538..5,2026-01-25,monthly_plus,9900
GPA.9940-9163-5478-10878..1,2026-01-25,monthly_basic,4900
GPA.1101-6130-2248-10517..5,2026-01-26,monthly_basic,4900
GPA.1376-3409-5417-10756..2,2026-01-26,monthly_plus,9900
GPA.1515-6713-5645-10709..3,2026-01-26,monthly_basic,4900
GPA.2161-5057-7071-10549..5,2026-01-26,monthly_basic,4900
GPA.2297-5578-2646-10705..3,2026-01-26,monthly_basic,4900
GPA.2403-7728-1648-10503..5,2026-01-26,monthly_basic,4900
GPA.2765-8094-5094-10584..4,2026-01-26,monthly_plus,9900
GPA.3565-6755-8006-10819..2,2026-01-26,monthly_basic,4900
GPA.4062-7484-5119-10531..5,2026-01-26,monthly_basic,4900
GPA.4259-9763-1906-10733..2,2026-01-26,monthly_plus,9900
GPA.4467-3337-2049-10851..1,2026-01-26,monthly_basic,4900
GPA.4742-7235-3959-10349..7,2026-01-26,monthly_plus,9900
GPA.5963-7516-8034-10483..5,2026-01-26,monthly_basic,4900
GPA.6461-7992-3896-10862..1,2026-01-26,monthly_basic,4900
GPA.6672-1019-1918-10615..4,2026-01-26,monthly_basic,4900
GPA.6777-6062-5440-10569..4,2026-01-26,monthly_plus,9900
GPA.6847-9840-2857-10280..8,2026-01-26,monthly_basic,4900
GPA.7497-9494-6654-10842..1,2026-01-26,monthly_basic,4900
GPA.7502-1156-2216-11014,2026-01-26,monthly_basic,4900
GPA.7832-3012-3957-10782..2,2026-01-26,monthly_plus,9900
GPA.7970-5400-6411-10706..3,2026-01-26,monthly_basic,4900
GPA.8072-1013-5533-10476..5,2026-01-26,monthly_basic,4900
GPA.8461-8489-2861-10574..4,2026-01-26,monthly_basic,4900
GPA.9113-5638-8660-10726..3,2026-01-26,monthly_basic,4900
GPA.9600-3802-5268-10818..2,2026-01-26,monthly_plus,9900
GPA.9861-7852-6857-10020..12,2026-01-26,monthly_basic,4900
GPA.9987-5934-1849-10398..6,2026-01-26,monthly_basic,4900
GPA.2003-9709-9444-10993,2026-01-27,monthly_basic,4900
GPA.2580-3623-2979-10922..1,2026-01-27,monthly_basic,4900
GPA.2589-9505-2773-11033,2026-01-27,monthly_basic,4900
GPA.2663-3637-3795-10133..10,2026-01-27,monthly_basic,4900
GPA.3351-1752-6359-10611..4,2026-01-27,monthly_basic,4900
GPA.3399-9245-7402-10900..1,2026-01-27,monthly_plus,9900
GPA.3692-3788-7850-10390..6,2026-01-27,monthly_plus,9900
GPA.4150-8950-8778-10671..3,2026-01-27,monthly_basic,4900
GPA.4166-3556-8647-10951,2026-01-27,monthly_basic,4900
GPA.4825-6128-5356-10777..2,2026-01-27,monthly_basic,4900
GPA.4958-2325-9382-10242..9,2026-01-27,monthly_plus,9900
GPA.5099-2488-3426-10917..1,2026-01-27,monthly_basic,4900
GPA.5250-2299-4282-10703..3,2026-01-27,monthly_basic,4900
GPA.5332-8959-4844-10179..10,2026-01-27,monthly_basic,4900
GPA.5529-3134-4742-11023,2026-01-27,monthly_plus,9900
GPA.6289-4919-8633-10571..4,2026-01-27,monthly_basic,4900
GPA.6489-6792-7002-10661..3,2026-01-27,monthly_basic,4900
GPA.6512-2646-1761-10399..6,2026-01-27,monthly_basic,4900
GPA.6715-2446-8622-10845..1,2026-01-27,monthly_basic,4900
GPA.7085-3439-9275-10744..2,2026-01-27,monthly_basic,4900
GPA.8242-2216-1902-10770..2,2026-01-27,monthly_basic,4900
GPA.8273-1337-6634-10365..7,2026-01-27,monthly_basic,4900
GPA.8572-5158-2458-10643..4,2026-01-27,monthly_basic,4900
GPA.9090-7848-8011-10634..4,2026-01-27,monthly_plus,9900
GPA.9946-3281-5562-10425..6,2026-01-27,monthly_basic,4900
GPA.1163-6008-9733-10441..6,2026-01-28,monthly_basic,4900
GPA.1232-9866-4462-10685..3,2026-01-28,monthly_basic,4900
GPA.1298-2474-5083-10984,2026-01-28,monthly_plus,9900
GPA.1628-3020-9969-10191..9,2026-01-28,monthly_plus,9900
GPA.2037-4510-5054-10036..12,2026-01-28,monthly_plus,9900
GPA.2089-3316-8129-10232..9,2026-01-28,monthly_basic,4900
GPA.2290-5894-7126-10554..5,2026-01-28,monthly_basic,4900
GPA.2344-5767-5302-10409..6,2026-01-28,monthly_basic,4900
GPA.2747-7626-6849-10828..1,2026-01-28,monthly_basic,4900
GPA.3751-1454-1602-10582..4,2026-01-28,monthly_basic,4900
GPA.3935-2608-8010-10537..5,2026-01-28,monthly_plus,9900
GPA.4585-6413-7004-10721..3,2026-01-28,monthly_basic,4900
GPA.4801-9440-1021-10286..8,2026-01-28,monthly_basic,4900
GPA.5363-5788-5050-10749..2,2026-01-28,monthly_basic,4900
GPA.5387-6517-1539-10832..1,2026-01-28,monthly_basic,4900
GPA.5746-9384-8952-10080..11,2026-01-28,monthly_basic,4900
GPA.5865-3006-4096-10665..3,2026-01-28,monthly_basic,4900
GPA.6022-9546-3059-10324..7,2026-01-28,monthly_basic,4900
GPA.6152-2336-7225-10656..3,2026-01-28,monthly_basic,4900
GPA.6988-9998-9431-10760..2,2026-01-28,monthly_basic,4900
GPA.7264-1503-4754-10919..1,2026-01-28,monthly_plus,9900
GPA.7828-1850-1000-10778..2,2026-01-28,monthly_basic,4900
GPA.7888-1753-2508-10561..4,2026-01-28,monthly_plus,9900
GPA.8488-8275-8271-10235..9,2026-01-28,monthly_basic,4900
GPA.8558-5636-7515-10962,2026-01-28,monthly_basic,4900
GPA.8608-6276-9282-10163..10,2026-01-28,monthly_basic,4900
GPA.8706-2898-8163-10228..2,2026-01-28,monthly_plus,9900
GPA.8994-2524-4965-10383..7,2026-01-28,monthly_basic,4900
GPA.1505-9157-7699-10361..8,2026-02-01,monthly_plus,9900
GPA.1607-5558-2454-10753..3,2026-02-01,monthly_basic,4900
GPA.1686-2768-8843-10494..6,2026-02-01,monthly_basic,4900
GPA.1949-3311-6874-10420..7,2026-02-01,monthly_plus,9900
GPA.1989-2517-2266-10852..2,2026-02-01,monthly_basic,4900
GPA.2460-1911-6481-11080,2026-02-01,monthly_basic,4900
GPA.2720-2248-4251-11131,2026-02-01,monthly_basic,4900
GPA.2851-8162-2110-10434..7,2026-02-01,monthly_basic,4900
GPA.2932-9091-1166-10964..1,2026-02-01,monthly_basic,4900
GPA.3272-8308-6014-10914..2,2026-02-01,monthly_basic,4900
GPA.3335-7784-7899-11009..1,2026-02-01,monthly_basic,4900
GPA.4449-7781-8015-10566..5,2026-02-01,monthly_plus,9900
GPA.4594-9599-7040-11138,2026-02-01,monthly_plus,9900
GPA.5233-6058-3095-10729..4,2026-02-01,monthly_plus,9900
GPA.5418-1011-6706-10356..8,2026-02-01,monthly_plus,9900
GPA.5457-5050-6441-11127,2026-02-01,monthly_basic,4900
GPA.5659-9035-9088-10088..12,2026-02-01,monthly_basic,4900
GPA.5664-9566-5582-10062..12,2026-02-01,monthly_basic,4900
GPA.6440-2840-8458-10875..2,2026-02-01,monthly_basic,4900
GPA.6781-1446-5336-10637..5,2026-02-01,monthly_basic,4900
GPA.6863-6996-5847-11101,2026-02-01,monthly_basic,4900
GPA.7326-6487-1345-10912..2,2026-02-01,monthly_basic,4900
GPA.8004-2862-9961-10839..2,2026-02-01,monthly_plus,9900
GPA.8080-4853-2229-10161..11,2026-02-01,monthly_basic,4900
GPA.8372-1232-1624-10212..10,2026-02-01,monthly_basic,4900
GPA.8740-7153-4007-10421..7,2026-02-01,monthly_plus,9900
GPA.8858-1423-9496-10627..5,2026-02-01,monthly_plus,9900
GPA.8924-7791-5174-10823..3,2026-02-01,monthly_basic,4900
GPA.8962-2214-3257-10273..9,2026-02-01,monthly_basic,4900
GPA.8973-1838-5767-10793..3,2026-02-01,monthly_plus,9900
GPA.9007-3253-3770-11004..1,2026-02-01,monthly_basic,4900
GPA.9388-7047-9622-11106,2026-02-01,monthly_plus,9900
GPA.9417-7335-1637-10491..6,2026-02-01,monthly_basic,4900
GPA.9487-8905-5946-11045,2026-02-01,monthly_basic,4900
GPA.9511-5695-6078-10370..8,2026-02-01,monthly_basic,4900
GPA.9534-1869-8141-10456..7,2026-02-01,monthly_basic,4900
GPA.9600-2997-9416-10767..3,2026-02-01,monthly_basic,4900
GPA.9699-6499-6803-10115..12,2026-02-01,monthly_basic,4900
GPA.9870-7374-6015-10534..6,2026-02-01,monthly_plus,9900
GPA.9942-7800-2508-10484..6,2026-02-01,monthly_basic,4900
GPA.1115-4219-5570-10645..4,2026-02-02,monthly_basic,4900
GPA.1137-9695-3121-10982..1,2026-02-02,monthly_plus,9900
GPA.1358-1888-9514-10939..1,2026-02-02,monthly_basic,4900
GPA.1393-3407-2932-10704..4,2026-02-02,monthly_basic,4900
GPA.1804-3963-4725-10462..7,2026-02-02,monthly_basic,4900
GPA.1984-6615-3685-11037,2026-02-02,monthly_basic,4900
GPA.2155-5221-4862-10366..8,2026-02-02,monthly_basic,4900
GPA.2888-7212-7812-10768..3,2026-02-02,monthly_basic,4900
GPA.2936-2584-4319-10432..7,2026-02-02,monthly_plus,9900
GPA.3598-1310-7562-10205..10,2026-02-02,monthly_plus,9900
GPA.3663-6622-6279-10658..4,2026-02-02,monthly_basic,4900
GPA.3689-1868-2277-10495..6,2026-02-02,monthly_plus,9900
GPA.3966-6545-4579-10906..2,2026-02-02,monthly_basic,4900
GPA.4335-8437-4561-11074,2026-02-02,monthly_basic,4900
GPA.4592-1953-7554-10053..13,2026-02-02,monthly_basic,4900
GPA.4646-1198-3035-10515..6,2026-02-02,monthly_basic,4900
GPA.4699-5310-5625-10612..5,2026-02-02,monthly_basic,4900
GPA.4793-6339-3238-10796..3,2026-02-02,monthly_plus,9900
GPA.5908-7334-8793-10276..9,2026-02-02,monthly_basic,4900
GPA.6200-3647-3572-10901..2,2026-02-02,monthly_basic,4900
GPA.6473-7393-1891-10759..3,2026-02-02,monthly_basic,4900
GPA.6663-1926-2812-11086,2026-02-02,monthly_plus,9900
GPA.6779-2345-9926-10667..4,2026-02-02,monthly_basic,4900
GPA.6985-6730-5946-10820..3,2026-02-02,monthly_basic,4900
GPA.7266-2806-6095-10482..6,2026-02-02,monthly_plus,9900
GPA.7809-4993-5782-10393..7,2026-02-02,monthly_basic,4900
GPA.7898-9678-1727-10918..2,2026-02-02,monthly_basic,4900
GPA.7986-5717-9713-11021..1,2026-02-02,monthly_plus,9900
GPA.9049-1873-8922-10589..5,2026-02-02,monthly_basic,4900
GPA.9394-7367-2984-11103,2026-02-02,monthly_basic,4900
GPA.9595-2281-6892-10730..4,2026-02-02,monthly_basic,4900
GPA.9706-3081-9343-10516..6,2026-02-02,monthly_basic,4900
GPA.1830-1424-9279-10935..1,2026-02-03,monthly_basic,4900
GPA.1910-6141-4065-10738..3,2026-02-03,monthly_basic,4900
GPA.2002-5056-1725-10858..2,2026-02-03,monthly_plus,9900
GPA.2170-9765-3092-11022..1,2026-02-03,monthly_basic,4900
GPA.2838-4546-5997-10377..8,2026-02-03,monthly_basic,4900
GPA.3124-2707-2650-10453..7,2026-02-03,monthly_basic,4900
GPA.3170-3987-3336-11133,2026-02-03,monthly_basic,4900
GPA.3239-7888-4606-10243..10,2026-02-03,monthly_basic,4900
GPA.3379-3749-6212-10510..6,2026-02-03,monthly_basic,4900
GPA.3552-1536-5012-10477..6,2026-02-03,monthly_basic,4900
GPA.3825-7912-8214-10994..1,2026-02-03,monthly_basic,4900
GPA.3863-4654-7653-10682..4,2026-02-03,monthly_plus,9900
GPA.4103-6975-9752-10963..1,2026-02-03,monthly_basic,4900
GPA.4197-7516-2279-10734..3,2026-02-03,monthly_plus,9900
GPA.4602-1127-5368-10772..3,2026-02-03,monthly_basic,4900
GPA.4719-8044-3336-10217..10,2026-02-03,monthly_plus,9900
GPA.4846-3216-4647-10888..2,2026-02-03,monthly_plus,9900
GPA.5124-3466-9264-11134,2026-02-03,monthly_plus,9900
GPA.5376-7591-3453-10048..13,2026-02-03,monthly_plus,9900
GPA.5496-7339-6564-10124..11,2026-02-03,monthly_basic,4900
GPA.6053-7481-2728-10714..4,2026-02-03,monthly_basic,4900
GPA.6295-6898-5011-10071..12,2026-02-03,monthly_basic,4900
GPA.6312-9571-3791-10553..6,2026-02-03,monthly_basic,4900
GPA.6380-1880-3713-11107,2026-02-03,monthly_plus,9900
GPA.6576-1160-2121-10143..11,2026-02-03,monthly_basic,4900
GPA.7301-6170-6711-10003..13,2026-02-03,monthly_basic,4900
GPA.7964-6890-4949-10001..13,2026-02-03,monthly_basic,4900
GPA.8379-3655-2949-10467..7,2026-02-03,monthly_plus,9900
GPA.8488-4132-3664-10622..5,2026-02-03,monthly_basic,4900
GPA.9187-7741-4050-10225..10,2026-02-03,monthly_basic,4900
GPA.9386-4103-4022-10130..11,2026-02-03,monthly_basic,4900
GPA.9793-9429-4929-10047..13,2026-02-03,monthly_basic,4900
GPA.1127-2374-1950-10253..9,2026-02-04,monthly_basic,4900
GPA.1628-6965-4410-10070..12,2026-02-04,monthly_basic,4900
GPA.1719-9988-7231-10427..7,2026-02-04,monthly_basic,4900
GPA.2111-7484-1199-11056,2026-02-04,monthly_plus,9900
GPA.2173-8110-7941-10986..1,2026-02-04,monthly_basic,4900
GPA.2217-5570-4836-10367..8,2026-02-04,monthly_basic,4900
GPA.2378-6539-1582-11121,2026-02-04,monthly_plus,9900
GPA.2593-3076-5240-11093,2026-02-04,monthly_plus,9900
GPA.2814-4199-4062-10162..11,2026-02-04,monthly_basic,4900
GPA.3650-5290-9068-10640..5,2026-02-04,monthly_plus,9900
GPA.3706-1771-4624-11094,2026-02-04,monthly_basic,4900
GPA.3983-7988-7336-10758..3,2026-02-04,monthly_basic,4900
GPA.4033-9817-8440-10836..2,2026-02-04,monthly_basic,4900
GPA.4213-2809-7488-10894..2,2026-02-04,monthly_plus,9900
GPA.4235-1047-7301-11016..1,2026-02-04,monthly_basic,4900
GPA.4423-5539-6319-10440..7,2026-02-04,monthly_plus,9900
GPA.5410-1684-5195-10748..3,2026-02-04,monthly_basic,4900
GPA.5453-1130-9480-10871..2,2026-02-04,monthly_basic,4900
GPA.5631-7386-6312-10022..13,2026-02-04,monthly_basic,4900
GPA.6602-2686-1037-10873..2,2026-02-04,monthly_basic,4900
GPA.7153-8405-2400-10880..2,2026-02-04,monthly_basic,4900
GPA.7460-8698-6580-10485..6,2026-02-04,monthly_basic,4900
GPA.8089-7512-6285-10757..3,2026-02-04,monthly_basic,4900
GPA.8164-6354-2546-10289..9,2026-02-04,monthly_basic,4900
GPA.8166-2355-8141-10750..3,2026-02-04,monthly_basic,4900
GPA.8462-8885-6037-11072,2026-02-04,monthly_basic,4900
GPA.9089-6871-1993-10376..8,2026-02-04,monthly_basic,4900
GPA.9291-3505-2392-10449..7,2026-02-04,monthly_basic,4900
GPA.9533-8301-7254-10676..4,2026-02-04,monthly_basic,4900
GPA.9886-7573-8474-10854..2,2026-02-04,monthly_basic,4900
GPA.1589-6813-9884-10675..4,2026-02-05,monthly_basic,4900
GPA.1596-7220-2703-10207..9,2026-02-05,monthly_plus,9900
GPA.1927-8644-5255-10565..5,2026-02-05,monthly_basic,4900
GPA.1977-3688-4915-10007..13,2026-02-05,monthly_plus,9900
GPA.2008-2754-1386-10106..12,2026-02-05,monthly_plus,9900
GPA.2059-7208-4578-10751..3,2026-02-05,monthly_plus,9900
GPA.2162-4123-9534-10501..6,2026-02-05,monthly_basic,4900
GPA.2467-6537-1314-11027..1,2026-02-05,monthly_plus,9900
GPA.2715-7459-1957-10153..11,2026-02-05,monthly_basic,4900
GPA.2760-4963-7231-10739..3,2026-02-05,monthly_basic,4900
GPA.2897-9723-6995-10148..11,2026-02-05,monthly_plus,9900
GPA.3573-2961-6791-10546..6,2026-02-05,monthly_plus,9900
GPA.4103-7971-3709-11053,2026-02-05,monthly_basic,4900
GPA.4698-2820-5051-10450..7,2026-02-05,monthly_plus,9900
GPA.4940-7131-7219-10360..2,2026-02-05,monthly_plus,9900
GPA.5094-7772-3554-11068,2026-02-05,monthly_plus,9900
GPA.5414-1284-1916-10084..12,2026-02-05,monthly_basic,4900
GPA.5443-3391-1171-10508..6,2026-02-05,monthly_basic,4900
GPA.5720-9542-7054-10592..5,2026-02-05,monthly_basic,4900
GPA.5778-2622-2008-10967..1,2026-02-05,monthly_basic,4900
GPA.5907-1949-5676-11070,2026-02-05,monthly_basic,4900
GPA.5927-4638-8520-10990..1,2026-02-05,monthly_plus,9900
GPA.6062-6934-1235-10486..6,2026-02-05,monthly_basic,4900
GPA.7134-4632-3479-11005..1,2026-02-05,monthly_basic,4900
GPA.7315-3733-4450-10354..8,2026-02-05,monthly_basic,4900
GPA.7361-5911-4900-10629..5,2026-02-05,monthly_basic,4900
GPA.7444-1136-1435-10649..4,2026-02-05,monthly_plus,9900
GPA.7516-2938-3542-10625..5,2026-02-05,monthly_basic,4900
GPA.8688-7348-6914-10817..3,2026-02-05,monthly_basic,4900
GPA.9369-7010-8855-10050..13,2026-02-05,monthly_basic,4900
GPA.9690-1995-5657-10653..4,2026-02-05,monthly_basic,4900
GPA.1517-5030-1454-10340..8,2026-02-06,monthly_basic,4900
GPA.1696-4481-4569-10474..6,2026-02-06,monthly_basic,4900
GPA.1910-6379-7099-10423..7,2026-02-06,monthly_basic,4900
GPA.2195-7791-2423-11146,2026-02-06,monthly_basic,4900
GPA.2261-2787-1680-10412..7,2026-02-06,monthly_basic,4900
GPA.2768-5654-2658-11030..1,2026-02-06,monthly_basic,4900
GPA.2788-7250-8587-10518..6,2026-02-06,monthly_basic,4900
GPA.2849-2227-5773-10698..4,2026-02-06,monthly_basic,4900
GPA.3031-5535-3772-11129,2026-02-06,monthly_basic,4900
GPA.3866-4479-4152-11105,2026-02-06,monthly_basic,4900
GPA.3867-7739-9221-10490..6,2026-02-06,monthly_plus,9900
GPA.4329-6031-8073-10386..8,2026-02-06,monthly_basic,4900
GPA.4998-1492-4054-10609..5,2026-02-06,monthly_basic,4900
GPA.5869-2928-6326-11115,2026-02-06,monthly_basic,4900
GPA.5963-9669-4256-11035,2026-02-06,monthly_plus,9900
GPA.6380-3634-9895-11047,2026-02-06,monthly_basic,4900
GPA.6384-2815-3570-10533..6,2026-02-06,monthly_plus,9900
GPA.6795-1347-6313-10898..2,2026-02-06,monthly_plus,9900
GPA.6908-9644-5787-11095,2026-02-06,monthly_basic,4900
GPA.6940-6888-6898-10591..5,2026-02-06,monthly_basic,4900
GPA.7017-2180-5003-10189..10,2026-02-06,monthly_basic,4900
GPA.7550-5097-4724-10304..9,2026-02-06,monthly_basic,4900
GPA.7789-8411-8454-10802..3,2026-02-06,monthly_basic,4900
GPA.7996-6154-2744-10958..1,2026-02-06,monthly_plus,9900
GPA.8256-2459-9424-10907..2,2026-02-06,monthly_basic,4900
GPA.8409-5491-3017-10252..9,2026-02-06,monthly_plus,9900
GPA.8710-4590-8186-10291..9,2026-02-06,monthly_basic,4900
GPA.8769-7722-3731-10831..2,2026-02-06,monthly_plus,9900
GPA.8945-5146-8715-11090,2026-02-06,monthly_basic,4900
GPA.9435-5858-8443-10747..3,2026-02-06,monthly_plus,9900
GPA.9489-1040-9325-10459..7,2026-02-06,monthly_basic,4900
GPA.9736-4938-3337-10740..3,2026-02-06,monthly_basic,4900
GPA.9998-4753-4604-10909..2,2026-02-06,monthly_plus,9900
GPA.1232-8491-3410-11126,2026-02-07,monthly_plus,9900
GPA.1301-4823-6860-10913..2,2026-02-07,monthly_basic,4900
GPA.1325-5418-9552-10690..4,2026-02-07,monthly_plus,9900
GPA.1493-9265-5990-10702..4,2026-02-07,monthly_basic,4900
GPA.2130-8500-5760-10278..9,2026-02-07,monthly_basic,4900
GPA.2915-7794-7009-10283..9,2026-02-07,monthly_basic,4900
GPA.3125-3972-7410-10995..1,2026-02-07,monthly_basic,4900
GPA.3131-4503-3450-10120..11,2026-02-07,monthly_basic,4900
GPA.3469-3207-9211-10580..5,2026-02-07,monthly_basic,4900
GPA.3605-7836-2377-10058..12,2026-02-07,monthly_basic,4900
GPA.3611-8633-3466-10587..5,2026-02-07,monthly_basic,4900
GPA.4334-6289-8972-10092..12,2026-02-07,monthly_plus,9900
GPA.4340-3158-4703-10436..7,2026-02-07,monthly_plus,9900
GPA.4703-3384-6675-10473..6,2026-02-07,monthly_plus,9900
GPA.4779-6717-2142-10388..8,2026-02-07,monthly_basic,4900
GPA.5164-5375-4975-10735..3,2026-02-07,monthly_plus,9900
GPA.5227-7105-5272-10311..9,2026-02-07,monthly_plus,9900
GPA.5549-9412-5250-10929..1,2026-02-07,monthly_basic,4900
GPA.5912-6548-1194-10822..3,2026-02-07,monthly_basic,4900
GPA.5979-8900-8828-10555..6,2026-02-07,monthly_basic,4900
GPA.6294-5834-1764-10916..2,2026-02-07,monthly_basic,4900
GPA.6432-1597-5554-10447..7,2026-02-07,monthly_plus,9900
GPA.6938-2628-1318-10626..5,2026-02-07,monthly_basic,4900
GPA.7194-3296-8129-10374..8,2026-02-07,monthly_basic,4900
GPA.7381-4915-5592-11057,2026-02-07,monthly_basic,4900
GPA.7601-8295-4540-10799..3,2026-02-07,monthly_basic,4900
GPA.7937-3624-1388-10812..3,2026-02-07,monthly_basic,4900
GPA.8388-1399-8354-10978..1,2026-02-07,monthly_basic,4900
GPA.8491-7685-7937-10057..12,2026-02-07,monthly_plus,9900
GPA.8679-9637-4014-11128,2026-02-07,monthly_basic,4900
GPA.8992-8910-4831-11141,2026-02-07,monthly_plus,9900
GPA.9060-5016-3664-11025..1,2026-02-07,monthly_basic,4900
GPA.9303-6781-7842-10325..8,2026-02-07,monthly_basic,4900
GPA.9386-5372-9211-10980..1,2026-02-07,monthly_basic,4900
GPA.9412-4348-2111-10945..1,2026-02-07,monthly_basic,4900
GPA.9552-3003-1750-10317..8,2026-02-07,monthly_basic,4900
GPA.9638-3726-1861-10246..10,2026-02-07,monthly_plus,9900
GPA.1129-9157-5507-10201..10,2026-02-08,monthly_basic,4900
GPA.1374-4217-4481-10168..11,2026-02-08,monthly_basic,4900
GPA.1470-5303-6026-10470..6,2026-02-08,monthly_basic,4900
GPA.2009-3999-7589-10559..5,2026-02-08,monthly_plus,9900
GPA.2113-6971-1982-10009..13,2026-02-08,monthly_basic,4900
GPA.2435-3589-4043-10987..1,2026-02-08,monthly_plus,9900
GPA.2491-2004-2636-10224..8,2026-02-08,monthly_plus,9900
GPA.3099-9831-1215-11082,2026-02-08,monthly_plus,9900
GPA.3760-8455-5037-10369..8,2026-02-08,monthly_basic,4900
GPA.3883-5221-5111-11008..1,2026-02-08,monthly_basic,4900
GPA.4022-6634-6258-10536..6,2026-02-08,monthly_basic,4900
GPA.4087-7989-4655-10468..6,2026-02-08,monthly_basic,4900
GPA.4237-7834-6317-10339..8,2026-02-08,monthly_basic,4900
GPA.4444-1061-6168-11024..1,2026-02-08,monthly_basic,4900
GPA.5349-2496-9933-10605..5,2026-02-08,monthly_basic,4900
GPA.5604-4345-6387-10784..3,2026-02-08,monthly_basic,4900
GPA.5775-4878-3737-11002..1,2026-02-08,monthly_basic,4900
GPA.5784-8341-1973-10334..8,2026-02-08,monthly_basic,4900
GPA.6630-6452-4855-11119,2026-02-08,monthly_basic,4900
GPA.6920-3334-1881-11058,2026-02-08,monthly_basic,4900
GPA.7274-6452-5253-10461..7,2026-02-08,monthly_basic,4900
GPA.7402-1159-3496-10636..5,2026-02-08,monthly_basic,4900
GPA.8741-8366-2424-10522..6,2026-02-08,monthly_basic,4900
GPA.9225-4047-2963-10166..11,2026-02-08,monthly_basic,4900
GPA.1399-5427-5303-10316..9,2026-02-09,monthly_basic,4900
GPA.1648-6710-6889-10638..5,2026-02-09,monthly_basic,4900
GPA.1902-3078-1331-10192..10,2026-02-09,monthly_basic,4900
GPA.2842-3305-8410-10948..1,2026-02-09,monthly_basic,4900
GPA.3106-3271-2218-10030..13,2026-02-09,monthly_basic,4900
GPA.3650-9921-6995-11063,2026-02-09,monthly_plus,9900
GPA.3950-8437-6589-10579..5,2026-02-09,monthly_plus,9900
GPA.4004-6078-3653-10492..6,2026-02-09,monthly_plus,9900
GPA.4072-4875-5780-10911..2,2026-02-09,monthly_basic,4900
GPA.4078-1951-3561-11143,2026-02-09,monthly_plus,9900
GPA.5577-4741-5141-10300..9,2026-02-09,monthly_basic,4900
GPA.6283-6871-6549-10016..13,2026-02-09,monthly_plus,9900
GPA.6710-6493-8125-10338..8,2026-02-09,monthly_basic,4900
GPA.6857-7017-8189-11113,2026-02-09,monthly_basic,4900
GPA.6981-3976-8801-10499..6,2026-02-09,monthly_basic,4900
GPA.7177-5117-7158-10801..3,2026-02-09,monthly_basic,4900
GPA.7502-6109-7221-10961..1,2026-02-09,monthly_plus,9900
GPA.8344-3959-6045-10315..9,2026-02-09,monthly_basic,4900
GPA.8613-9352-2585-10578..5,2026-02-09,monthly_plus,9900
GPA.8655-9837-5784-10187..10,2026-02-09,monthly_plus,9900
GPA.8736-2248-3200-10099..12,2026-02-09,monthly_basic,4900
GPA.8904-7450-6165-10507..6,2026-02-09,monthly_plus,9900
GPA.9072-4630-3814-10496..6,2026-02-09,monthly_basic,4900
GPA.9821-2740-4744-10132..11,2026-02-09,monthly_basic,4900
GPA.1082-5410-5557-10814..3,2026-02-10,monthly_basic,4900
GPA.1787-5212-7584-10184..11,2026-02-10,monthly_plus,9900
GPA.1964-3934-4002-10411..7,2026-02-10,monthly_basic,4900
GPA.2198-4300-4285-10877..2,2026-02-10,monthly_basic,4900
GPA.2643-2995-8125-10296..9,2026-02-10,monthly_plus,9900
GPA.3752-6885-2120-10908..2,2026-02-10,monthly_basic,4900
GPA.3813-7054-5195-10570..5,2026-02-10,monthly_plus,9900
GPA.4050-6449-9090-10773..3,2026-02-10,monthly_basic,4900
GPA.4056-8686-1114-10336..8,2026-02-10,monthly_basic,4900
GPA.4063-3943-6701-10550..6,2026-02-10,monthly_basic,4900
GPA.4763-4466-9820-10068..12,2026-02-10,monthly_basic,4900
GPA.5340-6048-5451-10657..4,2026-02-10,monthly_plus,9900
GPA.5780-7948-2145-10786..3,2026-02-10,monthly_basic,4900
GPA.5812-3160-2991-11038,2026-02-10,monthly_basic,4900
GPA.6116-9417-9583-10870..2,2026-02-10,monthly_basic,4900
GPA.6389-4307-1190-10648..4,2026-02-10,monthly_plus,9900
GPA.6575-6185-5855-10864..2,2026-02-10,monthly_plus,9900
GPA.6727-8019-5508-10600..5,2026-02-10,monthly_basic,4900
GPA.6965-2234-6131-11012..1,2026-02-10,monthly_basic,4900
GPA.7103-5410-6519-10509..6,2026-02-10,monthly_plus,9900
GPA.7342-8191-9417-10263..9,2026-02-10,monthly_basic,4900
GPA.7538-1051-9662-10306..9,2026-02-10,monthly_basic,4900
GPA.8089-8848-9852-10318..8,2026-02-10,monthly_basic,4900
GPA.8282-2404-9256-10662..4,2026-02-10,monthly_basic,4900
GPA.8460-8922-6251-10478..6,2026-02-10,monthly_plus,9900
GPA.8576-5328-5130-10896..2,2026-02-10,monthly_basic,4900
GPA.8640-9924-6647-10754..3,2026-02-10,monthly_basic,4900
GPA.8736-4633-1038-10700..4,2026-02-10,monthly_plus,9900
GPA.8776-1144-5263-10154..11,2026-02-10,monthly_plus,9900
GPA.8944-1906-9986-10613..5,2026-02-10,monthly_basic,4900
GPA.9135-2387-8831-10804..3,2026-02-10,monthly_basic,4900
GPA.1050-4399-9181-10560..5,2026-02-11,monthly_basic,4900
GPA.1194-3671-7136-10775..3,2026-02-11,monthly_plus,9900
GPA.1246-4681-9057-10925..1,2026-02-11,monthly_basic,4900
GPA.1484-5646-5753-10230..10,2026-02-11,monthly_basic,4900
GPA.1936-7944-3660-10391..7,2026-02-11,monthly_plus,9900
GPA.2243-1525-8076-10787..3,2026-02-11,monthly_basic,4900
GPA.2628-4753-7018-10428..7,2026-02-11,monthly_plus,9900
GPA.3133-3573-4280-10284..9,2026-02-11,monthly_basic,4900
GPA.4250-7505-7930-10251..9,2026-02-11,monthly_basic,4900
GPA.5177-4778-8009-10727..4,2026-02-11,monthly_basic,4900
GPA.5324-5769-6452-10860..2,2026-02-11,monthly_basic,4900
GPA.5338-2315-9508-10856..2,2026-02-11,monthly_plus,9900
GPA.5598-6256-1410-10379..8,2026-02-11,monthly_basic,4900
GPA.5641-2126-4245-10933..1,2026-02-11,monthly_basic,4900
GPA.5813-6124-9552-10631..5,2026-02-11,monthly_basic,4900
GPA.5906-2795-7048-10992..1,2026-02-11,monthly_basic,4900
GPA.6101-1159-3030-10157..11,2026-02-11,monthly_basic,4900
GPA.6137-6029-2968-10460..7,2026-02-11,monthly_basic,4900
GPA.6194-5038-3183-10174..11,2026-02-11,monthly_basic,4900
GPA.6494-4003-1996-11054,2026-02-11,monthly_basic,4900
GPA.6577-2245-9871-10642..5,2026-02-11,monthly_basic,4900
GPA.6982-3728-5610-10632..5,2026-02-11,monthly_plus,9900
GPA.7018-4853-5173-10972..1,2026-02-11,monthly_plus,9900
GPA.7282-8303-6077-10789..3,2026-02-11,monthly_plus,9900
GPA.7520-2007-3296-10651..4,2026-02-11,monthly_basic,4900
GPA.7555-5125-9465-10680..4,2026-02-11,monthly_basic,4900
GPA.7754-7283-9123-10542..6,2026-02-11,monthly_basic,4900
GPA.7836-4264-7514-10193..10,2026-02-11,monthly_plus,9900
GPA.8063-2556-4391-10938..1,2026-02-11,monthly_plus,9900
GPA.8079-6215-4369-10043..13,2026-02-11,monthly_plus,9900
GPA.8137-3188-9092-10953..1,2026-02-11,monthly_basic,4900
GPA.9211-9300-6047-10670..4,2026-02-11,monthly_basic,4900
GPA.9838-5904-1866-11013..1,2026-02-11,monthly_basic,4900
GPA.1322-6036-3184-10895..2,2026-02-12,monthly_basic,4900
GPA.1645-9403-2555-10825..2,2026-02-12,monthly_basic,4900
GPA.1669-6917-4837-10893..2,2026-02-12,monthly_basic,4900
GPA.1830-9427-8980-10519..6,2026-02-12,monthly_plus,9900
GPA.2196-3799-3944-10269..9,2026-02-12,monthly_basic,4900
GPA.3055-5561-6894-10424..7,2026-02-12,monthly_plus,9900
GPA.3762-2247-7623-10075..12,2026-02-12,monthly_basic,4900
GPA.3992-2572-5322-10941..1,2026-02-12,monthly_basic,4900
GPA.4135-3852-8999-10920..2,2026-02-12,monthly_basic,4900
GPA.4530-2168-8438-10866..2,2026-02-12,monthly_basic,4900
GPA.4724-8332-8549-10274..9,2026-02-12,monthly_basic,4900
GPA.4959-3470-4198-10255..9,2026-02-12,monthly_basic,4900
GPA.5132-1706-3288-10885..2,2026-02-12,monthly_plus,9900
GPA.5422-9494-8579-11011..1,2026-02-12,monthly_basic,4900
GPA.5441-6141-8482-10781..3,2026-02-12,monthly_basic,4900
GPA.5514-8971-2605-10403..7,2026-02-12,monthly_plus,9900
GPA.5737-3896-7109-11077,2026-02-12,monthly_basic,4900
GPA.5894-7610-6295-11052,2026-02-12,monthly_plus,9900
GPA.5972-1536-9265-10438..7,2026-02-12,monthly_basic,4900
GPA.6933-7124-7080-10540..6,2026-02-12,monthly_basic,4900
GPA.6959-9827-4557-10208..10,2026-02-12,monthly_basic,4900
GPA.7267-8802-7011-10697..4,2026-02-12,monthly_basic,4900
GPA.7304-2684-7310-10826..2,2026-02-12,monthly_plus,9900
GPA.7678-2110-9429-10395..7,2026-02-12,monthly_basic,4900
GPA.7968-2441-4425-10660..4,2026-02-12,monthly_basic,4900
GPA.8190-3944-3138-11142,2026-02-12,monthly_basic,4900
GPA.9126-8210-7980-10275..9,2026-02-12,monthly_plus,9900
GPA.9361-2558-1323-10834..2,2026-02-12,monthly_basic,4900
GPA.9607-4426-8246-10041..13,2026-02-12,monthly_basic,4900
GPA.9739-4534-8653-10069..12,2026-02-12,monthly_basic,4900
GPA.9749-4814-9006-10442..7,2026-02-12,monthly_basic,4900
GPA.9858-5183-3383-10630..5,2026-02-12,monthly_basic,4900
GPA.9913-7987-1773-10876..2,2026-02-12,monthly_basic,4900
GPA.1263-3069-8516-10915..2,2026-02-13,monthly_plus,9900
GPA.1700-5521-4036-11036,2026-02-13,monthly_basic,4900
GPA.1987-9614-9804-11108,2026-02-13,monthly_plus,9900
GPA.2244-6681-3743-11091,2026-02-13,monthly_plus,9900
GPA.2261-2811-3690-10298..9,2026-02-13,monthly_basic,4900
GPA.2635-1812-7973-11015..1,2026-02-13,monthly_basic,4900
GPA.2780-3840-8539-11083,2026-02-13,monthly_basic,4900
GPA.2991-6105-6776-10838..2,2026-02-13,monthly_basic,4900
GPA.3070-8304-3938-10678..4,2026-02-13,monthly_basic,4900
GPA.3204-1035-3017-10840..2,2026-02-13,monthly_basic,4900
GPA.3592-1465-2368-10337..8,2026-02-13,monthly_plus,9900
GPA.3971-2790-3021-10663..4,2026-02-13,monthly_basic,4900
GPA.4313-4281-9125-10595..5,2026-02-13,monthly_plus,9900
GPA.4622-6272-2903-10250..9,2026-02-13,monthly_basic,4900
GPA.5050-3084-6504-10879..2,2026-02-13,monthly_basic,4900
GPA.5220-9106-7074-10607..5,2026-02-13,monthly_plus,9900
GPA.5772-1165-7513-11042,2026-02-13,monthly_plus,9900
GPA.6286-1508-2825-10968..1,2026-02-13,monthly_basic,4900
GPA.6414-1595-2345-11048,2026-02-13,monthly_plus,9900
GPA.6519-2044-6391-10988..1,2026-02-13,monthly_basic,4900
GPA.6737-4039-4464-11017..1,2026-02-13,monthly_basic,4900
GPA.6757-2589-5824-10965..1,2026-02-13,monthly_plus,9900
GPA.7658-6561-3906-10260..9,2026-02-13,monthly_basic,4900
GPA.8673-2675-3222-10949..1,2026-02-13,monthly_plus,9900
GPA.8870-3362-6506-10156..11,2026-02-13,monthly_basic,4900
GPA.9278-2066-5728-10765..3,2026-02-13,monthly_plus,9900
GPA.9945-5908-1991-10874..2,2026-02-13,monthly_basic,4900
GPA.9950-6039-7136-10673..4,2026-02-13,monthly_plus,9900
GPA.1316-7692-7040-10577..5,2026-02-14,monthly_basic,4900
GPA.1526-6256-4659-11062,2026-02-14,monthly_basic,4900
GPA.1554-9934-1688-10718..4,2026-02-14,monthly_basic,4900
GPA.1680-9650-5541-10620..5,2026-02-14,monthly_plus,9900
GPA.2113-3616-8509-11061,2026-02-14,monthly_basic,4900
GPA.2439-3740-5232-11087,2026-02-14,monthly_basic,4900
GPA.2838-6095-8755-10869..2,2026-02-14,monthly_basic,4900
GPA.3358-7373-9449-10236..10,2026-02-14,monthly_basic,4900
GPA.3859-4810-5272-11092,2026-02-14,monthly_plus,9900
GPA.4198-6298-5997-10966..1,2026-02-14,monthly_basic,4900
GPA.4394-8385-1189-10743..3,2026-02-14,monthly_basic,4900
GPA.4413-9345-2452-10644..4,2026-02-14,monthly_basic,4900
GPA.4612-6938-8746-11100,2026-02-14,monthly_basic,4900
GPA.4749-9850-7917-11098,2026-02-14,monthly_basic,4900
GPA.4750-3051-8178-10719..4,2026-02-14,monthly_plus,9900
GPA.5197-9617-4743-11051,2026-02-14,monthly_plus,9900
GPA.5218-8913-2701-10921..2,2026-02-14,monthly_plus,9900
GPA.5563-9801-2631-10815..3,2026-02-14,monthly_plus,9900
GPA.5654-8585-6623-10572..5,2026-02-14,monthly_basic,4900
GPA.5669-4203-6326-10943..1,2026-02-14,monthly_basic,4900
GPA.6348-1843-7989-10096..12,2026-02-14,monthly_plus,9900
GPA.8263-4035-9334-10239..10,2026-02-14,monthly_basic,4900
GPA.8460-6139-9623-10305..9,2026-02-14,monthly_basic,4900
GPA.8608-1427-7166-10544..6,2026-02-14,monthly_basic,4900
GPA.8609-5394-2594-10850..2,2026-02-14,monthly_basic,4900
GPA.8661-4812-5577-11020..1,2026-02-14,monthly_plus,9900
GPA.9042-7245-6317-10623..5,2026-02-14,monthly_basic,4900
GPA.9377-6413-4347-10039..13,2026-02-14,monthly_plus,9900
GPA.9663-9976-2013-10320..8,2026-02-14,monthly_basic,4900
GPA.1072-8151-4947-10959..1,2026-02-15,monthly_basic,4900
GPA.1075-9370-7572-10066..12,2026-02-15,monthly_basic,4900
GPA.1570-6408-3162-10294..9,2026-02-15,monthly_basic,4900
GPA.1571-7746-2819-10883..2,2026-02-15,monthly_basic,4900
GPA.1611-1417-8032-10167..11,2026-02-15,monthly_basic,4900
GPA.1685-7194-6195-10558..5,2026-02-15,monthly_basic,4900
GPA.1802-5798-5535-10897..2,2026-02-15,monthly_plus,9900
GPA.1856-9188-6868-10129..11,2026-02-15,monthly_basic,4900
GPA.2787-3621-7234-10466..7,2026-02-15,monthly_basic,4900
GPA.2998-5410-3491-11097,2026-02-15,monthly_basic,4900
GPA.3292-4847-8861-10267..9,2026-02-15,monthly_plus,9900
GPA.3424-9093-4176-10406..7,2026-02-15,monthly_plus,9900
GPA.4442-4150-7208-10319..8,2026-02-15,monthly_basic,4900
GPA.4753-7563-1767-10548..6,2026-02-15,monthly_basic,4900
GPA.6019-9888-9443-10392..7,2026-02-15,monthly_basic,4900
GPA.6298-3761-7341-10221..10,2026-02-15,monthly_plus,9900
GPA.6356-9739-3318-10077..12,2026-02-15,monthly_plus,9900
GPA.8258-2298-1366-10762..3,2026-02-15,monthly_basic,4900
GPA.8492-1399-6727-10732..3,2026-02-15,monthly_plus,9900
GPA.8808-3018-4730-10647..4,2026-02-15,monthly_basic,4900
GPA.9130-3747-5245-10258..9,2026-02-15,monthly_basic,4900
GPA.9538-7549-7874-10012..13,2026-02-15,monthly_basic,4900
GPA.9887-4332-3504-10524..6,2026-02-15,monthly_basic,4900
GPA.9958-8006-1672-10194..10,2026-02-15,monthly_basic,4900
GPA.1136-5407-6802-10464..7,2026-02-16,monthly_basic,4900
GPA.1324-4354-3390-10590..5,2026-02-16,monthly_basic,4900
GPA.1515-2600-7159-10616..5,2026-02-16,monthly_plus,9900
GPA.1708-9008-9174-10889..2,2026-02-16,monthly_basic,4900
GPA.1792-1695-6299-10594..5,2026-02-16,monthly_basic,4900
GPA.1840-8378-8895-10769..3,2026-02-16,monthly_basic,4900
GPA.1906-7854-5473-10848..2,2026-02-16,monthly_basic,4900
GPA.2019-2544-5921-10926..1,2026-02-16,monthly_basic,4900
GPA.2281-5497-4841-10500..6,2026-02-16,monthly_basic,4900
GPA.2462-3225-1555-10404..7,2026-02-16,monthly_basic,4900
GPA.2510-7463-6673-10936..1,2026-02-16,monthly_basic,4900
GPA.2665-1793-5963-10863..2,2026-02-16,monthly_basic,4900
GPA.2767-2761-6372-11111,2026-02-16,monthly_basic,4900
GPA.3344-6362-3007-11088,2026-02-16,monthly_plus,9900
GPA.4179-2299-6105-10847..2,2026-02-16,monthly_plus,9900
GPA.4689-6854-8624-10723..4,2026-02-16,monthly_basic,4900
GPA.5174-8637-2222-10713..4,2026-02-16,monthly_basic,4900
GPA.5422-6488-7730-10790..3,2026-02-16,monthly_plus,9900
GPA.5584-1636-8409-10265..9,2026-02-16,monthly_basic,4900
GPA.5788-3922-9154-10716..4,2026-02-16,monthly_plus,9900
GPA.5797-3585-9292-10813..3,2026-02-16,monthly_basic,4900
GPA.5832-9560-4392-10628..1,2026-02-16,monthly_basic,4900
GPA.5877-5633-7409-10810..3,2026-02-16,monthly_plus,9900
GPA.6078-4013-3803-10576..5,2026-02-16,monthly_basic,4900
GPA.6092-4759-2200-10567..5,2026-02-16,monthly_plus,9900
GPA.6341-8632-9441-10520..6,2026-02-16,monthly_basic,4900
GPA.6425-7791-3177-10530..6,2026-02-16,monthly_basic,4900
GPA.6456-7612-8970-10055..13,2026-02-16,monthly_plus,9900
GPA.6476-4648-3011-10795..3,2026-02-16,monthly_basic,4900
GPA.6684-2957-6713-10829..2,2026-02-16,monthly_basic,4900
GPA.7124-3305-6088-10446..7,2026-02-16,monthly_basic,4900
GPA.7138-1367-7439-10952..1,2026-02-16,monthly_plus,9900
GPA.7213-5715-2077-10309..9,2026-02-16,monthly_plus,9900
GPA.7240-2830-4843-11040,2026-02-16,monthly_basic,4900
GPA.7393-3658-8166-10957..1,2026-02-16,monthly_plus,9900
GPA.7524-6067-2844-10585..5,2026-02-16,monthly_basic,4900
GPA.8170-7623-8874-10010..13,2026-02-16,monthly_basic,4900
GPA.8454-2406-2315-11110,2026-02-16,monthly_basic,4900
GPA.8564-2237-8908-10125..11,2026-02-16,monthly_plus,9900
GPA.9483-7638-6348-10551..6,2026-02-16,monthly_basic,4900
GPA.1154-7651-5243-10761..3,2026-02-17,monthly_basic,4900
GPA.1285-7817-7579-10599..5,2026-02-17,monthly_basic,4900
GPA.1599-1949-7227-11001..1,2026-02-17,monthly_basic,4900
GPA.2061-8960-9169-10846..2,2026-02-17,monthly_basic,4900
GPA.2628-4538-6750-10710..4,2026-02-17,monthly_basic,4900
GPA.3641-7533-3679-10867..2,2026-02-17,monthly_basic,4900
GPA.3725-6938-6923-10033..13,2026-02-17,monthly_basic,4900
GPA.3725-7784-5583-11084,2026-02-17,monthly_plus,9900
GPA.4133-5566-5397-10363..6,2026-02-17,monthly_plus,9900
GPA.4214-1621-7196-10997..1,2026-02-17,monthly_basic,4900
GPA.4598-1729-1690-10970..1,2026-02-17,monthly_plus,9900
GPA.4638-7547-4840-10426..7,2026-02-17,monthly_basic,4900
GPA.5131-4453-2134-10342..8,2026-02-17,monthly_basic,4900
GPA.5505-8617-7342-10633..5,2026-02-17,monthly_basic,4900
GPA.5850-9838-8878-10245..10,2026-02-17,monthly_basic,4900
GPA.6011-5089-9713-10026..13,2026-02-17,monthly_plus,9900
GPA.6325-4872-1713-10974..1,2026-02-17,monthly_basic,4900
GPA.6385-4912-6398-10185..10,2026-02-17,monthly_basic,4900
GPA.6648-8038-4574-10942..1,2026-02-17,monthly_plus,9900
GPA.6678-2040-6422-10932..1,2026-02-17,monthly_basic,4900
GPA.7333-9778-1201-11099,2026-02-17,monthly_basic,4900
GPA.7977-2806-3937-10857..2,2026-02-17,monthly_plus,9900
GPA.8434-7839-9926-10085..12,2026-02-17,monthly_basic,4900
GPA.8527-6586-9860-10745..3,2026-02-17,monthly_plus,9900
GPA.8623-4531-1935-10042..4,2026-02-17,monthly_basic,4900
GPA.9219-9383-2442-10097..12,2026-02-17,monthly_basic,4900
GPA.9930-3828-4407-11071,2026-02-17,monthly_plus,9900
GPA.9970-2625-2692-10451..7,2026-02-17,monthly_plus,9900
GPA.1013-6267-4563-11118,2026-02-18,monthly_basic,4900
GPA.1141-2984-1878-10746..3,2026-02-18,monthly_basic,4900
GPA.1535-4590-3075-10979..1,2026-02-18,monthly_basic,4900
GPA.2570-5155-7983-10452..7,2026-02-18,monthly_plus,9900
GPA.2890-2783-5370-11050,2026-02-18,monthly_basic,4900
GPA.3042-2179-9146-10687..4,2026-02-18,monthly_basic,4900
GPA.3253-6816-4053-10975..1,2026-02-18,monthly_basic,4900
GPA.3262-8736-1290-10859..2,2026-02-18,monthly_basic,4900
GPA.3291-7154-2284-10378..8,2026-02-18,monthly_basic,4900
GPA.3470-8536-2464-11060,2026-02-18,monthly_plus,9900
GPA.3544-6743-3827-10254..6,2026-02-18,monthly_basic,4900
GPA.3724-1661-4100-10310..9,2026-02-18,monthly_basic,4900
GPA.3728-4607-3068-10593..5,2026-02-18,monthly_basic,4900
GPA.3810-5889-6885-10724..4,2026-02-18,monthly_basic,4900
GPA.4364-3384-1751-10100..12,2026-02-18,monthly_basic,4900
GPA.4901-4433-7075-10345..7,2026-02-18,monthly_plus,9900
GPA.5452-5827-1856-10617..5,2026-02-18,monthly_basic,4900
GPA.5471-7506-9233-10262..9,2026-02-18,monthly_basic,4900
GPA.6103-6648-7345-10116..12,2026-02-18,monthly_basic,4900
GPA.6275-9143-8333-10950..1,2026-02-18,monthly_basic,4900
GPA.6294-9792-5999-10380..8,2026-02-18,monthly_basic,4900
GPA.6409-2567-9964-10535..6,2026-02-18,monthly_basic,4900
GPA.6757-7658-2796-10288..9,2026-02-18,monthly_basic,4900
GPA.7337-3778-2726-11102,2026-02-18,monthly_plus,9900
GPA.7351-4269-3559-10335..8,2026-02-18,monthly_basic,4900
GPA.7649-6972-3871-10766..3,2026-02-18,monthly_plus,9900
GPA.8298-4631-3669-10755..3,2026-02-18,monthly_basic,4900
GPA.8430-8903-8453-10800..3,2026-02-18,monthly_basic,4900
GPA.8542-9521-4221-11120,2026-02-18,monthly_basic,4900
GPA.8557-9320-9547-10128..11,2026-02-18,monthly_basic,4900
GPA.8775-3408-6022-10614..5,2026-02-18,monthly_plus,9900
GPA.8947-8756-3862-10110..7,2026-02-18,monthly_basic,4900
GPA.9196-9036-2537-10545..6,2026-02-18,monthly_basic,4900
GPA.9230-6107-3416-11109,2026-02-18,monthly_plus,9900
GPA.1151-7066-1149-10672..4,2026-02-19,monthly_plus,9900
GPA.1532-7552-8531-10798..3,2026-02-19,monthly_basic,4900
GPA.1734-4531-4208-10248..10,2026-02-19,monthly_basic,4900
GPA.1891-3064-3683-10720..4,2026-02-19,monthly_basic,4900
GPA.1899-4070-4920-10226..10,2026-02-19,monthly_basic,4900
GPA.2064-8522-2147-10934..1,2026-02-19,monthly_basic,4900
GPA.2894-3616-4616-10904..2,2026-02-19,monthly_basic,4900
GPA.2905-6024-5661-10955..1,2026-02-19,monthly_basic,4900
GPA.2998-5727-4344-11122,2026-02-19,monthly_plus,9900
GPA.3368-2429-2940-10396..7,2026-02-19,monthly_basic,4900
GPA.3566-5280-8440-10083..8,2026-02-19,monthly_basic,4900
GPA.3793-9241-6740-11043,2026-02-19,monthly_basic,4900
GPA.3971-6937-3486-10635..5,2026-02-19,monthly_basic,4900
GPA.4432-9544-5231-10976..1,2026-02-19,monthly_basic,4900
GPA.4439-9400-9930-10527..6,2026-02-19,monthly_plus,9900
GPA.5219-2970-7645-10736..3,2026-02-19,monthly_basic,4900
GPA.5484-5114-1099-11026..1,2026-02-19,monthly_basic,4900
GPA.5507-6202-9242-10693..4,2026-02-19,monthly_plus,9900
GPA.5740-6387-2485-10956..1,2026-02-19,monthly_basic,4900
GPA.5756-3761-3392-11018..1,2026-02-19,monthly_basic,4900
GPA.5796-5211-4181-10899..2,2026-02-19,monthly_plus,9900
GPA.5852-2096-5474-10606..5,2026-02-19,monthly_basic,4900
GPA.6799-8872-1187-10843..2,2026-02-19,monthly_basic,4900
GPA.6946-3981-3168-10122..11,2026-02-19,monthly_basic,4900
GPA.7247-7632-7375-10271..9,2026-02-19,monthly_plus,9900
GPA.7509-1907-8099-10112..12,2026-02-19,monthly_plus,9900
GPA.7525-9187-7634-11135,2026-02-19,monthly_basic,4900
GPA.7858-9413-6544-10884..2,2026-02-19,monthly_basic,4900
GPA.7913-2561-3714-10891..2,2026-02-19,monthly_basic,4900
GPA.8137-1191-6998-10439..7,2026-02-19,monthly_basic,4900
GPA.8203-4200-4970-11069,2026-02-19,monthly_basic,4900
GPA.8264-6599-2149-10809..3,2026-02-19,monthly_basic,4900
GPA.8385-5625-5046-10493..6,2026-02-19,monthly_plus,9900
GPA.8846-5133-8069-10511..6,2026-02-19,monthly_plus,9900
GPA.9391-9312-9554-10181..11,2026-02-19,monthly_plus,9900
GPA.9599-7010-2684-10329..8,2026-02-19,monthly_basic,4900
GPA.1058-3148-4596-10849..2,2026-02-20,monthly_basic,4900
GPA.1096-4085-6243-10323..8,2026-02-20,monthly_basic,4900
GPA.1238-3033-8137-11029..1,2026-02-20,monthly_basic,4900
GPA.1844-1464-2866-10389..8,2026-02-20,monthly_basic,4900
GPA.1885-5186-9920-10219..3,2026-02-20,monthly_basic,4900
GPA.1972-3446-5928-10708..4,2026-02-20,monthly_plus,9900
GPA.2063-3665-7045-10971..1,2026-02-20,monthly_basic,4900
GPA.2539-7540-1059-11055,2026-02-20,monthly_plus,9900
GPA.2999-1610-6342-10465..7,2026-02-20,monthly_basic,4900
GPA.3133-9646-6741-11148,2026-02-20,monthly_plus,9900
GPA.3432-6195-9671-10523..6,2026-02-20,monthly_basic,4900
GPA.3504-6861-4650-10598..5,2026-02-20,monthly_basic,4900
GPA.3808-9759-3897-10215..10,2026-02-20,monthly_basic,4900
GPA.3818-3962-8008-10307..9,2026-02-20,monthly_basic,4900
GPA.4590-3976-7752-10841..2,2026-02-20,monthly_basic,4900
GPA.4959-5698-9448-10056..12,2026-02-20,monthly_basic,4900
GPA.4963-5643-5880-10562..5,2026-02-20,monthly_plus,9900
GPA.5864-1209-8563-10528..6,2026-02-20,monthly_basic,4900
GPA.6452-1835-6869-10977..1,2026-02-20,monthly_basic,4900
GPA.6526-9493-9525-10654..4,2026-02-20,monthly_basic,4900
GPA.7135-7541-3163-10327..8,2026-02-20,monthly_basic,4900
GPA.8537-2929-2850-11125,2026-02-20,monthly_basic,4900
GPA.8797-7211-7148-10619..5,2026-02-20,monthly_basic,4900
GPA.9360-1996-5636-10353..8,2026-02-20,monthly_plus,9900
GPA.9678-2138-7787-10463..7,2026-02-20,monthly_plus,9900
GPA.9934-5228-8018-11123,2026-02-20,monthly_basic,4900
GPA.1504-2684-6648-10479..6,2026-02-21,monthly_plus,9900
GPA.1507-7021-9775-10430..7,2026-02-21,monthly_basic,4900
GPA.1546-9062-4755-10973..1,2026-02-21,monthly_basic,4900
GPA.2360-1714-3567-10487..6,2026-02-21,monthly_basic,4900
GPA.2617-7683-3778-11073,2026-02-21,monthly_plus,9900
GPA.2674-8107-9811-11031..1,2026-02-21,monthly_plus,9900
GPA.3221-6788-1150-10902..2,2026-02-21,monthly_plus,9900
GPA.3343-5907-2472-10244..10,2026-02-21,monthly_plus,9900
GPA.3413-1790-7074-11007..1,2026-02-21,monthly_basic,4900
GPA.3685-8575-4942-10707..4,2026-02-21,monthly_basic,4900
GPA.3807-3116-2211-10498..6,2026-02-21,monthly_basic,4900
GPA.4237-9284-9103-10272..9,2026-02-21,monthly_plus,9900
GPA.4802-6261-5917-11136,2026-02-21,monthly_plus,9900
GPA.4810-4549-5909-10038..13,2026-02-21,monthly_basic,4900
GPA.5643-6069-1012-11112,2026-02-21,monthly_basic,4900
GPA.6254-3058-4280-10774..3,2026-02-21,monthly_basic,4900
GPA.6581-4834-5942-10712..4,2026-02-21,monthly_plus,9900
GPA.6736-3893-9873-10332..8,2026-02-21,monthly_basic,4900
GPA.6762-8502-5726-10728..4,2026-02-21,monthly_basic,4900
GPA.7210-1294-5221-10139..11,2026-02-21,monthly_basic,4900
GPA.7374-9132-1553-10489..6,2026-02-21,monthly_basic,4900
GPA.7555-6355-8304-11041,2026-02-21,monthly_plus,9900
GPA.7725-7109-8563-11032..1,2026-02-21,monthly_basic,4900
GPA.8086-4790-6556-10688..4,2026-02-21,monthly_basic,4900
GPA.8140-6317-6237-11006..1,2026-02-21,monthly_plus,9900
GPA.8445-2534-6634-10202..10,2026-02-21,monthly_plus,9900
GPA.8600-8416-5309-11046,2026-02-21,monthly_plus,9900
GPA.8635-7225-6189-10947..1,2026-02-21,monthly_basic,4900
GPA.8835-4364-6091-10343..8,2026-02-21,monthly_basic,4900
GPA.9452-4071-3574-10618..5,2026-02-21,monthly_basic,4900
GPA.1050-3969-4587-10684..4,2026-02-22,monthly_basic,4900
GPA.1066-1845-9456-10541..6,2026-02-22,monthly_plus,9900
GPA.1375-4531-8562-11079,2026-02-22,monthly_plus,9900
GPA.1434-3925-3166-10431..7,2026-02-22,monthly_basic,4900
GPA.2318-4093-6255-10178..11,2026-02-22,monthly_basic,4900
GPA.2528-7822-9973-11000..1,2026-02-22,monthly_basic,4900
GPA.2617-9510-8698-10668..4,2026-02-22,monthly_plus,9900
GPA.2667-1755-6898-10681..4,2026-02-22,monthly_basic,4900
GPA.2783-3989-8302-10437..7,2026-02-22,monthly_plus,9900
GPA.2971-8704-1814-10149..11,2026-02-22,monthly_plus,9900
GPA.3028-7075-2840-10557..5,2026-02-22,monthly_basic,4900
GPA.3062-3906-3039-10969..1,2026-02-22,monthly_basic,4900
GPA.3072-9007-8057-10890..2,2026-02-22,monthly_plus,9900
GPA.3531-4910-6765-10780..3,2026-02-22,monthly_plus,9900
GPA.3561-1512-7371-10811..3,2026-02-22,monthly_plus,9900
GPA.4243-8685-4784-10190..10,2026-02-22,monthly_plus,9900
GPA.4545-9704-8407-10940..1,2026-02-22,monthly_plus,9900
GPA.4704-4436-9862-10176..11,2026-02-22,monthly_basic,4900
GPA.4888-5250-2953-10505..6,2026-02-22,monthly_basic,4900
GPA.5177-2002-6456-10372..8,2026-02-22,monthly_plus,9900
GPA.5211-9319-6780-10264..9,2026-02-22,monthly_basic,4900
GPA.5266-3942-3345-10480..6,2026-02-22,monthly_plus,9900
GPA.5622-1123-2491-10659..4,2026-02-22,monthly_basic,4900
GPA.6061-1903-8076-11147,2026-02-22,monthly_plus,9900
GPA.6088-6448-2409-10905..2,2026-02-22,monthly_plus,9900
GPA.6159-5523-3771-10586..5,2026-02-22,monthly_basic,4900
GPA.6641-6142-5041-10868..2,2026-02-22,monthly_basic,4900
GPA.6769-8388-2262-10797..3,2026-02-22,monthly_basic,4900
GPA.6786-6619-5466-11039,2026-02-22,monthly_basic,4900
GPA.6939-1907-9842-11081,2026-02-22,monthly_plus,9900
GPA.7126-9982-5359-10639..5,2026-02-22,monthly_basic,4900
GPA.7900-6185-4055-11059,2026-02-22,monthly_basic,4900
GPA.7960-4319-4210-10502..6,2026-02-22,monthly_basic,4900
GPA.8227-6943-6392-10375..8,2026-02-22,monthly_basic,4900
GPA.8478-9056-7301-10677..4,2026-02-22,monthly_plus,9900
GPA.8600-4245-4327-10881..2,2026-02-22,monthly_basic,4900
GPA.8827-2134-8855-10448..7,2026-02-22,monthly_basic,4900
GPA.8906-3635-1672-10381..8,2026-02-22,monthly_basic,4900
GPA.9087-6359-7182-10588..5,2026-02-22,monthly_basic,4900
GPA.9202-3241-1254-10469..6,2026-02-22,monthly_basic,4900
GPA.9312-5909-8814-10752..3,2026-02-22,monthly_basic,4900
GPA.9349-6684-1996-10182..10,2026-02-22,monthly_plus,9900
GPA.9369-3157-7918-10910..2,2026-02-22,monthly_plus,9900
GPA.9623-9873-5222-11049,2026-02-22,monthly_basic,4900
GPA.9672-7523-3671-10695..4,2026-02-22,monthly_plus,9900
GPA.9789-5075-7502-10568..5,2026-02-22,monthly_basic,4900
GPA.1136-1854-8484-10805..3,2026-02-23,monthly_basic,4900
GPA.1391-2646-7171-10011..13,2026-02-23,monthly_basic,4900
GPA.1546-4815-8337-10923..2,2026-02-23,monthly_basic,4900
GPA.1962-4672-1744-10679..4,2026-02-23,monthly_basic,4900
GPA.2591-9367-2155-10481..6,2026-02-23,monthly_plus,9900
GPA.2931-9146-2666-10521..6,2026-02-23,monthly_basic,4900
GPA.2957-5323-9303-10410..7,2026-02-23,monthly_plus,9900
GPA.3279-3655-7427-10137..11,2026-02-23,monthly_basic,4900
GPA.3354-8914-7378-10715..4,2026-02-23,monthly_plus,9900
GPA.3456-4679-2191-10155..11,2026-02-23,monthly_plus,9900
GPA.3573-1151-5018-10158..11,2026-02-23,monthly_plus,9900
GPA.3593-4503-3711-10114..12,2026-02-23,monthly_plus,9900
GPA.3696-1832-3816-10985..1,2026-02-23,monthly_basic,4900
GPA.3980-3273-6880-11104,2026-02-23,monthly_basic,4900
GPA.4040-7479-8912-10394..7,2026-02-23,monthly_basic,4900
GPA.4104-9663-9266-11137,2026-02-23,monthly_basic,4900
GPA.4568-1870-8859-10803..3,2026-02-23,monthly_basic,4900
GPA.4879-8840-6106-10045..13,2026-02-23,monthly_basic,4900
GPA.5843-7208-3593-10664..4,2026-02-23,monthly_basic,4900
GPA.6128-4225-3443-10960..1,2026-02-23,monthly_basic,4900
GPA.6399-7553-1793-10827..2,2026-02-23,monthly_basic,4900
GPA.6439-9122-3997-10601..5,2026-02-23,monthly_basic,4900
GPA.6584-7127-2695-10583..5,2026-02-23,monthly_plus,9900
GPA.6764-1615-3485-10504..6,2026-02-23,monthly_basic,4900
GPA.6978-9812-9941-10422..7,2026-02-23,monthly_basic,4900
GPA.7069-1067-6463-11044,2026-02-23,monthly_basic,4900
GPA.7073-1423-9157-10983..1,2026-02-23,monthly_plus,9900
GPA.7104-3972-7904-11034,2026-02-23,monthly_basic,4900
GPA.7176-5738-2923-11019..1,2026-02-23,monthly_basic,4900
GPA.7250-8061-3622-10650..4,2026-02-23,monthly_basic,4900
GPA.7359-3645-9504-10268..9,2026-02-23,monthly_plus,9900
GPA.7604-8346-5975-10435..7,2026-02-23,monthly_basic,4900
GPA.8011-7528-3898-10930..1,2026-02-23,monthly_basic,4900
GPA.8116-8057-9931-10892..2,2026-02-23,monthly_basic,4900
GPA.8199-5270-6712-10806..3,2026-02-23,monthly_plus,9900
GPA.8274-3545-8734-10861..2,2026-02-23,monthly_basic,4900
GPA.8379-6452-9819-10014..13,2026-02-23,monthly_plus,9900
GPA.8572-6643-4186-11124,2026-02-23,monthly_basic,4900
GPA.8725-7994-5287-10903..2,2026-02-23,monthly_basic,4900
GPA.8772-2082-7782-10853..2,2026-02-23,monthly_basic,4900
GPA.8907-9084-3543-10788..3,2026-02-23,monthly_plus,9900
GPA.9499-6791-1347-10529..6,2026-02-23,monthly_basic,4900
GPA.1240-5146-8223-10303..9,2026-02-24,monthly_plus,9900
GPA.1241-1262-7986-10321..8,2026-02-24,monthly_plus,9900
GPA.1263-1441-7869-10792..3,2026-02-24,monthly_basic,4900
GPA.1671-4445-3848-10240..10,2026-02-24,monthly_plus,9900
GPA.1691-7237-5023-10213..10,2026-02-24,monthly_basic,4900
GPA.1987-5470-3868-10384..8,2026-02-24,monthly_basic,4900
GPA.2253-5997-8447-10401..7,2026-02-24,monthly_basic,4900
GPA.2558-5666-7919-10445..7,2026-02-24,monthly_plus,9900
GPA.3219-7197-4295-10330..8,2026-02-24,monthly_basic,4900
GPA.5141-6835-1579-11076,2026-02-24,monthly_basic,4900
GPA.5167-2700-1244-10123..11,2026-02-24,monthly_basic,4900
GPA.5201-8470-8549-10886..2,2026-02-24,monthly_basic,4900
GPA.5361-5078-1036-10837..2,2026-02-24,monthly_basic,4900
GPA.5428-1328-2147-10277..9,2026-02-24,monthly_plus,9900
GPA.6453-3232-9678-10497..6,2026-02-24,monthly_basic,4900
GPA.6513-8918-1565-10855..2,2026-02-24,monthly_plus,9900
GPA.6731-3324-6864-10821..3,2026-02-24,monthly_basic,4900
GPA.7487-2650-5401-10711..4,2026-02-24,monthly_plus,9900
GPA.7516-7334-4277-10152..11,2026-02-24,monthly_basic,4900
GPA.7710-7882-6172-10134..11,2026-02-24,monthly_plus,9900
GPA.7955-2685-3987-11130,2026-02-24,monthly_basic,4900
GPA.8116-4733-2271-10098..12,2026-02-24,monthly_plus,9900
GPA.8128-3731-4413-10525..6,2026-02-24,monthly_basic,4900
GPA.8513-5760-2734-10872..2,2026-02-24,monthly_plus,9900
GPA.8820-1712-6723-10457..7,2026-02-24,monthly_basic,4900
GPA.9312-1123-7533-11067,2026-02-24,monthly_basic,4900
GPA.9611-7998-1910-10079..12,2026-02-24,monthly_basic,4900
GPA.1032-4760-9383-10683..4,2026-02-25,monthly_basic,4900
GPA.1263-1430-8729-11010..1,2026-02-25,monthly_basic,4900
GPA.1794-2347-7687-10652..4,2026-02-25,monthly_basic,4900
GPA.2206-8661-6168-10031..13,2026-02-25,monthly_basic,4900
GPA.2602-2858-8275-10927..1,2026-02-25,monthly_basic,4900
GPA.3099-7815-6486-11089,2026-02-25,monthly_basic,4900
GPA.3667-7075-2069-10785..3,2026-02-25,monthly_basic,4900
GPA.3828-6147-6139-10051..13,2026-02-25,monthly_basic,4900
GPA.4093-8834-5279-11066,2026-02-25,monthly_basic,4900
GPA.4800-6594-3268-10981..1,2026-02-25,monthly_basic,4900
GPA.4805-8507-7859-10783..3,2026-02-25,monthly_plus,9900
GPA.5004-4451-5641-10046..13,2026-02-25,monthly_basic,4900
GPA.5235-2935-2314-10944..1,2026-02-25,monthly_plus,9900
GPA.5248-5162-4091-10954..1,2026-02-25,monthly_basic,4900
GPA.5518-3483-7916-10999..1,2026-02-25,monthly_basic,4900
GPA.5730-5709-5993-10512..6,2026-02-25,monthly_plus,9900
GPA.5862-2807-9598-10924..2,2026-02-25,monthly_basic,4900
GPA.6254-7423-5743-10214..10,2026-02-25,monthly_basic,4900
GPA.6261-4058-7022-10996..1,2026-02-25,monthly_basic,4900
GPA.6361-1795-1993-10763..3,2026-02-25,monthly_plus,9900
GPA.6609-7398-1598-10844..2,2026-02-25,monthly_basic,4900
GPA.6941-4137-7959-11078,2026-02-25,monthly_plus,9900
GPA.6952-3044-5967-10807..3,2026-02-25,monthly_basic,4900
GPA.7157-6926-2990-11140,2026-02-25,monthly_plus,9900
GPA.7161-8290-1826-10699..4,2026-02-25,monthly_basic,4900
GPA.7463-5977-8719-10830..2,2026-02-25,monthly_basic,4900
GPA.7708-1212-4663-10691..4,2026-02-25,monthly_basic,4900
GPA.7827-6913-9510-10989..1,2026-02-25,monthly_basic,4900
GPA.7846-8110-2590-10737..3,2026-02-25,monthly_basic,4900
GPA.8570-6353-3560-10722..4,2026-02-25,monthly_basic,4900
GPA.8823-1748-6765-10443..7,2026-02-25,monthly_basic,4900
GPA.8916-7892-5118-10937..1,2026-02-25,monthly_basic,4900
GPA.8971-8920-5440-10946..1,2026-02-25,monthly_plus,9900
GPA.9031-9795-1511-10538..6,2026-02-25,monthly_plus,9900
GPA.9940-9163-5478-10878..2,2026-02-25,monthly_basic,4900
GPA.1101-6130-2248-10517..6,2026-02-26,monthly_basic,4900
GPA.1376-3409-5417-10756..3,2026-02-26,monthly_plus,9900
GPA.1515-6713-5645-10709..4,2026-02-26,monthly_basic,4900
GPA.1812-3417-8022-11065,2026-02-26,monthly_basic,4900
GPA.2161-5057-7071-10549..6,2026-02-26,monthly_basic,4900
GPA.2297-5578-2646-10705..4,2026-02-26,monthly_basic,4900
GPA.2403-7728-1648-10503..6,2026-02-26,monthly_basic,4900
GPA.2765-8094-5094-10584..5,2026-02-26,monthly_plus,9900
GPA.4062-7484-5119-10531..6,2026-02-26,monthly_basic,4900
GPA.4105-1469-8282-11132,2026-02-26,monthly_basic,4900
GPA.4259-9763-1906-10733..3,2026-02-26,monthly_plus,9900
GPA.4467-3337-2049-10851..2,2026-02-26,monthly_basic,4900
GPA.4742-7235-3959-10349..8,2026-02-26,monthly_plus,9900
GPA.4964-1517-6395-11116,2026-02-26,monthly_plus,9900
GPA.5121-4521-8062-10608..3,2026-02-26,monthly_basic,4900
GPA.5963-7516-8034-10483..6,2026-02-26,monthly_basic,4900
GPA.6461-7992-3896-10862..2,2026-02-26,monthly_basic,4900
GPA.6777-6062-5440-10569..5,2026-02-26,monthly_plus,9900
GPA.6847-9840-2857-10280..9,2026-02-26,monthly_basic,4900
GPA.6961-5082-2875-11075,2026-02-26,monthly_plus,9900
GPA.7497-9494-6654-10842..2,2026-02-26,monthly_basic,4900
GPA.7502-1156-2216-11014..1,2026-02-26,monthly_basic,4900
GPA.7832-3012-3957-10782..3,2026-02-26,monthly_plus,9900
GPA.8072-1013-5533-10476..6,2026-02-26,monthly_basic,4900
GPA.8461-8489-2861-10574..5,2026-02-26,monthly_basic,4900
GPA.8648-9491-7875-11096,2026-02-26,monthly_basic,4900
GPA.9113-5638-8660-10726..4,2026-02-26,monthly_basic,4900
GPA.9600-3802-5268-10818..3,2026-02-26,monthly_plus,9900
GPA.9861-7852-6857-10020..13,2026-02-26,monthly_basic,4900
GPA.9987-5934-1849-10398..7,2026-02-26,monthly_basic,4900
GPA.1718-1965-7606-11114,2026-02-27,monthly_basic,4900
GPA.2003-9709-9444-10993..1,2026-02-27,monthly_basic,4900
GPA.2565-6108-6851-11145,2026-02-27,monthly_basic,4900
GPA.2580-3623-2979-10922..2,2026-02-27,monthly_basic,4900
GPA.2663-3637-3795-10133..11,2026-02-27,monthly_basic,4900
GPA.3351-1752-6359-10611..5,2026-02-27,monthly_basic,4900
GPA.3399-9245-7402-10900..2,2026-02-27,monthly_plus,9900
GPA.3692-3788-7850-10390..7,2026-02-27,monthly_plus,9900
GPA.3878-4734-2937-11144,2026-02-27,monthly_plus,9900
GPA.4079-8591-8078-11139,2026-02-27,monthly_plus,9900
GPA.4150-8950-8778-10671..4,2026-02-27,monthly_basic,4900
GPA.4166-3556-8647-10951..1,2026-02-27,monthly_basic,4900
GPA.4825-6128-5356-10777..3,2026-02-27,monthly_basic,4900
GPA.4958-2325-9382-10242..10,2026-02-27,monthly_plus,9900
GPA.5099-2488-3426-10917..2,2026-02-27,monthly_basic,4900
GPA.5250-2299-4282-10703..4,2026-02-27,monthly_basic,4900
GPA.5332-8959-4844-10179..11,2026-02-27,monthly_basic,4900
GPA.5529-3134-4742-11023..1,2026-02-27,monthly_plus,9900
GPA.6289-4919-8633-10571..5,2026-02-27,monthly_basic,4900
GPA.6489-6792-7002-10661..4,2026-02-27,monthly_basic,4900
GPA.6695-7224-9868-11064,2026-02-27,monthly_basic,4900
GPA.6715-2446-8622-10845..2,2026-02-27,monthly_basic,4900
GPA.7085-3439-9275-10744..3,2026-02-27,monthly_basic,4900
GPA.7856-6224-4935-11117,2026-02-27,monthly_basic,4900
GPA.8242-2216-1902-10770..3,2026-02-27,monthly_basic,4900
GPA.8273-1337-6634-10365..8,2026-02-27,monthly_basic,4900
GPA.8572-5158-2458-10643..5,2026-02-27,monthly_basic,4900
GPA.9090-7848-8011-10634..5,2026-02-27,monthly_plus,9900
GPA.9946-3281-5562-10425..7,2026-02-27,monthly_basic,4900
GPA.1163-6008-9733-10441..7,2026-02-28,monthly_basic,4900
GPA.1232-9866-4462-10685..4,2026-02-28,monthly_basic,4900
GPA.1298-2474-5083-10984..1,2026-02-28,monthly_plus,9900
GPA.1628-3020-9969-10191..10,2026-02-28,monthly_plus,9900
GPA.1992-8938-5281-11085,2026-02-28,monthly_basic,4900
GPA.2037-4510-5054-10036..13,2026-02-28,monthly_plus,9900
GPA.2089-3316-8129-10232..10,2026-02-28,monthly_basic,4900
GPA.2290-5894-7126-10554..6,2026-02-28,monthly_basic,4900
GPA.2747-7626-6849-10828..2,2026-02-28,monthly_basic,4900
GPA.3751-1454-1602-10582..5,2026-02-28,monthly_basic,4900
GPA.3935-2608-8010-10537..6,2026-02-28,monthly_plus,9900
GPA.4585-6413-7004-10721..4,2026-02-28,monthly_basic,4900
GPA.4801-9440-1021-10286..9,2026-02-28,monthly_basic,4900
GPA.5363-5788-5050-10749..3,2026-02-28,monthly_basic,4900
GPA.5387-6517-1539-10832..2,2026-02-28,monthly_basic,4900
GPA.5746-9384-8952-10080..12,2026-02-28,monthly_basic,4900
GPA.5865-3006-4096-10665..4,2026-02-28,monthly_basic,4900
GPA.6022-9546-3059-10324..8,2026-02-28,monthly_basic,4900
GPA.6152-2336-7225-10656..4,2026-02-28,monthly_basic,4900
GPA.6988-9998-9431-10760..3,2026-02-28,monthly_basic,4900
GPA.7264-1503-4754-10919..2,2026-02-28,monthly_plus,9900
GPA.7828-1850-1000-10778..3,2026-02-28,monthly_basic,4900
GPA.7888-1753-2508-10561..5,2026-02-28,monthly_plus,9900
GPA.8488-8275-8271-10235..10,2026-02-28,monthly_basic,4900
GPA.8558-5636-7515-10962..1,2026-02-28,monthly_basic,4900
GPA.8608-6276-9282-10163..11,2026-02-28,monthly_basic,4900
GPA.8706-2898-8163-10228..3,2026-02-28,monthly_plus,9900
GPA.8994-2524-4965-10383..8,2026-02-28,monthly_basic,4900
GPA.1142-5112-4460-11214,2026-03-01,monthly_basic,4900
GPA.1463-6506-6129-11186,2026-03-01,monthly_basic,4900
GPA.1505-9157-7699-10361..9,2026-03-01,monthly_plus,9900
GPA.1607-5558-2454-10753..4,2026-03-01,monthly_basic,4900
GPA.1686-2768-8843-10494..7,2026-03-01,monthly_basic,4900
GPA.1949-3311-6874-10420..8,2026-03-01,monthly_plus,9900
GPA.1989-2517-2266-10852..3,2026-03-01,monthly_basic,4900
GPA.2460-1911-6481-11080..1,2026-03-01,monthly_basic,4900
GPA.2720-2248-4251-11131..1,2026-03-01,monthly_basic,4900
GPA.2851-8162-2110-10434..8,2026-03-01,monthly_basic,4900
GPA.2932-9091-1166-10964..2,2026-03-01,monthly_basic,4900
GPA.3272-8308-6014-10914..3,2026-03-01,monthly_basic,4900
GPA.3335-7784-7899-11009..2,2026-03-01,monthly_basic,4900
GPA.4449-7781-8015-10566..6,2026-03-01,monthly_plus,9900
GPA.4527-7834-2709-11213,2026-03-01,monthly_basic,4900
GPA.5233-6058-3095-10729..5,2026-03-01,monthly_plus,9900
GPA.5418-1011-6706-10356..9,2026-03-01,monthly_plus,9900
GPA.5457-5050-6441-11127..1,2026-03-01,monthly_basic,4900
GPA.5659-9035-9088-10088..13,2026-03-01,monthly_basic,4900
GPA.5664-9566-5582-10062..13,2026-03-01,monthly_basic,4900
GPA.5801-1072-2838-11226,2026-03-01,monthly_basic,4900
GPA.6440-2840-8458-10875..3,2026-03-01,monthly_basic,4900
GPA.6781-1446-5336-10637..6,2026-03-01,monthly_basic,4900
GPA.6863-6996-5847-11101..1,2026-03-01,monthly_basic,4900
GPA.7326-6487-1345-10912..3,2026-03-01,monthly_basic,4900
GPA.7579-9387-2734-11266,2026-03-01,monthly_basic,4900
GPA.7764-5724-6277-11238,2026-03-01,monthly_basic,4900
GPA.7934-3335-3373-11215,2026-03-01,monthly_basic,4900
GPA.8004-2862-9961-10839..3,2026-03-01,monthly_plus,9900
GPA.8080-4853-2229-10161..12,2026-03-01,monthly_basic,4900
GPA.8372-1232-1624-10212..11,2026-03-01,monthly_basic,4900
GPA.8740-7153-4007-10421..8,2026-03-01,monthly_plus,9900
GPA.8858-1423-9496-10627..6,2026-03-01,monthly_plus,9900
GPA.8924-7791-5174-10823..4,2026-03-01,monthly_basic,4900
GPA.8962-2214-3257-10273..10,2026-03-01,monthly_basic,4900
GPA.8973-1838-5767-10793..4,2026-03-01,monthly_plus,9900
GPA.9007-3253-3770-11004..2,2026-03-01,monthly_basic,4900
GPA.9388-7047-9622-11106..1,2026-03-01,monthly_plus,9900
GPA.9417-7335-1637-10491..7,2026-03-01,monthly_basic,4900
GPA.9487-8905-5946-11045..1,2026-03-01,monthly_basic,4900
GPA.9511-5695-6078-10370..9,2026-03-01,monthly_basic,4900
GPA.9534-1869-8141-10456..8,2026-03-01,monthly_basic,4900
GPA.9841-4539-8939-11220,2026-03-01,monthly_plus,9900
GPA.9870-7374-6015-10534..7,2026-03-01,monthly_plus,9900
GPA.9942-7800-2508-10484..7,2026-03-01,monthly_basic,4900
GPA.1008-2306-7735-11268,2026-03-02,monthly_plus,9900
GPA.1115-4219-5570-10645..5,2026-03-02,monthly_basic,4900
GPA.1137-9695-3121-10982..2,2026-03-02,monthly_plus,9900
GPA.1259-4028-2713-11246,2026-03-02,monthly_plus,9900
GPA.1358-1888-9514-10939..2,2026-03-02,monthly_basic,4900
GPA.1393-3407-2932-10704..5,2026-03-02,monthly_basic,4900
GPA.1804-3963-4725-10462..8,2026-03-02,monthly_basic,4900
GPA.1984-6615-3685-11037..1,2026-03-02,monthly_basic,4900
GPA.1985-2291-2487-11199,2026-03-02,monthly_plus,9900
GPA.2155-5221-4862-10366..9,2026-03-02,monthly_basic,4900
GPA.2888-7212-7812-10768..4,2026-03-02,monthly_basic,4900
GPA.2936-2584-4319-10432..8,2026-03-02,monthly_plus,9900
GPA.3598-1310-7562-10205..11,2026-03-02,monthly_plus,9900
GPA.3663-6622-6279-10658..5,2026-03-02,monthly_basic,4900
GPA.3689-1868-2277-10495..7,2026-03-02,monthly_plus,9900
GPA.3966-6545-4579-10906..3,2026-03-02,monthly_basic,4900
GPA.4335-8437-4561-11074..1,2026-03-02,monthly_basic,4900
GPA.4592-1953-7554-10053..14,2026-03-02,monthly_basic,4900
GPA.4646-1198-3035-10515..7,2026-03-02,monthly_basic,4900
GPA.4699-5310-5625-10612..6,2026-03-02,monthly_basic,4900
GPA.4793-6339-3238-10796..4,2026-03-02,monthly_plus,9900
GPA.5908-7334-8793-10276..10,2026-03-02,monthly_basic,4900
GPA.6200-3647-3572-10901..3,2026-03-02,monthly_basic,4900
GPA.6473-7393-1891-10759..4,2026-03-02,monthly_basic,4900
GPA.6663-1926-2812-11086..1,2026-03-02,monthly_plus,9900
GPA.6779-2345-9926-10667..5,2026-03-02,monthly_basic,4900
GPA.6872-1957-2457-11164,2026-03-02,monthly_basic,4900
GPA.7266-2806-6095-10482..7,2026-03-02,monthly_plus,9900
GPA.7809-4993-5782-10393..8,2026-03-02,monthly_basic,4900
GPA.7898-9678-1727-10918..3,2026-03-02,monthly_basic,4900
GPA.7986-5717-9713-11021..2,2026-03-02,monthly_plus,9900
GPA.9049-1873-8922-10589..6,2026-03-02,monthly_basic,4900
GPA.9394-7367-2984-11103..1,2026-03-02,monthly_basic,4900
GPA.9595-2281-6892-10730..5,2026-03-02,monthly_basic,4900
GPA.9706-3081-9343-10516..7,2026-03-02,monthly_basic,4900
GPA.1830-1424-9279-10935..2,2026-03-03,monthly_basic,4900
GPA.1910-6141-4065-10738..4,2026-03-03,monthly_basic,4900
GPA.2002-5056-1725-10858..3,2026-03-03,monthly_plus,9900
GPA.2170-9765-3092-11022..2,2026-03-03,monthly_basic,4900
GPA.2838-4546-5997-10377..9,2026-03-03,monthly_basic,4900
GPA.3124-2707-2650-10453..8,2026-03-03,monthly_basic,4900
GPA.3170-3987-3336-11133..1,2026-03-03,monthly_basic,4900
GPA.3239-7888-4606-10243..11,2026-03-03,monthly_basic,4900
GPA.3379-3749-6212-10510..7,2026-03-03,monthly_basic,4900
GPA.3552-1536-5012-10477..7,2026-03-03,monthly_basic,4900
GPA.3825-7912-8214-10994..2,2026-03-03,monthly_basic,4900
GPA.3863-4654-7653-10682..5,2026-03-03,monthly_plus,9900
GPA.4103-6975-9752-10963..2,2026-03-03,monthly_basic,4900
GPA.4197-7516-2279-10734..4,2026-03-03,monthly_plus,9900
GPA.4602-1127-5368-10772..4,2026-03-03,monthly_basic,4900
GPA.4719-8044-3336-10217..11,2026-03-03,monthly_plus,9900
GPA.4846-3216-4647-10888..3,2026-03-03,monthly_plus,9900
GPA.5124-3466-9264-11134..1,2026-03-03,monthly_plus,9900
GPA.5376-7591-3453-10048..14,2026-03-03,monthly_plus,9900
GPA.5496-7339-6564-10124..12,2026-03-03,monthly_basic,4900
GPA.6053-7481-2728-10714..5,2026-03-03,monthly_basic,4900
GPA.6295-6898-5011-10071..13,2026-03-03,monthly_basic,4900
GPA.6312-9571-3791-10553..7,2026-03-03,monthly_basic,4900
GPA.6380-1880-3713-11107..1,2026-03-03,monthly_plus,9900
GPA.6576-1160-2121-10143..12,2026-03-03,monthly_basic,4900
GPA.6711-2235-1219-11233,2026-03-03,monthly_basic,4900
GPA.7301-6170-6711-10003..14,2026-03-03,monthly_basic,4900
GPA.7964-6890-4949-10001..14,2026-03-03,monthly_basic,4900
GPA.8379-3655-2949-10467..8,2026-03-03,monthly_plus,9900
GPA.8488-4132-3664-10622..6,2026-03-03,monthly_basic,4900
GPA.8721-6712-3895-11256,2026-03-03,monthly_basic,4900
GPA.9187-7741-4050-10225..11,2026-03-03,monthly_basic,4900
GPA.9386-4103-4022-10130..12,2026-03-03,monthly_basic,4900
GPA.9793-9429-4929-10047..14,2026-03-03,monthly_basic,4900
GPA.1127-2374-1950-10253..10,2026-03-04,monthly_basic,4900
GPA.1628-6965-4410-10070..13,2026-03-04,monthly_basic,4900
GPA.1719-9988-7231-10427..8,2026-03-04,monthly_basic,4900
GPA.1931-9629-3130-11263,2026-03-04,monthly_basic,4900
GPA.2111-7484-1199-11056..1,2026-03-04,monthly_plus,9900
GPA.2173-8110-7941-10986..2,2026-03-04,monthly_basic,4900
GPA.2378-6539-1582-11121..1,2026-03-04,monthly_plus,9900
GPA.2593-3076-5240-11093..1,2026-03-04,monthly_plus,9900
GPA.2814-4199-4062-10162..12,2026-03-04,monthly_basic,4900
GPA.3650-5290-9068-10640..6,2026-03-04,monthly_plus,9900
GPA.3983-7988-7336-10758..4,2026-03-04,monthly_basic,4900
GPA.4033-9817-8440-10836..3,2026-03-04,monthly_basic,4900
GPA.4213-2809-7488-10894..3,2026-03-04,monthly_plus,9900
GPA.4235-1047-7301-11016..2,2026-03-04,monthly_basic,4900
GPA.4423-5539-6319-10440..8,2026-03-04,monthly_plus,9900
GPA.4751-5617-1259-11241,2026-03-04,monthly_basic,4900
GPA.5410-1684-5195-10748..4,2026-03-04,monthly_basic,4900
GPA.5453-1130-9480-10871..3,2026-03-04,monthly_basic,4900
GPA.5631-7386-6312-10022..14,2026-03-04,monthly_basic,4900
GPA.5853-7068-9413-11259,2026-03-04,monthly_basic,4900
GPA.5883-3382-7490-11237,2026-03-04,monthly_basic,4900
GPA.6602-2686-1037-10873..3,2026-03-04,monthly_basic,4900
GPA.6714-3918-4551-11228,2026-03-04,monthly_basic,4900
GPA.7153-8405-2400-10880..3,2026-03-04,monthly_basic,4900
GPA.8089-7512-6285-10757..4,2026-03-04,monthly_basic,4900
GPA.8164-6354-2546-10289..10,2026-03-04,monthly_basic,4900
GPA.8166-2355-8141-10750..4,2026-03-04,monthly_basic,4900
GPA.8462-8885-6037-11072..1,2026-03-04,monthly_basic,4900
GPA.8767-2754-7175-11240,2026-03-04,monthly_plus,9900
GPA.8904-8453-1675-11179,2026-03-04,monthly_plus,9900
GPA.9089-6871-1993-10376..9,2026-03-04,monthly_basic,4900
GPA.9291-3505-2392-10449..8,2026-03-04,monthly_basic,4900
GPA.9533-8301-7254-10676..5,2026-03-04,monthly_basic,4900
GPA.9599-3450-4281-11150,2026-03-04,monthly_basic,4900
GPA.9886-7573-8474-10854..3,2026-03-04,monthly_basic,4900
GPA.1589-6813-9884-10675..5,2026-03-05,monthly_basic,4900
GPA.1596-7220-2703-10207..10,2026-03-05,monthly_plus,9900
GPA.1927-8644-5255-10565..6,2026-03-05,monthly_basic,4900
GPA.1977-3688-4915-10007..14,2026-03-05,monthly_plus,9900
GPA.2008-2754-1386-10106..13,2026-03-05,monthly_plus,9900
GPA.2162-4123-9534-10501..7,2026-03-05,monthly_basic,4900
GPA.2467-6537-1314-11027..2,2026-03-05,monthly_plus,9900
GPA.2629-9487-6446-11267,2026-03-05,monthly_basic,4900
GPA.2715-7459-1957-10153..12,2026-03-05,monthly_basic,4900
GPA.2760-4963-7231-10739..4,2026-03-05,monthly_basic,4900
GPA.2897-9723-6995-10148..12,2026-03-05,monthly_plus,9900
GPA.3573-2961-6791-10546..7,2026-03-05,monthly_plus,9900
GPA.4698-2820-5051-10450..8,2026-03-05,monthly_plus,9900
GPA.4940-7131-7219-10360..3,2026-03-05,monthly_plus,9900
GPA.5026-6822-8833-11192,2026-03-05,monthly_basic,4900
GPA.5414-1284-1916-10084..13,2026-03-05,monthly_basic,4900
GPA.5443-3391-1171-10508..7,2026-03-05,monthly_basic,4900
GPA.5720-9542-7054-10592..6,2026-03-05,monthly_basic,4900
GPA.5778-2622-2008-10967..2,2026-03-05,monthly_basic,4900
GPA.5907-1949-5676-11070..1,2026-03-05,monthly_basic,4900
GPA.5927-4638-8520-10990..2,2026-03-05,monthly_plus,9900
GPA.6070-8331-1471-11211,2026-03-05,monthly_basic,4900
GPA.7134-4632-3479-11005..2,2026-03-05,monthly_basic,4900
GPA.7315-3733-4450-10354..9,2026-03-05,monthly_basic,4900
GPA.7361-5911-4900-10629..6,2026-03-05,monthly_basic,4900
GPA.7444-1136-1435-10649..5,2026-03-05,monthly_plus,9900
GPA.7516-2938-3542-10625..6,2026-03-05,monthly_basic,4900
GPA.8688-7348-6914-10817..4,2026-03-05,monthly_basic,4900
GPA.9369-7010-8855-10050..14,2026-03-05,monthly_basic,4900
GPA.9690-1995-5657-10653..5,2026-03-05,monthly_basic,4900
GPA.1517-5030-1454-10340..9,2026-03-06,monthly_basic,4900
GPA.1696-4481-4569-10474..7,2026-03-06,monthly_basic,4900
GPA.1910-6379-7099-10423..8,2026-03-06,monthly_basic,4900
GPA.2195-7791-2423-11146..1,2026-03-06,monthly_basic,4900
GPA.2261-2787-1680-10412..8,2026-03-06,monthly_basic,4900
GPA.2768-5654-2658-11030..2,2026-03-06,monthly_basic,4900
GPA.2788-7250-8587-10518..7,2026-03-06,monthly_basic,4900
GPA.2849-2227-5773-10698..5,2026-03-06,monthly_basic,4900
GPA.3031-5535-3772-11129..1,2026-03-06,monthly_basic,4900
GPA.3615-9447-4924-11248,2026-03-06,monthly_plus,9900
GPA.3866-4479-4152-11105..1,2026-03-06,monthly_basic,4900
GPA.3867-7739-9221-10490..7,2026-03-06,monthly_plus,9900
GPA.4296-6632-4479-11244,2026-03-06,monthly_basic,4900
GPA.4329-6031-8073-10386..9,2026-03-06,monthly_basic,4900
GPA.4998-1492-4054-10609..6,2026-03-06,monthly_basic,4900
GPA.5298-8369-4522-11155,2026-03-06,monthly_basic,4900
GPA.5682-9291-4386-11206,2026-03-06,monthly_basic,4900
GPA.5869-2928-6326-11115..1,2026-03-06,monthly_basic,4900
GPA.5963-9669-4256-11035..1,2026-03-06,monthly_plus,9900
GPA.6380-3634-9895-11047..1,2026-03-06,monthly_basic,4900
GPA.6702-4981-1356-11230,2026-03-06,monthly_basic,4900
GPA.6795-1347-6313-10898..3,2026-03-06,monthly_plus,9900
GPA.6908-9644-5787-11095..1,2026-03-06,monthly_basic,4900
GPA.6940-6888-6898-10591..6,2026-03-06,monthly_basic,4900
GPA.7017-2180-5003-10189..11,2026-03-06,monthly_basic,4900
GPA.7550-5097-4724-10304..10,2026-03-06,monthly_basic,4900
GPA.7767-8630-8520-11162,2026-03-06,monthly_plus,9900
GPA.7789-8411-8454-10802..4,2026-03-06,monthly_basic,4900
GPA.8256-2459-9424-10907..3,2026-03-06,monthly_basic,4900
GPA.8409-5491-3017-10252..10,2026-03-06,monthly_plus,9900
GPA.8710-4590-8186-10291..10,2026-03-06,monthly_basic,4900
GPA.8769-7722-3731-10831..3,2026-03-06,monthly_plus,9900
GPA.8945-5146-8715-11090..1,2026-03-06,monthly_basic,4900
GPA.9180-6766-1892-11185,2026-03-06,monthly_basic,4900
GPA.9435-5858-8443-10747..4,2026-03-06,monthly_plus,9900
GPA.9736-4938-3337-10740..4,2026-03-06,monthly_basic,4900
GPA.9998-4753-4604-10909..3,2026-03-06,monthly_plus,9900
GPA.1232-8491-3410-11126..1,2026-03-07,monthly_plus,9900
GPA.1301-4823-6860-10913..3,2026-03-07,monthly_basic,4900
GPA.1325-5418-9552-10690..5,2026-03-07,monthly_plus,9900
GPA.1493-9265-5990-10702..5,2026-03-07,monthly_basic,4900
GPA.2130-8500-5760-10278..10,2026-03-07,monthly_basic,4900
GPA.2915-7794-7009-10283..10,2026-03-07,monthly_basic,4900
GPA.3125-3972-7410-10995..2,2026-03-07,monthly_basic,4900
GPA.3131-4503-3450-10120..12,2026-03-07,monthly_basic,4900
GPA.3469-3207-9211-10580..6,2026-03-07,monthly_basic,4900
GPA.3605-7836-2377-10058..13,2026-03-07,monthly_basic,4900
GPA.3611-8633-3466-10587..6,2026-03-07,monthly_basic,4900
GPA.4227-5009-9619-11181,2026-03-07,monthly_plus,9900
GPA.4340-3158-4703-10436..8,2026-03-07,monthly_plus,9900
GPA.4608-5069-4107-11265,2026-03-07,monthly_plus,9900
GPA.4703-3384-6675-10473..7,2026-03-07,monthly_plus,9900
GPA.4779-6717-2142-10388..9,2026-03-07,monthly_basic,4900
GPA.5164-5375-4975-10735..4,2026-03-07,monthly_plus,9900
GPA.5227-7105-5272-10311..10,2026-03-07,monthly_plus,9900
GPA.5365-6740-3651-11222,2026-03-07,monthly_plus,9900
GPA.5549-9412-5250-10929..2,2026-03-07,monthly_basic,4900
GPA.5912-6548-1194-10822..4,2026-03-07,monthly_basic,4900
GPA.5979-8900-8828-10555..7,2026-03-07,monthly_basic,4900
GPA.6294-5834-1764-10916..3,2026-03-07,monthly_basic,4900
GPA.6432-1597-5554-10447..8,2026-03-07,monthly_plus,9900
GPA.6938-2628-1318-10626..6,2026-03-07,monthly_basic,4900
GPA.7194-3296-8129-10374..9,2026-03-07,monthly_basic,4900
GPA.7381-4915-5592-11057..1,2026-03-07,monthly_basic,4900
GPA.7601-8295-4540-10799..4,2026-03-07,monthly_basic,4900
GPA.7937-3624-1388-10812..4,2026-03-07,monthly_basic,4900
GPA.8388-1399-8354-10978..2,2026-03-07,monthly_basic,4900
GPA.8491-7685-7937-10057..13,2026-03-07,monthly_plus,9900
GPA.8679-9637-4014-11128..1,2026-03-07,monthly_basic,4900
GPA.8992-8910-4831-11141..1,2026-03-07,monthly_plus,9900
GPA.9060-5016-3664-11025..2,2026-03-07,monthly_basic,4900
GPA.9065-1440-4233-10145..11,2026-03-07,monthly_basic,4900
GPA.9303-6781-7842-10325..9,2026-03-07,monthly_basic,4900
GPA.9386-5372-9211-10980..2,2026-03-07,monthly_basic,4900
GPA.9412-4348-2111-10945..2,2026-03-07,monthly_basic,4900
GPA.9552-3003-1750-10317..9,2026-03-07,monthly_basic,4900
GPA.9638-3726-1861-10246..11,2026-03-07,monthly_plus,9900
GPA.9921-1356-2342-11197,2026-03-07,monthly_plus,9900
GPA.1129-9157-5507-10201..11,2026-03-08,monthly_basic,4900
GPA.1374-4217-4481-10168..12,2026-03-08,monthly_basic,4900
GPA.1470-5303-6026-10470..7,2026-03-08,monthly_basic,4900
GPA.2009-3999-7589-10559..6,2026-03-08,monthly_plus,9900
GPA.2113-6971-1982-10009..14,2026-03-08,monthly_basic,4900
GPA.2343-3267-4067-11157,2026-03-08,monthly_basic,4900
GPA.2435-3589-4043-10987..2,2026-03-08,monthly_plus,9900
GPA.2491-2004-2636-10224..9,2026-03-08,monthly_plus,9900
GPA.2492-3126-9102-11232,2026-03-08,monthly_basic,4900
GPA.3099-9831-1215-11082..1,2026-03-08,monthly_plus,9900
GPA.3760-8455-5037-10369..9,2026-03-08,monthly_basic,4900
GPA.3883-5221-5111-11008..2,2026-03-08,monthly_basic,4900
GPA.4022-6634-6258-10536..7,2026-03-08,monthly_basic,4900
GPA.4087-7989-4655-10468..7,2026-03-08,monthly_basic,4900
GPA.4237-7834-6317-10339..9,2026-03-08,monthly_basic,4900
GPA.4444-1061-6168-11024..2,2026-03-08,monthly_basic,4900
GPA.4783-2715-1949-11204,2026-03-08,monthly_plus,9900
GPA.5349-2496-9933-10605..6,2026-03-08,monthly_basic,4900
GPA.5604-4345-6387-10784..4,2026-03-08,monthly_basic,4900
GPA.5775-4878-3737-11002..2,2026-03-08,monthly_basic,4900
GPA.5784-8341-1973-10334..9,2026-03-08,monthly_basic,4900
GPA.5869-8084-9291-11184,2026-03-08,monthly_basic,4900
GPA.6630-6452-4855-11119..1,2026-03-08,monthly_basic,4900
GPA.6920-3334-1881-11058..1,2026-03-08,monthly_basic,4900
GPA.7255-6878-7464-11253,2026-03-08,monthly_basic,4900
GPA.7274-6452-5253-10461..8,2026-03-08,monthly_basic,4900
GPA.7402-1159-3496-10636..6,2026-03-08,monthly_basic,4900
GPA.7747-2324-4837-11262,2026-03-08,monthly_basic,4900
GPA.8741-8366-2424-10522..7,2026-03-08,monthly_plus,9900
GPA.9225-4047-2963-10166..12,2026-03-08,monthly_basic,4900
GPA.9740-1363-7920-11193,2026-03-08,monthly_basic,4900
GPA.1399-5427-5303-10316..10,2026-03-09,monthly_basic,4900
GPA.1648-6710-6889-10638..6,2026-03-09,monthly_basic,4900
GPA.1902-3078-1331-10192..11,2026-03-09,monthly_basic,4900
GPA.2842-3305-8410-10948..2,2026-03-09,monthly_basic,4900
GPA.2896-5621-7678-11196,2026-03-09,monthly_basic,4900
GPA.3106-3271-2218-10030..14,2026-03-09,monthly_basic,4900
GPA.3650-9921-6995-11063..1,2026-03-09,monthly_plus,9900
GPA.3950-8437-6589-10579..6,2026-03-09,monthly_plus,9900
GPA.4072-4875-5780-10911..3,2026-03-09,monthly_basic,4900
GPA.4078-1951-3561-11143..1,2026-03-09,monthly_plus,9900
GPA.5280-4012-7572-11187,2026-03-09,monthly_basic,4900
GPA.5577-4741-5141-10300..10,2026-03-09,monthly_basic,4900
GPA.6283-6871-6549-10016..14,2026-03-09,monthly_plus,9900
GPA.6857-7017-8189-11113..1,2026-03-09,monthly_basic,4900
GPA.6886-9798-7309-11247,2026-03-09,monthly_basic,4900
GPA.6981-3976-8801-10499..7,2026-03-09,monthly_basic,4900
GPA.7177-5117-7158-10801..4,2026-03-09,monthly_basic,4900
GPA.7502-6109-7221-10961..2,2026-03-09,monthly_plus,9900
GPA.7607-8257-5748-11172,2026-03-09,monthly_basic,4900
GPA.8613-9352-2585-10578..6,2026-03-09,monthly_plus,9900
GPA.8655-9837-5784-10187..11,2026-03-09,monthly_plus,9900
GPA.8736-2248-3200-10099..13,2026-03-09,monthly_basic,4900
GPA.8904-7450-6165-10507..7,2026-03-09,monthly_plus,9900
GPA.9072-4630-3814-10496..7,2026-03-09,monthly_basic,4900
GPA.9821-2740-4744-10132..12,2026-03-09,monthly_basic,4900
GPA.1082-5410-5557-10814..4,2026-03-10,monthly_basic,4900
GPA.1787-5212-7584-10184..12,2026-03-10,monthly_plus,9900
GPA.1964-3934-4002-10411..8,2026-03-10,monthly_basic,4900
GPA.2198-4300-4285-10877..3,2026-03-10,monthly_basic,4900
GPA.2643-2995-8125-10296..10,2026-03-10,monthly_plus,9900
GPA.3595-2972-5971-11163,2026-03-10,monthly_basic,4900
GPA.3752-6885-2120-10908..3,2026-03-10,monthly_basic,4900
GPA.3813-7054-5195-10570..6,2026-03-10,monthly_plus,9900
GPA.4050-6449-9090-10773..4,2026-03-10,monthly_basic,4900
GPA.4056-8686-1114-10336..9,2026-03-10,monthly_basic,4900
GPA.4063-3943-6701-10550..7,2026-03-10,monthly_basic,4900
GPA.4763-4466-9820-10068..13,2026-03-10,monthly_basic,4900
GPA.5340-6048-5451-10657..5,2026-03-10,monthly_plus,9900
GPA.5780-7948-2145-10786..4,2026-03-10,monthly_basic,4900
GPA.5812-3160-2991-11038..1,2026-03-10,monthly_basic,4900
GPA.6116-9417-9583-10870..3,2026-03-10,monthly_basic,4900
GPA.6389-4307-1190-10648..5,2026-03-10,monthly_plus,9900
GPA.6575-6185-5855-10864..3,2026-03-10,monthly_plus,9900
GPA.6727-8019-5508-10600..6,2026-03-10,monthly_basic,4900
GPA.6805-5447-8155-11200,2026-03-10,monthly_basic,4900
GPA.6965-2234-6131-11012..2,2026-03-10,monthly_plus,9900
GPA.7103-5410-6519-10509..7,2026-03-10,monthly_plus,9900
GPA.7342-8191-9417-10263..10,2026-03-10,monthly_basic,4900
GPA.7538-1051-9662-10306..10,2026-03-10,monthly_basic,4900
GPA.8089-8848-9852-10318..9,2026-03-10,monthly_basic,4900
GPA.8460-8922-6251-10478..7,2026-03-10,monthly_plus,9900
GPA.8576-5328-5130-10896..3,2026-03-10,monthly_basic,4900
GPA.8640-9924-6647-10754..4,2026-03-10,monthly_basic,4900
GPA.8736-4633-1038-10700..5,2026-03-10,monthly_plus,9900
GPA.8776-1144-5263-10154..12,2026-03-10,monthly_plus,9900
GPA.8944-1906-9986-10613..6,2026-03-10,monthly_basic,4900
GPA.9135-2387-8831-10804..4,2026-03-10,monthly_basic,4900
GPA.1050-4399-9181-10560..6,2026-03-11,monthly_basic,4900
GPA.1194-3671-7136-10775..4,2026-03-11,monthly_plus,9900
GPA.1246-4681-9057-10925..2,2026-03-11,monthly_basic,4900
GPA.1484-5646-5753-10230..11,2026-03-11,monthly_basic,4900
GPA.1936-7944-3660-10391..8,2026-03-11,monthly_plus,9900
GPA.2243-1525-8076-10787..4,2026-03-11,monthly_basic,4900
GPA.2628-4753-7018-10428..8,2026-03-11,monthly_plus,9900
GPA.3133-3573-4280-10284..10,2026-03-11,monthly_basic,4900
GPA.3812-8768-7148-10025..5,2026-03-11,monthly_plus,9900
GPA.4098-6869-3665-11225,2026-03-11,monthly_plus,9900
GPA.4250-7505-7930-10251..10,2026-03-11,monthly_basic,4900
GPA.4942-6282-2816-11264,2026-03-11,monthly_basic,4900
GPA.5177-4778-8009-10727..5,2026-03-11,monthly_basic,4900
GPA.5324-5769-6452-10860..3,2026-03-11,monthly_basic,4900
GPA.5480-9775-7838-11152,2026-03-11,monthly_basic,4900
GPA.5598-6256-1410-10379..9,2026-03-11,monthly_basic,4900
GPA.5641-2126-4245-10933..2,2026-03-11,monthly_basic,4900
GPA.5813-6124-9552-10631..6,2026-03-11,monthly_basic,4900
GPA.5877-2965-4126-11231,2026-03-11,monthly_basic,4900
GPA.5906-2795-7048-10992..2,2026-03-11,monthly_basic,4900
GPA.6101-1159-3030-10157..12,2026-03-11,monthly_basic,4900
GPA.6137-6029-2968-10460..8,2026-03-11,monthly_basic,4900
GPA.6194-5038-3183-10174..12,2026-03-11,monthly_basic,4900
GPA.6494-4003-1996-11054..1,2026-03-11,monthly_basic,4900
GPA.6577-2245-9871-10642..6,2026-03-11,monthly_basic,4900
GPA.6982-3728-5610-10632..6,2026-03-11,monthly_plus,9900
GPA.7018-4853-5173-10972..2,2026-03-11,monthly_plus,9900
GPA.7282-8303-6077-10789..4,2026-03-11,monthly_plus,9900
GPA.7520-2007-3296-10651..5,2026-03-11,monthly_basic,4900
GPA.7754-7283-9123-10542..7,2026-03-11,monthly_basic,4900
GPA.7836-4264-7514-10193..11,2026-03-11,monthly_plus,9900
GPA.8079-6215-4369-10043..14,2026-03-11,monthly_plus,9900
GPA.8137-3188-9092-10953..2,2026-03-11,monthly_basic,4900
GPA.1322-6036-3184-10895..3,2026-03-12,monthly_basic,4900
GPA.1645-9403-2555-10825..3,2026-03-12,monthly_basic,4900
GPA.1669-6917-4837-10893..3,2026-03-12,monthly_basic,4900
GPA.1830-9427-8980-10519..7,2026-03-12,monthly_plus,9900
GPA.2196-3799-3944-10269..10,2026-03-12,monthly_basic,4900
GPA.3762-2247-7623-10075..13,2026-03-12,monthly_basic,4900
GPA.3992-2572-5322-10941..2,2026-03-12,monthly_basic,4900
GPA.4135-3852-8999-10920..3,2026-03-12,monthly_basic,4900
GPA.4530-2168-8438-10866..3,2026-03-12,monthly_basic,4900
GPA.4724-8332-8549-10274..10,2026-03-12,monthly_basic,4900
GPA.4959-3470-4198-10255..10,2026-03-12,monthly_basic,4900
GPA.5132-1706-3288-10885..3,2026-03-12,monthly_plus,9900
GPA.5422-9494-8579-11011..2,2026-03-12,monthly_basic,4900
GPA.5441-6141-8482-10781..4,2026-03-12,monthly_basic,4900
GPA.5514-8971-2605-10403..8,2026-03-12,monthly_plus,9900
GPA.5737-3896-7109-11077..1,2026-03-12,monthly_basic,4900
GPA.5894-7610-6295-11052..1,2026-03-12,monthly_plus,9900
GPA.5972-1536-9265-10438..8,2026-03-12,monthly_basic,4900
GPA.6933-7124-7080-10540..7,2026-03-12,monthly_basic,4900
GPA.6959-9827-4557-10208..11,2026-03-12,monthly_basic,4900
GPA.7267-8802-7011-10697..5,2026-03-12,monthly_basic,4900
GPA.7304-2684-7310-10826..3,2026-03-12,monthly_plus,9900
GPA.7678-2110-9429-10395..8,2026-03-12,monthly_basic,4900
GPA.7968-2441-4425-10660..5,2026-03-12,monthly_basic,4900
GPA.8190-3944-3138-11142..1,2026-03-12,monthly_basic,4900
GPA.9126-8210-7980-10275..10,2026-03-12,monthly_plus,9900
GPA.9361-2558-1323-10834..3,2026-03-12,monthly_basic,4900
GPA.9607-4426-8246-10041..14,2026-03-12,monthly_basic,4900
GPA.9739-4534-8653-10069..13,2026-03-12,monthly_basic,4900
GPA.9749-4814-9006-10442..8,2026-03-12,monthly_basic,4900
GPA.9858-5183-3383-10630..6,2026-03-12,monthly_basic,4900
GPA.9913-7987-1773-10876..3,2026-03-12,monthly_basic,4900
GPA.1700-5521-4036-11036..1,2026-03-13,monthly_basic,4900
GPA.1987-9614-9804-11108..1,2026-03-13,monthly_plus,9900
GPA.2244-6681-3743-11091..1,2026-03-13,monthly_plus,9900
GPA.2261-2811-3690-10298..10,2026-03-13,monthly_basic,4900
GPA.2287-5751-9377-11242,2026-03-13,monthly_basic,4900
GPA.2635-1812-7973-11015..2,2026-03-13,monthly_basic,4900
GPA.2724-6683-8236-11252,2026-03-13,monthly_plus,9900
GPA.2780-3840-8539-11083..1,2026-03-13,monthly_basic,4900
GPA.2991-6105-6776-10838..3,2026-03-13,monthly_basic,4900
GPA.3070-8304-3938-10678..5,2026-03-13,monthly_basic,4900
GPA.3204-1035-3017-10840..3,2026-03-13,monthly_basic,4900
GPA.3354-1089-5084-11161,2026-03-13,monthly_plus,9900
GPA.3592-1465-2368-10337..9,2026-03-13,monthly_plus,9900
GPA.3971-2790-3021-10663..5,2026-03-13,monthly_basic,4900
GPA.4313-4281-9125-10595..6,2026-03-13,monthly_plus,9900
GPA.4622-6272-2903-10250..10,2026-03-13,monthly_basic,4900
GPA.5050-3084-6504-10879..3,2026-03-13,monthly_basic,4900
GPA.5581-8934-6824-11245,2026-03-13,monthly_basic,4900
GPA.5772-1165-7513-11042..1,2026-03-13,monthly_plus,9900
GPA.6286-1508-2825-10968..2,2026-03-13,monthly_basic,4900
GPA.6414-1595-2345-11048..1,2026-03-13,monthly_plus,9900
GPA.6519-2044-6391-10988..2,2026-03-13,monthly_basic,4900
GPA.6737-4039-4464-11017..2,2026-03-13,monthly_basic,4900
GPA.6757-2589-5824-10965..2,2026-03-13,monthly_plus,9900
GPA.7658-6561-3906-10260..10,2026-03-13,monthly_basic,4900
GPA.8239-9218-1714-11171,2026-03-13,monthly_basic,4900
GPA.8673-2675-3222-10949..2,2026-03-13,monthly_plus,9900
GPA.9278-2066-5728-10765..4,2026-03-13,monthly_plus,9900
GPA.9377-7612-2361-11191,2026-03-13,monthly_basic,4900
GPA.9945-5908-1991-10874..3,2026-03-13,monthly_basic,4900
GPA.9950-6039-7136-10673..5,2026-03-13,monthly_plus,9900
GPA.1316-7692-7040-10577..6,2026-03-14,monthly_basic,4900
GPA.1526-6256-4659-11062..1,2026-03-14,monthly_basic,4900
GPA.1554-9934-1688-10718..5,2026-03-14,monthly_basic,4900
GPA.1680-9650-5541-10620..6,2026-03-14,monthly_plus,9900
GPA.2113-3616-8509-11061..1,2026-03-14,monthly_basic,4900
GPA.2439-3740-5232-11087..1,2026-03-14,monthly_basic,4900
GPA.2838-6095-8755-10869..3,2026-03-14,monthly_basic,4900
GPA.3358-7373-9449-10236..11,2026-03-14,monthly_basic,4900
GPA.3859-4810-5272-11092..1,2026-03-14,monthly_plus,9900
GPA.4139-9157-6693-11168,2026-03-14,monthly_plus,9900
GPA.4198-6298-5997-10966..2,2026-03-14,monthly_basic,4900
GPA.4394-8385-1189-10743..4,2026-03-14,monthly_basic,4900
GPA.4394-9171-2863-11243,2026-03-14,monthly_basic,4900
GPA.4413-9345-2452-10644..5,2026-03-14,monthly_basic,4900
GPA.4510-7262-8036-11189,2026-03-14,monthly_plus,9900
GPA.4612-6938-8746-11100..1,2026-03-14,monthly_basic,4900
GPA.4749-9850-7917-11098..1,2026-03-14,monthly_basic,4900
GPA.4750-3051-8178-10719..5,2026-03-14,monthly_plus,9900
GPA.5047-9552-8987-11255,2026-03-14,monthly_basic,4900
GPA.5197-9617-4743-11051..1,2026-03-14,monthly_plus,9900
GPA.5218-8913-2701-10921..3,2026-03-14,monthly_plus,9900
GPA.5563-9801-2631-10815..4,2026-03-14,monthly_plus,9900
GPA.5654-8585-6623-10572..6,2026-03-14,monthly_basic,4900
GPA.5669-4203-6326-10943..2,2026-03-14,monthly_basic,4900
GPA.6348-1843-7989-10096..13,2026-03-14,monthly_plus,9900
GPA.7347-9365-6390-11223,2026-03-14,monthly_basic,4900
GPA.7975-8370-5065-11194,2026-03-14,monthly_basic,4900
GPA.8219-1094-5303-11203,2026-03-14,monthly_basic,4900
GPA.8263-4035-9334-10239..11,2026-03-14,monthly_basic,4900
GPA.8460-6139-9623-10305..10,2026-03-14,monthly_basic,4900
GPA.8608-1427-7166-10544..7,2026-03-14,monthly_basic,4900
GPA.8609-5394-2594-10850..3,2026-03-14,monthly_basic,4900
GPA.8661-4812-5577-11020..2,2026-03-14,monthly_plus,9900
GPA.9042-7245-6317-10623..6,2026-03-14,monthly_basic,4900
GPA.9377-6413-4347-10039..14,2026-03-14,monthly_plus,9900
GPA.9663-9976-2013-10320..9,2026-03-14,monthly_basic,4900
GPA.1072-8151-4947-10959..2,2026-03-15,monthly_basic,4900
GPA.1075-9370-7572-10066..13,2026-03-15,monthly_basic,4900
GPA.1375-4720-6151-11149,2026-03-15,monthly_basic,4900
GPA.1570-6408-3162-10294..10,2026-03-15,monthly_basic,4900
GPA.1571-7746-2819-10883..3,2026-03-15,monthly_basic,4900
GPA.1611-1417-8032-10167..12,2026-03-15,monthly_basic,4900
GPA.1685-7194-6195-10558..6,2026-03-15,monthly_basic,4900
GPA.1802-5798-5535-10897..3,2026-03-15,monthly_plus,9900
GPA.1856-9188-6868-10129..12,2026-03-15,monthly_basic,4900
GPA.2210-4977-3275-11151,2026-03-15,monthly_basic,4900
GPA.2787-3621-7234-10466..8,2026-03-15,monthly_basic,4900
GPA.2998-5410-3491-11097..1,2026-03-15,monthly_plus,9900
GPA.3108-9735-2586-11258,2026-03-15,monthly_plus,9900
GPA.3292-4847-8861-10267..10,2026-03-15,monthly_plus,9900
GPA.3424-9093-4176-10406..8,2026-03-15,monthly_plus,9900
GPA.3466-7088-9527-11174,2026-03-15,monthly_basic,4900
GPA.4442-4150-7208-10319..9,2026-03-15,monthly_basic,4900
GPA.4753-7563-1767-10548..7,2026-03-15,monthly_basic,4900
GPA.6019-9888-9443-10392..8,2026-03-15,monthly_basic,4900
GPA.6298-3761-7341-10221..11,2026-03-15,monthly_plus,9900
GPA.6356-9739-3318-10077..13,2026-03-15,monthly_plus,9900
GPA.8258-2298-1366-10762..4,2026-03-15,monthly_basic,4900
GPA.8492-1399-6727-10732..4,2026-03-15,monthly_plus,9900
GPA.8808-3018-4730-10647..5,2026-03-15,monthly_basic,4900
GPA.9538-7549-7874-10012..14,2026-03-15,monthly_basic,4900
GPA.9887-4332-3504-10524..7,2026-03-15,monthly_basic,4900
GPA.9958-8006-1672-10194..11,2026-03-15,monthly_basic,4900
GPA.1136-5407-6802-10464..8,2026-03-16,monthly_basic,4900
GPA.1324-4354-3390-10590..6,2026-03-16,monthly_basic,4900
GPA.1515-2600-7159-10616..6,2026-03-16,monthly_plus,9900
GPA.1708-9008-9174-10889..3,2026-03-16,monthly_basic,4900
GPA.1763-6443-8153-11160,2026-03-16,monthly_basic,4900
GPA.1792-1695-6299-10594..6,2026-03-16,monthly_basic,4900
GPA.1840-8378-8895-10769..4,2026-03-16,monthly_basic,4900
GPA.1906-7854-5473-10848..3,2026-03-16,monthly_basic,4900
GPA.2019-2544-5921-10926..2,2026-03-16,monthly_basic,4900
GPA.2281-5497-4841-10500..7,2026-03-16,monthly_basic,4900
GPA.2462-3225-1555-10404..8,2026-03-16,monthly_basic,4900
GPA.2510-7463-6673-10936..2,2026-03-16,monthly_basic,4900
GPA.2653-3822-8836-11212,2026-03-16,monthly_basic,4900
GPA.2665-1793-5963-10863..3,2026-03-16,monthly_basic,4900
GPA.2767-2761-6372-11111..1,2026-03-16,monthly_basic,4900
GPA.3344-6362-3007-11088..1,2026-03-16,monthly_plus,9900
GPA.4167-8490-8834-11205,2026-03-16,monthly_plus,9900
GPA.4179-2299-6105-10847..3,2026-03-16,monthly_plus,9900
GPA.4689-6854-8624-10723..5,2026-03-16,monthly_basic,4900
GPA.4997-6755-4235-11250,2026-03-16,monthly_basic,4900
GPA.5174-8637-2222-10713..5,2026-03-16,monthly_basic,4900
GPA.5422-6488-7730-10790..4,2026-03-16,monthly_plus,9900
GPA.5584-1636-8409-10265..10,2026-03-16,monthly_basic,4900
GPA.5788-3922-9154-10716..5,2026-03-16,monthly_plus,9900
GPA.5797-3585-9292-10813..4,2026-03-16,monthly_basic,4900
GPA.5832-9560-4392-10628..2,2026-03-16,monthly_basic,4900
GPA.6078-4013-3803-10576..6,2026-03-16,monthly_basic,4900
GPA.6092-4759-2200-10567..6,2026-03-16,monthly_plus,9900
GPA.6341-8632-9441-10520..7,2026-03-16,monthly_basic,4900
GPA.6425-7791-3177-10530..7,2026-03-16,monthly_basic,4900
GPA.6456-7612-8970-10055..14,2026-03-16,monthly_plus,9900
GPA.6476-4648-3011-10795..4,2026-03-16,monthly_basic,4900
GPA.6684-2957-6713-10829..3,2026-03-16,monthly_basic,4900
GPA.7124-3305-6088-10446..8,2026-03-16,monthly_basic,4900
GPA.7138-1367-7439-10952..2,2026-03-16,monthly_plus,9900
GPA.7213-5715-2077-10309..10,2026-03-16,monthly_plus,9900
GPA.7240-2830-4843-11040..1,2026-03-16,monthly_basic,4900
GPA.7393-3658-8166-10957..2,2026-03-16,monthly_plus,9900
GPA.7524-6067-2844-10585..6,2026-03-16,monthly_basic,4900
GPA.7718-7828-1725-11216,2026-03-16,monthly_basic,4900
GPA.8170-7623-8874-10010..14,2026-03-16,monthly_basic,4900
GPA.8454-2406-2315-11110..1,2026-03-16,monthly_basic,4900
GPA.8564-2237-8908-10125..12,2026-03-16,monthly_plus,9900
GPA.9483-7638-6348-10551..7,2026-03-16,monthly_basic,4900
GPA.1154-7651-5243-10761..4,2026-03-17,monthly_basic,4900
GPA.1285-7817-7579-10599..6,2026-03-17,monthly_basic,4900
GPA.1599-1949-7227-11001..2,2026-03-17,monthly_basic,4900
GPA.1775-9043-4712-11156,2026-03-17,monthly_basic,4900
GPA.2061-8960-9169-10846..3,2026-03-17,monthly_basic,4900
GPA.2628-4538-6750-10710..5,2026-03-17,monthly_basic,4900
GPA.3641-7533-3679-10867..3,2026-03-17,monthly_basic,4900
GPA.3725-6938-6923-10033..14,2026-03-17,monthly_basic,4900
GPA.3725-7784-5583-11084..1,2026-03-17,monthly_plus,9900
GPA.4133-5566-5397-10363..7,2026-03-17,monthly_plus,9900
GPA.4214-1621-7196-10997..2,2026-03-17,monthly_basic,4900
GPA.4598-1729-1690-10970..2,2026-03-17,monthly_plus,9900
GPA.4638-7547-4840-10426..8,2026-03-17,monthly_basic,4900
GPA.5131-4453-2134-10342..9,2026-03-17,monthly_basic,4900
GPA.5505-8617-7342-10633..6,2026-03-17,monthly_basic,4900
GPA.5657-8217-7884-11249,2026-03-17,monthly_basic,4900
GPA.6325-4872-1713-10974..2,2026-03-17,monthly_basic,4900
GPA.6385-4912-6398-10185..11,2026-03-17,monthly_basic,4900
GPA.6504-8747-8539-11195,2026-03-17,monthly_basic,4900
GPA.6648-8038-4574-10942..2,2026-03-17,monthly_plus,9900
GPA.6678-2040-6422-10932..2,2026-03-17,monthly_basic,4900
GPA.7333-9778-1201-11099..1,2026-03-17,monthly_basic,4900
GPA.7977-2806-3937-10857..3,2026-03-17,monthly_plus,9900
GPA.8260-9206-5010-11218,2026-03-17,monthly_plus,9900
GPA.8434-7839-9926-10085..13,2026-03-17,monthly_basic,4900
GPA.8623-4531-1935-10042..5,2026-03-17,monthly_basic,4900
GPA.9219-9383-2442-10097..13,2026-03-17,monthly_basic,4900
GPA.9930-3828-4407-11071..1,2026-03-17,monthly_plus,9900
GPA.9970-2625-2692-10451..8,2026-03-17,monthly_plus,9900
GPA.1013-6267-4563-11118..1,2026-03-18,monthly_basic,4900
GPA.1141-2984-1878-10746..4,2026-03-18,monthly_basic,4900
GPA.1535-4590-3075-10979..2,2026-03-18,monthly_basic,4900
GPA.2570-5155-7983-10452..8,2026-03-18,monthly_plus,9900
GPA.2890-2783-5370-11050..1,2026-03-18,monthly_basic,4900
GPA.3042-2179-9146-10687..5,2026-03-18,monthly_basic,4900
GPA.3253-6816-4053-10975..2,2026-03-18,monthly_basic,4900
GPA.3262-8736-1290-10859..3,2026-03-18,monthly_basic,4900
GPA.3291-7154-2284-10378..9,2026-03-18,monthly_basic,4900
GPA.3470-8536-2464-11060..1,2026-03-18,monthly_plus,9900
GPA.3544-6743-3827-10254..7,2026-03-18,monthly_basic,4900
GPA.3724-1661-4100-10310..10,2026-03-18,monthly_basic,4900
GPA.3728-4607-3068-10593..6,2026-03-18,monthly_basic,4900
GPA.3810-5889-6885-10724..5,2026-03-18,monthly_basic,4900
GPA.4364-3384-1751-10100..13,2026-03-18,monthly_basic,4900
GPA.4901-4433-7075-10345..8,2026-03-18,monthly_plus,9900
GPA.5452-5827-1856-10617..6,2026-03-18,monthly_basic,4900
GPA.5471-7506-9233-10262..10,2026-03-18,monthly_basic,4900
GPA.5999-1755-9422-11173,2026-03-18,monthly_plus,9900
GPA.6103-6648-7345-10116..13,2026-03-18,monthly_basic,4900
GPA.6275-9143-8333-10950..2,2026-03-18,monthly_basic,4900
GPA.6294-9792-5999-10380..9,2026-03-18,monthly_basic,4900
GPA.6409-2567-9964-10535..7,2026-03-18,monthly_basic,4900
GPA.6757-7658-2796-10288..10,2026-03-18,monthly_basic,4900
GPA.7351-4269-3559-10335..9,2026-03-18,monthly_basic,4900
GPA.7649-6972-3871-10766..4,2026-03-18,monthly_plus,9900
GPA.8298-4631-3669-10755..4,2026-03-18,monthly_basic,4900
GPA.8430-8903-8453-10800..4,2026-03-18,monthly_basic,4900
GPA.8542-9521-4221-11120..1,2026-03-18,monthly_basic,4900
GPA.8557-9320-9547-10128..12,2026-03-18,monthly_basic,4900
GPA.8775-3408-6022-10614..6,2026-03-18,monthly_plus,9900
GPA.8947-8756-3862-10110..8,2026-03-18,monthly_basic,4900
GPA.9086-9401-3582-11177,2026-03-18,monthly_plus,9900
GPA.9196-9036-2537-10545..7,2026-03-18,monthly_basic,4900
GPA.9230-6107-3416-11109..1,2026-03-18,monthly_plus,9900
GPA.9906-2445-3790-11221,2026-03-18,monthly_basic,4900
GPA.1151-7066-1149-10672..5,2026-03-19,monthly_plus,9900
GPA.1532-7552-8531-10798..4,2026-03-19,monthly_basic,4900
GPA.1734-4531-4208-10248..11,2026-03-19,monthly_basic,4900
GPA.1891-3064-3683-10720..5,2026-03-19,monthly_basic,4900
GPA.1899-4070-4920-10226..11,2026-03-19,monthly_basic,4900
GPA.2064-8522-2147-10934..2,2026-03-19,monthly_basic,4900
GPA.2894-3616-4616-10904..3,2026-03-19,monthly_basic,4900
GPA.2905-6024-5661-10955..2,2026-03-19,monthly_basic,4900
GPA.2998-5727-4344-11122..1,2026-03-19,monthly_plus,9900
GPA.3368-2429-2940-10396..8,2026-03-19,monthly_basic,4900
GPA.3566-5280-8440-10083..9,2026-03-19,monthly_basic,4900
GPA.3692-3611-9128-11167,2026-03-19,monthly_plus,9900
GPA.3793-9241-6740-11043..1,2026-03-19,monthly_basic,4900
GPA.4432-9544-5231-10976..2,2026-03-19,monthly_basic,4900
GPA.4439-9400-9930-10527..7,2026-03-19,monthly_plus,9900
GPA.4589-3857-5078-11154,2026-03-19,monthly_basic,4900
GPA.5219-2970-7645-10736..4,2026-03-19,monthly_basic,4900
GPA.5443-3039-5090-11208,2026-03-19,monthly_basic,4900
GPA.5507-6202-9242-10693..5,2026-03-19,monthly_plus,9900
GPA.5740-6387-2485-10956..2,2026-03-19,monthly_basic,4900
GPA.5756-3761-3392-11018..2,2026-03-19,monthly_basic,4900
GPA.5796-5211-4181-10899..3,2026-03-19,monthly_plus,9900
GPA.5852-2096-5474-10606..6,2026-03-19,monthly_plus,9900
GPA.6799-8872-1187-10843..3,2026-03-19,monthly_basic,4900
GPA.6831-7051-8139-11183,2026-03-19,monthly_basic,4900
GPA.6946-3981-3168-10122..12,2026-03-19,monthly_basic,4900
GPA.7247-7632-7375-10271..10,2026-03-19,monthly_plus,9900
GPA.7509-1907-8099-10112..13,2026-03-19,monthly_plus,9900
GPA.7525-9187-7634-11135..1,2026-03-19,monthly_basic,4900
GPA.7858-9413-6544-10884..3,2026-03-19,monthly_basic,4900
GPA.7913-2561-3714-10891..3,2026-03-19,monthly_basic,4900
GPA.8137-1191-6998-10439..8,2026-03-19,monthly_basic,4900
GPA.8203-4200-4970-11069..1,2026-03-19,monthly_basic,4900
GPA.8264-6599-2149-10809..4,2026-03-19,monthly_basic,4900
GPA.8385-5625-5046-10493..7,2026-03-19,monthly_plus,9900
GPA.8511-6356-7468-11180,2026-03-19,monthly_plus,9900
GPA.8714-3088-5837-11207,2026-03-19,monthly_basic,4900
GPA.8846-5133-8069-10511..7,2026-03-19,monthly_plus,9900
GPA.9391-9312-9554-10181..12,2026-03-19,monthly_plus,9900
GPA.9599-7010-2684-10329..9,2026-03-19,monthly_basic,4900
GPA.1058-3148-4596-10849..3,2026-03-20,monthly_basic,4900
GPA.1096-4085-6243-10323..9,2026-03-20,monthly_basic,4900
GPA.1238-3033-8137-11029..2,2026-03-20,monthly_basic,4900
GPA.1735-2233-6234-11165,2026-03-20,monthly_basic,4900
GPA.1844-1464-2866-10389..9,2026-03-20,monthly_basic,4900
GPA.1885-5186-9920-10219..4,2026-03-20,monthly_basic,4900
GPA.1972-3446-5928-10708..5,2026-03-20,monthly_plus,9900
GPA.2063-3665-7045-10971..2,2026-03-20,monthly_basic,4900
GPA.2539-7540-1059-11055..1,2026-03-20,monthly_plus,9900
GPA.2999-1610-6342-10465..8,2026-03-20,monthly_basic,4900
GPA.3133-9646-6741-11148..1,2026-03-20,monthly_plus,9900
GPA.3432-6195-9671-10523..7,2026-03-20,monthly_basic,4900
GPA.3808-9759-3897-10215..11,2026-03-20,monthly_basic,4900
GPA.3818-3962-8008-10307..10,2026-03-20,monthly_basic,4900
GPA.4590-3976-7752-10841..3,2026-03-20,monthly_basic,4900
GPA.4959-5698-9448-10056..13,2026-03-20,monthly_basic,4900
GPA.4963-5643-5880-10562..6,2026-03-20,monthly_plus,9900
GPA.5697-6100-2472-11178,2026-03-20,monthly_plus,9900
GPA.5864-1209-8563-10528..7,2026-03-20,monthly_basic,4900
GPA.6452-1835-6869-10977..2,2026-03-20,monthly_basic,4900
GPA.6526-9493-9525-10654..5,2026-03-20,monthly_basic,4900
GPA.7135-7541-3163-10327..9,2026-03-20,monthly_basic,4900
GPA.8405-8029-6193-11251,2026-03-20,monthly_basic,4900
GPA.8537-2929-2850-11125..1,2026-03-20,monthly_basic,4900
GPA.8797-7211-7148-10619..6,2026-03-20,monthly_basic,4900
GPA.9360-1996-5636-10353..9,2026-03-20,monthly_plus,9900
GPA.9678-2138-7787-10463..8,2026-03-20,monthly_plus,9900
GPA.9784-1295-1014-11224,2026-03-20,monthly_basic,4900
GPA.9934-5228-8018-11123..1,2026-03-20,monthly_basic,4900
GPA.1504-2684-6648-10479..7,2026-03-21,monthly_plus,9900
GPA.1507-7021-9775-10430..8,2026-03-21,monthly_basic,4900
GPA.1546-9062-4755-10973..2,2026-03-21,monthly_basic,4900
GPA.2360-1714-3567-10487..7,2026-03-21,monthly_basic,4900
GPA.2617-7683-3778-11073..1,2026-03-21,monthly_plus,9900
GPA.2674-8107-9811-11031..2,2026-03-21,monthly_plus,9900
GPA.2948-7781-6367-11234,2026-03-21,monthly_basic,4900
GPA.3221-6788-1150-10902..3,2026-03-21,monthly_plus,9900
GPA.3343-5907-2472-10244..11,2026-03-21,monthly_plus,9900
GPA.3413-1790-7074-11007..2,2026-03-21,monthly_basic,4900
GPA.3685-8575-4942-10707..5,2026-03-21,monthly_basic,4900
GPA.3807-3116-2211-10498..7,2026-03-21,monthly_basic,4900
GPA.4237-9284-9103-10272..10,2026-03-21,monthly_plus,9900
GPA.4773-4360-3657-11260,2026-03-21,monthly_basic,4900
GPA.4802-6261-5917-11136..1,2026-03-21,monthly_plus,9900
GPA.4810-4549-5909-10038..14,2026-03-21,monthly_basic,4900
GPA.5643-6069-1012-11112..1,2026-03-21,monthly_basic,4900
GPA.6254-3058-4280-10774..4,2026-03-21,monthly_basic,4900
GPA.6581-4834-5942-10712..5,2026-03-21,monthly_plus,9900
GPA.6736-3893-9873-10332..9,2026-03-21,monthly_basic,4900
GPA.6745-7700-3829-10882..1,2026-03-21,monthly_basic,4900
GPA.6762-8502-5726-10728..5,2026-03-21,monthly_basic,4900
GPA.7361-7467-6158-11217,2026-03-21,monthly_plus,9900
GPA.7374-9132-1553-10489..7,2026-03-21,monthly_basic,4900
GPA.7555-6355-8304-11041..1,2026-03-21,monthly_plus,9900
GPA.7725-7109-8563-11032..2,2026-03-21,monthly_basic,4900
GPA.8140-6317-6237-11006..2,2026-03-21,monthly_plus,9900
GPA.8445-2534-6634-10202..11,2026-03-21,monthly_plus,9900
GPA.8600-8416-5309-11046..1,2026-03-21,monthly_plus,9900
GPA.8635-7225-6189-10947..2,2026-03-21,monthly_basic,4900
GPA.8835-4364-6091-10343..9,2026-03-21,monthly_basic,4900
GPA.9452-4071-3574-10618..6,2026-03-21,monthly_basic,4900
GPA.1050-3969-4587-10684..5,2026-03-22,monthly_basic,4900
GPA.1066-1845-9456-10541..7,2026-03-22,monthly_plus,9900
GPA.1434-3925-3166-10431..8,2026-03-22,monthly_basic,4900
GPA.2151-9521-9508-11209,2026-03-22,monthly_basic,4900
GPA.2318-4093-6255-10178..12,2026-03-22,monthly_basic,4900
GPA.2528-7822-9973-11000..2,2026-03-22,monthly_basic,4900
GPA.2617-9510-8698-10668..5,2026-03-22,monthly_plus,9900
GPA.2667-1755-6898-10681..5,2026-03-22,monthly_basic,4900
GPA.2783-3989-8302-10437..8,2026-03-22,monthly_plus,9900
GPA.2971-8704-1814-10149..12,2026-03-22,monthly_plus,9900
GPA.3028-7075-2840-10557..6,2026-03-22,monthly_basic,4900
GPA.3062-3906-3039-10969..2,2026-03-22,monthly_basic,4900
GPA.3072-9007-8057-10890..3,2026-03-22,monthly_plus,9900
GPA.3531-4910-6765-10780..4,2026-03-22,monthly_plus,9900
GPA.3561-1512-7371-10811..4,2026-03-22,monthly_plus,9900
GPA.4243-8685-4784-10190..11,2026-03-22,monthly_plus,9900
GPA.4545-9704-8407-10940..2,2026-03-22,monthly_plus,9900
GPA.4704-4436-9862-10176..12,2026-03-22,monthly_basic,4900
GPA.4888-5250-2953-10505..7,2026-03-22,monthly_basic,4900
GPA.5211-9319-6780-10264..10,2026-03-22,monthly_basic,4900
GPA.5253-6380-3151-11229,2026-03-22,monthly_basic,4900
GPA.5266-3942-3345-10480..7,2026-03-22,monthly_plus,9900
GPA.5622-1123-2491-10659..5,2026-03-22,monthly_basic,4900
GPA.6061-1903-8076-11147..1,2026-03-22,monthly_plus,9900
GPA.6088-6448-2409-10905..3,2026-03-22,monthly_plus,9900
GPA.6159-5523-3771-10586..6,2026-03-22,monthly_basic,4900
GPA.6641-6142-5041-10868..3,2026-03-22,monthly_basic,4900
GPA.6769-8388-2262-10797..4,2026-03-22,monthly_basic,4900
GPA.6786-6619-5466-11039..1,2026-03-22,monthly_basic,4900
GPA.6939-1907-9842-11081..1,2026-03-22,monthly_plus,9900
GPA.7126-9982-5359-10639..6,2026-03-22,monthly_basic,4900
GPA.7900-6185-4055-11059..1,2026-03-22,monthly_basic,4900
GPA.7960-4319-4210-10502..7,2026-03-22,monthly_basic,4900
GPA.8227-6943-6392-10375..9,2026-03-22,monthly_basic,4900
GPA.8478-9056-7301-10677..5,2026-03-22,monthly_plus,9900
GPA.8600-4245-4327-10881..3,2026-03-22,monthly_basic,4900
GPA.8906-3635-1672-10381..9,2026-03-22,monthly_basic,4900
GPA.9087-6359-7182-10588..6,2026-03-22,monthly_basic,4900
GPA.9202-3241-1254-10469..7,2026-03-22,monthly_basic,4900
GPA.9312-5909-8814-10752..4,2026-03-22,monthly_basic,4900
GPA.9349-6684-1996-10182..11,2026-03-22,monthly_plus,9900
GPA.9369-3157-7918-10910..3,2026-03-22,monthly_plus,9900
GPA.9623-9873-5222-11049..1,2026-03-22,monthly_basic,4900
GPA.9672-7523-3671-10695..5,2026-03-22,monthly_plus,9900
GPA.9789-5075-7502-10568..6,2026-03-22,monthly_basic,4900
GPA.1136-1854-8484-10805..4,2026-03-23,monthly_basic,4900
GPA.1391-2646-7171-10011..14,2026-03-23,monthly_basic,4900
GPA.1546-4815-8337-10923..3,2026-03-23,monthly_basic,4900
GPA.1962-4672-1744-10679..5,2026-03-23,monthly_basic,4900
GPA.2591-9367-2155-10481..7,2026-03-23,monthly_plus,9900
GPA.2931-9146-2666-10521..7,2026-03-23,monthly_basic,4900
GPA.2957-5323-9303-10410..8,2026-03-23,monthly_plus,9900
GPA.3105-9725-8072-11257,2026-03-23,monthly_plus,9900
GPA.3243-1373-6844-11236,2026-03-23,monthly_basic,4900
GPA.3279-3655-7427-10137..12,2026-03-23,monthly_basic,4900
GPA.3354-8914-7378-10715..5,2026-03-23,monthly_plus,9900
GPA.3456-4679-2191-10155..12,2026-03-23,monthly_plus,9900
GPA.3573-1151-5018-10158..12,2026-03-23,monthly_plus,9900
GPA.3593-4503-3711-10114..13,2026-03-23,monthly_plus,9900
GPA.3696-1832-3816-10985..2,2026-03-23,monthly_basic,4900
GPA.3980-3273-6880-11104..1,2026-03-23,monthly_basic,4900
GPA.4040-7479-8912-10394..8,2026-03-23,monthly_basic,4900
GPA.4104-9663-9266-11137..1,2026-03-23,monthly_basic,4900
GPA.4568-1870-8859-10803..4,2026-03-23,monthly_basic,4900
GPA.4879-8840-6106-10045..14,2026-03-23,monthly_basic,4900
GPA.5622-6683-6942-11166,2026-03-23,monthly_basic,4900
GPA.5843-7208-3593-10664..5,2026-03-23,monthly_basic,4900
GPA.6128-4225-3443-10960..2,2026-03-23,monthly_basic,4900
GPA.6399-7553-1793-10827..3,2026-03-23,monthly_basic,4900
GPA.6584-7127-2695-10583..6,2026-03-23,monthly_plus,9900
GPA.6764-1615-3485-10504..7,2026-03-23,monthly_basic,4900
GPA.6978-9812-9941-10422..8,2026-03-23,monthly_basic,4900
GPA.7073-1423-9157-10983..2,2026-03-23,monthly_plus,9900
GPA.7104-3972-7904-11034..1,2026-03-23,monthly_basic,4900
GPA.7176-5738-2923-11019..2,2026-03-23,monthly_basic,4900
GPA.7250-8061-3622-10650..5,2026-03-23,monthly_basic,4900
GPA.7359-3645-9504-10268..10,2026-03-23,monthly_plus,9900
GPA.7537-9945-2962-11188,2026-03-23,monthly_plus,9900
GPA.7604-8346-5975-10435..8,2026-03-23,monthly_basic,4900
GPA.8011-7528-3898-10930..2,2026-03-23,monthly_basic,4900
GPA.8049-6789-5355-11219,2026-03-23,monthly_plus,9900
GPA.8116-8057-9931-10892..3,2026-03-23,monthly_basic,4900
GPA.8199-5270-6712-10806..4,2026-03-23,monthly_plus,9900
GPA.8274-3545-8734-10861..3,2026-03-23,monthly_basic,4900
GPA.8379-6452-9819-10014..14,2026-03-23,monthly_plus,9900
GPA.8725-7994-5287-10903..3,2026-03-23,monthly_basic,4900
GPA.8772-2082-7782-10853..3,2026-03-23,monthly_basic,4900
GPA.8907-9084-3543-10788..4,2026-03-23,monthly_plus,9900
GPA.9499-6791-1347-10529..7,2026-03-23,monthly_basic,4900
GPA.1240-5146-8223-10303..10,2026-03-24,monthly_plus,9900
GPA.1241-1262-7986-10321..9,2026-03-24,monthly_plus,9900
GPA.1263-1441-7869-10792..4,2026-03-24,monthly_basic,4900
GPA.1671-4445-3848-10240..11,2026-03-24,monthly_plus,9900
GPA.1691-7237-5023-10213..11,2026-03-24,monthly_basic,4900
GPA.1987-5470-3868-10384..9,2026-03-24,monthly_basic,4900
GPA.2558-5666-7919-10445..8,2026-03-24,monthly_plus,9900
GPA.3057-7860-3539-11261,2026-03-24,monthly_basic,4900
GPA.3219-7197-4295-10330..9,2026-03-24,monthly_basic,4900
GPA.5167-2700-1244-10123..12,2026-03-24,monthly_basic,4900
GPA.5201-8470-8549-10886..3,2026-03-24,monthly_basic,4900
GPA.5361-5078-1036-10837..3,2026-03-24,monthly_basic,4900
GPA.5428-1328-2147-10277..10,2026-03-24,monthly_plus,9900
GPA.6453-3232-9678-10497..7,2026-03-24,monthly_basic,4900
GPA.6513-8918-1565-10855..3,2026-03-24,monthly_plus,9900
GPA.6731-3324-6864-10821..4,2026-03-24,monthly_basic,4900
GPA.7516-7334-4277-10152..12,2026-03-24,monthly_basic,4900
GPA.7710-7882-6172-10134..12,2026-03-24,monthly_plus,9900
GPA.7955-2685-3987-11130..1,2026-03-24,monthly_basic,4900
GPA.8116-4733-2271-10098..13,2026-03-24,monthly_plus,9900
GPA.8128-3731-4413-10525..7,2026-03-24,monthly_basic,4900
GPA.8314-6791-6403-11170,2026-03-24,monthly_basic,4900
GPA.8513-5760-2734-10872..3,2026-03-24,monthly_plus,9900
GPA.8820-1712-6723-10457..8,2026-03-24,monthly_basic,4900
GPA.9312-1123-7533-11067..1,2026-03-24,monthly_basic,4900
GPA.9611-7998-1910-10079..13,2026-03-24,monthly_basic,4900
GPA.1032-4760-9383-10683..5,2026-03-25,monthly_basic,4900
GPA.1263-1430-8729-11010..2,2026-03-25,monthly_basic,4900
GPA.1794-2347-7687-10652..5,2026-03-25,monthly_basic,4900
GPA.2206-8661-6168-10031..14,2026-03-25,monthly_basic,4900
GPA.2374-7247-1678-11210,2026-03-25,monthly_basic,4900
GPA.2602-2858-8275-10927..2,2026-03-25,monthly_basic,4900
GPA.3667-7075-2069-10785..4,2026-03-25,monthly_basic,4900
GPA.3828-6147-6139-10051..14,2026-03-25,monthly_basic,4900
GPA.4088-7322-5572-11175,2026-03-25,monthly_basic,4900
GPA.4093-8834-5279-11066..1,2026-03-25,monthly_basic,4900
GPA.4800-6594-3268-10981..2,2026-03-25,monthly_basic,4900
GPA.4805-8507-7859-10783..4,2026-03-25,monthly_plus,9900
GPA.5004-4451-5641-10046..14,2026-03-25,monthly_basic,4900
GPA.5235-2935-2314-10944..2,2026-03-25,monthly_plus,9900
GPA.5518-3483-7916-10999..2,2026-03-25,monthly_basic,4900
GPA.5730-5709-5993-10512..7,2026-03-25,monthly_plus,9900
GPA.5862-2807-9598-10924..3,2026-03-25,monthly_basic,4900
GPA.6254-7423-5743-10214..11,2026-03-25,monthly_basic,4900
GPA.6261-4058-7022-10996..2,2026-03-25,monthly_basic,4900
GPA.6361-1795-1993-10763..4,2026-03-25,monthly_plus,9900
GPA.6609-7398-1598-10844..3,2026-03-25,monthly_basic,4900
GPA.6941-4137-7959-11078..1,2026-03-25,monthly_plus,9900
GPA.6952-3044-5967-10807..4,2026-03-25,monthly_basic,4900
GPA.7161-8290-1826-10699..5,2026-03-25,monthly_basic,4900
GPA.7463-5977-8719-10830..3,2026-03-25,monthly_basic,4900
GPA.7708-1212-4663-10691..5,2026-03-25,monthly_basic,4900
GPA.7827-6913-9510-10989..2,2026-03-25,monthly_basic,4900
GPA.7846-8110-2590-10737..4,2026-03-25,monthly_basic,4900
GPA.8570-6353-3560-10722..5,2026-03-25,monthly_basic,4900
GPA.8823-1748-6765-10443..8,2026-03-25,monthly_basic,4900
GPA.8916-7892-5118-10937..2,2026-03-25,monthly_basic,4900
GPA.8971-8920-5440-10946..2,2026-03-25,monthly_plus,9900
GPA.9031-9795-1511-10538..7,2026-03-25,monthly_plus,9900
GPA.9940-9163-5478-10878..3,2026-03-25,monthly_basic,4900
GPA.1101-6130-2248-10517..7,2026-03-26,monthly_basic,4900
GPA.1376-3409-5417-10756..4,2026-03-26,monthly_plus,9900
GPA.1515-6713-5645-10709..5,2026-03-26,monthly_basic,4900
GPA.1763-8522-4725-11176,2026-03-26,monthly_basic,4900
GPA.1812-3417-8022-11065..1,2026-03-26,monthly_basic,4900
GPA.1949-1795-8480-11254,2026-03-26,monthly_basic,4900
GPA.2161-5057-7071-10549..7,2026-03-26,monthly_basic,4900
GPA.2403-7728-1648-10503..7,2026-03-26,monthly_basic,4900
GPA.2543-1028-7520-11202,2026-03-26,monthly_basic,4900
GPA.2765-8094-5094-10584..6,2026-03-26,monthly_basic,4900
GPA.3154-8386-9696-11169,2026-03-26,monthly_basic,4900
GPA.4062-7484-5119-10531..7,2026-03-26,monthly_basic,4900
GPA.4105-1469-8282-11132..1,2026-03-26,monthly_basic,4900
GPA.4259-9763-1906-10733..4,2026-03-26,monthly_plus,9900
GPA.4467-3337-2049-10851..3,2026-03-26,monthly_basic,4900
GPA.4742-7235-3959-10349..9,2026-03-26,monthly_plus,9900
GPA.4964-1517-6395-11116..1,2026-03-26,monthly_plus,9900
GPA.5121-4521-8062-10608..4,2026-03-26,monthly_basic,4900
GPA.5963-7516-8034-10483..7,2026-03-26,monthly_basic,4900
GPA.6461-7992-3896-10862..3,2026-03-26,monthly_basic,4900
GPA.6777-6062-5440-10569..6,2026-03-26,monthly_plus,9900
GPA.6847-9840-2857-10280..10,2026-03-26,monthly_basic,4900
GPA.6961-5082-2875-11075..1,2026-03-26,monthly_plus,9900
GPA.7497-9494-6654-10842..3,2026-03-26,monthly_basic,4900
GPA.7502-1156-2216-11014..2,2026-03-26,monthly_basic,4900
GPA.7832-3012-3957-10782..4,2026-03-26,monthly_plus,9900
GPA.8072-1013-5533-10476..7,2026-03-26,monthly_basic,4900
GPA.8461-8489-2861-10574..6,2026-03-26,monthly_basic,4900
GPA.8648-9491-7875-11096..1,2026-03-26,monthly_basic,4900
GPA.9090-6816-7201-11239,2026-03-26,monthly_plus,9900
GPA.9113-5638-8660-10726..5,2026-03-26,monthly_basic,4900
GPA.9600-3802-5268-10818..4,2026-03-26,monthly_plus,9900
GPA.9646-1430-5551-11159,2026-03-26,monthly_basic,4900
GPA.9861-7852-6857-10020..14,2026-03-26,monthly_basic,4900
GPA.9987-5934-1849-10398..8,2026-03-26,monthly_basic,4900
GPA.1718-1965-7606-11114..1,2026-03-27,monthly_basic,4900
GPA.2003-9709-9444-10993..2,2026-03-27,monthly_basic,4900
GPA.2152-1546-8588-11198,2026-03-27,monthly_plus,9900
GPA.2565-6108-6851-11145..1,2026-03-27,monthly_basic,4900
GPA.2580-3623-2979-10922..3,2026-03-27,monthly_basic,4900
GPA.2663-3637-3795-10133..12,2026-03-27,monthly_basic,4900
GPA.3351-1752-6359-10611..6,2026-03-27,monthly_basic,4900
GPA.3399-9245-7402-10900..3,2026-03-27,monthly_plus,9900
GPA.3692-3788-7850-10390..8,2026-03-27,monthly_plus,9900
GPA.3878-4734-2937-11144..1,2026-03-27,monthly_plus,9900
GPA.4079-8591-8078-11139..1,2026-03-27,monthly_plus,9900
GPA.4150-8950-8778-10671..5,2026-03-27,monthly_basic,4900
GPA.4166-3556-8647-10951..2,2026-03-27,monthly_basic,4900
GPA.4825-6128-5356-10777..4,2026-03-27,monthly_basic,4900
GPA.4958-2325-9382-10242..11,2026-03-27,monthly_plus,9900
GPA.5099-2488-3426-10917..3,2026-03-27,monthly_basic,4900
GPA.5250-2299-4282-10703..5,2026-03-27,monthly_basic,4900
GPA.5332-8959-4844-10179..12,2026-03-27,monthly_basic,4900
GPA.5529-3134-4742-11023..2,2026-03-27,monthly_plus,9900
GPA.5580-7418-8432-11153,2026-03-27,monthly_basic,4900
GPA.6289-4919-8633-10571..6,2026-03-27,monthly_basic,4900
GPA.6489-6792-7002-10661..5,2026-03-27,monthly_basic,4900
GPA.6695-7224-9868-11064..1,2026-03-27,monthly_basic,4900
GPA.6715-2446-8622-10845..3,2026-03-27,monthly_basic,4900
GPA.7061-1723-3388-11158,2026-03-27,monthly_basic,4900
GPA.7085-3439-9275-10744..4,2026-03-27,monthly_basic,4900
GPA.7856-6224-4935-11117..1,2026-03-27,monthly_basic,4900
GPA.8158-7280-7491-11190,2026-03-27,monthly_basic,4900
GPA.8242-2216-1902-10770..4,2026-03-27,monthly_basic,4900
GPA.8273-1337-6634-10365..9,2026-03-27,monthly_basic,4900
GPA.8572-5158-2458-10643..6,2026-03-27,monthly_basic,4900
GPA.9090-7848-8011-10634..6,2026-03-27,monthly_plus,9900
GPA.9946-3281-5562-10425..8,2026-03-27,monthly_basic,4900
GPA.1163-6008-9733-10441..8,2026-03-28,monthly_basic,4900
GPA.1232-9866-4462-10685..5,2026-03-28,monthly_basic,4900
GPA.1628-3020-9969-10191..11,2026-03-28,monthly_plus,9900
GPA.1992-8938-5281-11085..1,2026-03-28,monthly_basic,4900
GPA.2037-4510-5054-10036..14,2026-03-28,monthly_plus,9900
GPA.2089-3316-8129-10232..11,2026-03-28,monthly_basic,4900
GPA.2290-5894-7126-10554..7,2026-03-28,monthly_basic,4900
GPA.2658-7585-7777-10488..4,2026-03-28,monthly_basic,4900
GPA.2747-7626-6849-10828..3,2026-03-28,monthly_basic,4900
GPA.3751-1454-1602-10582..6,2026-03-28,monthly_basic,4900
GPA.3935-2608-8010-10537..7,2026-03-28,monthly_plus,9900
GPA.3961-5627-4426-11182,2026-03-28,monthly_basic,4900
GPA.4466-8422-2553-11201,2026-03-28,monthly_basic,4900
GPA.4585-6413-7004-10721..5,2026-03-28,monthly_basic,4900
GPA.4801-9440-1021-10286..10,2026-03-28,monthly_basic,4900
GPA.5363-5788-5050-10749..4,2026-03-28,monthly_plus,9900
GPA.5387-6517-1539-10832..3,2026-03-28,monthly_basic,4900
GPA.5487-5111-2441-11235,2026-03-28,monthly_basic,4900
GPA.5746-9384-8952-10080..13,2026-03-28,monthly_basic,4900
GPA.5865-3006-4096-10665..5,2026-03-28,monthly_basic,4900
GPA.6022-9546-3059-10324..9,2026-03-28,monthly_basic,4900
GPA.6152-2336-7225-10656..5,2026-03-28,monthly_basic,4900
GPA.6216-9631-7558-10140..7,2026-03-28,monthly_basic,4900
GPA.6805-8710-1608-11227,2026-03-28,monthly_plus,9900
GPA.7264-1503-4754-10919..3,2026-03-28,monthly_plus,9900
GPA.7828-1850-1000-10778..4,2026-03-28,monthly_basic,4900
GPA.7888-1753-2508-10561..6,2026-03-28,monthly_plus,9900
GPA.8488-8275-8271-10235..11,2026-03-28,monthly_basic,4900
GPA.8558-5636-7515-10962..2,2026-03-28,monthly_basic,4900
GPA.8608-6276-9282-10163..12,2026-03-28,monthly_basic,4900
GPA.8706-2898-8163-10228..4,2026-03-28,monthly_plus,9900
GPA.1142-5112-4460-11214..1,2026-04-01,monthly_basic,4900
GPA.1463-6506-6129-11186..1,2026-04-01,monthly_basic,4900
GPA.1505-9157-7699-10361..10,2026-04-01,monthly_plus,9900
GPA.1686-2768-8843-10494..8,2026-04-01,monthly_basic,4900
GPA.1949-3311-6874-10420..9,2026-04-01,monthly_plus,9900
GPA.1989-2517-2266-10852..4,2026-04-01,monthly_basic,4900
GPA.2460-1911-6481-11080..2,2026-04-01,monthly_basic,4900
GPA.2720-2248-4251-11131..2,2026-04-01,monthly_basic,4900
GPA.2851-8162-2110-10434..9,2026-04-01,monthly_basic,4900
GPA.2932-9091-1166-10964..3,2026-04-01,monthly_basic,4900
GPA.2948-3082-4983-11353,2026-04-01,monthly_plus,9900
GPA.3272-8308-6014-10914..4,2026-04-01,monthly_basic,4900
GPA.3335-7784-7899-11009..3,2026-04-01,monthly_basic,4900
GPA.4449-7781-8015-10566..7,2026-04-01,monthly_plus,9900
GPA.5233-6058-3095-10729..6,2026-04-01,monthly_plus,9900
GPA.5418-1011-6706-10356..10,2026-04-01,monthly_plus,9900
GPA.5457-5050-6441-11127..2,2026-04-01,monthly_basic,4900
GPA.5659-9035-9088-10088..14,2026-04-01,monthly_basic,4900
GPA.5664-9566-5582-10062..14,2026-04-01,monthly_basic,4900
GPA.5801-1072-2838-11226..1,2026-04-01,monthly_basic,4900
GPA.6440-2840-8458-10875..4,2026-04-01,monthly_basic,4900
GPA.6781-1446-5336-10637..7,2026-04-01,monthly_basic,4900
GPA.6863-6996-5847-11101..2,2026-04-01,monthly_basic,4900
GPA.7326-6487-1345-10912..4,2026-04-01,monthly_basic,4900
GPA.7579-9387-2734-11266..1,2026-04-01,monthly_basic,4900
GPA.7764-5724-6277-11238..1,2026-04-01,monthly_basic,4900
GPA.7934-3335-3373-11215..1,2026-04-01,monthly_basic,4900
GPA.8004-2862-9961-10839..4,2026-04-01,monthly_plus,9900
GPA.8080-4853-2229-10161..13,2026-04-01,monthly_basic,4900
GPA.8372-1232-1624-10212..12,2026-04-01,monthly_basic,4900
GPA.8740-7153-4007-10421..9,2026-04-01,monthly_plus,9900
GPA.8858-1423-9496-10627..7,2026-04-01,monthly_plus,9900
GPA.8924-7791-5174-10823..5,2026-04-01,monthly_basic,4900
GPA.8962-2214-3257-10273..11,2026-04-01,monthly_basic,4900
GPA.8973-1838-5767-10793..5,2026-04-01,monthly_plus,9900
GPA.9007-3253-3770-11004..3,2026-04-01,monthly_basic,4900
GPA.9388-7047-9622-11106..2,2026-04-01,monthly_plus,9900
GPA.9417-7335-1637-10491..8,2026-04-01,monthly_basic,4900
GPA.9487-8905-5946-11045..2,2026-04-01,monthly_basic,4900
GPA.9511-5695-6078-10370..10,2026-04-01,monthly_basic,4900
GPA.9534-1869-8141-10456..9,2026-04-01,monthly_basic,4900
GPA.9870-7374-6015-10534..8,2026-04-01,monthly_plus,9900
GPA.9942-7800-2508-10484..8,2026-04-01,monthly_basic,4900
GPA.1008-2306-7735-11268..1,2026-04-02,monthly_plus,9900
GPA.1115-4219-5570-10645..6,2026-04-02,monthly_basic,4900
GPA.1137-9695-3121-10982..3,2026-04-02,monthly_plus,9900
GPA.1259-4028-2713-11246..1,2026-04-02,monthly_plus,9900
GPA.1358-1888-9514-10939..3,2026-04-02,monthly_basic,4900
GPA.1393-3407-2932-10704..6,2026-04-02,monthly_basic,4900
GPA.1804-3963-4725-10462..9,2026-04-02,monthly_basic,4900
GPA.1984-6615-3685-11037..2,2026-04-02,monthly_basic,4900
GPA.1985-2291-2487-11199..1,2026-04-02,monthly_plus,9900
GPA.2155-5221-4862-10366..10,2026-04-02,monthly_basic,4900
GPA.2888-7212-7812-10768..5,2026-04-02,monthly_basic,4900
GPA.2936-2584-4319-10432..9,2026-04-02,monthly_plus,9900
GPA.3598-1310-7562-10205..12,2026-04-02,monthly_plus,9900
GPA.3663-6622-6279-10658..6,2026-04-02,monthly_basic,4900
GPA.3689-1868-2277-10495..8,2026-04-02,monthly_plus,9900
GPA.3966-6545-4579-10906..4,2026-04-02,monthly_basic,4900
GPA.4335-8437-4561-11074..2,2026-04-02,monthly_basic,4900
GPA.4592-1953-7554-10053..15,2026-04-02,monthly_basic,4900
GPA.4646-1198-3035-10515..8,2026-04-02,monthly_basic,4900
GPA.4699-5310-5625-10612..7,2026-04-02,monthly_basic,4900
GPA.4793-6339-3238-10796..5,2026-04-02,monthly_plus,9900
GPA.5112-3901-4742-11308,2026-04-02,monthly_basic,4900
GPA.5908-7334-8793-10276..11,2026-04-02,monthly_basic,4900
GPA.6200-3647-3572-10901..4,2026-04-02,monthly_basic,4900
GPA.6473-7393-1891-10759..5,2026-04-02,monthly_basic,4900
GPA.6663-1926-2812-11086..2,2026-04-02,monthly_plus,9900
GPA.6779-2345-9926-10667..6,2026-04-02,monthly_basic,4900
GPA.6872-1957-2457-11164..1,2026-04-02,monthly_basic,4900
GPA.7809-4993-5782-10393..9,2026-04-02,monthly_basic,4900
GPA.7897-3624-7294-11290,2026-04-02,monthly_basic,4900
GPA.7898-9678-1727-10918..4,2026-04-02,monthly_basic,4900
GPA.7986-5717-9713-11021..3,2026-04-02,monthly_plus,9900
GPA.9049-1873-8922-10589..7,2026-04-02,monthly_basic,4900
GPA.9394-7367-2984-11103..2,2026-04-02,monthly_basic,4900
GPA.9595-2281-6892-10730..6,2026-04-02,monthly_basic,4900
GPA.9706-3081-9343-10516..8,2026-04-02,monthly_basic,4900
GPA.9975-9263-8568-11315,2026-04-02,monthly_basic,4900
GPA.1023-4678-7123-11371,2026-04-03,monthly_basic,4900
GPA.1830-1424-9279-10935..3,2026-04-03,monthly_basic,4900
GPA.1910-6141-4065-10738..5,2026-04-03,monthly_basic,4900
GPA.2002-5056-1725-10858..4,2026-04-03,monthly_plus,9900
GPA.2170-9765-3092-11022..3,2026-04-03,monthly_basic,4900
GPA.2838-4546-5997-10377..10,2026-04-03,monthly_basic,4900
GPA.3124-2707-2650-10453..9,2026-04-03,monthly_basic,4900
GPA.3170-3987-3336-11133..2,2026-04-03,monthly_basic,4900
GPA.3239-7888-4606-10243..12,2026-04-03,monthly_basic,4900
GPA.3379-3749-6212-10510..8,2026-04-03,monthly_basic,4900
GPA.3552-1536-5012-10477..8,2026-04-03,monthly_basic,4900
GPA.3825-7912-8214-10994..3,2026-04-03,monthly_basic,4900
GPA.3863-4654-7653-10682..6,2026-04-03,monthly_plus,9900
GPA.4103-6975-9752-10963..3,2026-04-03,monthly_basic,4900
GPA.4197-7516-2279-10734..5,2026-04-03,monthly_plus,9900
GPA.4602-1127-5368-10772..5,2026-04-03,monthly_basic,4900
GPA.4719-8044-3336-10217..12,2026-04-03,monthly_plus,9900
GPA.4846-3216-4647-10888..4,2026-04-03,monthly_plus,9900
GPA.5124-3466-9264-11134..2,2026-04-03,monthly_plus,9900
GPA.5376-7591-3453-10048..15,2026-04-03,monthly_plus,9900
GPA.5496-7339-6564-10124..13,2026-04-03,monthly_basic,4900
GPA.6053-7481-2728-10714..6,2026-04-03,monthly_basic,4900
GPA.6082-4157-7692-11269,2026-04-03,monthly_basic,4900
GPA.6129-8219-2025-11271,2026-04-03,monthly_basic,4900
GPA.6295-6898-5011-10071..14,2026-04-03,monthly_basic,4900
GPA.6312-9571-3791-10553..8,2026-04-03,monthly_basic,4900
GPA.6380-1880-3713-11107..2,2026-04-03,monthly_plus,9900
GPA.6576-1160-2121-10143..13,2026-04-03,monthly_basic,4900
GPA.6711-2235-1219-11233..1,2026-04-03,monthly_basic,4900
GPA.7301-6170-6711-10003..15,2026-04-03,monthly_basic,4900
GPA.7726-9919-9723-11311,2026-04-03,monthly_basic,4900
GPA.7950-7888-9323-10669..2,2026-04-03,monthly_basic,4900
GPA.7964-6890-4949-10001..15,2026-04-03,monthly_basic,4900
GPA.8379-3655-2949-10467..9,2026-04-03,monthly_plus,9900
GPA.8488-4132-3664-10622..7,2026-04-03,monthly_basic,4900
GPA.8721-6712-3895-11256..1,2026-04-03,monthly_basic,4900
GPA.9187-7741-4050-10225..12,2026-04-03,monthly_basic,4900
GPA.9386-4103-4022-10130..13,2026-04-03,monthly_basic,4900
GPA.9793-9429-4929-10047..15,2026-04-03,monthly_basic,4900
GPA.1127-2374-1950-10253..11,2026-04-04,monthly_basic,4900
GPA.1719-9988-7231-10427..9,2026-04-04,monthly_basic,4900
GPA.1931-9629-3130-11263..1,2026-04-04,monthly_basic,4900
GPA.2111-7484-1199-11056..2,2026-04-04,monthly_plus,9900
GPA.2173-8110-7941-10986..3,2026-04-04,monthly_basic,4900
GPA.2378-6539-1582-11121..2,2026-04-04,monthly_plus,9900
GPA.2593-3076-5240-11093..2,2026-04-04,monthly_plus,9900
GPA.2814-4199-4062-10162..13,2026-04-04,monthly_basic,4900
GPA.3650-5290-9068-10640..7,2026-04-04,monthly_plus,9900
GPA.3983-7988-7336-10758..5,2026-04-04,monthly_basic,4900
GPA.4033-9817-8440-10836..4,2026-04-04,monthly_basic,4900
GPA.4141-4070-3864-11322,2026-04-04,monthly_basic,4900
GPA.4213-2809-7488-10894..4,2026-04-04,monthly_plus,9900
GPA.4235-1047-7301-11016..3,2026-04-04,monthly_basic,4900
GPA.4423-5539-6319-10440..9,2026-04-04,monthly_plus,9900
GPA.4751-5617-1259-11241..1,2026-04-04,monthly_basic,4900
GPA.5410-1684-5195-10748..5,2026-04-04,monthly_basic,4900
GPA.5453-1130-9480-10871..4,2026-04-04,monthly_basic,4900
GPA.5631-7386-6312-10022..15,2026-04-04,monthly_basic,4900
GPA.5853-7068-9413-11259..1,2026-04-04,monthly_basic,4900
GPA.5883-3382-7490-11237..1,2026-04-04,monthly_basic,4900
GPA.6602-2686-1037-10873..4,2026-04-04,monthly_basic,4900
GPA.6714-3918-4551-11228..1,2026-04-04,monthly_basic,4900
GPA.7153-8405-2400-10880..4,2026-04-04,monthly_basic,4900
GPA.8089-7512-6285-10757..5,2026-04-04,monthly_basic,4900
GPA.8164-6354-2546-10289..11,2026-04-04,monthly_basic,4900
GPA.8166-2355-8141-10750..5,2026-04-04,monthly_basic,4900
GPA.8462-8885-6037-11072..2,2026-04-04,monthly_basic,4900
GPA.8767-2754-7175-11240..1,2026-04-04,monthly_plus,9900
GPA.8904-8453-1675-11179..1,2026-04-04,monthly_plus,9900
GPA.9089-6871-1993-10376..10,2026-04-04,monthly_basic,4900
GPA.9291-3505-2392-10449..9,2026-04-04,monthly_basic,4900
GPA.9533-8301-7254-10676..6,2026-04-04,monthly_basic,4900
GPA.9599-3450-4281-11150..1,2026-04-04,monthly_basic,4900
GPA.9886-7573-8474-10854..4,2026-04-04,monthly_basic,4900
GPA.1589-6813-9884-10675..6,2026-04-05,monthly_basic,4900
GPA.1596-7220-2703-10207..11,2026-04-05,monthly_plus,9900
GPA.1729-3508-1447-11274,2026-04-05,monthly_basic,4900
GPA.1977-3688-4915-10007..15,2026-04-05,monthly_plus,9900
GPA.2008-2754-1386-10106..14,2026-04-05,monthly_plus,9900
GPA.2162-4123-9534-10501..8,2026-04-05,monthly_basic,4900
GPA.2467-6537-1314-11027..3,2026-04-05,monthly_plus,9900
GPA.2629-9487-6446-11267..1,2026-04-05,monthly_basic,4900
GPA.2715-7459-1957-10153..13,2026-04-05,monthly_basic,4900
GPA.2760-4963-7231-10739..5,2026-04-05,monthly_basic,4900
GPA.2760-5805-1276-11336,2026-04-05,monthly_basic,4900
GPA.2897-9723-6995-10148..13,2026-04-05,monthly_plus,9900
GPA.3001-1916-4746-11285,2026-04-05,monthly_basic,4900
GPA.3573-2961-6791-10546..8,2026-04-05,monthly_plus,9900
GPA.4698-2820-5051-10450..9,2026-04-05,monthly_plus,9900
GPA.4940-7131-7219-10360..4,2026-04-05,monthly_plus,9900
GPA.5026-6822-8833-11192..1,2026-04-05,monthly_basic,4900
GPA.5228-7964-7645-11384,2026-04-05,monthly_basic,4900
GPA.5414-1284-1916-10084..14,2026-04-05,monthly_basic,4900
GPA.5443-3391-1171-10508..8,2026-04-05,monthly_basic,4900
GPA.5720-9542-7054-10592..7,2026-04-05,monthly_basic,4900
GPA.5778-2622-2008-10967..3,2026-04-05,monthly_basic,4900
GPA.5907-1949-5676-11070..2,2026-04-05,monthly_basic,4900
GPA.5927-4638-8520-10990..3,2026-04-05,monthly_plus,9900
GPA.6070-8331-1471-11211..1,2026-04-05,monthly_basic,4900
GPA.7134-4632-3479-11005..3,2026-04-05,monthly_basic,4900
GPA.7169-2289-7427-11324,2026-04-05,monthly_basic,4900
GPA.7315-3733-4450-10354..10,2026-04-05,monthly_basic,4900
GPA.7361-5911-4900-10629..7,2026-04-05,monthly_basic,4900
GPA.7444-1136-1435-10649..6,2026-04-05,monthly_plus,9900
GPA.7516-2938-3542-10625..7,2026-04-05,monthly_basic,4900
GPA.8688-7348-6914-10817..5,2026-04-05,monthly_basic,4900
GPA.9369-7010-8855-10050..15,2026-04-05,monthly_basic,4900
GPA.9690-1995-5657-10653..6,2026-04-05,monthly_basic,4900
GPA.9894-1018-1877-11270,2026-04-05,monthly_basic,4900
GPA.1517-5030-1454-10340..10,2026-04-06,monthly_basic,4900
GPA.1696-4481-4569-10474..8,2026-04-06,monthly_basic,4900
GPA.1910-6379-7099-10423..9,2026-04-06,monthly_basic,4900
GPA.2261-2787-1680-10412..9,2026-04-06,monthly_basic,4900
GPA.2768-5654-2658-11030..3,2026-04-06,monthly_basic,4900
GPA.2788-7250-8587-10518..8,2026-04-06,monthly_basic,4900
GPA.2839-5724-1167-11344,2026-04-06,monthly_basic,4900
GPA.3031-5535-3772-11129..2,2026-04-06,monthly_basic,4900
GPA.3136-2420-9315-11316,2026-04-06,monthly_basic,4900
GPA.3337-4223-5455-11362,2026-04-06,monthly_plus,9900
GPA.3345-5715-3476-11341,2026-04-06,monthly_basic,4900
GPA.3358-9483-8248-11351,2026-04-06,monthly_plus,9900
GPA.3615-9447-4924-11248..1,2026-04-06,monthly_plus,9900
GPA.3866-4479-4152-11105..2,2026-04-06,monthly_basic,4900
GPA.4296-6632-4479-11244..1,2026-04-06,monthly_basic,4900
GPA.4329-6031-8073-10386..10,2026-04-06,monthly_basic,4900
GPA.4589-4413-8068-11390,2026-04-06,monthly_basic,4900
GPA.4998-1492-4054-10609..7,2026-04-06,monthly_basic,4900
GPA.5298-8369-4522-11155..1,2026-04-06,monthly_basic,4900
GPA.5682-9291-4386-11206..1,2026-04-06,monthly_basic,4900
GPA.5869-2928-6326-11115..2,2026-04-06,monthly_basic,4900
GPA.5963-9669-4256-11035..2,2026-04-06,monthly_plus,9900
GPA.6380-3634-9895-11047..2,2026-04-06,monthly_basic,4900
GPA.6702-4981-1356-11230..1,2026-04-06,monthly_basic,4900
GPA.6795-1347-6313-10898..4,2026-04-06,monthly_plus,9900
GPA.6908-9644-5787-11095..2,2026-04-06,monthly_basic,4900
GPA.6940-6888-6898-10591..7,2026-04-06,monthly_basic,4900
GPA.7017-2180-5003-10189..12,2026-04-06,monthly_basic,4900
GPA.7550-5097-4724-10304..11,2026-04-06,monthly_basic,4900
GPA.7767-8630-8520-11162..1,2026-04-06,monthly_plus,9900
GPA.7789-8411-8454-10802..5,2026-04-06,monthly_basic,4900
GPA.8256-2459-9424-10907..4,2026-04-06,monthly_basic,4900
GPA.8409-5491-3017-10252..11,2026-04-06,monthly_plus,9900
GPA.8710-4590-8186-10291..11,2026-04-06,monthly_basic,4900
GPA.8769-7722-3731-10831..4,2026-04-06,monthly_plus,9900
GPA.8945-5146-8715-11090..2,2026-04-06,monthly_basic,4900
GPA.8999-2938-4797-11314,2026-04-06,monthly_basic,4900
GPA.9180-6766-1892-11185..1,2026-04-06,monthly_basic,4900
GPA.9435-5858-8443-10747..5,2026-04-06,monthly_plus,9900
GPA.9736-4938-3337-10740..5,2026-04-06,monthly_basic,4900
GPA.9998-4753-4604-10909..4,2026-04-06,monthly_plus,9900
GPA.1232-8491-3410-11126..2,2026-04-07,monthly_plus,9900
GPA.1325-5418-9552-10690..6,2026-04-07,monthly_plus,9900
GPA.1493-9265-5990-10702..6,2026-04-07,monthly_basic,4900
GPA.2130-8500-5760-10278..11,2026-04-07,monthly_basic,4900
GPA.2915-7794-7009-10283..11,2026-04-07,monthly_basic,4900
GPA.3125-3972-7410-10995..3,2026-04-07,monthly_basic,4900
GPA.3131-4503-3450-10120..13,2026-04-07,monthly_basic,4900
GPA.3469-3207-9211-10580..7,2026-04-07,monthly_basic,4900
GPA.3605-7836-2377-10058..14,2026-04-07,monthly_basic,4900
GPA.3611-8633-3466-10587..7,2026-04-07,monthly_basic,4900
GPA.4227-5009-9619-11181..1,2026-04-07,monthly_plus,9900
GPA.4340-3158-4703-10436..9,2026-04-07,monthly_plus,9900
GPA.4608-5069-4107-11265..1,2026-04-07,monthly_plus,9900
GPA.4779-6717-2142-10388..10,2026-04-07,monthly_basic,4900
GPA.5164-5375-4975-10735..5,2026-04-07,monthly_plus,9900
GPA.5227-7105-5272-10311..11,2026-04-07,monthly_plus,9900
GPA.5235-9687-2025-11376,2026-04-07,monthly_basic,4900
GPA.5282-8047-5521-11358,2026-04-07,monthly_basic,4900
GPA.5365-6740-3651-11222..1,2026-04-07,monthly_plus,9900
GPA.5549-9412-5250-10929..3,2026-04-07,monthly_basic,4900
GPA.5912-6548-1194-10822..5,2026-04-07,monthly_basic,4900
GPA.5979-8900-8828-10555..8,2026-04-07,monthly_basic,4900
GPA.6294-5834-1764-10916..4,2026-04-07,monthly_basic,4900
GPA.6432-1597-5554-10447..9,2026-04-07,monthly_plus,9900
GPA.6938-2628-1318-10626..7,2026-04-07,monthly_basic,4900
GPA.7194-3296-8129-10374..10,2026-04-07,monthly_basic,4900
GPA.7381-4915-5592-11057..2,2026-04-07,monthly_basic,4900
GPA.7601-8295-4540-10799..5,2026-04-07,monthly_basic,4900
GPA.7949-7698-4041-11335,2026-04-07,monthly_basic,4900
GPA.8491-7685-7937-10057..14,2026-04-07,monthly_plus,9900
GPA.8679-9637-4014-11128..2,2026-04-07,monthly_basic,4900
GPA.8992-8910-4831-11141..2,2026-04-07,monthly_plus,9900
GPA.9060-5016-3664-11025..3,2026-04-07,monthly_basic,4900
GPA.9065-1440-4233-10145..12,2026-04-07,monthly_basic,4900
GPA.9303-6781-7842-10325..10,2026-04-07,monthly_basic,4900
GPA.9386-5372-9211-10980..3,2026-04-07,monthly_basic,4900
GPA.9412-4348-2111-10945..3,2026-04-07,monthly_basic,4900
GPA.9552-3003-1750-10317..10,2026-04-07,monthly_basic,4900
GPA.9921-1356-2342-11197..1,2026-04-07,monthly_plus,9900
GPA.1129-9157-5507-10201..12,2026-04-08,monthly_basic,4900
GPA.1374-4217-4481-10168..13,2026-04-08,monthly_basic,4900
GPA.1470-5303-6026-10470..8,2026-04-08,monthly_basic,4900
GPA.1925-4922-7366-11321,2026-04-08,monthly_basic,4900
GPA.2113-6971-1982-10009..15,2026-04-08,monthly_basic,4900
GPA.2343-3267-4067-11157..1,2026-04-08,monthly_basic,4900
GPA.2435-3589-4043-10987..3,2026-04-08,monthly_plus,9900
GPA.2491-2004-2636-10224..10,2026-04-08,monthly_plus,9900
GPA.2492-3126-9102-11232..1,2026-04-08,monthly_basic,4900
GPA.3099-9831-1215-11082..2,2026-04-08,monthly_plus,9900
GPA.3125-5996-7760-11279,2026-04-08,monthly_basic,4900
GPA.3760-8455-5037-10369..10,2026-04-08,monthly_basic,4900
GPA.3883-5221-5111-11008..3,2026-04-08,monthly_basic,4900
GPA.4022-6634-6258-10536..8,2026-04-08,monthly_basic,4900
GPA.4087-7989-4655-10468..8,2026-04-08,monthly_basic,4900
GPA.4237-7834-6317-10339..10,2026-04-08,monthly_basic,4900
GPA.4444-1061-6168-11024..3,2026-04-08,monthly_basic,4900
GPA.4783-2715-1949-11204..1,2026-04-08,monthly_plus,9900
GPA.5349-2496-9933-10605..7,2026-04-08,monthly_basic,4900
GPA.5604-4345-6387-10784..5,2026-04-08,monthly_basic,4900
GPA.5775-4878-3737-11002..3,2026-04-08,monthly_basic,4900
GPA.5784-8341-1973-10334..10,2026-04-08,monthly_basic,4900
GPA.5869-8084-9291-11184..1,2026-04-08,monthly_basic,4900
GPA.6135-9669-2421-11346,2026-04-08,monthly_basic,4900
GPA.6630-6452-4855-11119..2,2026-04-08,monthly_basic,4900
GPA.6920-3334-1881-11058..2,2026-04-08,monthly_basic,4900
GPA.7255-6878-7464-11253..1,2026-04-08,monthly_basic,4900
GPA.7274-6452-5253-10461..9,2026-04-08,monthly_basic,4900
GPA.7402-1159-3496-10636..7,2026-04-08,monthly_basic,4900
GPA.7747-2324-4837-11262..1,2026-04-08,monthly_basic,4900
GPA.8741-8366-2424-10522..8,2026-04-08,monthly_plus,9900
GPA.9225-4047-2963-10166..13,2026-04-08,monthly_basic,4900
GPA.9467-1894-8870-11293,2026-04-08,monthly_basic,4900
GPA.9740-1363-7920-11193..1,2026-04-08,monthly_basic,4900
GPA.1399-5427-5303-10316..11,2026-04-09,monthly_basic,4900
GPA.1648-6710-6889-10638..7,2026-04-09,monthly_basic,4900
GPA.2842-3305-8410-10948..3,2026-04-09,monthly_basic,4900
GPA.2864-4855-6709-11327,2026-04-09,monthly_basic,4900
GPA.2896-5621-7678-11196..1,2026-04-09,monthly_basic,4900
GPA.3106-3271-2218-10030..15,2026-04-09,monthly_basic,4900
GPA.3650-9921-6995-11063..2,2026-04-09,monthly_plus,9900
GPA.3950-8437-6589-10579..7,2026-04-09,monthly_plus,9900
GPA.4072-4875-5780-10911..4,2026-04-09,monthly_basic,4900
GPA.4078-1951-3561-11143..2,2026-04-09,monthly_plus,9900
GPA.4146-5313-2472-11370,2026-04-09,monthly_basic,4900
GPA.5280-4012-7572-11187..1,2026-04-09,monthly_basic,4900
GPA.5577-4741-5141-10300..11,2026-04-09,monthly_basic,4900
GPA.6283-6871-6549-10016..15,2026-04-09,monthly_plus,9900
GPA.6846-2191-1028-11284,2026-04-09,monthly_basic,4900
GPA.6857-7017-8189-11113..2,2026-04-09,monthly_plus,9900
GPA.6886-9798-7309-11247..1,2026-04-09,monthly_basic,4900
GPA.6981-3976-8801-10499..8,2026-04-09,monthly_basic,4900
GPA.7089-4208-3018-11292,2026-04-09,monthly_basic,4900
GPA.7177-5117-7158-10801..5,2026-04-09,monthly_basic,4900
GPA.7277-5172-1216-11354,2026-04-09,monthly_basic,4900
GPA.7502-6109-7221-10961..3,2026-04-09,monthly_plus,9900
GPA.7607-8257-5748-11172..1,2026-04-09,monthly_basic,4900
GPA.8613-9352-2585-10578..7,2026-04-09,monthly_plus,9900
GPA.8655-9837-5784-10187..12,2026-04-09,monthly_plus,9900
GPA.8736-2248-3200-10099..14,2026-04-09,monthly_basic,4900
GPA.8904-7450-6165-10507..8,2026-04-09,monthly_plus,9900
GPA.9821-2740-4744-10132..13,2026-04-09,monthly_basic,4900
GPA.1038-2001-7345-11363,2026-04-10,monthly_basic,4900
GPA.1082-5410-5557-10814..5,2026-04-10,monthly_plus,9900
GPA.1796-1419-3343-11361,2026-04-10,monthly_plus,9900
GPA.1964-3934-4002-10411..9,2026-04-10,monthly_basic,4900
GPA.2198-4300-4285-10877..4,2026-04-10,monthly_basic,4900
GPA.2643-2995-8125-10296..11,2026-04-10,monthly_plus,9900
GPA.3752-6885-2120-10908..4,2026-04-10,monthly_basic,4900
GPA.3813-7054-5195-10570..7,2026-04-10,monthly_plus,9900
GPA.4050-6449-9090-10773..5,2026-04-10,monthly_basic,4900
GPA.4056-8686-1114-10336..10,2026-04-10,monthly_basic,4900
GPA.4063-3943-6701-10550..8,2026-04-10,monthly_basic,4900
GPA.4763-4466-9820-10068..14,2026-04-10,monthly_basic,4900
GPA.5340-6048-5451-10657..6,2026-04-10,monthly_plus,9900
GPA.5780-7948-2145-10786..5,2026-04-10,monthly_basic,4900
GPA.5812-3160-2991-11038..2,2026-04-10,monthly_basic,4900
GPA.6116-9417-9583-10870..4,2026-04-10,monthly_basic,4900
GPA.6389-4307-1190-10648..6,2026-04-10,monthly_basic,4900
GPA.6575-6185-5855-10864..4,2026-04-10,monthly_plus,9900
GPA.6727-8019-5508-10600..7,2026-04-10,monthly_basic,4900
GPA.6805-5447-8155-11200..1,2026-04-10,monthly_basic,4900
GPA.6953-9264-7937-11282,2026-04-10,monthly_basic,4900
GPA.6965-2234-6131-11012..3,2026-04-10,monthly_plus,9900
GPA.7103-5410-6519-10509..8,2026-04-10,monthly_plus,9900
GPA.7342-8191-9417-10263..11,2026-04-10,monthly_basic,4900
GPA.7538-1051-9662-10306..11,2026-04-10,monthly_basic,4900
GPA.8089-8848-9852-10318..10,2026-04-10,monthly_basic,4900
GPA.8167-6011-4846-11289,2026-04-10,monthly_basic,4900
GPA.8460-8922-6251-10478..8,2026-04-10,monthly_plus,9900
GPA.8576-5328-5130-10896..4,2026-04-10,monthly_basic,4900
GPA.8640-9924-6647-10754..5,2026-04-10,monthly_basic,4900
GPA.8736-4633-1038-10700..6,2026-04-10,monthly_plus,9900
GPA.8776-1144-5263-10154..13,2026-04-10,monthly_plus,9900
GPA.8909-3614-5792-11325,2026-04-10,monthly_plus,9900
GPA.8944-1906-9986-10613..7,2026-04-10,monthly_plus,9900
GPA.8950-1269-9787-11309,2026-04-10,monthly_basic,4900
GPA.9135-2387-8831-10804..5,2026-04-10,monthly_basic,4900
GPA.1050-4399-9181-10560..7,2026-04-11,monthly_basic,4900
GPA.1194-3671-7136-10775..5,2026-04-11,monthly_plus,9900
GPA.1246-4681-9057-10925..3,2026-04-11,monthly_basic,4900
GPA.1484-5646-5753-10230..12,2026-04-11,monthly_basic,4900
GPA.1936-7944-3660-10391..9,2026-04-11,monthly_plus,9900
GPA.2174-9081-9972-11357,2026-04-11,monthly_basic,4900
GPA.2243-1525-8076-10787..5,2026-04-11,monthly_basic,4900
GPA.2628-4753-7018-10428..9,2026-04-11,monthly_plus,9900
GPA.3133-3573-4280-10284..11,2026-04-11,monthly_basic,4900
GPA.3812-8768-7148-10025..6,2026-04-11,monthly_plus,9900
GPA.4098-6869-3665-11225..1,2026-04-11,monthly_plus,9900
GPA.4149-7962-5194-11283,2026-04-11,monthly_basic,4900
GPA.4250-7505-7930-10251..11,2026-04-11,monthly_basic,4900
GPA.4942-6282-2816-11264..1,2026-04-11,monthly_basic,4900
GPA.5177-4778-8009-10727..6,2026-04-11,monthly_basic,4900
GPA.5324-5769-6452-10860..4,2026-04-11,monthly_basic,4900
GPA.5436-9215-9687-11372,2026-04-11,monthly_basic,4900
GPA.5480-9775-7838-11152..1,2026-04-11,monthly_basic,4900
GPA.5598-6256-1410-10379..10,2026-04-11,monthly_basic,4900
GPA.5641-2126-4245-10933..3,2026-04-11,monthly_basic,4900
GPA.5813-6124-9552-10631..7,2026-04-11,monthly_basic,4900
GPA.5877-2965-4126-11231..1,2026-04-11,monthly_basic,4900
GPA.5906-2795-7048-10992..3,2026-04-11,monthly_basic,4900
GPA.6101-1159-3030-10157..13,2026-04-11,monthly_basic,4900
GPA.6137-6029-2968-10460..9,2026-04-11,monthly_basic,4900
GPA.6194-5038-3183-10174..13,2026-04-11,monthly_basic,4900
GPA.6494-4003-1996-11054..2,2026-04-11,monthly_basic,4900
GPA.6577-2245-9871-10642..7,2026-04-11,monthly_basic,4900
GPA.6982-3728-5610-10632..7,2026-04-11,monthly_plus,9900
GPA.7018-4853-5173-10972..3,2026-04-11,monthly_plus,9900
GPA.7203-6707-2235-11331,2026-04-11,monthly_plus,9900
GPA.7282-8303-6077-10789..5,2026-04-11,monthly_plus,9900
GPA.7520-2007-3296-10651..6,2026-04-11,monthly_basic,4900
GPA.7754-7283-9123-10542..8,2026-04-11,monthly_basic,4900
GPA.7836-4264-7514-10193..12,2026-04-11,monthly_plus,9900
GPA.8079-6215-4369-10043..15,2026-04-11,monthly_plus,9900
GPA.8137-3188-9092-10953..3,2026-04-11,monthly_basic,4900
GPA.8550-4346-4801-11300,2026-04-11,monthly_basic,4900
GPA.8600-6002-5431-11291,2026-04-11,monthly_basic,4900
GPA.1245-3426-8899-11286,2026-04-12,monthly_basic,4900
GPA.1645-9403-2555-10825..4,2026-04-12,monthly_basic,4900
GPA.1669-6917-4837-10893..4,2026-04-12,monthly_basic,4900
GPA.1830-9427-8980-10519..8,2026-04-12,monthly_plus,9900
GPA.2196-3799-3944-10269..11,2026-04-12,monthly_basic,4900
GPA.3167-4951-3681-11278,2026-04-12,monthly_basic,4900
GPA.3762-2247-7623-10075..14,2026-04-12,monthly_basic,4900
GPA.3992-2572-5322-10941..3,2026-04-12,monthly_basic,4900
GPA.4135-3852-8999-10920..4,2026-04-12,monthly_basic,4900
GPA.4530-2168-8438-10866..4,2026-04-12,monthly_basic,4900
GPA.4724-8332-8549-10274..11,2026-04-12,monthly_basic,4900
GPA.4959-3470-4198-10255..11,2026-04-12,monthly_basic,4900
GPA.5132-1706-3288-10885..4,2026-04-12,monthly_plus,9900
GPA.5276-3626-7957-11318,2026-04-12,monthly_basic,4900
GPA.5374-6402-5697-11287,2026-04-12,monthly_basic,4900
GPA.5422-9494-8579-11011..3,2026-04-12,monthly_basic,4900
GPA.5441-6141-8482-10781..5,2026-04-12,monthly_basic,4900
GPA.5514-8971-2605-10403..9,2026-04-12,monthly_plus,9900
GPA.5658-9685-5947-11377,2026-04-12,monthly_basic,4900
GPA.5737-3896-7109-11077..2,2026-04-12,monthly_basic,4900
GPA.5894-7610-6295-11052..2,2026-04-12,monthly_plus,9900
GPA.5972-1536-9265-10438..9,2026-04-12,monthly_basic,4900
GPA.6933-7124-7080-10540..8,2026-04-12,monthly_basic,4900
GPA.6959-9827-4557-10208..12,2026-04-12,monthly_basic,4900
GPA.7267-8802-7011-10697..6,2026-04-12,monthly_basic,4900
GPA.7304-2684-7310-10826..4,2026-04-12,monthly_plus,9900
GPA.7549-9080-2105-11317,2026-04-12,monthly_basic,4900
GPA.7678-2110-9429-10395..9,2026-04-12,monthly_basic,4900
GPA.7968-2441-4425-10660..6,2026-04-12,monthly_basic,4900
GPA.8190-3944-3138-11142..2,2026-04-12,monthly_basic,4900
GPA.8520-8621-9955-11381,2026-04-12,monthly_basic,4900
GPA.9126-8210-7980-10275..11,2026-04-12,monthly_plus,9900
GPA.9361-2558-1323-10834..4,2026-04-12,monthly_basic,4900
GPA.9607-4426-8246-10041..15,2026-04-12,monthly_basic,4900
GPA.9739-4534-8653-10069..14,2026-04-12,monthly_basic,4900
GPA.9749-4814-9006-10442..9,2026-04-12,monthly_basic,4900
GPA.9858-5183-3383-10630..7,2026-04-12,monthly_basic,4900
GPA.9913-7987-1773-10876..4,2026-04-12,monthly_basic,4900
GPA.1700-5521-4036-11036..2,2026-04-13,monthly_basic,4900
GPA.1987-9614-9804-11108..2,2026-04-13,monthly_plus,9900
GPA.2191-5133-3788-11295,2026-04-13,monthly_basic,4900
GPA.2244-6681-3743-11091..2,2026-04-13,monthly_plus,9900
GPA.2287-5751-9377-11242..1,2026-04-13,monthly_basic,4900
GPA.2724-6683-8236-11252..1,2026-04-13,monthly_plus,9900
GPA.2780-3840-8539-11083..2,2026-04-13,monthly_basic,4900
GPA.2991-6105-6776-10838..4,2026-04-13,monthly_basic,4900
GPA.3070-8304-3938-10678..6,2026-04-13,monthly_basic,4900
GPA.3204-1035-3017-10840..4,2026-04-13,monthly_basic,4900
GPA.3354-1089-5084-11161..1,2026-04-13,monthly_plus,9900
GPA.4313-4281-9125-10595..7,2026-04-13,monthly_plus,9900
GPA.4622-6272-2903-10250..11,2026-04-13,monthly_basic,4900
GPA.5050-3084-6504-10879..4,2026-04-13,monthly_basic,4900
GPA.5581-8934-6824-11245..1,2026-04-13,monthly_basic,4900
GPA.5772-1165-7513-11042..2,2026-04-13,monthly_plus,9900
GPA.6286-1508-2825-10968..3,2026-04-13,monthly_basic,4900
GPA.6414-1595-2345-11048..2,2026-04-13,monthly_plus,9900
GPA.6519-2044-6391-10988..3,2026-04-13,monthly_basic,4900
GPA.6737-4039-4464-11017..3,2026-04-13,monthly_basic,4900
GPA.6757-2589-5824-10965..3,2026-04-13,monthly_plus,9900
GPA.7237-8703-4571-11387,2026-04-13,monthly_basic,4900
GPA.7658-6561-3906-10260..11,2026-04-13,monthly_basic,4900
GPA.8239-9218-1714-11171..1,2026-04-13,monthly_basic,4900
GPA.8673-2675-3222-10949..3,2026-04-13,monthly_plus,9900
GPA.9278-2066-5728-10765..5,2026-04-13,monthly_plus,9900
GPA.9377-7612-2361-11191..1,2026-04-13,monthly_basic,4900
GPA.9854-7923-5827-11306,2026-04-13,monthly_basic,4900
GPA.9945-5908-1991-10874..4,2026-04-13,monthly_basic,4900
GPA.9950-6039-7136-10673..6,2026-04-13,monthly_plus,9900
GPA.1526-6256-4659-11062..2,2026-04-14,monthly_basic,4900
GPA.1554-9934-1688-10718..6,2026-04-14,monthly_basic,4900
GPA.1680-9650-5541-10620..7,2026-04-14,monthly_plus,9900
GPA.2000-8274-8065-11345,2026-04-14,monthly_basic,4900
GPA.2113-3616-8509-11061..2,2026-04-14,monthly_basic,4900
GPA.2439-3740-5232-11087..2,2026-04-14,monthly_basic,4900
GPA.2838-6095-8755-10869..4,2026-04-14,monthly_basic,4900
GPA.3358-7373-9449-10236..12,2026-04-14,monthly_basic,4900
GPA.3490-4867-7990-11385,2026-04-14,monthly_basic,4900
GPA.3859-4810-5272-11092..2,2026-04-14,monthly_plus,9900
GPA.4139-9157-6693-11168..1,2026-04-14,monthly_plus,9900
GPA.4198-6298-5997-10966..3,2026-04-14,monthly_basic,4900
GPA.4394-8385-1189-10743..5,2026-04-14,monthly_basic,4900
GPA.4394-9171-2863-11243..1,2026-04-14,monthly_basic,4900
GPA.4413-9345-2452-10644..6,2026-04-14,monthly_basic,4900
GPA.4510-7262-8036-11189..1,2026-04-14,monthly_plus,9900
GPA.4612-6938-8746-11100..2,2026-04-14,monthly_basic,4900
GPA.4750-3051-8178-10719..6,2026-04-14,monthly_plus,9900
GPA.4780-1299-1940-11320,2026-04-14,monthly_basic,4900
GPA.5047-9552-8987-11255..1,2026-04-14,monthly_basic,4900
GPA.5197-9617-4743-11051..2,2026-04-14,monthly_plus,9900
GPA.5218-8913-2701-10921..4,2026-04-14,monthly_plus,9900
GPA.5563-9801-2631-10815..5,2026-04-14,monthly_plus,9900
GPA.5654-8585-6623-10572..7,2026-04-14,monthly_basic,4900
GPA.5669-4203-6326-10943..3,2026-04-14,monthly_basic,4900
GPA.6348-1843-7989-10096..14,2026-04-14,monthly_plus,9900
GPA.7347-9365-6390-11223..1,2026-04-14,monthly_basic,4900
GPA.7815-6381-7870-11305,2026-04-14,monthly_basic,4900
GPA.7975-8370-5065-11194..1,2026-04-14,monthly_basic,4900
GPA.8219-1094-5303-11203..1,2026-04-14,monthly_basic,4900
GPA.8263-4035-9334-10239..12,2026-04-14,monthly_basic,4900
GPA.8271-5698-5560-11334,2026-04-14,monthly_plus,9900
GPA.8460-6139-9623-10305..11,2026-04-14,monthly_basic,4900
GPA.8608-1427-7166-10544..8,2026-04-14,monthly_basic,4900
GPA.8609-5394-2594-10850..4,2026-04-14,monthly_basic,4900
GPA.8661-4812-5577-11020..3,2026-04-14,monthly_plus,9900
GPA.9042-7245-6317-10623..7,2026-04-14,monthly_basic,4900
GPA.9377-6413-4347-10039..15,2026-04-14,monthly_plus,9900
GPA.9663-9976-2013-10320..10,2026-04-14,monthly_basic,4900
GPA.1072-8151-4947-10959..3,2026-04-15,monthly_basic,4900
GPA.1075-9370-7572-10066..14,2026-04-15,monthly_basic,4900
GPA.1375-4720-6151-11149..1,2026-04-15,monthly_basic,4900
GPA.1570-6408-3162-10294..11,2026-04-15,monthly_basic,4900
GPA.1571-7746-2819-10883..4,2026-04-15,monthly_basic,4900
GPA.1611-1417-8032-10167..13,2026-04-15,monthly_basic,4900
GPA.1685-7194-6195-10558..7,2026-04-15,monthly_basic,4900
GPA.1802-5798-5535-10897..4,2026-04-15,monthly_basic,4900
GPA.1856-9188-6868-10129..13,2026-04-15,monthly_basic,4900
GPA.2210-4977-3275-11151..1,2026-04-15,monthly_basic,4900
GPA.2787-3621-7234-10466..9,2026-04-15,monthly_basic,4900
GPA.2998-5410-3491-11097..2,2026-04-15,monthly_plus,9900
GPA.3108-9735-2586-11258..1,2026-04-15,monthly_plus,9900
GPA.3292-4847-8861-10267..11,2026-04-15,monthly_plus,9900
GPA.3424-9093-4176-10406..9,2026-04-15,monthly_plus,9900
GPA.3466-7088-9527-11174..1,2026-04-15,monthly_basic,4900
GPA.4753-7563-1767-10548..8,2026-04-15,monthly_basic,4900
GPA.5280-7249-4858-11380,2026-04-15,monthly_plus,9900
GPA.6019-9888-9443-10392..9,2026-04-15,monthly_basic,4900
GPA.6298-3761-7341-10221..12,2026-04-15,monthly_plus,9900
GPA.6356-9739-3318-10077..14,2026-04-15,monthly_plus,9900
GPA.8258-2298-1366-10762..5,2026-04-15,monthly_basic,4900
GPA.8492-1399-6727-10732..5,2026-04-15,monthly_plus,9900
GPA.8808-3018-4730-10647..6,2026-04-15,monthly_basic,4900
GPA.9538-7549-7874-10012..15,2026-04-15,monthly_basic,4900
GPA.9652-4327-7818-11383,2026-04-15,monthly_basic,4900
GPA.9887-4332-3504-10524..8,2026-04-15,monthly_basic,4900
GPA.9958-8006-1672-10194..12,2026-04-15,monthly_basic,4900
GPA.1136-5407-6802-10464..9,2026-04-16,monthly_basic,4900
GPA.1324-4354-3390-10590..7,2026-04-16,monthly_basic,4900
GPA.1480-3104-9682-11379,2026-04-16,monthly_basic,4900
GPA.1515-2600-7159-10616..7,2026-04-16,monthly_plus,9900
GPA.1708-9008-9174-10889..4,2026-04-16,monthly_basic,4900
GPA.1763-6443-8153-11160..1,2026-04-16,monthly_basic,4900
GPA.1792-1695-6299-10594..7,2026-04-16,monthly_basic,4900
GPA.1840-8378-8895-10769..5,2026-04-16,monthly_basic,4900
GPA.2019-2544-5921-10926..3,2026-04-16,monthly_basic,4900
GPA.2281-5497-4841-10500..8,2026-04-16,monthly_basic,4900
GPA.2341-3908-6716-11359,2026-04-16,monthly_basic,4900
GPA.2462-3225-1555-10404..9,2026-04-16,monthly_basic,4900
GPA.2510-7463-6673-10936..3,2026-04-16,monthly_basic,4900
GPA.2653-3822-8836-11212..1,2026-04-16,monthly_basic,4900
GPA.2767-2761-6372-11111..2,2026-04-16,monthly_basic,4900
GPA.3225-5434-1596-11338,2026-04-16,monthly_basic,4900
GPA.3344-6362-3007-11088..2,2026-04-16,monthly_plus,9900
GPA.4167-8490-8834-11205..1,2026-04-16,monthly_plus,9900
GPA.4689-6854-8624-10723..6,2026-04-16,monthly_basic,4900
GPA.5422-6488-7730-10790..5,2026-04-16,monthly_plus,9900
GPA.5788-3922-9154-10716..6,2026-04-16,monthly_plus,9900
GPA.5797-3585-9292-10813..5,2026-04-16,monthly_basic,4900
GPA.5832-9560-4392-10628..3,2026-04-16,monthly_basic,4900
GPA.6078-4013-3803-10576..7,2026-04-16,monthly_basic,4900
GPA.6092-4759-2200-10567..7,2026-04-16,monthly_plus,9900
GPA.6425-7791-3177-10530..8,2026-04-16,monthly_basic,4900
GPA.6456-7612-8970-10055..15,2026-04-16,monthly_plus,9900
GPA.6476-4648-3011-10795..5,2026-04-16,monthly_basic,4900
GPA.6684-2957-6713-10829..4,2026-04-16,monthly_basic,4900
GPA.7098-1420-6578-11349,2026-04-16,monthly_plus,9900
GPA.7124-3305-6088-10446..9,2026-04-16,monthly_basic,4900
GPA.7138-1367-7439-10952..3,2026-04-16,monthly_plus,9900
GPA.7213-5715-2077-10309..11,2026-04-16,monthly_plus,9900
GPA.7240-2830-4843-11040..2,2026-04-16,monthly_basic,4900
GPA.7393-3658-8166-10957..3,2026-04-16,monthly_plus,9900
GPA.7524-6067-2844-10585..7,2026-04-16,monthly_basic,4900
GPA.7718-7828-1725-11216..1,2026-04-16,monthly_basic,4900
GPA.8170-7623-8874-10010..15,2026-04-16,monthly_basic,4900
GPA.8564-2237-8908-10125..13,2026-04-16,monthly_plus,9900
GPA.8875-3921-6004-11273,2026-04-16,monthly_plus,9900
GPA.9291-6015-6438-11378,2026-04-16,monthly_basic,4900
GPA.9483-7638-6348-10551..8,2026-04-16,monthly_basic,4900
GPA.1154-7651-5243-10761..5,2026-04-17,monthly_basic,4900
GPA.1351-7869-3804-11389,2026-04-17,monthly_basic,4900
GPA.1599-1949-7227-11001..3,2026-04-17,monthly_basic,4900
GPA.1775-9043-4712-11156..1,2026-04-17,monthly_basic,4900
GPA.2061-8960-9169-10846..4,2026-04-17,monthly_basic,4900
GPA.2179-6551-4555-11288,2026-04-17,monthly_basic,4900
GPA.2447-3778-9885-11323,2026-04-17,monthly_basic,4900
GPA.2628-4538-6750-10710..6,2026-04-17,monthly_basic,4900
GPA.2711-8282-4257-11368,2026-04-17,monthly_basic,4900
GPA.2998-5572-7782-11294,2026-04-17,monthly_plus,9900
GPA.3725-6938-6923-10033..15,2026-04-17,monthly_basic,4900
GPA.3725-7784-5583-11084..2,2026-04-17,monthly_plus,9900
GPA.4133-5566-5397-10363..8,2026-04-17,monthly_plus,9900
GPA.4214-1621-7196-10997..3,2026-04-17,monthly_basic,4900
GPA.4598-1729-1690-10970..3,2026-04-17,monthly_plus,9900
GPA.5131-4453-2134-10342..10,2026-04-17,monthly_basic,4900
GPA.5505-8617-7342-10633..7,2026-04-17,monthly_basic,4900
GPA.5657-8217-7884-11249..1,2026-04-17,monthly_basic,4900
GPA.6135-7219-8925-11326,2026-04-17,monthly_basic,4900
GPA.6325-4872-1713-10974..3,2026-04-17,monthly_basic,4900
GPA.6385-4912-6398-10185..12,2026-04-17,monthly_basic,4900
GPA.6504-8747-8539-11195..1,2026-04-17,monthly_basic,4900
GPA.6648-8038-4574-10942..3,2026-04-17,monthly_plus,9900
GPA.6678-2040-6422-10932..3,2026-04-17,monthly_basic,4900
GPA.7333-9778-1201-11099..2,2026-04-17,monthly_basic,4900
GPA.7977-2806-3937-10857..4,2026-04-17,monthly_plus,9900
GPA.8260-9206-5010-11218..1,2026-04-17,monthly_plus,9900
GPA.8434-7839-9926-10085..14,2026-04-17,monthly_basic,4900
GPA.8623-4531-1935-10042..6,2026-04-17,monthly_basic,4900
GPA.9219-9383-2442-10097..14,2026-04-17,monthly_basic,4900
GPA.9930-3828-4407-11071..2,2026-04-17,monthly_plus,9900
GPA.9970-2625-2692-10451..9,2026-04-17,monthly_plus,9900
GPA.1013-6267-4563-11118..2,2026-04-18,monthly_basic,4900
GPA.1141-2984-1878-10746..5,2026-04-18,monthly_basic,4900
GPA.1535-4590-3075-10979..3,2026-04-18,monthly_basic,4900
GPA.1999-9779-5516-11312,2026-04-18,monthly_plus,9900
GPA.2570-5155-7983-10452..9,2026-04-18,monthly_plus,9900
GPA.2890-2783-5370-11050..2,2026-04-18,monthly_basic,4900
GPA.3042-2179-9146-10687..6,2026-04-18,monthly_basic,4900
GPA.3253-6816-4053-10975..3,2026-04-18,monthly_basic,4900
GPA.3262-8736-1290-10859..4,2026-04-18,monthly_basic,4900
GPA.3291-7154-2284-10378..10,2026-04-18,monthly_basic,4900
GPA.3470-8536-2464-11060..2,2026-04-18,monthly_plus,9900
GPA.3544-6743-3827-10254..8,2026-04-18,monthly_basic,4900
GPA.3724-1661-4100-10310..11,2026-04-18,monthly_basic,4900
GPA.3728-4607-3068-10593..7,2026-04-18,monthly_basic,4900
GPA.3810-5889-6885-10724..6,2026-04-18,monthly_basic,4900
GPA.4106-7631-4180-11350,2026-04-18,monthly_basic,4900
GPA.4364-3384-1751-10100..14,2026-04-18,monthly_basic,4900
GPA.4847-8643-4810-11352,2026-04-18,monthly_basic,4900
GPA.4901-4433-7075-10345..9,2026-04-18,monthly_plus,9900
GPA.5452-5827-1856-10617..7,2026-04-18,monthly_basic,4900
GPA.5471-7506-9233-10262..11,2026-04-18,monthly_basic,4900
GPA.5851-5167-8986-11367,2026-04-18,monthly_basic,4900
GPA.5999-1755-9422-11173..1,2026-04-18,monthly_plus,9900
GPA.6103-6648-7345-10116..14,2026-04-18,monthly_basic,4900
GPA.6275-9143-8333-10950..3,2026-04-18,monthly_basic,4900
GPA.6294-9792-5999-10380..10,2026-04-18,monthly_basic,4900
GPA.6409-2567-9964-10535..8,2026-04-18,monthly_basic,4900
GPA.6757-7658-2796-10288..11,2026-04-18,monthly_basic,4900
GPA.7351-4269-3559-10335..10,2026-04-18,monthly_basic,4900
GPA.7649-6972-3871-10766..5,2026-04-18,monthly_plus,9900
GPA.8298-4631-3669-10755..5,2026-04-18,monthly_basic,4900
GPA.8430-8903-8453-10800..5,2026-04-18,monthly_basic,4900
GPA.8542-9521-4221-11120..2,2026-04-18,monthly_basic,4900
GPA.8557-9320-9547-10128..13,2026-04-18,monthly_basic,4900
GPA.8775-3408-6022-10614..7,2026-04-18,monthly_plus,9900
GPA.8947-8756-3862-10110..9,2026-04-18,monthly_basic,4900
GPA.9086-9401-3582-11177..1,2026-04-18,monthly_plus,9900
GPA.9196-9036-2537-10545..8,2026-04-18,monthly_basic,4900
GPA.9230-6107-3416-11109..2,2026-04-18,monthly_plus,9900
GPA.9548-5774-7985-11373,2026-04-18,monthly_basic,4900
GPA.9800-3786-6348-11296,2026-04-18,monthly_plus,9900
GPA.9906-2445-3790-11221..1,2026-04-18,monthly_basic,4900
GPA.1151-7066-1149-10672..6,2026-04-19,monthly_plus,9900
GPA.1532-7552-8531-10798..5,2026-04-19,monthly_basic,4900
GPA.1734-4531-4208-10248..12,2026-04-19,monthly_basic,4900
GPA.1891-3064-3683-10720..6,2026-04-19,monthly_basic,4900
GPA.1899-4070-4920-10226..12,2026-04-19,monthly_basic,4900
GPA.2064-8522-2147-10934..3,2026-04-19,monthly_basic,4900
GPA.2894-3616-4616-10904..4,2026-04-19,monthly_basic,4900
GPA.2905-6024-5661-10955..3,2026-04-19,monthly_basic,4900
GPA.2998-5727-4344-11122..2,2026-04-19,monthly_plus,9900
GPA.3368-2429-2940-10396..9,2026-04-19,monthly_basic,4900
GPA.3566-5280-8440-10083..10,2026-04-19,monthly_basic,4900
GPA.3692-3611-9128-11167..1,2026-04-19,monthly_plus,9900
GPA.3793-9241-6740-11043..2,2026-04-19,monthly_basic,4900
GPA.4432-9544-5231-10976..3,2026-04-19,monthly_basic,4900
GPA.4439-9400-9930-10527..8,2026-04-19,monthly_plus,9900
GPA.4589-3857-5078-11154..1,2026-04-19,monthly_basic,4900
GPA.5219-2970-7645-10736..5,2026-04-19,monthly_basic,4900
GPA.5391-2132-8676-11347,2026-04-19,monthly_basic,4900
GPA.5443-3039-5090-11208..1,2026-04-19,monthly_basic,4900
GPA.5507-6202-9242-10693..6,2026-04-19,monthly_plus,9900
GPA.5740-6387-2485-10956..3,2026-04-19,monthly_basic,4900
GPA.5756-3761-3392-11018..3,2026-04-19,monthly_basic,4900
GPA.5796-5211-4181-10899..4,2026-04-19,monthly_plus,9900
GPA.5852-2096-5474-10606..7,2026-04-19,monthly_plus,9900
GPA.6486-6610-1676-11277,2026-04-19,monthly_basic,4900
GPA.6799-8872-1187-10843..4,2026-04-19,monthly_basic,4900
GPA.6831-7051-8139-11183..1,2026-04-19,monthly_basic,4900
GPA.6946-3981-3168-10122..13,2026-04-19,monthly_basic,4900
GPA.7247-7632-7375-10271..11,2026-04-19,monthly_plus,9900
GPA.7525-9187-7634-11135..2,2026-04-19,monthly_basic,4900
GPA.7824-2101-8005-11374,2026-04-19,monthly_basic,4900
GPA.7858-9413-6544-10884..4,2026-04-19,monthly_basic,4900
GPA.7913-2561-3714-10891..4,2026-04-19,monthly_basic,4900
GPA.8137-1191-6998-10439..9,2026-04-19,monthly_basic,4900
GPA.8203-4200-4970-11069..2,2026-04-19,monthly_basic,4900
GPA.8264-6599-2149-10809..5,2026-04-19,monthly_basic,4900
GPA.8385-5625-5046-10493..8,2026-04-19,monthly_plus,9900
GPA.8511-6356-7468-11180..1,2026-04-19,monthly_plus,9900
GPA.8714-3088-5837-11207..1,2026-04-19,monthly_basic,4900
GPA.8846-5133-8069-10511..8,2026-04-19,monthly_plus,9900
GPA.9391-9312-9554-10181..13,2026-04-19,monthly_plus,9900
GPA.9599-7010-2684-10329..10,2026-04-19,monthly_basic,4900
GPA.1058-3148-4596-10849..4,2026-04-20,monthly_basic,4900
GPA.1096-4085-6243-10323..10,2026-04-20,monthly_basic,4900
GPA.1220-9591-3881-11332,2026-04-20,monthly_basic,4900
GPA.1238-3033-8137-11029..3,2026-04-20,monthly_basic,4900
GPA.1735-2233-6234-11165..1,2026-04-20,monthly_basic,4900
GPA.1844-1464-2866-10389..10,2026-04-20,monthly_basic,4900
GPA.1885-5186-9920-10219..5,2026-04-20,monthly_basic,4900
GPA.1972-3446-5928-10708..6,2026-04-20,monthly_plus,9900
GPA.2021-9119-8113-11329,2026-04-20,monthly_basic,4900
GPA.2063-3665-7045-10971..3,2026-04-20,monthly_basic,4900
GPA.2539-7540-1059-11055..2,2026-04-20,monthly_plus,9900
GPA.2999-1610-6342-10465..9,2026-04-20,monthly_basic,4900
GPA.3133-9646-6741-11148..2,2026-04-20,monthly_plus,9900
GPA.3432-6195-9671-10523..8,2026-04-20,monthly_basic,4900
GPA.3596-1297-4148-11310,2026-04-20,monthly_basic,4900
GPA.3808-9759-3897-10215..12,2026-04-20,monthly_basic,4900
GPA.3818-3962-8008-10307..11,2026-04-20,monthly_basic,4900
GPA.4590-3976-7752-10841..4,2026-04-20,monthly_basic,4900
GPA.4959-5698-9448-10056..14,2026-04-20,monthly_basic,4900
GPA.4963-5643-5880-10562..7,2026-04-20,monthly_plus,9900
GPA.5245-1734-5776-11342,2026-04-20,monthly_basic,4900
GPA.5697-6100-2472-11178..1,2026-04-20,monthly_plus,9900
GPA.5864-1209-8563-10528..8,2026-04-20,monthly_basic,4900
GPA.6452-1835-6869-10977..3,2026-04-20,monthly_basic,4900
GPA.6526-9493-9525-10654..6,2026-04-20,monthly_basic,4900
GPA.7135-7541-3163-10327..10,2026-04-20,monthly_basic,4900
GPA.8405-8029-6193-11251..1,2026-04-20,monthly_basic,4900
GPA.8537-2929-2850-11125..2,2026-04-20,monthly_basic,4900
GPA.8797-7211-7148-10619..7,2026-04-20,monthly_basic,4900
GPA.9360-1996-5636-10353..10,2026-04-20,monthly_plus,9900
GPA.9678-2138-7787-10463..9,2026-04-20,monthly_plus,9900
GPA.9784-1295-1014-11224..1,2026-04-20,monthly_basic,4900
GPA.9916-9248-6786-11386,2026-04-20,monthly_basic,4900
GPA.9934-5228-8018-11123..2,2026-04-20,monthly_basic,4900
GPA.1114-1445-3331-11343,2026-04-21,monthly_basic,4900
GPA.1504-2684-6648-10479..8,2026-04-21,monthly_plus,9900
GPA.1507-7021-9775-10430..9,2026-04-21,monthly_basic,4900
GPA.1546-9062-4755-10973..3,2026-04-21,monthly_basic,4900
GPA.2360-1714-3567-10487..8,2026-04-21,monthly_basic,4900
GPA.2617-7683-3778-11073..2,2026-04-21,monthly_plus,9900
GPA.2674-8107-9811-11031..3,2026-04-21,monthly_basic,4900
GPA.2948-7781-6367-11234..1,2026-04-21,monthly_basic,4900
GPA.3221-6788-1150-10902..4,2026-04-21,monthly_plus,9900
GPA.3343-5907-2472-10244..12,2026-04-21,monthly_plus,9900
GPA.3373-7337-8120-11275,2026-04-21,monthly_basic,4900
GPA.3413-1790-7074-11007..3,2026-04-21,monthly_basic,4900
GPA.3807-3116-2211-10498..8,2026-04-21,monthly_basic,4900
GPA.4237-9284-9103-10272..11,2026-04-21,monthly_plus,9900
GPA.4773-4360-3657-11260..1,2026-04-21,monthly_basic,4900
GPA.4802-6261-5917-11136..2,2026-04-21,monthly_plus,9900
GPA.4810-4549-5909-10038..15,2026-04-21,monthly_basic,4900
GPA.5256-4831-7941-11366,2026-04-21,monthly_basic,4900
GPA.5643-6069-1012-11112..2,2026-04-21,monthly_basic,4900
GPA.5806-2487-3082-10302..4,2026-04-21,monthly_basic,4900
GPA.6254-3058-4280-10774..5,2026-04-21,monthly_basic,4900
GPA.6581-4834-5942-10712..6,2026-04-21,monthly_plus,9900
GPA.6736-3893-9873-10332..10,2026-04-21,monthly_basic,4900
GPA.6745-7700-3829-10882..2,2026-04-21,monthly_basic,4900
GPA.6762-8502-5726-10728..6,2026-04-21,monthly_basic,4900
GPA.7361-7467-6158-11217..1,2026-04-21,monthly_plus,9900
GPA.7374-9132-1553-10489..8,2026-04-21,monthly_basic,4900
GPA.7555-6355-8304-11041..2,2026-04-21,monthly_plus,9900
GPA.7725-7109-8563-11032..3,2026-04-21,monthly_basic,4900
GPA.8140-6317-6237-11006..3,2026-04-21,monthly_plus,9900
GPA.8445-2534-6634-10202..12,2026-04-21,monthly_plus,9900
GPA.8600-8416-5309-11046..2,2026-04-21,monthly_plus,9900
GPA.8635-7225-6189-10947..3,2026-04-21,monthly_basic,4900
GPA.8835-4364-6091-10343..10,2026-04-21,monthly_basic,4900
GPA.9452-4071-3574-10618..7,2026-04-21,monthly_basic,4900
GPA.9537-8600-5933-10261..4,2026-04-21,monthly_basic,4900
GPA.9722-4944-5301-11355,2026-04-21,monthly_basic,4900
GPA.1050-3969-4587-10684..6,2026-04-22,monthly_basic,4900
GPA.1066-1845-9456-10541..8,2026-04-22,monthly_plus,9900
GPA.1434-3925-3166-10431..9,2026-04-22,monthly_basic,4900
GPA.2151-9521-9508-11209..1,2026-04-22,monthly_basic,4900
GPA.2318-4093-6255-10178..13,2026-04-22,monthly_basic,4900
GPA.2528-7822-9973-11000..3,2026-04-22,monthly_basic,4900
GPA.2617-9510-8698-10668..6,2026-04-22,monthly_plus,9900
GPA.2667-1755-6898-10681..6,2026-04-22,monthly_basic,4900
GPA.2783-3989-8302-10437..9,2026-04-22,monthly_plus,9900
GPA.2971-8704-1814-10149..13,2026-04-22,monthly_plus,9900
GPA.3072-9007-8057-10890..4,2026-04-22,monthly_plus,9900
GPA.3531-4910-6765-10780..5,2026-04-22,monthly_plus,9900
GPA.3561-1512-7371-10811..5,2026-04-22,monthly_plus,9900
GPA.4243-8685-4784-10190..12,2026-04-22,monthly_plus,9900
GPA.4545-9704-8407-10940..3,2026-04-22,monthly_plus,9900
GPA.4704-4436-9862-10176..13,2026-04-22,monthly_basic,4900
GPA.4888-5250-2953-10505..8,2026-04-22,monthly_basic,4900
GPA.5211-9319-6780-10264..11,2026-04-22,monthly_basic,4900
GPA.5253-6380-3151-11229..1,2026-04-22,monthly_basic,4900
GPA.5622-1123-2491-10659..6,2026-04-22,monthly_basic,4900
GPA.6061-1903-8076-11147..2,2026-04-22,monthly_plus,9900
GPA.6088-6448-2409-10905..4,2026-04-22,monthly_plus,9900
GPA.6159-5523-3771-10586..7,2026-04-22,monthly_basic,4900
GPA.6641-6142-5041-10868..4,2026-04-22,monthly_basic,4900
GPA.6769-8388-2262-10797..5,2026-04-22,monthly_basic,4900
GPA.6939-1907-9842-11081..2,2026-04-22,monthly_plus,9900
GPA.7029-9502-2191-11356,2026-04-22,monthly_basic,4900
GPA.7126-9982-5359-10639..7,2026-04-22,monthly_basic,4900
GPA.7960-4319-4210-10502..8,2026-04-22,monthly_basic,4900
GPA.8227-6943-6392-10375..10,2026-04-22,monthly_basic,4900
GPA.8478-9056-7301-10677..6,2026-04-22,monthly_plus,9900
GPA.8552-8936-9834-11301,2026-04-22,monthly_basic,4900
GPA.8600-4245-4327-10881..4,2026-04-22,monthly_basic,4900
GPA.8692-9878-6999-11382,2026-04-22,monthly_plus,9900
GPA.8906-3635-1672-10381..10,2026-04-22,monthly_basic,4900
GPA.9087-6359-7182-10588..7,2026-04-22,monthly_plus,9900
GPA.9202-3241-1254-10469..8,2026-04-22,monthly_basic,4900
GPA.9240-7209-9111-11304,2026-04-22,monthly_plus,9900
GPA.9312-5909-8814-10752..5,2026-04-22,monthly_basic,4900
GPA.9349-6684-1996-10182..12,2026-04-22,monthly_plus,9900
GPA.9369-3157-7918-10910..4,2026-04-22,monthly_plus,9900
GPA.9506-6358-9250-11280,2026-04-22,monthly_plus,9900
GPA.9623-9873-5222-11049..2,2026-04-22,monthly_basic,4900
GPA.9672-7523-3671-10695..6,2026-04-22,monthly_plus,9900
GPA.9789-5075-7502-10568..7,2026-04-22,monthly_basic,4900
GPA.9852-9328-5256-11365,2026-04-22,monthly_basic,4900
GPA.1136-1854-8484-10805..5,2026-04-23,monthly_basic,4900
GPA.1391-2646-7171-10011..15,2026-04-23,monthly_basic,4900
GPA.1546-4815-8337-10923..4,2026-04-23,monthly_basic,4900
GPA.1962-4672-1744-10679..6,2026-04-23,monthly_basic,4900
GPA.2591-9367-2155-10481..8,2026-04-23,monthly_plus,9900
GPA.2931-9146-2666-10521..8,2026-04-23,monthly_basic,4900
GPA.2957-5323-9303-10410..9,2026-04-23,monthly_plus,9900
GPA.3105-9725-8072-11257..1,2026-04-23,monthly_plus,9900
GPA.3243-1373-6844-11236..1,2026-04-23,monthly_basic,4900
GPA.3279-3655-7427-10137..13,2026-04-23,monthly_basic,4900
GPA.3354-8914-7378-10715..6,2026-04-23,monthly_plus,9900
GPA.3456-4679-2191-10155..13,2026-04-23,monthly_plus,9900
GPA.3573-1151-5018-10158..13,2026-04-23,monthly_plus,9900
GPA.3593-4503-3711-10114..14,2026-04-23,monthly_plus,9900
GPA.3696-1832-3816-10985..3,2026-04-23,monthly_basic,4900
GPA.3877-1970-5226-11330,2026-04-23,monthly_plus,9900
GPA.3980-3273-6880-11104..2,2026-04-23,monthly_basic,4900
GPA.4040-7479-8912-10394..9,2026-04-23,monthly_basic,4900
GPA.4104-9663-9266-11137..2,2026-04-23,monthly_basic,4900
GPA.4568-1870-8859-10803..5,2026-04-23,monthly_basic,4900
GPA.4879-8840-6106-10045..15,2026-04-23,monthly_basic,4900
GPA.5622-6683-6942-11166..1,2026-04-23,monthly_basic,4900
GPA.5843-7208-3593-10664..6,2026-04-23,monthly_basic,4900
GPA.6128-4225-3443-10960..3,2026-04-23,monthly_basic,4900
GPA.6399-7553-1793-10827..4,2026-04-23,monthly_basic,4900
GPA.6584-7127-2695-10583..7,2026-04-23,monthly_plus,9900
GPA.6764-1615-3485-10504..8,2026-04-23,monthly_basic,4900
GPA.6978-9812-9941-10422..9,2026-04-23,monthly_basic,4900
GPA.7073-1423-9157-10983..3,2026-04-23,monthly_plus,9900
GPA.7104-3972-7904-11034..2,2026-04-23,monthly_basic,4900
GPA.7163-5679-3454-11303,2026-04-23,monthly_basic,4900
GPA.7176-5738-2923-11019..3,2026-04-23,monthly_basic,4900
GPA.7250-8061-3622-10650..6,2026-04-23,monthly_basic,4900
GPA.7359-3645-9504-10268..11,2026-04-23,monthly_plus,9900
GPA.7537-9945-2962-11188..1,2026-04-23,monthly_plus,9900
GPA.7604-8346-5975-10435..9,2026-04-23,monthly_basic,4900
GPA.7993-1476-9127-11298,2026-04-23,monthly_basic,4900
GPA.8011-7528-3898-10930..3,2026-04-23,monthly_basic,4900
GPA.8116-8057-9931-10892..4,2026-04-23,monthly_basic,4900
GPA.8199-5270-6712-10806..5,2026-04-23,monthly_plus,9900
GPA.8274-3545-8734-10861..4,2026-04-23,monthly_basic,4900
GPA.8379-6452-9819-10014..15,2026-04-23,monthly_plus,9900
GPA.8725-7994-5287-10903..4,2026-04-23,monthly_basic,4900
GPA.8772-2082-7782-10853..4,2026-04-23,monthly_basic,4900
GPA.8871-4574-6471-11340,2026-04-23,monthly_plus,9900
GPA.8883-9870-2326-11281,2026-04-23,monthly_plus,9900
GPA.8907-9084-3543-10788..5,2026-04-23,monthly_plus,9900
GPA.9240-2013-2752-11272,2026-04-23,monthly_basic,4900
GPA.9499-6791-1347-10529..8,2026-04-23,monthly_basic,4900
GPA.1240-5146-8223-10303..11,2026-04-24,monthly_plus,9900
GPA.1241-1262-7986-10321..10,2026-04-24,monthly_plus,9900
GPA.1263-1441-7869-10792..5,2026-04-24,monthly_basic,4900
GPA.1671-4445-3848-10240..12,2026-04-24,monthly_plus,9900
GPA.1691-7237-5023-10213..12,2026-04-24,monthly_basic,4900
GPA.1987-5470-3868-10384..10,2026-04-24,monthly_basic,4900
GPA.2528-9877-7952-11388,2026-04-24,monthly_basic,4900
GPA.2558-5666-7919-10445..9,2026-04-24,monthly_plus,9900
GPA.3057-7860-3539-11261..1,2026-04-24,monthly_basic,4900
GPA.3219-7197-4295-10330..10,2026-04-24,monthly_basic,4900
GPA.3994-5735-5859-11333,2026-04-24,monthly_plus,9900
GPA.5167-2700-1244-10123..13,2026-04-24,monthly_basic,4900
GPA.5201-8470-8549-10886..4,2026-04-24,monthly_basic,4900
GPA.5331-6413-3525-11299,2026-04-24,monthly_basic,4900
GPA.5361-5078-1036-10837..4,2026-04-24,monthly_basic,4900
GPA.5428-1328-2147-10277..11,2026-04-24,monthly_plus,9900
GPA.6453-3232-9678-10497..8,2026-04-24,monthly_basic,4900
GPA.6513-8918-1565-10855..4,2026-04-24,monthly_plus,9900
GPA.6731-3324-6864-10821..5,2026-04-24,monthly_basic,4900
GPA.7516-7334-4277-10152..13,2026-04-24,monthly_basic,4900
GPA.7710-7882-6172-10134..13,2026-04-24,monthly_plus,9900
GPA.7955-2685-3987-11130..2,2026-04-24,monthly_basic,4900
GPA.8116-4733-2271-10098..14,2026-04-24,monthly_plus,9900
GPA.8128-3731-4413-10525..8,2026-04-24,monthly_basic,4900
GPA.8314-6791-6403-11170..1,2026-04-24,monthly_basic,4900
GPA.8513-5760-2734-10872..4,2026-04-24,monthly_plus,9900
GPA.8820-1712-6723-10457..9,2026-04-24,monthly_basic,4900
GPA.9312-1123-7533-11067..2,2026-04-24,monthly_basic,4900
GPA.9611-7998-1910-10079..14,2026-04-24,monthly_basic,4900
GPA.1794-2347-7687-10652..6,2026-04-25,monthly_basic,4900
GPA.2206-8661-6168-10031..15,2026-04-25,monthly_basic,4900
GPA.2374-7247-1678-11210..1,2026-04-25,monthly_basic,4900
GPA.2602-2858-8275-10927..3,2026-04-25,monthly_basic,4900
GPA.3667-7075-2069-10785..5,2026-04-25,monthly_basic,4900
GPA.3828-6147-6139-10051..15,2026-04-25,monthly_basic,4900
GPA.4088-7322-5572-11175..1,2026-04-25,monthly_basic,4900
GPA.4093-8834-5279-11066..2,2026-04-25,monthly_basic,4900
GPA.4800-6594-3268-10981..3,2026-04-25,monthly_basic,4900
GPA.4805-8507-7859-10783..5,2026-04-25,monthly_plus,9900
GPA.5004-4451-5641-10046..15,2026-04-25,monthly_basic,4900
GPA.5235-2935-2314-10944..3,2026-04-25,monthly_plus,9900
GPA.5502-4196-4218-10348..6,2026-04-25,monthly_basic,4900
GPA.5518-3483-7916-10999..3,2026-04-25,monthly_basic,4900
GPA.5730-5709-5993-10512..8,2026-04-25,monthly_plus,9900
GPA.5862-2807-9598-10924..4,2026-04-25,monthly_basic,4900
GPA.6218-7852-4618-11375,2026-04-25,monthly_basic,4900
GPA.6254-7423-5743-10214..12,2026-04-25,monthly_basic,4900
GPA.6261-4058-7022-10996..3,2026-04-25,monthly_basic,4900
GPA.6361-1795-1993-10763..5,2026-04-25,monthly_plus,9900
GPA.6609-7398-1598-10844..4,2026-04-25,monthly_basic,4900
GPA.6941-4137-7959-11078..2,2026-04-25,monthly_plus,9900
GPA.6952-3044-5967-10807..5,2026-04-25,monthly_basic,4900
GPA.7161-8290-1826-10699..6,2026-04-25,monthly_basic,4900
GPA.7463-5977-8719-10830..4,2026-04-25,monthly_basic,4900
GPA.7597-1795-4527-10094..11,2026-04-25,monthly_plus,9900
GPA.7708-1212-4663-10691..6,2026-04-25,monthly_basic,4900
GPA.7810-2129-8363-11360,2026-04-25,monthly_basic,4900
GPA.7827-6913-9510-10989..3,2026-04-25,monthly_basic,4900
GPA.7846-8110-2590-10737..5,2026-04-25,monthly_basic,4900
GPA.8570-6353-3560-10722..6,2026-04-25,monthly_basic,4900
GPA.8823-1748-6765-10443..9,2026-04-25,monthly_basic,4900
GPA.8916-7892-5118-10937..3,2026-04-25,monthly_basic,4900
GPA.8971-8920-5440-10946..3,2026-04-25,monthly_plus,9900
GPA.9031-9795-1511-10538..8,2026-04-25,monthly_plus,9900
GPA.9940-9163-5478-10878..4,2026-04-25,monthly_basic,4900
GPA.1101-6130-2248-10517..8,2026-04-26,monthly_basic,4900
GPA.1376-3409-5417-10756..5,2026-04-26,monthly_basic,4900
GPA.1389-1135-9901-11302,2026-04-26,monthly_basic,4900
GPA.1515-6713-5645-10709..6,2026-04-26,monthly_basic,4900
GPA.1763-8522-4725-11176..1,2026-04-26,monthly_basic,4900
GPA.1812-3417-8022-11065..2,2026-04-26,monthly_basic,4900
GPA.1879-5855-1950-11364,2026-04-26,monthly_plus,9900
GPA.1949-1795-8480-11254..1,2026-04-26,monthly_basic,4900
GPA.2161-5057-7071-10549..8,2026-04-26,monthly_basic,4900
GPA.2403-7728-1648-10503..8,2026-04-26,monthly_basic,4900
GPA.2543-1028-7520-11202..1,2026-04-26,monthly_basic,4900
GPA.2765-8094-5094-10584..7,2026-04-26,monthly_basic,4900
GPA.3099-7815-6486-11089..1,2026-04-26,monthly_basic,4900
GPA.3154-8386-9696-11169..1,2026-04-26,monthly_basic,4900
GPA.4062-7484-5119-10531..8,2026-04-26,monthly_basic,4900
GPA.4105-1469-8282-11132..2,2026-04-26,monthly_basic,4900
GPA.4244-4364-4506-11348,2026-04-26,monthly_basic,4900
GPA.4259-9763-1906-10733..5,2026-04-26,monthly_plus,9900
GPA.4467-3337-2049-10851..4,2026-04-26,monthly_basic,4900
GPA.4742-7235-3959-10349..10,2026-04-26,monthly_plus,9900
GPA.4964-1517-6395-11116..2,2026-04-26,monthly_plus,9900
GPA.5121-4521-8062-10608..5,2026-04-26,monthly_basic,4900
GPA.5963-7516-8034-10483..8,2026-04-26,monthly_basic,4900
GPA.6461-7992-3896-10862..4,2026-04-26,monthly_basic,4900
GPA.6777-6062-5440-10569..7,2026-04-26,monthly_plus,9900
GPA.6847-9840-2857-10280..11,2026-04-26,monthly_basic,4900
GPA.6961-5082-2875-11075..2,2026-04-26,monthly_plus,9900
GPA.7497-9494-6654-10842..4,2026-04-26,monthly_basic,4900
GPA.7502-1156-2216-11014..3,2026-04-26,monthly_basic,4900
GPA.7823-4110-3339-11297,2026-04-26,monthly_basic,4900
GPA.7832-3012-3957-10782..5,2026-04-26,monthly_plus,9900
GPA.8072-1013-5533-10476..8,2026-04-26,monthly_basic,4900
GPA.8461-8489-2861-10574..7,2026-04-26,monthly_basic,4900
GPA.8648-9491-7875-11096..2,2026-04-26,monthly_basic,4900
GPA.8906-2932-3177-11328,2026-04-26,monthly_basic,4900
GPA.9090-6816-7201-11239..1,2026-04-26,monthly_plus,9900
GPA.9113-5638-8660-10726..6,2026-04-26,monthly_basic,4900
GPA.9600-3802-5268-10818..5,2026-04-26,monthly_plus,9900
GPA.9646-1430-5551-11159..1,2026-04-26,monthly_basic,4900
GPA.9987-5934-1849-10398..9,2026-04-26,monthly_basic,4900
GPA.1718-1965-7606-11114..2,2026-04-27,monthly_basic,4900
GPA.2003-9709-9444-10993..3,2026-04-27,monthly_basic,4900
GPA.2152-1546-8588-11198..1,2026-04-27,monthly_plus,9900
GPA.2565-6108-6851-11145..2,2026-04-27,monthly_basic,4900
GPA.2580-3623-2979-10922..4,2026-04-27,monthly_basic,4900
GPA.2663-3637-3795-10133..13,2026-04-27,monthly_basic,4900
GPA.3351-1752-6359-10611..7,2026-04-27,monthly_basic,4900
GPA.3399-9245-7402-10900..4,2026-04-27,monthly_plus,9900
GPA.3532-5353-9231-11313,2026-04-27,monthly_basic,4900
GPA.3692-3788-7850-10390..9,2026-04-27,monthly_plus,9900
GPA.3878-4734-2937-11144..2,2026-04-27,monthly_plus,9900
GPA.4079-8591-8078-11139..2,2026-04-27,monthly_plus,9900
GPA.4150-8950-8778-10671..6,2026-04-27,monthly_basic,4900
GPA.4166-3556-8647-10951..3,2026-04-27,monthly_basic,4900
GPA.4825-6128-5356-10777..5,2026-04-27,monthly_basic,4900
GPA.4958-2325-9382-10242..12,2026-04-27,monthly_plus,9900
GPA.5099-2488-3426-10917..4,2026-04-27,monthly_basic,4900
GPA.5250-2299-4282-10703..6,2026-04-27,monthly_basic,4900
GPA.5332-8959-4844-10179..13,2026-04-27,monthly_basic,4900
GPA.5529-3134-4742-11023..3,2026-04-27,monthly_plus,9900
GPA.5580-7418-8432-11153..1,2026-04-27,monthly_basic,4900
GPA.6289-4919-8633-10571..7,2026-04-27,monthly_basic,4900
GPA.6489-6792-7002-10661..6,2026-04-27,monthly_basic,4900
GPA.6695-7224-9868-11064..2,2026-04-27,monthly_basic,4900
GPA.6715-2446-8622-10845..4,2026-04-27,monthly_basic,4900
GPA.6934-9905-3124-11319,2026-04-27,monthly_basic,4900
GPA.7061-1723-3388-11158..1,2026-04-27,monthly_basic,4900
GPA.7085-3439-9275-10744..5,2026-04-27,monthly_basic,4900
GPA.7816-3965-4808-11369,2026-04-27,monthly_basic,4900
GPA.7856-6224-4935-11117..2,2026-04-27,monthly_plus,9900
GPA.8158-7280-7491-11190..1,2026-04-27,monthly_basic,4900
GPA.8242-2216-1902-10770..5,2026-04-27,monthly_basic,4900
GPA.8273-1337-6634-10365..10,2026-04-27,monthly_basic,4900
GPA.8572-5158-2458-10643..7,2026-04-27,monthly_basic,4900
GPA.8626-6505-6546-11307,2026-04-27,monthly_basic,4900
GPA.9090-7848-8011-10634..7,2026-04-27,monthly_plus,9900
GPA.9946-3281-5562-10425..9,2026-04-27,monthly_basic,4900
GPA.1163-6008-9733-10441..9,2026-04-28,monthly_basic,4900
GPA.1232-9866-4462-10685..6,2026-04-28,monthly_basic,4900
GPA.1628-3020-9969-10191..12,2026-04-28,monthly_plus,9900
GPA.1992-8938-5281-11085..2,2026-04-28,monthly_basic,4900
GPA.2037-4510-5054-10036..15,2026-04-28,monthly_plus,9900
GPA.2089-3316-8129-10232..12,2026-04-28,monthly_basic,4900
GPA.2290-5894-7126-10554..8,2026-04-28,monthly_basic,4900
GPA.2658-7585-7777-10488..5,2026-04-28,monthly_basic,4900
GPA.2682-4291-1116-11276,2026-04-28,monthly_plus,9900
GPA.2747-7626-6849-10828..4,2026-04-28,monthly_basic,4900
GPA.3751-1454-1602-10582..7,2026-04-28,monthly_basic,4900
GPA.3935-2608-8010-10537..8,2026-04-28,monthly_plus,9900
GPA.3961-5627-4426-11182..1,2026-04-28,monthly_basic,4900
GPA.4466-8422-2553-11201..1,2026-04-28,monthly_basic,4900
GPA.4585-6413-7004-10721..6,2026-04-28,monthly_plus,9900
GPA.4801-9440-1021-10286..11,2026-04-28,monthly_basic,4900
GPA.5363-5788-5050-10749..5,2026-04-28,monthly_plus,9900
GPA.5387-6517-1539-10832..4,2026-04-28,monthly_basic,4900
GPA.5487-5111-2441-11235..1,2026-04-28,monthly_basic,4900
GPA.5746-9384-8952-10080..14,2026-04-28,monthly_basic,4900
GPA.5865-3006-4096-10665..6,2026-04-28,monthly_basic,4900
GPA.6022-9546-3059-10324..10,2026-04-28,monthly_basic,4900
GPA.6216-9631-7558-10140..8,2026-04-28,monthly_basic,4900
GPA.6805-8710-1608-11227..1,2026-04-28,monthly_plus,9900
GPA.7264-1503-4754-10919..4,2026-04-28,monthly_plus,9900
GPA.7828-1850-1000-10778..5,2026-04-28,monthly_basic,4900
GPA.7888-1753-2508-10561..7,2026-04-28,monthly_plus,9900
GPA.8488-8275-8271-10235..12,2026-04-28,monthly_basic,4900
GPA.8497-1576-6821-11337,2026-04-28,monthly_basic,4900
GPA.8558-5636-7515-10962..3,2026-04-28,monthly_basic,4900
GPA.8608-6276-9282-10163..13,2026-04-28,monthly_basic,4900
GPA.8706-2898-8163-10228..5,2026-04-28,monthly_plus,9900
GPA.8896-7501-1654-11339,2026-04-28,monthly_plus,9900
GPA.1142-5112-4460-11214..2,2026-05-01,monthly_basic,4900
GPA.1214-2599-5425-11482,2026-05-01,monthly_basic,4900
GPA.1463-6506-6129-11186..2,2026-05-01,monthly_basic,4900
GPA.1505-9157-7699-10361..11,2026-05-01,monthly_plus,9900
GPA.1949-3311-6874-10420..10,2026-05-01,monthly_plus,9900
GPA.2468-8329-1854-11415,2026-05-01,monthly_basic,4900
GPA.2720-2248-4251-11131..3,2026-05-01,monthly_basic,4900
GPA.2851-8162-2110-10434..10,2026-05-01,monthly_basic,4900
GPA.2932-9091-1166-10964..4,2026-05-01,monthly_basic,4900
GPA.2948-3082-4983-11353..1,2026-05-01,monthly_plus,9900
GPA.3272-8308-6014-10914..5,2026-05-01,monthly_basic,4900
GPA.3335-7784-7899-11009..4,2026-05-01,monthly_basic,4900
GPA.3954-7919-4498-11441,2026-05-01,monthly_basic,4900
GPA.4449-7781-8015-10566..8,2026-05-01,monthly_plus,9900
GPA.5233-6058-3095-10729..7,2026-05-01,monthly_plus,9900
GPA.5418-1011-6706-10356..11,2026-05-01,monthly_plus,9900
GPA.5457-5050-6441-11127..3,2026-05-01,monthly_basic,4900
GPA.5659-9035-9088-10088..15,2026-05-01,monthly_basic,4900
GPA.5664-9566-5582-10062..15,2026-05-01,monthly_basic,4900
GPA.6440-2840-8458-10875..5,2026-05-01,monthly_basic,4900
GPA.6582-7236-7358-11425,2026-05-01,monthly_basic,4900
GPA.6781-1446-5336-10637..8,2026-05-01,monthly_basic,4900
GPA.6863-6996-5847-11101..3,2026-05-01,monthly_basic,4900
GPA.6915-1125-1396-11429,2026-05-01,monthly_basic,4900
GPA.7326-6487-1345-10912..5,2026-05-01,monthly_basic,4900
GPA.7579-9387-2734-11266..2,2026-05-01,monthly_basic,4900
GPA.7764-5724-6277-11238..2,2026-05-01,monthly_basic,4900
GPA.7934-3335-3373-11215..2,2026-05-01,monthly_basic,4900
GPA.8004-2862-9961-10839..5,2026-05-01,monthly_plus,9900
GPA.8080-4853-2229-10161..14,2026-05-01,monthly_basic,4900
GPA.8372-1232-1624-10212..13,2026-05-01,monthly_basic,4900
GPA.8740-7153-4007-10421..10,2026-05-01,monthly_plus,9900
GPA.8858-1423-9496-10627..8,2026-05-01,monthly_plus,9900
GPA.8924-7791-5174-10823..6,2026-05-01,monthly_basic,4900
GPA.8962-2214-3257-10273..12,2026-05-01,monthly_basic,4900
GPA.8973-1838-5767-10793..6,2026-05-01,monthly_plus,9900
GPA.9007-3253-3770-11004..4,2026-05-01,monthly_basic,4900
GPA.9388-7047-9622-11106..3,2026-05-01,monthly_plus,9900
GPA.9417-7335-1637-10491..9,2026-05-01,monthly_basic,4900
GPA.9487-8905-5946-11045..3,2026-05-01,monthly_basic,4900
GPA.9511-5695-6078-10370..11,2026-05-01,monthly_basic,4900
GPA.9534-1869-8141-10456..10,2026-05-01,monthly_basic,4900
GPA.9870-7374-6015-10534..9,2026-05-01,monthly_plus,9900
GPA.9941-2466-7589-11457,2026-05-01,monthly_basic,4900
GPA.9942-7800-2508-10484..9,2026-05-01,monthly_basic,4900
GPA.1115-4219-5570-10645..7,2026-05-02,monthly_basic,4900
GPA.1137-9695-3121-10982..4,2026-05-02,monthly_plus,9900
GPA.1259-4028-2713-11246..2,2026-05-02,monthly_plus,9900
GPA.1358-1888-9514-10939..4,2026-05-02,monthly_basic,4900
GPA.1393-3407-2932-10704..7,2026-05-02,monthly_basic,4900
GPA.1804-3963-4725-10462..10,2026-05-02,monthly_basic,4900
GPA.1984-6615-3685-11037..3,2026-05-02,monthly_basic,4900
GPA.1985-2291-2487-11199..2,2026-05-02,monthly_plus,9900
GPA.2155-5221-4862-10366..11,2026-05-02,monthly_basic,4900
GPA.2888-7212-7812-10768..6,2026-05-02,monthly_basic,4900
GPA.2936-2584-4319-10432..10,2026-05-02,monthly_plus,9900
GPA.3598-1310-7562-10205..13,2026-05-02,monthly_plus,9900
GPA.3663-6622-6279-10658..7,2026-05-02,monthly_basic,4900
GPA.3689-1868-2277-10495..9,2026-05-02,monthly_plus,9900
GPA.3966-6545-4579-10906..5,2026-05-02,monthly_basic,4900
GPA.4335-8437-4561-11074..3,2026-05-02,monthly_basic,4900
GPA.4592-1953-7554-10053..16,2026-05-02,monthly_basic,4900
GPA.4646-1198-3035-10515..9,2026-05-02,monthly_basic,4900
GPA.4699-5310-5625-10612..8,2026-05-02,monthly_basic,4900
GPA.4793-6339-3238-10796..6,2026-05-02,monthly_plus,9900
GPA.5112-3901-4742-11308..1,2026-05-02,monthly_basic,4900
GPA.5538-5325-6972-11516,2026-05-02,monthly_basic,4900
GPA.5908-7334-8793-10276..12,2026-05-02,monthly_basic,4900
GPA.6200-3647-3572-10901..5,2026-05-02,monthly_basic,4900
GPA.6339-2571-2114-11442,2026-05-02,monthly_basic,4900
GPA.6473-7393-1891-10759..6,2026-05-02,monthly_basic,4900
GPA.6663-1926-2812-11086..3,2026-05-02,monthly_basic,4900
GPA.6779-2345-9926-10667..7,2026-05-02,monthly_basic,4900
GPA.6872-1957-2457-11164..2,2026-05-02,monthly_plus,9900
GPA.7809-4993-5782-10393..10,2026-05-02,monthly_basic,4900
GPA.7897-3624-7294-11290..1,2026-05-02,monthly_basic,4900
GPA.7898-9678-1727-10918..5,2026-05-02,monthly_basic,4900
GPA.7986-5717-9713-11021..4,2026-05-02,monthly_plus,9900
GPA.9049-1873-8922-10589..8,2026-05-02,monthly_basic,4900
GPA.9394-7367-2984-11103..3,2026-05-02,monthly_basic,4900
GPA.9595-2281-6892-10730..7,2026-05-02,monthly_basic,4900
GPA.9621-2861-8960-11502,2026-05-02,monthly_basic,4900
GPA.9706-3081-9343-10516..9,2026-05-02,monthly_basic,4900
GPA.9975-9263-8568-11315..1,2026-05-02,monthly_basic,4900
GPA.1023-4678-7123-11371..1,2026-05-03,monthly_basic,4900
GPA.1830-1424-9279-10935..4,2026-05-03,monthly_basic,4900
GPA.1910-6141-4065-10738..6,2026-05-03,monthly_basic,4900
GPA.2002-5056-1725-10858..5,2026-05-03,monthly_plus,9900
GPA.2170-9765-3092-11022..4,2026-05-03,monthly_basic,4900
GPA.2838-4546-5997-10377..11,2026-05-03,monthly_basic,4900
GPA.3124-2707-2650-10453..10,2026-05-03,monthly_basic,4900
GPA.3379-3749-6212-10510..9,2026-05-03,monthly_basic,4900
GPA.3552-1536-5012-10477..9,2026-05-03,monthly_basic,4900
GPA.3825-7912-8214-10994..4,2026-05-03,monthly_basic,4900
GPA.4103-6975-9752-10963..4,2026-05-03,monthly_basic,4900
GPA.4197-7516-2279-10734..6,2026-05-03,monthly_plus,9900
GPA.4602-1127-5368-10772..6,2026-05-03,monthly_basic,4900
GPA.4719-8044-3336-10217..13,2026-05-03,monthly_plus,9900
GPA.4846-3216-4647-10888..5,2026-05-03,monthly_plus,9900
GPA.5124-3466-9264-11134..3,2026-05-03,monthly_plus,9900
GPA.5376-7591-3453-10048..16,2026-05-03,monthly_plus,9900
GPA.5496-7339-6564-10124..14,2026-05-03,monthly_basic,4900
GPA.5867-4882-6984-11480,2026-05-03,monthly_plus,9900
GPA.6053-7481-2728-10714..7,2026-05-03,monthly_basic,4900
GPA.6082-4157-7692-11269..1,2026-05-03,monthly_plus,9900
GPA.6129-8219-2025-11271..1,2026-05-03,monthly_basic,4900
GPA.6295-6898-5011-10071..15,2026-05-03,monthly_basic,4900
GPA.6312-9571-3791-10553..9,2026-05-03,monthly_basic,4900
GPA.6380-1880-3713-11107..3,2026-05-03,monthly_plus,9900
GPA.6576-1160-2121-10143..14,2026-05-03,monthly_basic,4900
GPA.6711-2235-1219-11233..2,2026-05-03,monthly_basic,4900
GPA.7276-7643-9150-11456,2026-05-03,monthly_basic,4900
GPA.7301-6170-6711-10003..16,2026-05-03,monthly_basic,4900
GPA.7726-9919-9723-11311..1,2026-05-03,monthly_basic,4900
GPA.7950-7888-9323-10669..3,2026-05-03,monthly_basic,4900
GPA.7964-6890-4949-10001..16,2026-05-03,monthly_basic,4900
GPA.8379-3655-2949-10467..10,2026-05-03,monthly_plus,9900
GPA.8488-4132-3664-10622..8,2026-05-03,monthly_basic,4900
GPA.8721-6712-3895-11256..2,2026-05-03,monthly_basic,4900
GPA.9187-7741-4050-10225..13,2026-05-03,monthly_basic,4900
GPA.9386-4103-4022-10130..14,2026-05-03,monthly_basic,4900
GPA.9793-9429-4929-10047..16,2026-05-03,monthly_basic,4900
GPA.1127-2374-1950-10253..12,2026-05-04,monthly_basic,4900
GPA.1686-7938-1941-11408,2026-05-04,monthly_basic,4900
GPA.1719-9988-7231-10427..10,2026-05-04,monthly_basic,4900
GPA.2111-7484-1199-11056..3,2026-05-04,monthly_plus,9900
GPA.2378-6539-1582-11121..3,2026-05-04,monthly_plus,9900
GPA.2593-3076-5240-11093..3,2026-05-04,monthly_basic,4900
GPA.2814-4199-4062-10162..14,2026-05-04,monthly_basic,4900
GPA.3125-9482-1797-11412,2026-05-04,monthly_basic,4900
GPA.3650-5290-9068-10640..8,2026-05-04,monthly_plus,9900
GPA.3983-7988-7336-10758..6,2026-05-04,monthly_basic,4900
GPA.4033-9817-8440-10836..5,2026-05-04,monthly_basic,4900
GPA.4141-4070-3864-11322..1,2026-05-04,monthly_basic,4900
GPA.4213-2809-7488-10894..5,2026-05-04,monthly_plus,9900
GPA.4235-1047-7301-11016..4,2026-05-04,monthly_basic,4900
GPA.4423-5539-6319-10440..10,2026-05-04,monthly_plus,9900
GPA.4751-5617-1259-11241..2,2026-05-04,monthly_plus,9900
GPA.5410-1684-5195-10748..6,2026-05-04,monthly_basic,4900
GPA.5453-1130-9480-10871..5,2026-05-04,monthly_basic,4900
GPA.5631-7386-6312-10022..16,2026-05-04,monthly_basic,4900
GPA.5853-7068-9413-11259..2,2026-05-04,monthly_basic,4900
GPA.6602-2686-1037-10873..5,2026-05-04,monthly_basic,4900
GPA.6714-3918-4551-11228..2,2026-05-04,monthly_basic,4900
GPA.8089-7512-6285-10757..6,2026-05-04,monthly_basic,4900
GPA.8164-6354-2546-10289..12,2026-05-04,monthly_basic,4900
GPA.8166-2355-8141-10750..6,2026-05-04,monthly_basic,4900
GPA.8284-3438-4552-11424,2026-05-04,monthly_basic,4900
GPA.8462-8885-6037-11072..3,2026-05-04,monthly_basic,4900
GPA.8767-2754-7175-11240..2,2026-05-04,monthly_plus,9900
GPA.8904-8453-1675-11179..2,2026-05-04,monthly_plus,9900
GPA.9089-6871-1993-10376..11,2026-05-04,monthly_basic,4900
GPA.9291-3505-2392-10449..10,2026-05-04,monthly_basic,4900
GPA.9533-8301-7254-10676..7,2026-05-04,monthly_basic,4900
GPA.9599-3450-4281-11150..2,2026-05-04,monthly_basic,4900
GPA.9886-7573-8474-10854..5,2026-05-04,monthly_basic,4900
GPA.1589-6813-9884-10675..7,2026-05-05,monthly_basic,4900
GPA.1596-7220-2703-10207..12,2026-05-05,monthly_plus,9900
GPA.1665-4228-3660-11394,2026-05-05,monthly_plus,9900
GPA.1729-3508-1447-11274..1,2026-05-05,monthly_basic,4900
GPA.1977-3688-4915-10007..16,2026-05-05,monthly_plus,9900
GPA.2008-2754-1386-10106..15,2026-05-05,monthly_plus,9900
GPA.2162-4123-9534-10501..9,2026-05-05,monthly_basic,4900
GPA.2467-6537-1314-11027..4,2026-05-05,monthly_plus,9900
GPA.2629-9487-6446-11267..2,2026-05-05,monthly_basic,4900
GPA.2715-7459-1957-10153..14,2026-05-05,monthly_basic,4900
GPA.2760-4963-7231-10739..6,2026-05-05,monthly_basic,4900
GPA.2760-5805-1276-11336..1,2026-05-05,monthly_basic,4900
GPA.2897-9723-6995-10148..14,2026-05-05,monthly_plus,9900
GPA.3001-1916-4746-11285..1,2026-05-05,monthly_basic,4900
GPA.4698-2820-5051-10450..10,2026-05-05,monthly_plus,9900
GPA.4940-7131-7219-10360..5,2026-05-05,monthly_plus,9900
GPA.5026-6822-8833-11192..2,2026-05-05,monthly_basic,4900
GPA.5228-7964-7645-11384..1,2026-05-05,monthly_basic,4900
GPA.5293-4938-3619-11416,2026-05-05,monthly_basic,4900
GPA.5414-1284-1916-10084..15,2026-05-05,monthly_basic,4900
GPA.5443-3391-1171-10508..9,2026-05-05,monthly_basic,4900
GPA.5720-9542-7054-10592..8,2026-05-05,monthly_basic,4900
GPA.5907-1949-5676-11070..3,2026-05-05,monthly_basic,4900
GPA.5927-4638-8520-10990..4,2026-05-05,monthly_plus,9900
GPA.6070-8331-1471-11211..2,2026-05-05,monthly_basic,4900
GPA.6974-2112-8315-11402,2026-05-05,monthly_basic,4900
GPA.7134-4632-3479-11005..4,2026-05-05,monthly_basic,4900
GPA.7169-2289-7427-11324..1,2026-05-05,monthly_basic,4900
GPA.7315-3733-4450-10354..11,2026-05-05,monthly_basic,4900
GPA.7361-5911-4900-10629..8,2026-05-05,monthly_basic,4900
GPA.7444-1136-1435-10649..7,2026-05-05,monthly_plus,9900
GPA.7516-2938-3542-10625..8,2026-05-05,monthly_basic,4900
GPA.8537-7989-1060-11400,2026-05-05,monthly_plus,9900
GPA.9369-7010-8855-10050..16,2026-05-05,monthly_basic,4900
GPA.9690-1995-5657-10653..7,2026-05-05,monthly_basic,4900
GPA.9894-1018-1877-11270..1,2026-05-05,monthly_basic,4900
GPA.1517-5030-1454-10340..11,2026-05-06,monthly_plus,9900
GPA.1696-4481-4569-10474..9,2026-05-06,monthly_basic,4900
GPA.1910-6379-7099-10423..10,2026-05-06,monthly_basic,4900
GPA.2084-5342-1431-11492,2026-05-06,monthly_basic,4900
GPA.2261-2787-1680-10412..10,2026-05-06,monthly_basic,4900
GPA.2280-3963-6272-11496,2026-05-06,monthly_basic,4900
GPA.2768-5654-2658-11030..4,2026-05-06,monthly_basic,4900
GPA.2788-7250-8587-10518..9,2026-05-06,monthly_basic,4900
GPA.2839-5724-1167-11344..1,2026-05-06,monthly_basic,4900
GPA.3031-5535-3772-11129..3,2026-05-06,monthly_basic,4900
GPA.3136-2420-9315-11316..1,2026-05-06,monthly_basic,4900
GPA.3337-4223-5455-11362..1,2026-05-06,monthly_plus,9900
GPA.3345-5715-3476-11341..1,2026-05-06,monthly_basic,4900
GPA.3358-9483-8248-11351..1,2026-05-06,monthly_plus,9900
GPA.3615-9447-4924-11248..2,2026-05-06,monthly_plus,9900
GPA.3866-4479-4152-11105..3,2026-05-06,monthly_basic,4900
GPA.4296-6632-4479-11244..2,2026-05-06,monthly_basic,4900
GPA.4329-6031-8073-10386..11,2026-05-06,monthly_basic,4900
GPA.4589-4413-8068-11390..1,2026-05-06,monthly_basic,4900
GPA.4998-1492-4054-10609..8,2026-05-06,monthly_basic,4900
GPA.5298-8369-4522-11155..2,2026-05-06,monthly_basic,4900
GPA.5682-9291-4386-11206..2,2026-05-06,monthly_basic,4900
GPA.5869-2928-6326-11115..3,2026-05-06,monthly_basic,4900
GPA.5963-9669-4256-11035..3,2026-05-06,monthly_plus,9900
GPA.6339-7716-4689-11414,2026-05-06,monthly_basic,4900
GPA.6380-3634-9895-11047..3,2026-05-06,monthly_basic,4900
GPA.6702-4981-1356-11230..2,2026-05-06,monthly_basic,4900
GPA.6795-1347-6313-10898..5,2026-05-06,monthly_plus,9900
GPA.6908-9644-5787-11095..3,2026-05-06,monthly_basic,4900
GPA.6940-6888-6898-10591..8,2026-05-06,monthly_basic,4900
GPA.7017-2180-5003-10189..13,2026-05-06,monthly_basic,4900
GPA.7550-5097-4724-10304..12,2026-05-06,monthly_basic,4900
GPA.7767-8630-8520-11162..2,2026-05-06,monthly_plus,9900
GPA.7789-8411-8454-10802..6,2026-05-06,monthly_basic,4900
GPA.8256-2459-9424-10907..5,2026-05-06,monthly_basic,4900
GPA.8409-5491-3017-10252..12,2026-05-06,monthly_plus,9900
GPA.8710-4590-8186-10291..12,2026-05-06,monthly_basic,4900
GPA.8769-7722-3731-10831..5,2026-05-06,monthly_plus,9900
GPA.8945-5146-8715-11090..3,2026-05-06,monthly_basic,4900
GPA.8999-2938-4797-11314..1,2026-05-06,monthly_basic,4900
GPA.9180-6766-1892-11185..2,2026-05-06,monthly_basic,4900
GPA.9435-5858-8443-10747..6,2026-05-06,monthly_plus,9900
GPA.9736-4938-3337-10740..6,2026-05-06,monthly_basic,4900
GPA.9998-4753-4604-10909..5,2026-05-06,monthly_plus,9900
GPA.1232-8491-3410-11126..3,2026-05-07,monthly_plus,9900
GPA.1325-5418-9552-10690..7,2026-05-07,monthly_plus,9900
GPA.1429-7442-6416-11513,2026-05-07,monthly_basic,4900
GPA.1493-9265-5990-10702..7,2026-05-07,monthly_basic,4900
GPA.2130-8500-5760-10278..12,2026-05-07,monthly_basic,4900
GPA.2915-7794-7009-10283..12,2026-05-07,monthly_basic,4900
GPA.3125-3972-7410-10995..4,2026-05-07,monthly_basic,4900
GPA.3131-4503-3450-10120..14,2026-05-07,monthly_basic,4900
GPA.3469-3207-9211-10580..8,2026-05-07,monthly_basic,4900
GPA.3605-7836-2377-10058..15,2026-05-07,monthly_basic,4900
GPA.3611-8633-3466-10587..8,2026-05-07,monthly_basic,4900
GPA.3789-5367-9777-11430,2026-05-07,monthly_basic,4900
GPA.4197-2562-4814-11490,2026-05-07,monthly_plus,9900
GPA.4227-5009-9619-11181..2,2026-05-07,monthly_plus,9900
GPA.4340-3158-4703-10436..10,2026-05-07,monthly_plus,9900
GPA.4608-5069-4107-11265..2,2026-05-07,monthly_plus,9900
GPA.4779-6717-2142-10388..11,2026-05-07,monthly_basic,4900
GPA.4933-8711-6736-11472,2026-05-07,monthly_basic,4900
GPA.5164-5375-4975-10735..6,2026-05-07,monthly_plus,9900
GPA.5227-7105-5272-10311..12,2026-05-07,monthly_plus,9900
GPA.5235-9687-2025-11376..1,2026-05-07,monthly_basic,4900
GPA.5282-8047-5521-11358..1,2026-05-07,monthly_basic,4900
GPA.5339-1669-5125-11435,2026-05-07,monthly_plus,9900
GPA.5365-6740-3651-11222..2,2026-05-07,monthly_plus,9900
GPA.5549-9412-5250-10929..4,2026-05-07,monthly_basic,4900
GPA.5912-6548-1194-10822..6,2026-05-07,monthly_basic,4900
GPA.5979-8900-8828-10555..9,2026-05-07,monthly_basic,4900
GPA.6294-5834-1764-10916..5,2026-05-07,monthly_basic,4900
GPA.6432-1597-5554-10447..10,2026-05-07,monthly_plus,9900
GPA.6938-2628-1318-10626..8,2026-05-07,monthly_basic,4900
GPA.7194-3296-8129-10374..11,2026-05-07,monthly_basic,4900
GPA.7601-8295-4540-10799..6,2026-05-07,monthly_basic,4900
GPA.7949-7698-4041-11335..1,2026-05-07,monthly_basic,4900
GPA.8491-7685-7937-10057..15,2026-05-07,monthly_plus,9900
GPA.8679-9637-4014-11128..3,2026-05-07,monthly_basic,4900
GPA.8992-8910-4831-11141..3,2026-05-07,monthly_plus,9900
GPA.9060-5016-3664-11025..4,2026-05-07,monthly_basic,4900
GPA.9065-1440-4233-10145..13,2026-05-07,monthly_basic,4900
GPA.9303-6781-7842-10325..11,2026-05-07,monthly_basic,4900
GPA.9386-5372-9211-10980..4,2026-05-07,monthly_basic,4900
GPA.9412-4348-2111-10945..4,2026-05-07,monthly_basic,4900
GPA.9552-3003-1750-10317..11,2026-05-07,monthly_basic,4900
GPA.9921-1356-2342-11197..2,2026-05-07,monthly_plus,9900
GPA.1129-9157-5507-10201..13,2026-05-08,monthly_basic,4900
GPA.1374-4217-4481-10168..14,2026-05-08,monthly_basic,4900
GPA.1470-5303-6026-10470..9,2026-05-08,monthly_basic,4900
GPA.1736-4721-8915-11407,2026-05-08,monthly_basic,4900
GPA.1925-4922-7366-11321..1,2026-05-08,monthly_basic,4900
GPA.2113-6971-1982-10009..16,2026-05-08,monthly_basic,4900
GPA.2343-3267-4067-11157..2,2026-05-08,monthly_basic,4900
GPA.2435-3589-4043-10987..4,2026-05-08,monthly_plus,9900
GPA.2491-2004-2636-10224..11,2026-05-08,monthly_plus,9900
GPA.2492-3126-9102-11232..2,2026-05-08,monthly_basic,4900
GPA.3099-9831-1215-11082..3,2026-05-08,monthly_plus,9900
GPA.3125-5996-7760-11279..1,2026-05-08,monthly_basic,4900
GPA.3760-8455-5037-10369..11,2026-05-08,monthly_basic,4900
GPA.3883-5221-5111-11008..4,2026-05-08,monthly_basic,4900
GPA.4022-6634-6258-10536..9,2026-05-08,monthly_basic,4900
GPA.4087-7989-4655-10468..9,2026-05-08,monthly_basic,4900
GPA.4237-7834-6317-10339..11,2026-05-08,monthly_plus,9900
GPA.4444-1061-6168-11024..4,2026-05-08,monthly_basic,4900
GPA.4783-2715-1949-11204..2,2026-05-08,monthly_plus,9900
GPA.5349-2496-9933-10605..8,2026-05-08,monthly_basic,4900
GPA.5604-4345-6387-10784..6,2026-05-08,monthly_basic,4900
GPA.5775-4878-3737-11002..4,2026-05-08,monthly_basic,4900
GPA.5784-8341-1973-10334..11,2026-05-08,monthly_basic,4900
GPA.5869-8084-9291-11184..2,2026-05-08,monthly_basic,4900
GPA.6135-9669-2421-11346..1,2026-05-08,monthly_basic,4900
GPA.6630-6452-4855-11119..3,2026-05-08,monthly_basic,4900
GPA.6920-3334-1881-11058..3,2026-05-08,monthly_basic,4900
GPA.7255-6878-7464-11253..2,2026-05-08,monthly_basic,4900
GPA.7274-6452-5253-10461..10,2026-05-08,monthly_basic,4900
GPA.7402-1159-3496-10636..8,2026-05-08,monthly_basic,4900
GPA.7747-2324-4837-11262..2,2026-05-08,monthly_basic,4900
GPA.8741-8366-2424-10522..9,2026-05-08,monthly_plus,9900
GPA.9208-3673-8267-11423,2026-05-08,monthly_basic,4900
GPA.9467-1894-8870-11293..1,2026-05-08,monthly_basic,4900
GPA.9740-1363-7920-11193..2,2026-05-08,monthly_basic,4900
GPA.9752-6072-8478-11484,2026-05-08,monthly_basic,4900
GPA.1399-5427-5303-10316..12,2026-05-09,monthly_basic,4900
GPA.1613-8100-7817-11409,2026-05-09,monthly_plus,9900
GPA.1648-6710-6889-10638..8,2026-05-09,monthly_basic,4900
GPA.2265-9779-4244-11434,2026-05-09,monthly_basic,4900
GPA.2573-9945-5120-11515,2026-05-09,monthly_plus,9900
GPA.2842-3305-8410-10948..4,2026-05-09,monthly_basic,4900
GPA.2864-4855-6709-11327..1,2026-05-09,monthly_plus,9900
GPA.2896-5621-7678-11196..2,2026-05-09,monthly_basic,4900
GPA.3106-3271-2218-10030..16,2026-05-09,monthly_basic,4900
GPA.3650-9921-6995-11063..3,2026-05-09,monthly_plus,9900
GPA.3950-8437-6589-10579..8,2026-05-09,monthly_plus,9900
GPA.4072-4875-5780-10911..5,2026-05-09,monthly_basic,4900
GPA.4078-1951-3561-11143..3,2026-05-09,monthly_plus,9900
GPA.4146-5313-2472-11370..1,2026-05-09,monthly_basic,4900
GPA.4444-7701-9623-11468,2026-05-09,monthly_basic,4900
GPA.4667-2951-9815-11497,2026-05-09,monthly_basic,4900
GPA.5280-4012-7572-11187..2,2026-05-09,monthly_basic,4900
GPA.5577-4741-5141-10300..12,2026-05-09,monthly_basic,4900
GPA.5589-7965-2319-11486,2026-05-09,monthly_basic,4900
GPA.5679-1449-4783-11517,2026-05-09,monthly_basic,4900
GPA.6283-6871-6549-10016..16,2026-05-09,monthly_plus,9900
GPA.6846-2191-1028-11284..1,2026-05-09,monthly_basic,4900
GPA.6857-7017-8189-11113..3,2026-05-09,monthly_plus,9900
GPA.6886-9798-7309-11247..2,2026-05-09,monthly_basic,4900
GPA.6981-3976-8801-10499..9,2026-05-09,monthly_basic,4900
GPA.7089-4208-3018-11292..1,2026-05-09,monthly_basic,4900
GPA.7177-5117-7158-10801..6,2026-05-09,monthly_basic,4900
GPA.7277-5172-1216-11354..1,2026-05-09,monthly_basic,4900
GPA.7502-6109-7221-10961..4,2026-05-09,monthly_plus,9900
GPA.7607-8257-5748-11172..2,2026-05-09,monthly_basic,4900
GPA.7765-5382-7034-11479,2026-05-09,monthly_basic,4900
GPA.8613-9352-2585-10578..8,2026-05-09,monthly_plus,9900
GPA.8655-9837-5784-10187..13,2026-05-09,monthly_plus,9900
GPA.8698-1253-3101-11432,2026-05-09,monthly_plus,9900
GPA.8736-2248-3200-10099..15,2026-05-09,monthly_basic,4900
GPA.8904-7450-6165-10507..9,2026-05-09,monthly_plus,9900
GPA.9821-2740-4744-10132..14,2026-05-09,monthly_basic,4900
GPA.1038-2001-7345-11363..1,2026-05-10,monthly_plus,9900
GPA.1082-5410-5557-10814..6,2026-05-10,monthly_plus,9900
GPA.1796-1419-3343-11361..1,2026-05-10,monthly_plus,9900
GPA.1964-3934-4002-10411..10,2026-05-10,monthly_basic,4900
GPA.2643-2995-8125-10296..12,2026-05-10,monthly_plus,9900
GPA.3181-7412-3177-11440,2026-05-10,monthly_plus,9900
GPA.3536-7947-2701-11413,2026-05-10,monthly_basic,4900
GPA.3752-6885-2120-10908..5,2026-05-10,monthly_basic,4900
GPA.3813-7054-5195-10570..8,2026-05-10,monthly_plus,9900
GPA.4050-6449-9090-10773..6,2026-05-10,monthly_basic,4900
GPA.4056-8686-1114-10336..11,2026-05-10,monthly_basic,4900
GPA.4063-3943-6701-10550..9,2026-05-10,monthly_basic,4900
GPA.4714-8364-9171-11464,2026-05-10,monthly_plus,9900
GPA.4763-4466-9820-10068..15,2026-05-10,monthly_basic,4900
GPA.5340-6048-5451-10657..7,2026-05-10,monthly_plus,9900
GPA.5780-7948-2145-10786..6,2026-05-10,monthly_basic,4900
GPA.5812-3160-2991-11038..3,2026-05-10,monthly_basic,4900
GPA.6116-9417-9583-10870..5,2026-05-10,monthly_basic,4900
GPA.6389-4307-1190-10648..7,2026-05-10,monthly_basic,4900
GPA.6575-6185-5855-10864..5,2026-05-10,monthly_plus,9900
GPA.6727-8019-5508-10600..8,2026-05-10,monthly_basic,4900
GPA.6805-5447-8155-11200..2,2026-05-10,monthly_basic,4900
GPA.6953-9264-7937-11282..1,2026-05-10,monthly_basic,4900
GPA.6965-2234-6131-11012..4,2026-05-10,monthly_plus,9900
GPA.7103-5410-6519-10509..9,2026-05-10,monthly_plus,9900
GPA.7127-8900-4405-11466,2026-05-10,monthly_basic,4900
GPA.7342-8191-9417-10263..12,2026-05-10,monthly_basic,4900
GPA.7538-1051-9662-10306..12,2026-05-10,monthly_basic,4900
GPA.8089-8848-9852-10318..11,2026-05-10,monthly_basic,4900
GPA.8167-6011-4846-11289..1,2026-05-10,monthly_basic,4900
GPA.8460-8922-6251-10478..9,2026-05-10,monthly_plus,9900
GPA.8576-5328-5130-10896..5,2026-05-10,monthly_basic,4900
GPA.8640-9924-6647-10754..6,2026-05-10,monthly_basic,4900
GPA.8736-4633-1038-10700..7,2026-05-10,monthly_plus,9900
GPA.8776-1144-5263-10154..14,2026-05-10,monthly_plus,9900
GPA.8909-3614-5792-11325..1,2026-05-10,monthly_plus,9900
GPA.8944-1906-9986-10613..8,2026-05-10,monthly_plus,9900
GPA.8950-1269-9787-11309..1,2026-05-10,monthly_basic,4900
GPA.9135-2387-8831-10804..6,2026-05-10,monthly_basic,4900
GPA.1050-4399-9181-10560..8,2026-05-11,monthly_basic,4900
GPA.1194-3671-7136-10775..6,2026-05-11,monthly_plus,9900
GPA.1246-4681-9057-10925..4,2026-05-11,monthly_basic,4900
GPA.1484-5646-5753-10230..13,2026-05-11,monthly_basic,4900
GPA.1936-7944-3660-10391..10,2026-05-11,monthly_plus,9900
GPA.2174-9081-9972-11357..1,2026-05-11,monthly_basic,4900
GPA.2243-1525-8076-10787..6,2026-05-11,monthly_basic,4900
GPA.3133-3573-4280-10284..12,2026-05-11,monthly_basic,4900
GPA.3710-5951-9525-11426,2026-05-11,monthly_basic,4900
GPA.3812-8768-7148-10025..7,2026-05-11,monthly_plus,9900
GPA.4098-6869-3665-11225..2,2026-05-11,monthly_plus,9900
GPA.4149-7962-5194-11283..1,2026-05-11,monthly_basic,4900
GPA.4250-7505-7930-10251..12,2026-05-11,monthly_basic,4900
GPA.4942-6282-2816-11264..2,2026-05-11,monthly_basic,4900
GPA.5177-4778-8009-10727..7,2026-05-11,monthly_basic,4900
GPA.5324-5769-6452-10860..5,2026-05-11,monthly_basic,4900
GPA.5436-9215-9687-11372..1,2026-05-11,monthly_basic,4900
GPA.5480-9775-7838-11152..2,2026-05-11,monthly_basic,4900
GPA.5598-6256-1410-10379..11,2026-05-11,monthly_basic,4900
GPA.5641-2126-4245-10933..4,2026-05-11,monthly_basic,4900
GPA.5698-4890-6474-11494,2026-05-11,monthly_basic,4900
GPA.5813-6124-9552-10631..8,2026-05-11,monthly_basic,4900
GPA.5877-2965-4126-11231..2,2026-05-11,monthly_basic,4900
GPA.5906-2795-7048-10992..4,2026-05-11,monthly_basic,4900
GPA.6101-1159-3030-10157..14,2026-05-11,monthly_basic,4900
GPA.6137-6029-2968-10460..10,2026-05-11,monthly_basic,4900
GPA.6194-5038-3183-10174..14,2026-05-11,monthly_basic,4900
GPA.6494-4003-1996-11054..3,2026-05-11,monthly_basic,4900
GPA.6577-2245-9871-10642..8,2026-05-11,monthly_basic,4900
GPA.6786-6619-5466-11039..2,2026-05-11,monthly_basic,4900
GPA.6975-5232-1945-11519,2026-05-11,monthly_basic,4900
GPA.6982-3728-5610-10632..8,2026-05-11,monthly_plus,9900
GPA.7018-4853-5173-10972..4,2026-05-11,monthly_plus,9900
GPA.7203-6707-2235-11331..1,2026-05-11,monthly_plus,9900
GPA.7282-8303-6077-10789..6,2026-05-11,monthly_plus,9900
GPA.7520-2007-3296-10651..7,2026-05-11,monthly_basic,4900
GPA.7754-7283-9123-10542..9,2026-05-11,monthly_basic,4900
GPA.7836-4264-7514-10193..13,2026-05-11,monthly_plus,9900
GPA.8079-6215-4369-10043..16,2026-05-11,monthly_plus,9900
GPA.8137-3188-9092-10953..4,2026-05-11,monthly_basic,4900
GPA.8550-4346-4801-11300..1,2026-05-11,monthly_basic,4900
GPA.8600-6002-5431-11291..1,2026-05-11,monthly_basic,4900
GPA.1176-8175-2341-10686..2,2026-05-12,monthly_basic,4900
GPA.1645-9403-2555-10825..5,2026-05-12,monthly_basic,4900
GPA.1669-6917-4837-10893..5,2026-05-12,monthly_basic,4900
GPA.1830-9427-8980-10519..9,2026-05-12,monthly_plus,9900
GPA.2196-3799-3944-10269..12,2026-05-12,monthly_basic,4900
GPA.3167-4951-3681-11278..1,2026-05-12,monthly_basic,4900
GPA.3762-2247-7623-10075..15,2026-05-12,monthly_basic,4900
GPA.3992-2572-5322-10941..4,2026-05-12,monthly_basic,4900
GPA.4135-3852-8999-10920..5,2026-05-12,monthly_basic,4900
GPA.4530-2168-8438-10866..5,2026-05-12,monthly_basic,4900
GPA.4724-8332-8549-10274..12,2026-05-12,monthly_basic,4900
GPA.4959-3470-4198-10255..12,2026-05-12,monthly_basic,4900
GPA.5132-1706-3288-10885..5,2026-05-12,monthly_plus,9900
GPA.5276-3626-7957-11318..1,2026-05-12,monthly_basic,4900
GPA.5374-6402-5697-11287..1,2026-05-12,monthly_basic,4900
GPA.5411-4542-9416-11499,2026-05-12,monthly_basic,4900
GPA.5422-9494-8579-11011..4,2026-05-12,monthly_basic,4900
GPA.5441-6141-8482-10781..6,2026-05-12,monthly_basic,4900
GPA.5460-3132-1268-11448,2026-05-12,monthly_basic,4900
GPA.5514-8971-2605-10403..10,2026-05-12,monthly_plus,9900
GPA.5658-9685-5947-11377..1,2026-05-12,monthly_basic,4900
GPA.5676-3499-7531-11417,2026-05-12,monthly_basic,4900
GPA.5737-3896-7109-11077..3,2026-05-12,monthly_basic,4900
GPA.5894-7610-6295-11052..3,2026-05-12,monthly_plus,9900
GPA.5972-1536-9265-10438..10,2026-05-12,monthly_basic,4900
GPA.6933-7124-7080-10540..9,2026-05-12,monthly_basic,4900
GPA.6959-9827-4557-10208..13,2026-05-12,monthly_basic,4900
GPA.7267-8802-7011-10697..7,2026-05-12,monthly_basic,4900
GPA.7304-2684-7310-10826..5,2026-05-12,monthly_plus,9900
GPA.7549-9080-2105-11317..1,2026-05-12,monthly_basic,4900
GPA.7678-2110-9429-10395..10,2026-05-12,monthly_basic,4900
GPA.7968-2441-4425-10660..7,2026-05-12,monthly_basic,4900
GPA.8190-3944-3138-11142..3,2026-05-12,monthly_basic,4900
GPA.8520-8621-9955-11381..1,2026-05-12,monthly_basic,4900
GPA.9126-8210-7980-10275..12,2026-05-12,monthly_plus,9900
GPA.9361-2558-1323-10834..5,2026-05-12,monthly_basic,4900
GPA.9585-3407-2021-11433,2026-05-12,monthly_basic,4900
GPA.9607-4426-8246-10041..16,2026-05-12,monthly_basic,4900
GPA.9739-4534-8653-10069..15,2026-05-12,monthly_basic,4900
GPA.9749-4814-9006-10442..10,2026-05-12,monthly_basic,4900
GPA.9858-5183-3383-10630..8,2026-05-12,monthly_basic,4900
GPA.1082-1199-1395-11428,2026-05-13,monthly_basic,4900
GPA.1277-8390-9343-11391,2026-05-13,monthly_basic,4900
GPA.1700-5521-4036-11036..3,2026-05-13,monthly_basic,4900
GPA.1987-9614-9804-11108..3,2026-05-13,monthly_plus,9900
GPA.2191-5133-3788-11295..1,2026-05-13,monthly_basic,4900
GPA.2244-6681-3743-11091..3,2026-05-13,monthly_plus,9900
GPA.2287-5751-9377-11242..2,2026-05-13,monthly_basic,4900
GPA.2564-2044-5927-11458,2026-05-13,monthly_basic,4900
GPA.2724-6683-8236-11252..2,2026-05-13,monthly_plus,9900
GPA.2780-3840-8539-11083..3,2026-05-13,monthly_basic,4900
GPA.2991-6105-6776-10838..5,2026-05-13,monthly_basic,4900
GPA.3070-8304-3938-10678..7,2026-05-13,monthly_basic,4900
GPA.3204-1035-3017-10840..5,2026-05-13,monthly_basic,4900
GPA.3354-1089-5084-11161..2,2026-05-13,monthly_plus,9900
GPA.4313-4281-9125-10595..8,2026-05-13,monthly_plus,9900
GPA.4622-6272-2903-10250..12,2026-05-13,monthly_basic,4900
GPA.4943-3433-2488-11475,2026-05-13,monthly_basic,4900
GPA.5050-3084-6504-10879..5,2026-05-13,monthly_basic,4900
GPA.5772-1165-7513-11042..3,2026-05-13,monthly_plus,9900
GPA.6286-1508-2825-10968..4,2026-05-13,monthly_basic,4900
GPA.6414-1595-2345-11048..3,2026-05-13,monthly_plus,9900
GPA.6519-2044-6391-10988..4,2026-05-13,monthly_basic,4900
GPA.6737-4039-4464-11017..4,2026-05-13,monthly_basic,4900
GPA.6757-2589-5824-10965..4,2026-05-13,monthly_plus,9900
GPA.7237-8703-4571-11387..1,2026-05-13,monthly_basic,4900
GPA.7569-4388-9518-11455,2026-05-13,monthly_basic,4900
GPA.7658-6561-3906-10260..12,2026-05-13,monthly_basic,4900
GPA.7853-2690-1423-10113..5,2026-05-13,monthly_basic,4900
GPA.8239-9218-1714-11171..2,2026-05-13,monthly_basic,4900
GPA.8502-9643-1325-11514,2026-05-13,monthly_basic,4900
GPA.8673-2675-3222-10949..4,2026-05-13,monthly_plus,9900
GPA.8941-1690-1476-11500,2026-05-13,monthly_basic,4900
GPA.9278-2066-5728-10765..6,2026-05-13,monthly_plus,9900
GPA.9377-7612-2361-11191..2,2026-05-13,monthly_basic,4900
GPA.9469-8184-4235-11487,2026-05-13,monthly_basic,4900
GPA.9854-7923-5827-11306..1,2026-05-13,monthly_basic,4900
GPA.9945-5908-1991-10874..5,2026-05-13,monthly_basic,4900
GPA.9950-6039-7136-10673..7,2026-05-13,monthly_plus,9900
GPA.1526-6256-4659-11062..3,2026-05-14,monthly_basic,4900
GPA.1554-9934-1688-10718..7,2026-05-14,monthly_basic,4900
GPA.1680-9650-5541-10620..8,2026-05-14,monthly_plus,9900
GPA.2000-8274-8065-11345..1,2026-05-14,monthly_basic,4900
GPA.2113-3616-8509-11061..3,2026-05-14,monthly_basic,4900
GPA.2269-7483-6846-11491,2026-05-14,monthly_plus,9900
GPA.2439-3740-5232-11087..3,2026-05-14,monthly_plus,9900
GPA.2838-6095-8755-10869..5,2026-05-14,monthly_basic,4900
GPA.3358-7373-9449-10236..13,2026-05-14,monthly_basic,4900
GPA.3490-4867-7990-11385..1,2026-05-14,monthly_basic,4900
GPA.4139-9157-6693-11168..2,2026-05-14,monthly_plus,9900
GPA.4198-6298-5997-10966..4,2026-05-14,monthly_basic,4900
GPA.4394-8385-1189-10743..6,2026-05-14,monthly_basic,4900
GPA.4394-9171-2863-11243..2,2026-05-14,monthly_basic,4900
GPA.4510-7262-8036-11189..2,2026-05-14,monthly_plus,9900
GPA.4612-6938-8746-11100..3,2026-05-14,monthly_basic,4900
GPA.4750-3051-8178-10719..7,2026-05-14,monthly_plus,9900
GPA.4780-1299-1940-11320..1,2026-05-14,monthly_basic,4900
GPA.5047-9552-8987-11255..2,2026-05-14,monthly_basic,4900
GPA.5197-9617-4743-11051..3,2026-05-14,monthly_plus,9900
GPA.5218-8913-2701-10921..5,2026-05-14,monthly_plus,9900
GPA.5654-8585-6623-10572..8,2026-05-14,monthly_basic,4900
GPA.5669-4203-6326-10943..4,2026-05-14,monthly_basic,4900
GPA.6348-1843-7989-10096..15,2026-05-14,monthly_plus,9900
GPA.7347-9365-6390-11223..2,2026-05-14,monthly_basic,4900
GPA.7815-6381-7870-11305..1,2026-05-14,monthly_basic,4900
GPA.7975-8370-5065-11194..2,2026-05-14,monthly_basic,4900
GPA.8219-1094-5303-11203..2,2026-05-14,monthly_basic,4900
GPA.8263-4035-9334-10239..13,2026-05-14,monthly_basic,4900
GPA.8271-5698-5560-11334..1,2026-05-14,monthly_plus,9900
GPA.8460-6139-9623-10305..12,2026-05-14,monthly_basic,4900
GPA.8608-1427-7166-10544..9,2026-05-14,monthly_basic,4900
GPA.8609-5394-2594-10850..5,2026-05-14,monthly_basic,4900
GPA.8661-4812-5577-11020..4,2026-05-14,monthly_plus,9900
GPA.9042-7245-6317-10623..8,2026-05-14,monthly_basic,4900
GPA.9377-6413-4347-10039..16,2026-05-14,monthly_plus,9900
GPA.9663-9976-2013-10320..11,2026-05-14,monthly_basic,4900
GPA.1072-8151-4947-10959..4,2026-05-15,monthly_basic,4900
GPA.1375-4720-6151-11149..2,2026-05-15,monthly_basic,4900
GPA.1570-6408-3162-10294..12,2026-05-15,monthly_basic,4900
GPA.1571-7746-2819-10883..5,2026-05-15,monthly_basic,4900
GPA.1611-1417-8032-10167..14,2026-05-15,monthly_basic,4900
GPA.1685-7194-6195-10558..8,2026-05-15,monthly_basic,4900
GPA.1802-5798-5535-10897..5,2026-05-15,monthly_basic,4900
GPA.1856-9188-6868-10129..14,2026-05-15,monthly_basic,4900
GPA.2210-4977-3275-11151..2,2026-05-15,monthly_basic,4900
GPA.2787-3621-7234-10466..10,2026-05-15,monthly_basic,4900
GPA.2998-5410-3491-11097..3,2026-05-15,monthly_plus,9900
GPA.3108-9735-2586-11258..2,2026-05-15,monthly_plus,9900
GPA.3292-4847-8861-10267..12,2026-05-15,monthly_plus,9900
GPA.3424-9093-4176-10406..10,2026-05-15,monthly_plus,9900
GPA.3466-7088-9527-11174..2,2026-05-15,monthly_basic,4900
GPA.3689-3160-6982-11498,2026-05-15,monthly_basic,4900
GPA.4753-7563-1767-10548..9,2026-05-15,monthly_basic,4900
GPA.5280-7249-4858-11380..1,2026-05-15,monthly_plus,9900
GPA.5488-1711-2720-11477,2026-05-15,monthly_basic,4900
GPA.6019-9888-9443-10392..10,2026-05-15,monthly_basic,4900
GPA.6298-3761-7341-10221..13,2026-05-15,monthly_plus,9900
GPA.6356-9739-3318-10077..15,2026-05-15,monthly_plus,9900
GPA.7688-7619-3287-11509,2026-05-15,monthly_basic,4900
GPA.8258-2298-1366-10762..6,2026-05-15,monthly_basic,4900
GPA.8492-1399-6727-10732..6,2026-05-15,monthly_plus,9900
GPA.9538-7549-7874-10012..16,2026-05-15,monthly_basic,4900
GPA.9652-4327-7818-11383..1,2026-05-15,monthly_basic,4900
GPA.9887-4332-3504-10524..9,2026-05-15,monthly_basic,4900
GPA.9958-8006-1672-10194..13,2026-05-15,monthly_basic,4900
GPA.1136-5407-6802-10464..10,2026-05-16,monthly_basic,4900
GPA.1324-4354-3390-10590..8,2026-05-16,monthly_basic,4900
GPA.1480-3104-9682-11379..1,2026-05-16,monthly_basic,4900
GPA.1515-2600-7159-10616..8,2026-05-16,monthly_plus,9900
GPA.1708-9008-9174-10889..5,2026-05-16,monthly_basic,4900
GPA.1763-6443-8153-11160..2,2026-05-16,monthly_basic,4900
GPA.1792-1695-6299-10594..8,2026-05-16,monthly_basic,4900
GPA.1840-8378-8895-10769..6,2026-05-16,monthly_basic,4900
GPA.2019-2544-5921-10926..4,2026-05-16,monthly_basic,4900
GPA.2281-5497-4841-10500..9,2026-05-16,monthly_basic,4900
GPA.2341-3908-6716-11359..1,2026-05-16,monthly_basic,4900
GPA.2462-3225-1555-10404..10,2026-05-16,monthly_basic,4900
GPA.2510-7463-6673-10936..4,2026-05-16,monthly_basic,4900
GPA.2653-3822-8836-11212..2,2026-05-16,monthly_plus,9900
GPA.3225-5434-1596-11338..1,2026-05-16,monthly_basic,4900
GPA.3344-6362-3007-11088..3,2026-05-16,monthly_plus,9900
GPA.3962-7203-5542-11447,2026-05-16,monthly_basic,4900
GPA.4167-8490-8834-11205..2,2026-05-16,monthly_plus,9900
GPA.4689-6854-8624-10723..7,2026-05-16,monthly_basic,4900
GPA.5263-7183-8661-11493,2026-05-16,monthly_basic,4900
GPA.5422-6488-7730-10790..6,2026-05-16,monthly_plus,9900
GPA.5788-3922-9154-10716..7,2026-05-16,monthly_plus,9900
GPA.5797-3585-9292-10813..6,2026-05-16,monthly_basic,4900
GPA.5832-9560-4392-10628..4,2026-05-16,monthly_basic,4900
GPA.6078-4013-3803-10576..8,2026-05-16,monthly_basic,4900
GPA.6092-4759-2200-10567..8,2026-05-16,monthly_plus,9900
GPA.6425-7791-3177-10530..9,2026-05-16,monthly_basic,4900
GPA.6456-7612-8970-10055..16,2026-05-16,monthly_plus,9900
GPA.6684-2957-6713-10829..5,2026-05-16,monthly_basic,4900
GPA.7098-1420-6578-11349..1,2026-05-16,monthly_plus,9900
GPA.7124-3305-6088-10446..10,2026-05-16,monthly_basic,4900
GPA.7138-1367-7439-10952..4,2026-05-16,monthly_plus,9900
GPA.7213-5715-2077-10309..12,2026-05-16,monthly_plus,9900
GPA.7240-2830-4843-11040..3,2026-05-16,monthly_basic,4900
GPA.7393-3658-8166-10957..4,2026-05-16,monthly_plus,9900
GPA.7524-6067-2844-10585..8,2026-05-16,monthly_basic,4900
GPA.7718-7828-1725-11216..2,2026-05-16,monthly_basic,4900
GPA.8170-7623-8874-10010..16,2026-05-16,monthly_basic,4900
GPA.8564-2237-8908-10125..14,2026-05-16,monthly_plus,9900
GPA.8875-3921-6004-11273..1,2026-05-16,monthly_plus,9900
GPA.9291-6015-6438-11378..1,2026-05-16,monthly_basic,4900
GPA.9483-7638-6348-10551..9,2026-05-16,monthly_basic,4900
GPA.1154-7651-5243-10761..6,2026-05-17,monthly_basic,4900
GPA.1351-7869-3804-11389..1,2026-05-17,monthly_plus,9900
GPA.1599-1949-7227-11001..4,2026-05-17,monthly_basic,4900
GPA.1775-9043-4712-11156..2,2026-05-17,monthly_basic,4900
GPA.2061-8960-9169-10846..5,2026-05-17,monthly_basic,4900
GPA.2179-6551-4555-11288..1,2026-05-17,monthly_basic,4900
GPA.2447-3778-9885-11323..1,2026-05-17,monthly_basic,4900
GPA.2628-4538-6750-10710..7,2026-05-17,monthly_basic,4900
GPA.2711-8282-4257-11368..1,2026-05-17,monthly_basic,4900
GPA.2998-5572-7782-11294..1,2026-05-17,monthly_plus,9900
GPA.3725-6938-6923-10033..16,2026-05-17,monthly_basic,4900
GPA.3725-7784-5583-11084..3,2026-05-17,monthly_plus,9900
GPA.4133-5566-5397-10363..9,2026-05-17,monthly_plus,9900
GPA.4214-1621-7196-10997..4,2026-05-17,monthly_basic,4900
GPA.4598-1729-1690-10970..4,2026-05-17,monthly_plus,9900
GPA.4810-2036-8663-11445,2026-05-17,monthly_basic,4900
GPA.5131-4453-2134-10342..11,2026-05-17,monthly_basic,4900
GPA.5505-8617-7342-10633..8,2026-05-17,monthly_basic,4900
GPA.5657-8217-7884-11249..2,2026-05-17,monthly_basic,4900
GPA.6135-7219-8925-11326..1,2026-05-17,monthly_basic,4900
GPA.6325-4872-1713-10974..4,2026-05-17,monthly_basic,4900
GPA.6385-4912-6398-10185..13,2026-05-17,monthly_basic,4900
GPA.6504-8747-8539-11195..2,2026-05-17,monthly_basic,4900
GPA.6648-8038-4574-10942..4,2026-05-17,monthly_plus,9900
GPA.6678-2040-6422-10932..4,2026-05-17,monthly_basic,4900
GPA.7977-2806-3937-10857..5,2026-05-17,monthly_plus,9900
GPA.8066-7983-3468-11450,2026-05-17,monthly_basic,4900
GPA.8087-7730-1521-11401,2026-05-17,monthly_basic,4900
GPA.8161-6556-7056-11471,2026-05-17,monthly_basic,4900
GPA.8260-9206-5010-11218..2,2026-05-17,monthly_plus,9900
GPA.8434-7839-9926-10085..15,2026-05-17,monthly_basic,4900
GPA.8623-4531-1935-10042..7,2026-05-17,monthly_basic,4900
GPA.9219-9383-2442-10097..15,2026-05-17,monthly_basic,4900
GPA.9930-3828-4407-11071..3,2026-05-17,monthly_plus,9900
GPA.9970-2625-2692-10451..10,2026-05-17,monthly_plus,9900
GPA.1013-6267-4563-11118..3,2026-05-18,monthly_basic,4900
GPA.1141-2984-1878-10746..6,2026-05-18,monthly_basic,4900
GPA.1535-4590-3075-10979..4,2026-05-18,monthly_basic,4900
GPA.1999-9779-5516-11312..1,2026-05-18,monthly_plus,9900
GPA.2890-2783-5370-11050..3,2026-05-18,monthly_basic,4900
GPA.3042-2179-9146-10687..7,2026-05-18,monthly_basic,4900
GPA.3253-6816-4053-10975..4,2026-05-18,monthly_basic,4900
GPA.3262-8736-1290-10859..5,2026-05-18,monthly_basic,4900
GPA.3291-7154-2284-10378..11,2026-05-18,monthly_basic,4900
GPA.3470-8536-2464-11060..3,2026-05-18,monthly_plus,9900
GPA.3544-6743-3827-10254..9,2026-05-18,monthly_basic,4900
GPA.3724-1661-4100-10310..12,2026-05-18,monthly_basic,4900
GPA.3728-4607-3068-10593..8,2026-05-18,monthly_basic,4900
GPA.3810-5889-6885-10724..7,2026-05-18,monthly_basic,4900
GPA.4106-7631-4180-11350..1,2026-05-18,monthly_basic,4900
GPA.4364-3384-1751-10100..15,2026-05-18,monthly_basic,4900
GPA.4847-8643-4810-11352..1,2026-05-18,monthly_basic,4900
GPA.4901-4433-7075-10345..10,2026-05-18,monthly_plus,9900
GPA.5452-5827-1856-10617..8,2026-05-18,monthly_basic,4900
GPA.5471-7506-9233-10262..12,2026-05-18,monthly_basic,4900
GPA.5720-6902-4646-11489,2026-05-18,monthly_basic,4900
GPA.5851-5167-8986-11367..1,2026-05-18,monthly_basic,4900
GPA.5873-1710-9717-11501,2026-05-18,monthly_basic,4900
GPA.5999-1755-9422-11173..2,2026-05-18,monthly_plus,9900
GPA.6103-6648-7345-10116..15,2026-05-18,monthly_basic,4900
GPA.6275-9143-8333-10950..4,2026-05-18,monthly_basic,4900
GPA.6294-9792-5999-10380..11,2026-05-18,monthly_basic,4900
GPA.6409-2567-9964-10535..9,2026-05-18,monthly_basic,4900
GPA.6700-8455-3505-11453,2026-05-18,monthly_basic,4900
GPA.6757-7658-2796-10288..12,2026-05-18,monthly_basic,4900
GPA.7351-4269-3559-10335..11,2026-05-18,monthly_basic,4900
GPA.7649-6972-3871-10766..6,2026-05-18,monthly_plus,9900
GPA.8202-2409-7080-11505,2026-05-18,monthly_basic,4900
GPA.8298-4631-3669-10755..6,2026-05-18,monthly_basic,4900
GPA.8430-8903-8453-10800..6,2026-05-18,monthly_basic,4900
GPA.8542-9521-4221-11120..3,2026-05-18,monthly_basic,4900
GPA.8557-9320-9547-10128..14,2026-05-18,monthly_basic,4900
GPA.8775-3408-6022-10614..8,2026-05-18,monthly_plus,9900
GPA.8806-2954-3792-11495,2026-05-18,monthly_basic,4900
GPA.8947-8756-3862-10110..10,2026-05-18,monthly_basic,4900
GPA.8974-8717-4069-11436,2026-05-18,monthly_basic,4900
GPA.9086-9401-3582-11177..2,2026-05-18,monthly_plus,9900
GPA.9196-9036-2537-10545..9,2026-05-18,monthly_basic,4900
GPA.9230-6107-3416-11109..3,2026-05-18,monthly_plus,9900
GPA.9548-5774-7985-11373..1,2026-05-18,monthly_basic,4900
GPA.9800-3786-6348-11296..1,2026-05-18,monthly_plus,9900
GPA.9906-2445-3790-11221..2,2026-05-18,monthly_basic,4900
GPA.1151-7066-1149-10672..7,2026-05-19,monthly_plus,9900
GPA.1393-4982-5273-11404,2026-05-19,monthly_basic,4900
GPA.1532-7552-8531-10798..6,2026-05-19,monthly_basic,4900
GPA.1734-4531-4208-10248..13,2026-05-19,monthly_basic,4900
GPA.1891-3064-3683-10720..7,2026-05-19,monthly_basic,4900
GPA.1899-4070-4920-10226..13,2026-05-19,monthly_basic,4900
GPA.2064-8522-2147-10934..4,2026-05-19,monthly_basic,4900
GPA.2477-8410-7097-11474,2026-05-19,monthly_basic,4900
GPA.2894-3616-4616-10904..5,2026-05-19,monthly_basic,4900
GPA.2905-6024-5661-10955..4,2026-05-19,monthly_basic,4900
GPA.2998-5727-4344-11122..3,2026-05-19,monthly_plus,9900
GPA.3368-2429-2940-10396..10,2026-05-19,monthly_basic,4900
GPA.3566-5280-8440-10083..11,2026-05-19,monthly_basic,4900
GPA.3692-3611-9128-11167..2,2026-05-19,monthly_plus,9900
GPA.3793-9241-6740-11043..3,2026-05-19,monthly_basic,4900
GPA.4432-9544-5231-10976..4,2026-05-19,monthly_basic,4900
GPA.4439-9400-9930-10527..9,2026-05-19,monthly_plus,9900
GPA.4589-3857-5078-11154..2,2026-05-19,monthly_basic,4900
GPA.5100-5905-9826-11419,2026-05-19,monthly_plus,9900
GPA.5219-2970-7645-10736..6,2026-05-19,monthly_basic,4900
GPA.5391-2132-8676-11347..1,2026-05-19,monthly_basic,4900
GPA.5443-3039-5090-11208..2,2026-05-19,monthly_basic,4900
GPA.5507-6202-9242-10693..7,2026-05-19,monthly_plus,9900
GPA.5740-6387-2485-10956..4,2026-05-19,monthly_basic,4900
GPA.5756-3761-3392-11018..4,2026-05-19,monthly_basic,4900
GPA.5796-5211-4181-10899..5,2026-05-19,monthly_plus,9900
GPA.5846-5040-3042-11437,2026-05-19,monthly_plus,9900
GPA.5852-2096-5474-10606..8,2026-05-19,monthly_plus,9900
GPA.6466-6535-6608-11451,2026-05-19,monthly_basic,4900
GPA.6486-6610-1676-11277..1,2026-05-19,monthly_basic,4900
GPA.6574-3621-3560-11393,2026-05-19,monthly_plus,9900
GPA.6799-8872-1187-10843..5,2026-05-19,monthly_basic,4900
GPA.6831-7051-8139-11183..2,2026-05-19,monthly_basic,4900
GPA.6946-3981-3168-10122..14,2026-05-19,monthly_basic,4900
GPA.7247-7632-7375-10271..12,2026-05-19,monthly_plus,9900
GPA.7334-1062-1905-11483,2026-05-19,monthly_basic,4900
GPA.7525-9187-7634-11135..3,2026-05-19,monthly_basic,4900
GPA.7824-2101-8005-11374..1,2026-05-19,monthly_basic,4900
GPA.7858-9413-6544-10884..5,2026-05-19,monthly_basic,4900
GPA.7913-2561-3714-10891..5,2026-05-19,monthly_basic,4900
GPA.8137-1191-6998-10439..10,2026-05-19,monthly_basic,4900
GPA.8203-4200-4970-11069..3,2026-05-19,monthly_basic,4900
GPA.8264-6599-2149-10809..6,2026-05-19,monthly_basic,4900
GPA.8385-5625-5046-10493..9,2026-05-19,monthly_plus,9900
GPA.8714-3088-5837-11207..2,2026-05-19,monthly_basic,4900
GPA.8846-5133-8069-10511..9,2026-05-19,monthly_plus,9900
GPA.9390-8664-4497-11459,2026-05-19,monthly_basic,4900
GPA.9391-9312-9554-10181..14,2026-05-19,monthly_plus,9900
GPA.9599-7010-2684-10329..11,2026-05-19,monthly_basic,4900
GPA.1058-3148-4596-10849..5,2026-05-20,monthly_basic,4900
GPA.1096-4085-6243-10323..11,2026-05-20,monthly_basic,4900
GPA.1220-9591-3881-11332..1,2026-05-20,monthly_basic,4900
GPA.1238-3033-8137-11029..4,2026-05-20,monthly_basic,4900
GPA.1298-2474-5083-10984..2,2026-05-20,monthly_plus,9900
GPA.1735-2233-6234-11165..2,2026-05-20,monthly_basic,4900
GPA.1844-1464-2866-10389..11,2026-05-20,monthly_basic,4900
GPA.1885-5186-9920-10219..6,2026-05-20,monthly_basic,4900
GPA.1972-3446-5928-10708..7,2026-05-20,monthly_plus,9900
GPA.2021-9119-8113-11329..1,2026-05-20,monthly_basic,4900
GPA.2063-3665-7045-10971..4,2026-05-20,monthly_basic,4900
GPA.2069-8046-5129-11520,2026-05-20,monthly_basic,4900
GPA.2539-7540-1059-11055..3,2026-05-20,monthly_plus,9900
GPA.2999-1610-6342-10465..10,2026-05-20,monthly_basic,4900
GPA.3077-2800-7320-11444,2026-05-20,monthly_basic,4900
GPA.3133-9646-6741-11148..3,2026-05-20,monthly_plus,9900
GPA.3432-6195-9671-10523..9,2026-05-20,monthly_basic,4900
GPA.3596-1297-4148-11310..1,2026-05-20,monthly_basic,4900
GPA.3808-9759-3897-10215..13,2026-05-20,monthly_basic,4900
GPA.3818-3962-8008-10307..12,2026-05-20,monthly_basic,4900
GPA.4590-3976-7752-10841..5,2026-05-20,monthly_basic,4900
GPA.4721-6330-3872-11470,2026-05-20,monthly_basic,4900
GPA.4959-5698-9448-10056..15,2026-05-20,monthly_basic,4900
GPA.4963-5643-5880-10562..8,2026-05-20,monthly_plus,9900
GPA.5245-1734-5776-11342..1,2026-05-20,monthly_basic,4900
GPA.5558-3700-7550-11411,2026-05-20,monthly_basic,4900
GPA.5697-6100-2472-11178..2,2026-05-20,monthly_plus,9900
GPA.5864-1209-8563-10528..9,2026-05-20,monthly_basic,4900
GPA.6197-2547-5848-11422,2026-05-20,monthly_basic,4900
GPA.6452-1835-6869-10977..4,2026-05-20,monthly_basic,4900
GPA.6526-9493-9525-10654..7,2026-05-20,monthly_basic,4900
GPA.7135-7541-3163-10327..11,2026-05-20,monthly_basic,4900
GPA.8405-8029-6193-11251..2,2026-05-20,monthly_basic,4900
GPA.8537-2929-2850-11125..3,2026-05-20,monthly_basic,4900
GPA.8797-7211-7148-10619..8,2026-05-20,monthly_basic,4900
GPA.8837-3890-3505-11488,2026-05-20,monthly_basic,4900
GPA.9295-4825-3376-11463,2026-05-20,monthly_basic,4900
GPA.9360-1996-5636-10353..11,2026-05-20,monthly_plus,9900
GPA.9678-2138-7787-10463..10,2026-05-20,monthly_plus,9900
GPA.9784-1295-1014-11224..2,2026-05-20,monthly_basic,4900
GPA.9916-9248-6786-11386..1,2026-05-20,monthly_basic,4900
GPA.9934-5228-8018-11123..3,2026-05-20,monthly_basic,4900
GPA.1114-1445-3331-11343..1,2026-05-21,monthly_basic,4900
GPA.1504-2684-6648-10479..9,2026-05-21,monthly_plus,9900
GPA.1507-7021-9775-10430..10,2026-05-21,monthly_basic,4900
GPA.2360-1714-3567-10487..9,2026-05-21,monthly_basic,4900
GPA.2617-7683-3778-11073..3,2026-05-21,monthly_plus,9900
GPA.2674-8107-9811-11031..4,2026-05-21,monthly_basic,4900
GPA.2948-7781-6367-11234..2,2026-05-21,monthly_basic,4900
GPA.3221-6788-1150-10902..5,2026-05-21,monthly_plus,9900
GPA.3343-5907-2472-10244..13,2026-05-21,monthly_plus,9900
GPA.3373-7337-8120-11275..1,2026-05-21,monthly_basic,4900
GPA.3413-1790-7074-11007..4,2026-05-21,monthly_basic,4900
GPA.3807-3116-2211-10498..9,2026-05-21,monthly_basic,4900
GPA.4237-9284-9103-10272..12,2026-05-21,monthly_plus,9900
GPA.4239-7412-4450-11507,2026-05-21,monthly_basic,4900
GPA.4773-4360-3657-11260..2,2026-05-21,monthly_basic,4900
GPA.4802-6261-5917-11136..3,2026-05-21,monthly_plus,9900
GPA.4810-4549-5909-10038..16,2026-05-21,monthly_basic,4900
GPA.5031-9248-4849-11460,2026-05-21,monthly_plus,9900
GPA.5256-4831-7941-11366..1,2026-05-21,monthly_basic,4900
GPA.5592-9898-8863-11467,2026-05-21,monthly_basic,4900
GPA.5643-6069-1012-11112..3,2026-05-21,monthly_basic,4900
GPA.5806-2487-3082-10302..5,2026-05-21,monthly_basic,4900
GPA.6058-7630-5828-11395,2026-05-21,monthly_basic,4900
GPA.6225-2402-7349-11476,2026-05-21,monthly_basic,4900
GPA.6254-3058-4280-10774..6,2026-05-21,monthly_basic,4900
GPA.6581-4834-5942-10712..7,2026-05-21,monthly_plus,9900
GPA.6736-3893-9873-10332..11,2026-05-21,monthly_basic,4900
GPA.6745-7700-3829-10882..3,2026-05-21,monthly_basic,4900
GPA.6762-8502-5726-10728..7,2026-05-21,monthly_basic,4900
GPA.7361-7467-6158-11217..2,2026-05-21,monthly_plus,9900
GPA.7374-9132-1553-10489..9,2026-05-21,monthly_basic,4900
GPA.7555-6355-8304-11041..3,2026-05-21,monthly_plus,9900
GPA.7725-7109-8563-11032..4,2026-05-21,monthly_basic,4900
GPA.8140-6317-6237-11006..4,2026-05-21,monthly_plus,9900
GPA.8445-2534-6634-10202..13,2026-05-21,monthly_basic,4900
GPA.8600-8416-5309-11046..3,2026-05-21,monthly_plus,9900
GPA.8635-7225-6189-10947..4,2026-05-21,monthly_basic,4900
GPA.9452-4071-3574-10618..8,2026-05-21,monthly_basic,4900
GPA.9537-8600-5933-10261..5,2026-05-21,monthly_basic,4900
GPA.9722-4944-5301-11355..1,2026-05-21,monthly_basic,4900
GPA.1027-9998-4846-11398,2026-05-22,monthly_basic,4900
GPA.1050-3969-4587-10684..7,2026-05-22,monthly_basic,4900
GPA.1062-7751-6525-11438,2026-05-22,monthly_basic,4900
GPA.1066-1845-9456-10541..9,2026-05-22,monthly_plus,9900
GPA.1163-3546-1292-11410,2026-05-22,monthly_basic,4900
GPA.1434-3925-3166-10431..10,2026-05-22,monthly_basic,4900
GPA.1658-8770-5958-11473,2026-05-22,monthly_basic,4900
GPA.2151-9521-9508-11209..2,2026-05-22,monthly_basic,4900
GPA.2318-4093-6255-10178..14,2026-05-22,monthly_basic,4900
GPA.2528-7822-9973-11000..4,2026-05-22,monthly_basic,4900
GPA.2564-2383-3198-11405,2026-05-22,monthly_basic,4900
GPA.2617-9510-8698-10668..7,2026-05-22,monthly_plus,9900
GPA.2667-1755-6898-10681..7,2026-05-22,monthly_basic,4900
GPA.2783-3989-8302-10437..10,2026-05-22,monthly_plus,9900
GPA.2811-5469-8702-11392,2026-05-22,monthly_basic,4900
GPA.2971-8704-1814-10149..14,2026-05-22,monthly_plus,9900
GPA.3072-9007-8057-10890..5,2026-05-22,monthly_plus,9900
GPA.3531-4910-6765-10780..6,2026-05-22,monthly_plus,9900
GPA.3561-1512-7371-10811..6,2026-05-22,monthly_plus,9900
GPA.3789-9217-4949-11421,2026-05-22,monthly_plus,9900
GPA.4243-8685-4784-10190..13,2026-05-22,monthly_plus,9900
GPA.4545-9704-8407-10940..4,2026-05-22,monthly_plus,9900
GPA.4704-4436-9862-10176..14,2026-05-22,monthly_plus,9900
GPA.4888-5250-2953-10505..9,2026-05-22,monthly_plus,9900
GPA.5211-9319-6780-10264..12,2026-05-22,monthly_basic,4900
GPA.5253-6380-3151-11229..2,2026-05-22,monthly_basic,4900
GPA.5622-1123-2491-10659..7,2026-05-22,monthly_basic,4900
GPA.6061-1903-8076-11147..3,2026-05-22,monthly_plus,9900
GPA.6088-6448-2409-10905..5,2026-05-22,monthly_plus,9900
GPA.6159-5523-3771-10586..8,2026-05-22,monthly_basic,4900
GPA.6641-6142-5041-10868..5,2026-05-22,monthly_basic,4900
GPA.6769-8388-2262-10797..6,2026-05-22,monthly_plus,9900
GPA.6939-1907-9842-11081..3,2026-05-22,monthly_plus,9900
GPA.7029-9502-2191-11356..1,2026-05-22,monthly_basic,4900
GPA.7126-9982-5359-10639..8,2026-05-22,monthly_basic,4900
GPA.7960-4319-4210-10502..9,2026-05-22,monthly_basic,4900
GPA.8227-6943-6392-10375..11,2026-05-22,monthly_basic,4900
GPA.8478-9056-7301-10677..7,2026-05-22,monthly_plus,9900
GPA.8552-8936-9834-11301..1,2026-05-22,monthly_basic,4900
GPA.8600-4245-4327-10881..5,2026-05-22,monthly_basic,4900
GPA.8692-9878-6999-11382..1,2026-05-22,monthly_plus,9900
GPA.8856-6063-4351-11512,2026-05-22,monthly_basic,4900
GPA.8906-3635-1672-10381..11,2026-05-22,monthly_basic,4900
GPA.9087-6359-7182-10588..8,2026-05-22,monthly_plus,9900
GPA.9202-3241-1254-10469..9,2026-05-22,monthly_plus,9900
GPA.9240-7209-9111-11304..1,2026-05-22,monthly_plus,9900
GPA.9312-5909-8814-10752..6,2026-05-22,monthly_basic,4900
GPA.9349-6684-1996-10182..13,2026-05-22,monthly_plus,9900
GPA.9506-6358-9250-11280..1,2026-05-22,monthly_plus,9900
GPA.9571-1205-5250-11399,2026-05-22,monthly_plus,9900
GPA.9623-9873-5222-11049..3,2026-05-22,monthly_basic,4900
GPA.9672-7523-3671-10695..7,2026-05-22,monthly_plus,9900
GPA.9789-5075-7502-10568..8,2026-05-22,monthly_basic,4900
GPA.9852-9328-5256-11365..1,2026-05-22,monthly_basic,4900
GPA.1136-1854-8484-10805..6,2026-05-23,monthly_basic,4900
GPA.1391-2646-7171-10011..16,2026-05-23,monthly_basic,4900
GPA.1546-4815-8337-10923..5,2026-05-23,monthly_basic,4900
GPA.1962-4672-1744-10679..7,2026-05-23,monthly_basic,4900
GPA.2591-9367-2155-10481..9,2026-05-23,monthly_plus,9900
GPA.2931-9146-2666-10521..9,2026-05-23,monthly_basic,4900
GPA.2957-5323-9303-10410..10,2026-05-23,monthly_plus,9900
GPA.3105-9725-8072-11257..2,2026-05-23,monthly_plus,9900
GPA.3243-1373-6844-11236..2,2026-05-23,monthly_basic,4900
GPA.3279-3655-7427-10137..14,2026-05-23,monthly_basic,4900
GPA.3354-8914-7378-10715..7,2026-05-23,monthly_plus,9900
GPA.3456-4679-2191-10155..14,2026-05-23,monthly_plus,9900
GPA.3593-4503-3711-10114..15,2026-05-23,monthly_plus,9900
GPA.3696-1832-3816-10985..4,2026-05-23,monthly_basic,4900
GPA.3877-1970-5226-11330..1,2026-05-23,monthly_basic,4900
GPA.3980-3273-6880-11104..3,2026-05-23,monthly_basic,4900
GPA.3991-7890-7146-11439,2026-05-23,monthly_plus,9900
GPA.4040-7479-8912-10394..10,2026-05-23,monthly_basic,4900
GPA.4104-9663-9266-11137..3,2026-05-23,monthly_basic,4900
GPA.4568-1870-8859-10803..6,2026-05-23,monthly_basic,4900
GPA.4879-8840-6106-10045..16,2026-05-23,monthly_basic,4900
GPA.5514-7699-7236-10223..4,2026-05-23,monthly_basic,4900
GPA.5622-6683-6942-11166..2,2026-05-23,monthly_basic,4900
GPA.5843-7208-3593-10664..7,2026-05-23,monthly_basic,4900
GPA.6075-8361-9481-11420,2026-05-23,monthly_basic,4900
GPA.6128-4225-3443-10960..4,2026-05-23,monthly_basic,4900
GPA.6399-7553-1793-10827..5,2026-05-23,monthly_basic,4900
GPA.6584-7127-2695-10583..8,2026-05-23,monthly_plus,9900
GPA.6764-1615-3485-10504..9,2026-05-23,monthly_basic,4900
GPA.6978-9812-9941-10422..10,2026-05-23,monthly_basic,4900
GPA.7073-1423-9157-10983..4,2026-05-23,monthly_plus,9900
GPA.7104-3972-7904-11034..3,2026-05-23,monthly_basic,4900
GPA.7163-5679-3454-11303..1,2026-05-23,monthly_plus,9900
GPA.7176-5738-2923-11019..4,2026-05-23,monthly_basic,4900
GPA.7250-8061-3622-10650..7,2026-05-23,monthly_basic,4900
GPA.7359-3645-9504-10268..12,2026-05-23,monthly_plus,9900
GPA.7513-1297-4812-11465,2026-05-23,monthly_basic,4900
GPA.7537-9945-2962-11188..2,2026-05-23,monthly_plus,9900
GPA.7604-8346-5975-10435..10,2026-05-23,monthly_basic,4900
GPA.7763-7075-7714-11418,2026-05-23,monthly_basic,4900
GPA.7993-1476-9127-11298..1,2026-05-23,monthly_plus,9900
GPA.8011-7528-3898-10930..4,2026-05-23,monthly_basic,4900
GPA.8116-8057-9931-10892..5,2026-05-23,monthly_basic,4900
GPA.8199-5270-6712-10806..6,2026-05-23,monthly_plus,9900
GPA.8274-3545-8734-10861..5,2026-05-23,monthly_basic,4900
GPA.8379-6452-9819-10014..16,2026-05-23,monthly_plus,9900
GPA.8725-7994-5287-10903..5,2026-05-23,monthly_basic,4900
GPA.8772-2082-7782-10853..5,2026-05-23,monthly_basic,4900
GPA.8871-4574-6471-11340..1,2026-05-23,monthly_plus,9900
GPA.8883-9870-2326-11281..1,2026-05-23,monthly_plus,9900
GPA.8907-9084-3543-10788..6,2026-05-23,monthly_plus,9900
GPA.9240-2013-2752-11272..1,2026-05-23,monthly_basic,4900
GPA.9499-6791-1347-10529..9,2026-05-23,monthly_basic,4900
GPA.1240-5146-8223-10303..12,2026-05-24,monthly_plus,9900
GPA.1241-1262-7986-10321..11,2026-05-24,monthly_plus,9900
GPA.1263-1441-7869-10792..6,2026-05-24,monthly_basic,4900
GPA.1671-4445-3848-10240..13,2026-05-24,monthly_plus,9900
GPA.1691-7237-5023-10213..13,2026-05-24,monthly_basic,4900
GPA.1987-5470-3868-10384..11,2026-05-24,monthly_basic,4900
GPA.2528-9877-7952-11388..1,2026-05-24,monthly_basic,4900
GPA.2558-5666-7919-10445..10,2026-05-24,monthly_plus,9900
GPA.3057-7860-3539-11261..2,2026-05-24,monthly_basic,4900
GPA.3219-7197-4295-10330..11,2026-05-24,monthly_basic,4900
GPA.3587-9501-5810-11506,2026-05-24,monthly_basic,4900
GPA.3994-5735-5859-11333..1,2026-05-24,monthly_plus,9900
GPA.5063-2653-6504-11406,2026-05-24,monthly_basic,4900
GPA.5167-2700-1244-10123..14,2026-05-24,monthly_basic,4900
GPA.5201-8470-8549-10886..5,2026-05-24,monthly_basic,4900
GPA.5331-6413-3525-11299..1,2026-05-24,monthly_basic,4900
GPA.5361-5078-1036-10837..5,2026-05-24,monthly_basic,4900
GPA.5428-1328-2147-10277..12,2026-05-24,monthly_plus,9900
GPA.6359-5152-7330-11452,2026-05-24,monthly_basic,4900
GPA.6453-3232-9678-10497..9,2026-05-24,monthly_basic,4900
GPA.6489-3688-9845-11504,2026-05-24,monthly_basic,4900
GPA.6513-8918-1565-10855..5,2026-05-24,monthly_plus,9900
GPA.7516-7334-4277-10152..14,2026-05-24,monthly_basic,4900
GPA.7710-7882-6172-10134..14,2026-05-24,monthly_plus,9900
GPA.7955-2685-3987-11130..3,2026-05-24,monthly_basic,4900
GPA.8077-2681-7007-11396,2026-05-24,monthly_basic,4900
GPA.8116-4733-2271-10098..15,2026-05-24,monthly_plus,9900
GPA.8128-3731-4413-10525..9,2026-05-24,monthly_basic,4900
GPA.8314-6791-6403-11170..2,2026-05-24,monthly_basic,4900
GPA.8513-5760-2734-10872..5,2026-05-24,monthly_plus,9900
GPA.8820-1712-6723-10457..10,2026-05-24,monthly_basic,4900
GPA.9312-1123-7533-11067..3,2026-05-24,monthly_basic,4900
GPA.9611-7998-1910-10079..15,2026-05-24,monthly_basic,4900
GPA.1794-2347-7687-10652..7,2026-05-25,monthly_basic,4900
GPA.2206-8661-6168-10031..16,2026-05-25,monthly_basic,4900
GPA.2374-7247-1678-11210..2,2026-05-25,monthly_basic,4900
GPA.2602-2858-8275-10927..4,2026-05-25,monthly_basic,4900
GPA.3667-7075-2069-10785..6,2026-05-25,monthly_basic,4900
GPA.3828-6147-6139-10051..16,2026-05-25,monthly_basic,4900
GPA.4088-7322-5572-11175..2,2026-05-25,monthly_basic,4900
GPA.4093-8834-5279-11066..3,2026-05-25,monthly_basic,4900
GPA.4684-4290-4117-11481,2026-05-25,monthly_basic,4900
GPA.4800-6594-3268-10981..4,2026-05-25,monthly_basic,4900
GPA.4805-8507-7859-10783..6,2026-05-25,monthly_plus,9900
GPA.5004-4451-5641-10046..16,2026-05-25,monthly_basic,4900
GPA.5235-2935-2314-10944..4,2026-05-25,monthly_plus,9900
GPA.5502-4196-4218-10348..7,2026-05-25,monthly_basic,4900
GPA.5518-3483-7916-10999..4,2026-05-25,monthly_basic,4900
GPA.5730-5709-5993-10512..9,2026-05-25,monthly_plus,9900
GPA.5862-2807-9598-10924..5,2026-05-25,monthly_basic,4900
GPA.6218-7852-4618-11375..1,2026-05-25,monthly_basic,4900
GPA.6254-7423-5743-10214..13,2026-05-25,monthly_basic,4900
GPA.6261-4058-7022-10996..4,2026-05-25,monthly_basic,4900
GPA.6361-1795-1993-10763..6,2026-05-25,monthly_plus,9900
GPA.6609-7398-1598-10844..5,2026-05-25,monthly_basic,4900
GPA.6941-4137-7959-11078..3,2026-05-25,monthly_plus,9900
GPA.6952-3044-5967-10807..6,2026-05-25,monthly_basic,4900
GPA.7161-8290-1826-10699..7,2026-05-25,monthly_plus,9900
GPA.7463-5977-8719-10830..5,2026-05-25,monthly_basic,4900
GPA.7597-1795-4527-10094..12,2026-05-25,monthly_plus,9900
GPA.7708-1212-4663-10691..7,2026-05-25,monthly_basic,4900
GPA.7810-2129-8363-11360..1,2026-05-25,monthly_basic,4900
GPA.7827-6913-9510-10989..4,2026-05-25,monthly_basic,4900
GPA.7846-8110-2590-10737..6,2026-05-25,monthly_basic,4900
GPA.8244-9464-9535-11518,2026-05-25,monthly_basic,4900
GPA.8570-6353-3560-10722..7,2026-05-25,monthly_basic,4900
GPA.8823-1748-6765-10443..10,2026-05-25,monthly_basic,4900
GPA.8916-7892-5118-10937..4,2026-05-25,monthly_basic,4900
GPA.8971-8920-5440-10946..4,2026-05-25,monthly_plus,9900
GPA.9031-9795-1511-10538..9,2026-05-25,monthly_plus,9900
GPA.9940-9163-5478-10878..5,2026-05-25,monthly_basic,4900
GPA.1101-6130-2248-10517..9,2026-05-26,monthly_basic,4900
GPA.1376-3409-5417-10756..6,2026-05-26,monthly_basic,4900
GPA.1389-1135-9901-11302..1,2026-05-26,monthly_basic,4900
GPA.1515-6713-5645-10709..7,2026-05-26,monthly_basic,4900
GPA.1763-8522-4725-11176..2,2026-05-26,monthly_basic,4900
GPA.1812-3417-8022-11065..3,2026-05-26,monthly_basic,4900
GPA.1879-5855-1950-11364..1,2026-05-26,monthly_plus,9900
GPA.1949-1795-8480-11254..2,2026-05-26,monthly_basic,4900
GPA.2161-5057-7071-10549..9,2026-05-26,monthly_basic,4900
GPA.2188-2546-6636-11397,2026-05-26,monthly_basic,4900
GPA.2403-7728-1648-10503..9,2026-05-26,monthly_basic,4900
GPA.2543-1028-7520-11202..2,2026-05-26,monthly_basic,4900
GPA.3099-7815-6486-11089..2,2026-05-26,monthly_basic,4900
GPA.3154-8386-9696-11169..2,2026-05-26,monthly_basic,4900
GPA.4062-7484-5119-10531..9,2026-05-26,monthly_basic,4900
GPA.4105-1469-8282-11132..3,2026-05-26,monthly_basic,4900
GPA.4244-4364-4506-11348..1,2026-05-26,monthly_basic,4900
GPA.4259-9763-1906-10733..6,2026-05-26,monthly_plus,9900
GPA.4467-3337-2049-10851..5,2026-05-26,monthly_basic,4900
GPA.4742-7235-3959-10349..11,2026-05-26,monthly_plus,9900
GPA.4964-1517-6395-11116..3,2026-05-26,monthly_plus,9900
GPA.5121-4521-8062-10608..6,2026-05-26,monthly_basic,4900
GPA.5851-5387-6252-11508,2026-05-26,monthly_basic,4900
GPA.5963-7516-8034-10483..9,2026-05-26,monthly_basic,4900
GPA.6380-6825-7543-11469,2026-05-26,monthly_plus,9900
GPA.6461-7992-3896-10862..5,2026-05-26,monthly_basic,4900
GPA.6777-6062-5440-10569..8,2026-05-26,monthly_plus,9900
GPA.6829-3273-6831-11485,2026-05-26,monthly_basic,4900
GPA.6847-9840-2857-10280..12,2026-05-26,monthly_basic,4900
GPA.6961-5082-2875-11075..3,2026-05-26,monthly_plus,9900
GPA.7497-9494-6654-10842..5,2026-05-26,monthly_basic,4900
GPA.7502-1156-2216-11014..4,2026-05-26,monthly_basic,4900
GPA.7823-4110-3339-11297..1,2026-05-26,monthly_basic,4900
GPA.7832-3012-3957-10782..6,2026-05-26,monthly_plus,9900
GPA.8072-1013-5533-10476..9,2026-05-26,monthly_basic,4900
GPA.8461-8489-2861-10574..8,2026-05-26,monthly_basic,4900
GPA.8648-9491-7875-11096..3,2026-05-26,monthly_basic,4900
GPA.8906-2932-3177-11328..1,2026-05-26,monthly_basic,4900
GPA.9090-6816-7201-11239..2,2026-05-26,monthly_plus,9900
GPA.9113-5638-8660-10726..7,2026-05-26,monthly_basic,4900
GPA.9600-3802-5268-10818..6,2026-05-26,monthly_plus,9900
GPA.9646-1430-5551-11159..2,2026-05-26,monthly_basic,4900
GPA.9920-4720-3728-11454,2026-05-26,monthly_plus,9900
GPA.9987-5934-1849-10398..10,2026-05-26,monthly_basic,4900
GPA.1286-5281-5223-11449,2026-05-27,monthly_basic,4900
GPA.2003-9709-9444-10993..4,2026-05-27,monthly_basic,4900
GPA.2152-1546-8588-11198..2,2026-05-27,monthly_plus,9900
GPA.2565-6108-6851-11145..3,2026-05-27,monthly_basic,4900
GPA.2580-3623-2979-10922..5,2026-05-27,monthly_basic,4900
GPA.2663-3637-3795-10133..14,2026-05-27,monthly_basic,4900
GPA.3351-1752-6359-10611..8,2026-05-27,monthly_basic,4900
GPA.3399-9245-7402-10900..5,2026-05-27,monthly_plus,9900
GPA.3532-5353-9231-11313..1,2026-05-27,monthly_basic,4900
GPA.3692-3788-7850-10390..10,2026-05-27,monthly_basic,4900
GPA.3878-4734-2937-11144..3,2026-05-27,monthly_plus,9900
GPA.4079-8591-8078-11139..3,2026-05-27,monthly_plus,9900
GPA.4150-8950-8778-10671..7,2026-05-27,monthly_basic,4900
GPA.4166-3556-8647-10951..4,2026-05-27,monthly_basic,4900
GPA.4229-8580-2647-11503,2026-05-27,monthly_basic,4900
GPA.4825-6128-5356-10777..6,2026-05-27,monthly_basic,4900
GPA.4958-2325-9382-10242..13,2026-05-27,monthly_plus,9900
GPA.5099-2488-3426-10917..5,2026-05-27,monthly_basic,4900
GPA.5250-2299-4282-10703..7,2026-05-27,monthly_basic,4900
GPA.5332-8959-4844-10179..14,2026-05-27,monthly_basic,4900
GPA.5529-3134-4742-11023..4,2026-05-27,monthly_plus,9900
GPA.5580-7418-8432-11153..2,2026-05-27,monthly_basic,4900
GPA.6289-4919-8633-10571..8,2026-05-27,monthly_basic,4900
GPA.6418-8992-8912-11403,2026-05-27,monthly_plus,9900
GPA.6489-6792-7002-10661..7,2026-05-27,monthly_basic,4900
GPA.6695-7224-9868-11064..3,2026-05-27,monthly_basic,4900
GPA.6715-2446-8622-10845..5,2026-05-27,monthly_basic,4900
GPA.6934-9905-3124-11319..1,2026-05-27,monthly_basic,4900
GPA.7061-1723-3388-11158..2,2026-05-27,monthly_basic,4900
GPA.7085-3439-9275-10744..6,2026-05-27,monthly_basic,4900
GPA.7816-3965-4808-11369..1,2026-05-27,monthly_basic,4900
GPA.7856-6224-4935-11117..3,2026-05-27,monthly_plus,9900
GPA.8158-7280-7491-11190..2,2026-05-27,monthly_basic,4900
GPA.8242-2216-1902-10770..6,2026-05-27,monthly_basic,4900
GPA.8273-1337-6634-10365..11,2026-05-27,monthly_basic,4900
GPA.8572-5158-2458-10643..8,2026-05-27,monthly_basic,4900
GPA.8626-6505-6546-11307..1,2026-05-27,monthly_basic,4900
GPA.8775-8274-9120-11431,2026-05-27,monthly_plus,9900
GPA.9136-6655-3385-11462,2026-05-27,monthly_basic,4900
GPA.9222-3883-9817-11510,2026-05-27,monthly_basic,4900
GPA.9946-3281-5562-10425..10,2026-05-27,monthly_basic,4900
GPA.1163-6008-9733-10441..10,2026-05-28,monthly_basic,4900
GPA.1232-9866-4462-10685..7,2026-05-28,monthly_basic,4900
GPA.1628-3020-9969-10191..13,2026-05-28,monthly_plus,9900
GPA.1992-8938-5281-11085..3,2026-05-28,monthly_basic,4900
GPA.2037-4510-5054-10036..16,2026-05-28,monthly_plus,9900
GPA.2089-3316-8129-10232..13,2026-05-28,monthly_basic,4900
GPA.2334-5615-5822-11461,2026-05-28,monthly_basic,4900
GPA.2658-7585-7777-10488..6,2026-05-28,monthly_basic,4900
GPA.2682-4291-1116-11276..1,2026-05-28,monthly_plus,9900
GPA.2747-7626-6849-10828..5,2026-05-28,monthly_basic,4900
GPA.3586-4443-4727-11478,2026-05-28,monthly_basic,4900
GPA.3751-1454-1602-10582..8,2026-05-28,monthly_basic,4900
GPA.3961-5627-4426-11182..2,2026-05-28,monthly_basic,4900
GPA.4240-9464-3706-11446,2026-05-28,monthly_basic,4900
GPA.4466-8422-2553-11201..2,2026-05-28,monthly_basic,4900
GPA.4585-6413-7004-10721..7,2026-05-28,monthly_plus,9900
GPA.4692-2132-1298-11427,2026-05-28,monthly_basic,4900
GPA.4801-9440-1021-10286..12,2026-05-28,monthly_basic,4900
GPA.4899-6012-7641-11511,2026-05-28,monthly_basic,4900
GPA.5363-5788-5050-10749..6,2026-05-28,monthly_plus,9900
GPA.5387-6517-1539-10832..5,2026-05-28,monthly_basic,4900
GPA.5487-5111-2441-11235..2,2026-05-28,monthly_basic,4900
GPA.5746-9384-8952-10080..15,2026-05-28,monthly_basic,4900
GPA.5865-3006-4096-10665..7,2026-05-28,monthly_basic,4900
GPA.6022-9546-3059-10324..11,2026-05-28,monthly_plus,9900
GPA.6216-9631-7558-10140..9,2026-05-28,monthly_basic,4900
GPA.6805-8710-1608-11227..2,2026-05-28,monthly_plus,9900
GPA.7264-1503-4754-10919..5,2026-05-28,monthly_plus,9900
GPA.7828-1850-1000-10778..6,2026-05-28,monthly_basic,4900
GPA.7888-1753-2508-10561..8,2026-05-28,monthly_plus,9900
GPA.8238-6185-5280-11443,2026-05-28,monthly_basic,4900
GPA.8488-8275-8271-10235..13,2026-05-28,monthly_basic,4900
GPA.8497-1576-6821-11337..1,2026-05-28,monthly_basic,4900
GPA.8558-5636-7515-10962..4,2026-05-28,monthly_basic,4900
GPA.8608-6276-9282-10163..14,2026-05-28,monthly_basic,4900
GPA.8706-2898-8163-10228..6,2026-05-28,monthly_plus,9900
GPA.8896-7501-1654-11339..1,2026-05-28,monthly_plus,9900
GPA.1142-5112-4460-11214..3,2026-06-01,monthly_basic,4900
GPA.1214-2599-5425-11482..1,2026-06-01,monthly_basic,4900
GPA.1463-6506-6129-11186..3,2026-06-01,monthly_basic,4900
GPA.1748-7719-2908-11541,2026-06-01,monthly_basic,4900
GPA.1949-3311-6874-10420..11,2026-06-01,monthly_plus,9900
GPA.2397-7683-5811-11612,2026-06-01,monthly_plus,9900
GPA.2468-8329-1854-11415..1,2026-06-01,monthly_basic,4900
GPA.2720-2248-4251-11131..4,2026-06-01,monthly_basic,4900
GPA.2851-8162-2110-10434..11,2026-06-01,monthly_basic,4900
GPA.2932-9091-1166-10964..5,2026-06-01,monthly_basic,4900
GPA.2948-3082-4983-11353..2,2026-06-01,monthly_plus,9900
GPA.3272-8308-6014-10914..6,2026-06-01,monthly_basic,4900
GPA.3335-7784-7899-11009..5,2026-06-01,monthly_basic,4900
GPA.3719-8732-1087-11598,2026-06-01,monthly_basic,4900
GPA.3954-7919-4498-11441..1,2026-06-01,monthly_basic,4900
GPA.4449-7781-8015-10566..9,2026-06-01,monthly_plus,9900
GPA.4930-6588-3700-11544,2026-06-01,monthly_basic,4900
GPA.4964-5468-7229-11602,2026-06-01,monthly_basic,4900
GPA.5233-6058-3095-10729..8,2026-06-01,monthly_plus,9900
GPA.5418-1011-6706-10356..12,2026-06-01,monthly_plus,9900
GPA.5457-5050-6441-11127..4,2026-06-01,monthly_basic,4900
GPA.5659-9035-9088-10088..16,2026-06-01,monthly_basic,4900
GPA.5664-9566-5582-10062..16,2026-06-01,monthly_basic,4900
GPA.6440-2840-8458-10875..6,2026-06-01,monthly_basic,4900
GPA.6473-6472-6564-11550,2026-06-01,monthly_basic,4900
GPA.6557-4392-4578-11537,2026-06-01,monthly_basic,4900
GPA.6582-7236-7358-11425..1,2026-06-01,monthly_basic,4900
GPA.6781-1446-5336-10637..9,2026-06-01,monthly_basic,4900
GPA.6863-6996-5847-11101..4,2026-06-01,monthly_basic,4900
GPA.6915-1125-1396-11429..1,2026-06-01,monthly_basic,4900
GPA.7097-6992-1455-11534,2026-06-01,monthly_basic,4900
GPA.7326-6487-1345-10912..6,2026-06-01,monthly_basic,4900
GPA.7579-9387-2734-11266..3,2026-06-01,monthly_basic,4900
GPA.7764-5724-6277-11238..3,2026-06-01,monthly_basic,4900
GPA.7934-3335-3373-11215..3,2026-06-01,monthly_basic,4900
GPA.8080-4853-2229-10161..15,2026-06-01,monthly_basic,4900
GPA.8372-1232-1624-10212..14,2026-06-01,monthly_basic,4900
GPA.8740-7153-4007-10421..11,2026-06-01,monthly_plus,9900
GPA.8858-1423-9496-10627..9,2026-06-01,monthly_plus,9900
GPA.8924-7791-5174-10823..7,2026-06-01,monthly_basic,4900
GPA.8962-2214-3257-10273..13,2026-06-01,monthly_plus,9900
GPA.8973-1838-5767-10793..7,2026-06-01,monthly_plus,9900
GPA.9007-3253-3770-11004..5,2026-06-01,monthly_basic,4900
GPA.9388-7047-9622-11106..4,2026-06-01,monthly_plus,9900
GPA.9417-7335-1637-10491..10,2026-06-01,monthly_basic,4900
GPA.9487-8905-5946-11045..4,2026-06-01,monthly_basic,4900
GPA.9511-5695-6078-10370..12,2026-06-01,monthly_basic,4900
GPA.9534-1869-8141-10456..11,2026-06-01,monthly_basic,4900
GPA.9870-7374-6015-10534..10,2026-06-01,monthly_plus,9900
GPA.9941-2466-7589-11457..1,2026-06-01,monthly_basic,4900
GPA.9942-7800-2508-10484..10,2026-06-01,monthly_basic,4900
GPA.1115-4219-5570-10645..8,2026-06-02,monthly_basic,4900
GPA.1137-9695-3121-10982..5,2026-06-02,monthly_plus,9900
GPA.1259-4028-2713-11246..3,2026-06-02,monthly_plus,9900
GPA.1358-1888-9514-10939..5,2026-06-02,monthly_basic,4900
GPA.1393-3407-2932-10704..8,2026-06-02,monthly_basic,4900
GPA.1804-3963-4725-10462..11,2026-06-02,monthly_basic,4900
GPA.1984-6615-3685-11037..4,2026-06-02,monthly_basic,4900
GPA.1985-2291-2487-11199..3,2026-06-02,monthly_plus,9900
GPA.2057-7146-4176-11556,2026-06-02,monthly_plus,9900
GPA.2155-5221-4862-10366..12,2026-06-02,monthly_basic,4900
GPA.2315-4031-2127-11529,2026-06-02,monthly_basic,4900
GPA.2888-7212-7812-10768..7,2026-06-02,monthly_basic,4900
GPA.2936-2584-4319-10432..11,2026-06-02,monthly_plus,9900
GPA.2992-8701-8920-11608,2026-06-02,monthly_basic,4900
GPA.3598-1310-7562-10205..14,2026-06-02,monthly_basic,4900
GPA.3663-6622-6279-10658..8,2026-06-02,monthly_plus,9900
GPA.3689-1868-2277-10495..10,2026-06-02,monthly_plus,9900
GPA.4160-3688-5722-11539,2026-06-02,monthly_basic,4900
GPA.4335-8437-4561-11074..4,2026-06-02,monthly_basic,4900
GPA.4592-1953-7554-10053..17,2026-06-02,monthly_basic,4900
GPA.4646-1198-3035-10515..10,2026-06-02,monthly_basic,4900
GPA.4699-5310-5625-10612..9,2026-06-02,monthly_basic,4900
GPA.4793-6339-3238-10796..7,2026-06-02,monthly_plus,9900
GPA.4855-8600-2890-11533,2026-06-02,monthly_basic,4900
GPA.5112-3901-4742-11308..2,2026-06-02,monthly_basic,4900
GPA.5125-7355-6932-11536,2026-06-02,monthly_basic,4900
GPA.5538-5325-6972-11516..1,2026-06-02,monthly_basic,4900
GPA.5908-7334-8793-10276..13,2026-06-02,monthly_basic,4900
GPA.6200-3647-3572-10901..6,2026-06-02,monthly_basic,4900
GPA.6339-2571-2114-11442..1,2026-06-02,monthly_basic,4900
GPA.6473-7393-1891-10759..7,2026-06-02,monthly_basic,4900
GPA.6663-1926-2812-11086..4,2026-06-02,monthly_basic,4900
GPA.6738-5873-3282-11635,2026-06-02,monthly_basic,4900
GPA.6779-2345-9926-10667..8,2026-06-02,monthly_basic,4900
GPA.6872-1957-2457-11164..3,2026-06-02,monthly_plus,9900
GPA.6907-9096-7604-11633,2026-06-02,monthly_basic,4900
GPA.7185-3780-3686-11546,2026-06-02,monthly_basic,4900
GPA.7498-1175-2966-11521,2026-06-02,monthly_basic,4900
GPA.7897-3624-7294-11290..2,2026-06-02,monthly_basic,4900
GPA.7898-9678-1727-10918..6,2026-06-02,monthly_basic,4900
GPA.7986-5717-9713-11021..5,2026-06-02,monthly_plus,9900
GPA.9049-1873-8922-10589..9,2026-06-02,monthly_basic,4900
GPA.9394-7367-2984-11103..4,2026-06-02,monthly_basic,4900
GPA.9595-2281-6892-10730..8,2026-06-02,monthly_basic,4900
GPA.9706-3081-9343-10516..10,2026-06-02,monthly_basic,4900
GPA.9975-9263-8568-11315..2,2026-06-02,monthly_basic,4900
GPA.1023-4678-7123-11371..2,2026-06-03,monthly_basic,4900
GPA.1830-1424-9279-10935..5,2026-06-03,monthly_basic,4900
GPA.1910-6141-4065-10738..7,2026-06-03,monthly_basic,4900
GPA.2002-5056-1725-10858..6,2026-06-03,monthly_plus,9900
GPA.2170-9765-3092-11022..5,2026-06-03,monthly_basic,4900
GPA.2838-4546-5997-10377..12,2026-06-03,monthly_basic,4900
GPA.2846-8771-9787-11562,2026-06-03,monthly_basic,4900
GPA.3124-2707-2650-10453..11,2026-06-03,monthly_basic,4900
GPA.3379-3749-6212-10510..10,2026-06-03,monthly_basic,4900
GPA.3552-1536-5012-10477..10,2026-06-03,monthly_basic,4900
GPA.3825-7912-8214-10994..5,2026-06-03,monthly_basic,4900
GPA.4103-6975-9752-10963..5,2026-06-03,monthly_basic,4900
GPA.4197-7516-2279-10734..7,2026-06-03,monthly_plus,9900
GPA.4602-1127-5368-10772..7,2026-06-03,monthly_basic,4900
GPA.4719-8044-3336-10217..14,2026-06-03,monthly_plus,9900
GPA.4846-3216-4647-10888..6,2026-06-03,monthly_plus,9900
GPA.5376-7591-3453-10048..17,2026-06-03,monthly_plus,9900
GPA.5496-7339-6564-10124..15,2026-06-03,monthly_basic,4900
GPA.5867-4882-6984-11480..1,2026-06-03,monthly_plus,9900
GPA.5911-5348-2749-11559,2026-06-03,monthly_basic,4900
GPA.6042-6626-6852-11552,2026-06-03,monthly_plus,9900
GPA.6053-7481-2728-10714..8,2026-06-03,monthly_basic,4900
GPA.6129-8219-2025-11271..2,2026-06-03,monthly_basic,4900
GPA.6295-6898-5011-10071..16,2026-06-03,monthly_basic,4900
GPA.6312-9571-3791-10553..10,2026-06-03,monthly_basic,4900
GPA.6380-1880-3713-11107..4,2026-06-03,monthly_plus,9900
GPA.6576-1160-2121-10143..15,2026-06-03,monthly_basic,4900
GPA.6711-2235-1219-11233..3,2026-06-03,monthly_basic,4900
GPA.7276-7643-9150-11456..1,2026-06-03,monthly_basic,4900
GPA.7301-6170-6711-10003..17,2026-06-03,monthly_basic,4900
GPA.7726-9919-9723-11311..2,2026-06-03,monthly_basic,4900
GPA.7950-7888-9323-10669..4,2026-06-03,monthly_basic,4900
GPA.7964-6890-4949-10001..17,2026-06-03,monthly_basic,4900
GPA.8379-3655-2949-10467..11,2026-06-03,monthly_plus,9900
GPA.8488-4132-3664-10622..9,2026-06-03,monthly_basic,4900
GPA.8721-6712-3895-11256..3,2026-06-03,monthly_basic,4900
GPA.9187-7741-4050-10225..14,2026-06-03,monthly_basic,4900
GPA.9444-8405-6440-11578,2026-06-03,monthly_basic,4900
GPA.9793-9429-4929-10047..17,2026-06-03,monthly_basic,4900
GPA.1127-2374-1950-10253..13,2026-06-04,monthly_basic,4900
GPA.1686-7938-1941-11408..1,2026-06-04,monthly_basic,4900
GPA.1719-9988-7231-10427..11,2026-06-04,monthly_basic,4900
GPA.2111-7484-1199-11056..4,2026-06-04,monthly_plus,9900
GPA.2378-6539-1582-11121..4,2026-06-04,monthly_plus,9900
GPA.2487-6912-3604-11560,2026-06-04,monthly_basic,4900
GPA.2593-3076-5240-11093..4,2026-06-04,monthly_basic,4900
GPA.2814-4199-4062-10162..15,2026-06-04,monthly_basic,4900
GPA.3125-9482-1797-11412..1,2026-06-04,monthly_basic,4900
GPA.3198-9615-6812-11621,2026-06-04,monthly_plus,9900
GPA.3650-5290-9068-10640..9,2026-06-04,monthly_plus,9900
GPA.3983-7988-7336-10758..7,2026-06-04,monthly_basic,4900
GPA.4033-9817-8440-10836..6,2026-06-04,monthly_basic,4900
GPA.4141-4070-3864-11322..2,2026-06-04,monthly_basic,4900
GPA.4213-2809-7488-10894..6,2026-06-04,monthly_plus,9900
GPA.4235-1047-7301-11016..5,2026-06-04,monthly_basic,4900
GPA.4751-5617-1259-11241..3,2026-06-04,monthly_plus,9900
GPA.5410-1684-5195-10748..7,2026-06-04,monthly_basic,4900
GPA.5453-1130-9480-10871..6,2026-06-04,monthly_basic,4900
GPA.5631-7386-6312-10022..17,2026-06-04,monthly_basic,4900
GPA.5853-7068-9413-11259..3,2026-06-04,monthly_basic,4900
GPA.6602-2686-1037-10873..6,2026-06-04,monthly_basic,4900
GPA.6714-3918-4551-11228..3,2026-06-04,monthly_basic,4900
GPA.8089-7512-6285-10757..7,2026-06-04,monthly_basic,4900
GPA.8164-6354-2546-10289..13,2026-06-04,monthly_basic,4900
GPA.8166-2355-8141-10750..7,2026-06-04,monthly_basic,4900
GPA.8284-3438-4552-11424..1,2026-06-04,monthly_basic,4900
GPA.8462-8885-6037-11072..4,2026-06-04,monthly_basic,4900
GPA.8767-2754-7175-11240..3,2026-06-04,monthly_plus,9900
GPA.8904-8453-1675-11179..3,2026-06-04,monthly_plus,9900
GPA.9089-6871-1993-10376..12,2026-06-04,monthly_basic,4900
GPA.9291-3505-2392-10449..11,2026-06-04,monthly_basic,4900
GPA.9533-8301-7254-10676..8,2026-06-04,monthly_basic,4900
GPA.9557-4433-3672-11600,2026-06-04,monthly_plus,9900
GPA.9599-3450-4281-11150..3,2026-06-04,monthly_basic,4900
GPA.9886-7573-8474-10854..6,2026-06-04,monthly_basic,4900
GPA.1589-6813-9884-10675..8,2026-06-05,monthly_basic,4900
GPA.1596-7220-2703-10207..13,2026-06-05,monthly_plus,9900
GPA.1665-4228-3660-11394..1,2026-06-05,monthly_plus,9900
GPA.1729-3508-1447-11274..2,2026-06-05,monthly_basic,4900
GPA.1977-3688-4915-10007..17,2026-06-05,monthly_plus,9900
GPA.2008-2754-1386-10106..16,2026-06-05,monthly_plus,9900
GPA.2162-4123-9534-10501..10,2026-06-05,monthly_basic,4900
GPA.2467-6537-1314-11027..5,2026-06-05,monthly_plus,9900
GPA.2573-3146-9109-11624,2026-06-05,monthly_basic,4900
GPA.2715-7459-1957-10153..15,2026-06-05,monthly_basic,4900
GPA.2760-4963-7231-10739..7,2026-06-05,monthly_basic,4900
GPA.2760-5805-1276-11336..2,2026-06-05,monthly_basic,4900
GPA.2897-9723-6995-10148..15,2026-06-05,monthly_plus,9900
GPA.3001-1916-4746-11285..2,2026-06-05,monthly_basic,4900
GPA.4698-2820-5051-10450..11,2026-06-05,monthly_plus,9900
GPA.4940-7131-7219-10360..6,2026-06-05,monthly_plus,9900
GPA.5026-6822-8833-11192..3,2026-06-05,monthly_basic,4900
GPA.5228-7964-7645-11384..2,2026-06-05,monthly_basic,4900
GPA.5293-4938-3619-11416..1,2026-06-05,monthly_basic,4900
GPA.5414-1284-1916-10084..16,2026-06-05,monthly_basic,4900
GPA.5443-3391-1171-10508..10,2026-06-05,monthly_basic,4900
GPA.5663-6756-3089-11589,2026-06-05,monthly_plus,9900
GPA.5720-9542-7054-10592..9,2026-06-05,monthly_basic,4900
GPA.5907-1949-5676-11070..4,2026-06-05,monthly_basic,4900
GPA.5927-4638-8520-10990..5,2026-06-05,monthly_plus,9900
GPA.6070-8331-1471-11211..3,2026-06-05,monthly_basic,4900
GPA.6974-2112-8315-11402..1,2026-06-05,monthly_basic,4900
GPA.7134-4632-3479-11005..5,2026-06-05,monthly_basic,4900
GPA.7169-2289-7427-11324..2,2026-06-05,monthly_basic,4900
GPA.7315-3733-4450-10354..12,2026-06-05,monthly_basic,4900
GPA.7444-1136-1435-10649..8,2026-06-05,monthly_plus,9900
GPA.7516-2938-3542-10625..9,2026-06-05,monthly_basic,4900
GPA.7830-4196-2254-11585,2026-06-05,monthly_basic,4900
GPA.8537-7989-1060-11400..1,2026-06-05,monthly_plus,9900
GPA.9269-4625-8810-11649,2026-06-05,monthly_basic,4900
GPA.9369-7010-8855-10050..17,2026-06-05,monthly_basic,4900
GPA.9690-1995-5657-10653..8,2026-06-05,monthly_basic,4900
GPA.9894-1018-1877-11270..2,2026-06-05,monthly_basic,4900
GPA.1517-5030-1454-10340..12,2026-06-06,monthly_plus,9900
GPA.1696-4481-4569-10474..10,2026-06-06,monthly_basic,4900
GPA.1910-6379-7099-10423..11,2026-06-06,monthly_basic,4900
GPA.2084-5342-1431-11492..1,2026-06-06,monthly_basic,4900
GPA.2195-5250-1854-11557,2026-06-06,monthly_basic,4900
GPA.2261-2787-1680-10412..11,2026-06-06,monthly_basic,4900
GPA.2280-3963-6272-11496..1,2026-06-06,monthly_basic,4900
GPA.2407-9590-9059-11643,2026-06-06,monthly_basic,4900
GPA.2768-5654-2658-11030..5,2026-06-06,monthly_basic,4900
GPA.2788-7250-8587-10518..10,2026-06-06,monthly_basic,4900
GPA.2839-5724-1167-11344..2,2026-06-06,monthly_basic,4900
GPA.3031-5535-3772-11129..4,2026-06-06,monthly_basic,4900
GPA.3136-2420-9315-11316..2,2026-06-06,monthly_basic,4900
GPA.3337-4223-5455-11362..2,2026-06-06,monthly_plus,9900
GPA.3345-5715-3476-11341..2,2026-06-06,monthly_basic,4900
GPA.3358-9483-8248-11351..2,2026-06-06,monthly_plus,9900
GPA.3866-4479-4152-11105..4,2026-06-06,monthly_basic,4900
GPA.4296-6632-4479-11244..3,2026-06-06,monthly_basic,4900
GPA.4329-6031-8073-10386..12,2026-06-06,monthly_basic,4900
GPA.4589-4413-8068-11390..2,2026-06-06,monthly_basic,4900
GPA.4998-1492-4054-10609..9,2026-06-06,monthly_basic,4900
GPA.5298-8369-4522-11155..3,2026-06-06,monthly_basic,4900
GPA.5430-8460-3739-11610,2026-06-06,monthly_basic,4900
GPA.5682-9291-4386-11206..3,2026-06-06,monthly_basic,4900
GPA.5869-2928-6326-11115..4,2026-06-06,monthly_basic,4900
GPA.5963-9669-4256-11035..4,2026-06-06,monthly_plus,9900
GPA.6339-7716-4689-11414..1,2026-06-06,monthly_basic,4900
GPA.6380-3634-9895-11047..4,2026-06-06,monthly_basic,4900
GPA.6702-4981-1356-11230..3,2026-06-06,monthly_basic,4900
GPA.6795-1347-6313-10898..6,2026-06-06,monthly_plus,9900
GPA.6908-9644-5787-11095..4,2026-06-06,monthly_basic,4900
GPA.6940-6888-6898-10591..9,2026-06-06,monthly_basic,4900
GPA.7017-2180-5003-10189..14,2026-06-06,monthly_basic,4900
GPA.7550-5097-4724-10304..13,2026-06-06,monthly_basic,4900
GPA.7767-8630-8520-11162..3,2026-06-06,monthly_plus,9900
GPA.7789-8411-8454-10802..7,2026-06-06,monthly_basic,4900
GPA.7952-1981-9393-11634,2026-06-06,monthly_basic,4900
GPA.8198-2189-8313-11563,2026-06-06,monthly_basic,4900
GPA.8256-2459-9424-10907..6,2026-06-06,monthly_basic,4900
GPA.8323-5305-2303-11640,2026-06-06,monthly_plus,9900
GPA.8409-5491-3017-10252..13,2026-06-06,monthly_plus,9900
GPA.8710-4590-8186-10291..13,2026-06-06,monthly_basic,4900
GPA.8769-7722-3731-10831..6,2026-06-06,monthly_plus,9900
GPA.8945-5146-8715-11090..4,2026-06-06,monthly_basic,4900
GPA.8999-2938-4797-11314..2,2026-06-06,monthly_basic,4900
GPA.9096-8726-6518-11573,2026-06-06,monthly_basic,4900
GPA.9180-6766-1892-11185..3,2026-06-06,monthly_basic,4900
GPA.9435-5858-8443-10747..7,2026-06-06,monthly_plus,9900
GPA.9736-4938-3337-10740..7,2026-06-06,monthly_basic,4900
GPA.9998-4753-4604-10909..6,2026-06-06,monthly_plus,9900
GPA.1232-8491-3410-11126..4,2026-06-07,monthly_plus,9900
GPA.1325-5418-9552-10690..8,2026-06-07,monthly_plus,9900
GPA.1429-7442-6416-11513..1,2026-06-07,monthly_basic,4900
GPA.1493-9265-5990-10702..8,2026-06-07,monthly_basic,4900
GPA.2130-8500-5760-10278..13,2026-06-07,monthly_basic,4900
GPA.2197-6945-2484-11551,2026-06-07,monthly_basic,4900
GPA.2410-1911-1447-11648,2026-06-07,monthly_plus,9900
GPA.2915-7794-7009-10283..13,2026-06-07,monthly_basic,4900
GPA.3125-3972-7410-10995..5,2026-06-07,monthly_basic,4900
GPA.3131-4503-3450-10120..15,2026-06-07,monthly_basic,4900
GPA.3469-3207-9211-10580..9,2026-06-07,monthly_basic,4900
GPA.3605-7836-2377-10058..16,2026-06-07,monthly_basic,4900
GPA.3611-8633-3466-10587..9,2026-06-07,monthly_basic,4900
GPA.3789-5367-9777-11430..1,2026-06-07,monthly_basic,4900
GPA.4197-2562-4814-11490..1,2026-06-07,monthly_plus,9900
GPA.4227-5009-9619-11181..3,2026-06-07,monthly_plus,9900
GPA.4340-3158-4703-10436..11,2026-06-07,monthly_plus,9900
GPA.4608-5069-4107-11265..3,2026-06-07,monthly_plus,9900
GPA.4933-8711-6736-11472..1,2026-06-07,monthly_basic,4900
GPA.5164-5375-4975-10735..7,2026-06-07,monthly_plus,9900
GPA.5227-7105-5272-10311..13,2026-06-07,monthly_plus,9900
GPA.5235-9687-2025-11376..2,2026-06-07,monthly_basic,4900
GPA.5282-8047-5521-11358..2,2026-06-07,monthly_basic,4900
GPA.5339-1669-5125-11435..1,2026-06-07,monthly_plus,9900
GPA.5365-6740-3651-11222..3,2026-06-07,monthly_plus,9900
GPA.5549-9412-5250-10929..5,2026-06-07,monthly_basic,4900
GPA.5912-6548-1194-10822..7,2026-06-07,monthly_basic,4900
GPA.5979-8900-8828-10555..10,2026-06-07,monthly_basic,4900
GPA.6294-5834-1764-10916..6,2026-06-07,monthly_basic,4900
GPA.6432-1597-5554-10447..11,2026-06-07,monthly_plus,9900
GPA.6719-6267-1969-11526,2026-06-07,monthly_plus,9900
GPA.6846-2665-4375-11645,2026-06-07,monthly_basic,4900
GPA.6938-2628-1318-10626..9,2026-06-07,monthly_basic,4900
GPA.7194-3296-8129-10374..12,2026-06-07,monthly_basic,4900
GPA.7601-8295-4540-10799..7,2026-06-07,monthly_basic,4900
GPA.7949-7698-4041-11335..2,2026-06-07,monthly_basic,4900
GPA.8120-3183-1757-11620,2026-06-07,monthly_plus,9900
GPA.8491-7685-7937-10057..16,2026-06-07,monthly_plus,9900
GPA.8679-9637-4014-11128..4,2026-06-07,monthly_basic,4900
GPA.8992-8910-4831-11141..4,2026-06-07,monthly_plus,9900
GPA.9060-5016-3664-11025..5,2026-06-07,monthly_basic,4900
GPA.9065-1440-4233-10145..14,2026-06-07,monthly_basic,4900
GPA.9303-6781-7842-10325..12,2026-06-07,monthly_basic,4900
GPA.9386-5372-9211-10980..5,2026-06-07,monthly_basic,4900
GPA.9412-4348-2111-10945..5,2026-06-07,monthly_basic,4900
GPA.9552-3003-1750-10317..12,2026-06-07,monthly_basic,4900
GPA.9921-1356-2342-11197..3,2026-06-07,monthly_plus,9900
GPA.1129-9157-5507-10201..14,2026-06-08,monthly_basic,4900
GPA.1374-4217-4481-10168..15,2026-06-08,monthly_basic,4900
GPA.1470-5303-6026-10470..10,2026-06-08,monthly_basic,4900
GPA.1736-4721-8915-11407..1,2026-06-08,monthly_basic,4900
GPA.1925-4922-7366-11321..2,2026-06-08,monthly_basic,4900
GPA.2113-6971-1982-10009..17,2026-06-08,monthly_basic,4900
GPA.2343-3267-4067-11157..3,2026-06-08,monthly_basic,4900
GPA.2435-3589-4043-10987..5,2026-06-08,monthly_plus,9900
GPA.2491-2004-2636-10224..12,2026-06-08,monthly_plus,9900
GPA.2492-3126-9102-11232..3,2026-06-08,monthly_basic,4900
GPA.3099-9831-1215-11082..4,2026-06-08,monthly_plus,9900
GPA.3125-5996-7760-11279..2,2026-06-08,monthly_basic,4900
GPA.3523-3341-3886-11575,2026-06-08,monthly_basic,4900
GPA.3760-8455-5037-10369..12,2026-06-08,monthly_basic,4900
GPA.3883-5221-5111-11008..5,2026-06-08,monthly_basic,4900
GPA.4022-6634-6258-10536..10,2026-06-08,monthly_basic,4900
GPA.4087-7989-4655-10468..10,2026-06-08,monthly_basic,4900
GPA.4237-7834-6317-10339..12,2026-06-08,monthly_plus,9900
GPA.4444-1061-6168-11024..5,2026-06-08,monthly_basic,4900
GPA.4783-2715-1949-11204..3,2026-06-08,monthly_plus,9900
GPA.5349-2496-9933-10605..9,2026-06-08,monthly_basic,4900
GPA.5604-4345-6387-10784..7,2026-06-08,monthly_basic,4900
GPA.5775-4878-3737-11002..5,2026-06-08,monthly_basic,4900
GPA.5784-8341-1973-10334..12,2026-06-08,monthly_basic,4900
GPA.5869-8084-9291-11184..3,2026-06-08,monthly_basic,4900
GPA.6135-9669-2421-11346..2,2026-06-08,monthly_basic,4900
GPA.6630-6452-4855-11119..4,2026-06-08,monthly_basic,4900
GPA.6920-3334-1881-11058..4,2026-06-08,monthly_plus,9900
GPA.7255-6878-7464-11253..3,2026-06-08,monthly_basic,4900
GPA.7274-6452-5253-10461..11,2026-06-08,monthly_basic,4900
GPA.7402-1159-3496-10636..9,2026-06-08,monthly_basic,4900
GPA.7747-2324-4837-11262..3,2026-06-08,monthly_basic,4900
GPA.8741-8366-2424-10522..10,2026-06-08,monthly_plus,9900
GPA.8764-1801-9021-11616,2026-06-08,monthly_basic,4900
GPA.9208-3673-8267-11423..1,2026-06-08,monthly_basic,4900
GPA.9467-1894-8870-11293..2,2026-06-08,monthly_basic,4900
GPA.9740-1363-7920-11193..3,2026-06-08,monthly_basic,4900
GPA.9752-6072-8478-11484..1,2026-06-08,monthly_basic,4900
GPA.1399-5427-5303-10316..13,2026-06-09,monthly_basic,4900
GPA.1613-8100-7817-11409..1,2026-06-09,monthly_plus,9900
GPA.1648-6710-6889-10638..9,2026-06-09,monthly_basic,4900
GPA.2002-2021-7174-11530,2026-06-09,monthly_plus,9900
GPA.2265-9779-4244-11434..1,2026-06-09,monthly_basic,4900
GPA.2573-9945-5120-11515..1,2026-06-09,monthly_plus,9900
GPA.2842-3305-8410-10948..5,2026-06-09,monthly_basic,4900
GPA.2864-4855-6709-11327..2,2026-06-09,monthly_plus,9900
GPA.2896-5621-7678-11196..3,2026-06-09,monthly_basic,4900
GPA.3106-3271-2218-10030..17,2026-06-09,monthly_basic,4900
GPA.3650-9921-6995-11063..4,2026-06-09,monthly_plus,9900
GPA.3950-8437-6589-10579..9,2026-06-09,monthly_plus,9900
GPA.4072-4875-5780-10911..6,2026-06-09,monthly_basic,4900
GPA.4078-1951-3561-11143..4,2026-06-09,monthly_plus,9900
GPA.4146-5313-2472-11370..2,2026-06-09,monthly_basic,4900
GPA.4444-7701-9623-11468..1,2026-06-09,monthly_basic,4900
GPA.4477-6835-7627-11604,2026-06-09,monthly_basic,4900
GPA.4667-2951-9815-11497..1,2026-06-09,monthly_basic,4900
GPA.5280-4012-7572-11187..3,2026-06-09,monthly_basic,4900
GPA.5577-4741-5141-10300..13,2026-06-09,monthly_basic,4900
GPA.5589-7965-2319-11486..1,2026-06-09,monthly_basic,4900
GPA.5628-7170-2361-11593,2026-06-09,monthly_basic,4900
GPA.5679-1449-4783-11517..1,2026-06-09,monthly_basic,4900
GPA.5961-6582-5071-11596,2026-06-09,monthly_basic,4900
GPA.6283-6871-6549-10016..17,2026-06-09,monthly_plus,9900
GPA.6649-8078-5514-11641,2026-06-09,monthly_basic,4900
GPA.6886-9798-7309-11247..3,2026-06-09,monthly_basic,4900
GPA.6981-3976-8801-10499..10,2026-06-09,monthly_basic,4900
GPA.7089-4208-3018-11292..2,2026-06-09,monthly_basic,4900
GPA.7177-5117-7158-10801..7,2026-06-09,monthly_basic,4900
GPA.7277-5172-1216-11354..2,2026-06-09,monthly_basic,4900
GPA.7502-6109-7221-10961..5,2026-06-09,monthly_plus,9900
GPA.7607-8257-5748-11172..3,2026-06-09,monthly_basic,4900
GPA.7765-5382-7034-11479..1,2026-06-09,monthly_basic,4900
GPA.7998-9579-9207-11582,2026-06-09,monthly_basic,4900
GPA.8613-9352-2585-10578..9,2026-06-09,monthly_plus,9900
GPA.8655-9837-5784-10187..14,2026-06-09,monthly_plus,9900
GPA.8698-1253-3101-11432..1,2026-06-09,monthly_plus,9900
GPA.8904-7450-6165-10507..10,2026-06-09,monthly_plus,9900
GPA.9821-2740-4744-10132..15,2026-06-09,monthly_basic,4900
GPA.9906-1224-4975-11553,2026-06-09,monthly_basic,4900
GPA.1038-2001-7345-11363..2,2026-06-10,monthly_plus,9900
GPA.1082-5410-5557-10814..7,2026-06-10,monthly_plus,9900
GPA.1796-1419-3343-11361..2,2026-06-10,monthly_plus,9900
GPA.1964-3934-4002-10411..11,2026-06-10,monthly_basic,4900
GPA.2396-9918-4143-11638,2026-06-10,monthly_basic,4900
GPA.2643-2995-8125-10296..13,2026-06-10,monthly_plus,9900
GPA.3181-7412-3177-11440..1,2026-06-10,monthly_plus,9900
GPA.3383-5159-4851-10076..6,2026-06-10,monthly_basic,4900
GPA.3536-7947-2701-11413..1,2026-06-10,monthly_basic,4900
GPA.3752-6885-2120-10908..6,2026-06-10,monthly_basic,4900
GPA.3813-7054-5195-10570..9,2026-06-10,monthly_plus,9900
GPA.4050-6449-9090-10773..7,2026-06-10,monthly_basic,4900
GPA.4056-8686-1114-10336..12,2026-06-10,monthly_basic,4900
GPA.4063-3943-6701-10550..10,2026-06-10,monthly_basic,4900
GPA.4265-2509-3344-11577,2026-06-10,monthly_basic,4900
GPA.4445-6726-1912-11646,2026-06-10,monthly_basic,4900
GPA.4763-4466-9820-10068..16,2026-06-10,monthly_basic,4900
GPA.5205-2424-1297-11528,2026-06-10,monthly_basic,4900
GPA.5340-6048-5451-10657..8,2026-06-10,monthly_plus,9900
GPA.5428-1861-5088-10013..9,2026-06-10,monthly_basic,4900
GPA.5780-7948-2145-10786..7,2026-06-10,monthly_basic,4900
GPA.5812-3160-2991-11038..4,2026-06-10,monthly_basic,4900
GPA.6116-9417-9583-10870..6,2026-06-10,monthly_basic,4900
GPA.6389-4307-1190-10648..8,2026-06-10,monthly_basic,4900
GPA.6575-6185-5855-10864..6,2026-06-10,monthly_plus,9900
GPA.6727-8019-5508-10600..9,2026-06-10,monthly_basic,4900
GPA.6805-5447-8155-11200..3,2026-06-10,monthly_basic,4900
GPA.6894-6506-3218-11568,2026-06-10,monthly_basic,4900
GPA.6953-9264-7937-11282..2,2026-06-10,monthly_basic,4900
GPA.6965-2234-6131-11012..5,2026-06-10,monthly_plus,9900
GPA.7103-5410-6519-10509..10,2026-06-10,monthly_plus,9900
GPA.7127-8900-4405-11466..1,2026-06-10,monthly_basic,4900
GPA.7342-8191-9417-10263..13,2026-06-10,monthly_basic,4900
GPA.7480-7964-8629-11618,2026-06-10,monthly_plus,9900
GPA.7538-1051-9662-10306..13,2026-06-10,monthly_basic,4900
GPA.8089-8848-9852-10318..12,2026-06-10,monthly_basic,4900
GPA.8167-6011-4846-11289..2,2026-06-10,monthly_basic,4900
GPA.8640-9924-6647-10754..7,2026-06-10,monthly_basic,4900
GPA.8736-4633-1038-10700..8,2026-06-10,monthly_plus,9900
GPA.8776-1144-5263-10154..15,2026-06-10,monthly_plus,9900
GPA.8909-3614-5792-11325..2,2026-06-10,monthly_plus,9900
GPA.8944-1906-9986-10613..9,2026-06-10,monthly_plus,9900
GPA.8950-1269-9787-11309..2,2026-06-10,monthly_basic,4900
GPA.9135-2387-8831-10804..7,2026-06-10,monthly_basic,4900
GPA.1050-4399-9181-10560..9,2026-06-11,monthly_basic,4900
GPA.1194-3671-7136-10775..7,2026-06-11,monthly_plus,9900
GPA.1246-4681-9057-10925..5,2026-06-11,monthly_basic,4900
GPA.1484-5646-5753-10230..14,2026-06-11,monthly_basic,4900
GPA.1936-7944-3660-10391..11,2026-06-11,monthly_plus,9900
GPA.2174-9081-9972-11357..2,2026-06-11,monthly_basic,4900
GPA.2243-1525-8076-10787..7,2026-06-11,monthly_basic,4900
GPA.2552-2096-4526-11525,2026-06-11,monthly_basic,4900
GPA.3133-3573-4280-10284..13,2026-06-11,monthly_basic,4900
GPA.3710-5951-9525-11426..1,2026-06-11,monthly_basic,4900
GPA.3812-8768-7148-10025..8,2026-06-11,monthly_plus,9900
GPA.4098-6869-3665-11225..3,2026-06-11,monthly_plus,9900
GPA.4149-7962-5194-11283..2,2026-06-11,monthly_basic,4900
GPA.4942-6282-2816-11264..3,2026-06-11,monthly_basic,4900
GPA.5177-4778-8009-10727..8,2026-06-11,monthly_basic,4900
GPA.5324-5769-6452-10860..6,2026-06-11,monthly_basic,4900
GPA.5436-9215-9687-11372..2,2026-06-11,monthly_basic,4900
GPA.5480-9775-7838-11152..3,2026-06-11,monthly_basic,4900
GPA.5598-6256-1410-10379..12,2026-06-11,monthly_basic,4900
GPA.5641-2126-4245-10933..5,2026-06-11,monthly_basic,4900
GPA.5698-4890-6474-11494..1,2026-06-11,monthly_basic,4900
GPA.5813-6124-9552-10631..9,2026-06-11,monthly_basic,4900
GPA.5877-2965-4126-11231..3,2026-06-11,monthly_basic,4900
GPA.5906-2795-7048-10992..5,2026-06-11,monthly_basic,4900
GPA.6137-6029-2968-10460..11,2026-06-11,monthly_basic,4900
GPA.6194-5038-3183-10174..15,2026-06-11,monthly_basic,4900
GPA.6329-3408-3772-11619,2026-06-11,monthly_basic,4900
GPA.6483-4656-5028-11543,2026-06-11,monthly_plus,9900
GPA.6494-4003-1996-11054..4,2026-06-11,monthly_basic,4900
GPA.6577-2245-9871-10642..9,2026-06-11,monthly_basic,4900
GPA.6975-5232-1945-11519..1,2026-06-11,monthly_basic,4900
GPA.6982-3728-5610-10632..9,2026-06-11,monthly_plus,9900
GPA.7018-4853-5173-10972..5,2026-06-11,monthly_plus,9900
GPA.7203-6707-2235-11331..2,2026-06-11,monthly_plus,9900
GPA.7282-8303-6077-10789..7,2026-06-11,monthly_plus,9900
GPA.7300-7369-6074-11647,2026-06-11,monthly_basic,4900
GPA.7520-2007-3296-10651..8,2026-06-11,monthly_basic,4900
GPA.7601-5843-6019-11614,2026-06-11,monthly_plus,9900
GPA.7754-7283-9123-10542..10,2026-06-11,monthly_basic,4900
GPA.7836-4264-7514-10193..14,2026-06-11,monthly_plus,9900
GPA.8079-6215-4369-10043..17,2026-06-11,monthly_plus,9900
GPA.8137-3188-9092-10953..5,2026-06-11,monthly_basic,4900
GPA.8600-6002-5431-11291..2,2026-06-11,monthly_basic,4900
GPA.8939-6146-7138-11565,2026-06-11,monthly_basic,4900
GPA.1176-8175-2341-10686..3,2026-06-12,monthly_basic,4900
GPA.1207-1850-1119-11540,2026-06-12,monthly_basic,4900
GPA.1645-9403-2555-10825..6,2026-06-12,monthly_basic,4900
GPA.1830-9427-8980-10519..10,2026-06-12,monthly_plus,9900
GPA.3167-4951-3681-11278..2,2026-06-12,monthly_basic,4900
GPA.3762-2247-7623-10075..16,2026-06-12,monthly_basic,4900
GPA.3992-2572-5322-10941..5,2026-06-12,monthly_basic,4900
GPA.4135-3852-8999-10920..6,2026-06-12,monthly_basic,4900
GPA.4200-4512-2560-11584,2026-06-12,monthly_basic,4900
GPA.4951-7301-9363-11642,2026-06-12,monthly_plus,9900
GPA.4959-3470-4198-10255..13,2026-06-12,monthly_basic,4900
GPA.5132-1706-3288-10885..6,2026-06-12,monthly_plus,9900
GPA.5276-3626-7957-11318..2,2026-06-12,monthly_basic,4900
GPA.5374-6402-5697-11287..2,2026-06-12,monthly_basic,4900
GPA.5411-4542-9416-11499..1,2026-06-12,monthly_basic,4900
GPA.5422-9494-8579-11011..5,2026-06-12,monthly_basic,4900
GPA.5441-6141-8482-10781..7,2026-06-12,monthly_basic,4900
GPA.5460-3132-1268-11448..1,2026-06-12,monthly_basic,4900
GPA.5514-8971-2605-10403..11,2026-06-12,monthly_plus,9900
GPA.5658-9685-5947-11377..2,2026-06-12,monthly_basic,4900
GPA.5676-3499-7531-11417..1,2026-06-12,monthly_basic,4900
GPA.5737-3896-7109-11077..4,2026-06-12,monthly_basic,4900
GPA.5839-4777-4490-11549,2026-06-12,monthly_basic,4900
GPA.5894-7610-6295-11052..4,2026-06-12,monthly_plus,9900
GPA.5972-1536-9265-10438..11,2026-06-12,monthly_basic,4900
GPA.6441-5726-5070-11615,2026-06-12,monthly_basic,4900
GPA.6959-9827-4557-10208..14,2026-06-12,monthly_basic,4900
GPA.7267-8802-7011-10697..8,2026-06-12,monthly_basic,4900
GPA.7304-2684-7310-10826..6,2026-06-12,monthly_plus,9900
GPA.7549-9080-2105-11317..2,2026-06-12,monthly_basic,4900
GPA.7678-2110-9429-10395..11,2026-06-12,monthly_basic,4900
GPA.7968-2441-4425-10660..8,2026-06-12,monthly_basic,4900
GPA.8190-3944-3138-11142..4,2026-06-12,monthly_basic,4900
GPA.8554-1534-2552-11570,2026-06-12,monthly_plus,9900
GPA.9126-8210-7980-10275..13,2026-06-12,monthly_plus,9900
GPA.9361-2558-1323-10834..6,2026-06-12,monthly_basic,4900
GPA.9585-3407-2021-11433..1,2026-06-12,monthly_basic,4900
GPA.9607-4426-8246-10041..17,2026-06-12,monthly_basic,4900
GPA.9739-4534-8653-10069..16,2026-06-12,monthly_basic,4900
GPA.9749-4814-9006-10442..11,2026-06-12,monthly_basic,4900
GPA.9986-8926-5423-11523,2026-06-12,monthly_plus,9900
GPA.1082-1199-1395-11428..1,2026-06-13,monthly_basic,4900
GPA.1277-8390-9343-11391..1,2026-06-13,monthly_basic,4900
GPA.1485-6528-4979-11558,2026-06-13,monthly_basic,4900
GPA.1700-5521-4036-11036..4,2026-06-13,monthly_basic,4900
GPA.1987-9614-9804-11108..4,2026-06-13,monthly_plus,9900
GPA.2191-5133-3788-11295..2,2026-06-13,monthly_basic,4900
GPA.2287-5751-9377-11242..3,2026-06-13,monthly_basic,4900
GPA.2564-2044-5927-11458..1,2026-06-13,monthly_basic,4900
GPA.2724-6683-8236-11252..3,2026-06-13,monthly_plus,9900
GPA.2780-3840-8539-11083..4,2026-06-13,monthly_basic,4900
GPA.2991-6105-6776-10838..6,2026-06-13,monthly_basic,4900
GPA.3070-8304-3938-10678..8,2026-06-13,monthly_basic,4900
GPA.3204-1035-3017-10840..6,2026-06-13,monthly_basic,4900
GPA.3354-1089-5084-11161..3,2026-06-13,monthly_plus,9900
GPA.4313-4281-9125-10595..9,2026-06-13,monthly_plus,9900
GPA.4622-6272-2903-10250..13,2026-06-13,monthly_basic,4900
GPA.4881-7743-8415-11623,2026-06-13,monthly_basic,4900
GPA.4943-3433-2488-11475..1,2026-06-13,monthly_basic,4900
GPA.5050-3084-6504-10879..6,2026-06-13,monthly_basic,4900
GPA.5772-1165-7513-11042..4,2026-06-13,monthly_plus,9900
GPA.6286-1508-2825-10968..5,2026-06-13,monthly_basic,4900
GPA.6414-1595-2345-11048..4,2026-06-13,monthly_plus,9900
GPA.6519-2044-6391-10988..5,2026-06-13,monthly_basic,4900
GPA.6737-4039-4464-11017..5,2026-06-13,monthly_basic,4900
GPA.6757-2589-5824-10965..5,2026-06-13,monthly_plus,9900
GPA.7237-8703-4571-11387..2,2026-06-13,monthly_basic,4900
GPA.7267-4504-5163-11595,2026-06-13,monthly_basic,4900
GPA.7569-4388-9518-11455..1,2026-06-13,monthly_basic,4900
GPA.7658-6561-3906-10260..13,2026-06-13,monthly_basic,4900
GPA.7853-2690-1423-10113..6,2026-06-13,monthly_basic,4900
GPA.8239-9218-1714-11171..3,2026-06-13,monthly_basic,4900
GPA.8502-9643-1325-11514..1,2026-06-13,monthly_basic,4900
GPA.8673-2675-3222-10949..5,2026-06-13,monthly_plus,9900
GPA.8687-3528-1154-11639,2026-06-13,monthly_basic,4900
GPA.8941-1690-1476-11500..1,2026-06-13,monthly_basic,4900
GPA.9278-2066-5728-10765..7,2026-06-13,monthly_plus,9900
GPA.9377-7612-2361-11191..3,2026-06-13,monthly_basic,4900
GPA.9469-8184-4235-11487..1,2026-06-13,monthly_basic,4900
GPA.9833-3465-5210-11650,2026-06-13,monthly_plus,9900
GPA.9854-7923-5827-11306..2,2026-06-13,monthly_plus,9900
GPA.9945-5908-1991-10874..6,2026-06-13,monthly_basic,4900
GPA.9950-6039-7136-10673..8,2026-06-13,monthly_basic,4900
GPA.1526-6256-4659-11062..4,2026-06-14,monthly_basic,4900
GPA.1554-9934-1688-10718..8,2026-06-14,monthly_basic,4900
GPA.1680-9650-5541-10620..9,2026-06-14,monthly_plus,9900
GPA.2113-3616-8509-11061..4,2026-06-14,monthly_basic,4900
GPA.2269-7483-6846-11491..1,2026-06-14,monthly_plus,9900
GPA.2439-3740-5232-11087..4,2026-06-14,monthly_plus,9900
GPA.2838-6095-8755-10869..6,2026-06-14,monthly_basic,4900
GPA.3358-7373-9449-10236..14,2026-06-14,monthly_basic,4900
GPA.3490-4867-7990-11385..2,2026-06-14,monthly_basic,4900
GPA.4139-9157-6693-11168..3,2026-06-14,monthly_plus,9900
GPA.4198-6298-5997-10966..5,2026-06-14,monthly_basic,4900
GPA.4394-8385-1189-10743..7,2026-06-14,monthly_basic,4900
GPA.4394-9171-2863-11243..3,2026-06-14,monthly_basic,4900
GPA.4510-7262-8036-11189..3,2026-06-14,monthly_plus,9900
GPA.4612-6938-8746-11100..4,2026-06-14,monthly_basic,4900
GPA.4750-3051-8178-10719..8,2026-06-14,monthly_plus,9900
GPA.4780-1299-1940-11320..2,2026-06-14,monthly_basic,4900
GPA.5047-9552-8987-11255..3,2026-06-14,monthly_basic,4900
GPA.5197-9617-4743-11051..4,2026-06-14,monthly_plus,9900
GPA.5218-8913-2701-10921..6,2026-06-14,monthly_plus,9900
GPA.5654-8585-6623-10572..9,2026-06-14,monthly_basic,4900
GPA.5669-4203-6326-10943..5,2026-06-14,monthly_basic,4900
GPA.6348-1843-7989-10096..16,2026-06-14,monthly_plus,9900
GPA.7048-4232-4498-11636,2026-06-14,monthly_basic,4900
GPA.7347-9365-6390-11223..3,2026-06-14,monthly_basic,4900
GPA.7815-6381-7870-11305..2,2026-06-14,monthly_basic,4900
GPA.7975-8370-5065-11194..3,2026-06-14,monthly_basic,4900
GPA.8219-1094-5303-11203..3,2026-06-14,monthly_basic,4900
GPA.8263-4035-9334-10239..14,2026-06-14,monthly_basic,4900
GPA.8271-5698-5560-11334..2,2026-06-14,monthly_plus,9900
GPA.8460-6139-9623-10305..13,2026-06-14,monthly_basic,4900
GPA.8608-1427-7166-10544..10,2026-06-14,monthly_basic,4900
GPA.8609-5394-2594-10850..6,2026-06-14,monthly_basic,4900
GPA.8661-4812-5577-11020..5,2026-06-14,monthly_plus,9900
GPA.9042-7245-6317-10623..9,2026-06-14,monthly_basic,4900
GPA.9377-6413-4347-10039..17,2026-06-14,monthly_plus,9900
GPA.9663-9976-2013-10320..12,2026-06-14,monthly_basic,4900
GPA.1072-8151-4947-10959..5,2026-06-15,monthly_basic,4900
GPA.1375-4720-6151-11149..3,2026-06-15,monthly_basic,4900
GPA.1570-6408-3162-10294..13,2026-06-15,monthly_basic,4900
GPA.1571-7746-2819-10883..6,2026-06-15,monthly_basic,4900
GPA.1611-1417-8032-10167..15,2026-06-15,monthly_basic,4900
GPA.1685-7194-6195-10558..9,2026-06-15,monthly_basic,4900
GPA.1802-5798-5535-10897..6,2026-06-15,monthly_basic,4900
GPA.1856-9188-6868-10129..15,2026-06-15,monthly_basic,4900
GPA.2015-6983-7060-11524,2026-06-15,monthly_basic,4900
GPA.2146-6105-3624-11571,2026-06-15,monthly_basic,4900
GPA.2210-4977-3275-11151..3,2026-06-15,monthly_basic,4900
GPA.2787-3621-7234-10466..11,2026-06-15,monthly_basic,4900
GPA.2998-5410-3491-11097..4,2026-06-15,monthly_plus,9900
GPA.3108-9735-2586-11258..3,2026-06-15,monthly_plus,9900
GPA.3292-4847-8861-10267..13,2026-06-15,monthly_plus,9900
GPA.3424-9093-4176-10406..11,2026-06-15,monthly_plus,9900
GPA.3466-7088-9527-11174..3,2026-06-15,monthly_basic,4900
GPA.3689-3160-6982-11498..1,2026-06-15,monthly_basic,4900
GPA.4335-8920-3864-11561,2026-06-15,monthly_basic,4900
GPA.4753-7563-1767-10548..10,2026-06-15,monthly_basic,4900
GPA.4790-1112-4222-11611,2026-06-15,monthly_plus,9900
GPA.5280-7249-4858-11380..2,2026-06-15,monthly_plus,9900
GPA.5488-1711-2720-11477..1,2026-06-15,monthly_basic,4900
GPA.6019-9888-9443-10392..11,2026-06-15,monthly_basic,4900
GPA.6298-3761-7341-10221..14,2026-06-15,monthly_plus,9900
GPA.6356-9739-3318-10077..16,2026-06-15,monthly_plus,9900
GPA.7688-7619-3287-11509..1,2026-06-15,monthly_basic,4900
GPA.8258-2298-1366-10762..7,2026-06-15,monthly_basic,4900
GPA.8492-1399-6727-10732..7,2026-06-15,monthly_plus,9900
GPA.8715-5332-5515-10150..3,2026-06-15,monthly_plus,9900
GPA.9538-7549-7874-10012..17,2026-06-15,monthly_basic,4900
GPA.9652-4327-7818-11383..2,2026-06-15,monthly_basic,4900
GPA.9887-4332-3504-10524..10,2026-06-15,monthly_basic,4900
GPA.9958-8006-1672-10194..14,2026-06-15,monthly_basic,4900
GPA.1136-5407-6802-10464..11,2026-06-16,monthly_basic,4900
GPA.1324-4354-3390-10590..9,2026-06-16,monthly_basic,4900
GPA.1480-3104-9682-11379..2,2026-06-16,monthly_basic,4900
GPA.1515-2600-7159-10616..9,2026-06-16,monthly_plus,9900
GPA.1708-9008-9174-10889..6,2026-06-16,monthly_basic,4900
GPA.1763-6443-8153-11160..3,2026-06-16,monthly_basic,4900
GPA.1792-1695-6299-10594..9,2026-06-16,monthly_basic,4900
GPA.1840-8378-8895-10769..7,2026-06-16,monthly_basic,4900
GPA.2019-2544-5921-10926..5,2026-06-16,monthly_basic,4900
GPA.2281-5497-4841-10500..10,2026-06-16,monthly_basic,4900
GPA.2462-3225-1555-10404..11,2026-06-16,monthly_basic,4900
GPA.2510-7463-6673-10936..5,2026-06-16,monthly_basic,4900
GPA.2653-3822-8836-11212..3,2026-06-16,monthly_plus,9900
GPA.2981-7087-2157-11594,2026-06-16,monthly_basic,4900
GPA.3225-5434-1596-11338..2,2026-06-16,monthly_basic,4900
GPA.3344-6362-3007-11088..4,2026-06-16,monthly_plus,9900
GPA.3962-7203-5542-11447..1,2026-06-16,monthly_basic,4900
GPA.4167-8490-8834-11205..3,2026-06-16,monthly_plus,9900
GPA.5263-7183-8661-11493..1,2026-06-16,monthly_basic,4900
GPA.5422-6488-7730-10790..7,2026-06-16,monthly_plus,9900
GPA.5788-3922-9154-10716..8,2026-06-16,monthly_plus,9900
GPA.5797-3585-9292-10813..7,2026-06-16,monthly_basic,4900
GPA.5832-9560-4392-10628..5,2026-06-16,monthly_basic,4900
GPA.6078-4013-3803-10576..9,2026-06-16,monthly_basic,4900
GPA.6425-7791-3177-10530..10,2026-06-16,monthly_basic,4900
GPA.6456-7612-8970-10055..17,2026-06-16,monthly_plus,9900
GPA.6684-2957-6713-10829..6,2026-06-16,monthly_basic,4900
GPA.7098-1420-6578-11349..2,2026-06-16,monthly_plus,9900
GPA.7124-3305-6088-10446..11,2026-06-16,monthly_basic,4900
GPA.7138-1367-7439-10952..5,2026-06-16,monthly_plus,9900
GPA.7240-2830-4843-11040..4,2026-06-16,monthly_basic,4900
GPA.7393-3658-8166-10957..5,2026-06-16,monthly_plus,9900
GPA.7718-7828-1725-11216..3,2026-06-16,monthly_basic,4900
GPA.8170-7623-8874-10010..17,2026-06-16,monthly_basic,4900
GPA.8479-5468-5856-11605,2026-06-16,monthly_plus,9900
GPA.8564-2237-8908-10125..15,2026-06-16,monthly_plus,9900
GPA.8875-3921-6004-11273..2,2026-06-16,monthly_plus,9900
GPA.9291-6015-6438-11378..2,2026-06-16,monthly_basic,4900
GPA.9483-7638-6348-10551..10,2026-06-16,monthly_basic,4900
GPA.1154-7651-5243-10761..7,2026-06-17,monthly_basic,4900
GPA.1351-7869-3804-11389..2,2026-06-17,monthly_plus,9900
GPA.1599-1949-7227-11001..5,2026-06-17,monthly_basic,4900
GPA.1775-9043-4712-11156..3,2026-06-17,monthly_basic,4900
GPA.2061-8960-9169-10846..6,2026-06-17,monthly_basic,4900
GPA.2179-6551-4555-11288..2,2026-06-17,monthly_basic,4900
GPA.2447-3778-9885-11323..2,2026-06-17,monthly_basic,4900
GPA.2628-4538-6750-10710..8,2026-06-17,monthly_basic,4900
GPA.2711-8282-4257-11368..2,2026-06-17,monthly_basic,4900
GPA.3725-6938-6923-10033..17,2026-06-17,monthly_basic,4900
GPA.3725-7784-5583-11084..4,2026-06-17,monthly_plus,9900
GPA.4133-5566-5397-10363..10,2026-06-17,monthly_plus,9900
GPA.4214-1621-7196-10997..5,2026-06-17,monthly_basic,4900
GPA.4598-1729-1690-10970..5,2026-06-17,monthly_plus,9900
GPA.4905-9760-3394-11542,2026-06-17,monthly_basic,4900
GPA.5131-4453-2134-10342..12,2026-06-17,monthly_basic,4900
GPA.5505-8617-7342-10633..9,2026-06-17,monthly_basic,4900
GPA.5657-8217-7884-11249..3,2026-06-17,monthly_basic,4900
GPA.6135-7219-8925-11326..2,2026-06-17,monthly_basic,4900
GPA.6325-4872-1713-10974..5,2026-06-17,monthly_basic,4900
GPA.6385-4912-6398-10185..14,2026-06-17,monthly_basic,4900
GPA.6504-8747-8539-11195..3,2026-06-17,monthly_basic,4900
GPA.6648-8038-4574-10942..5,2026-06-17,monthly_plus,9900
GPA.6678-2040-6422-10932..5,2026-06-17,monthly_basic,4900
GPA.7977-2806-3937-10857..6,2026-06-17,monthly_plus,9900
GPA.8066-7983-3468-11450..1,2026-06-17,monthly_basic,4900
GPA.8087-7730-1521-11401..1,2026-06-17,monthly_basic,4900
GPA.8161-6556-7056-11471..1,2026-06-17,monthly_basic,4900
GPA.8260-9206-5010-11218..3,2026-06-17,monthly_plus,9900
GPA.8420-3934-7859-11626,2026-06-17,monthly_plus,9900
GPA.8434-7839-9926-10085..16,2026-06-17,monthly_basic,4900
GPA.8623-4531-1935-10042..8,2026-06-17,monthly_basic,4900
GPA.9219-9383-2442-10097..16,2026-06-17,monthly_basic,4900
GPA.9703-5888-8216-11652,2026-06-17,monthly_basic,4900
GPA.9930-3828-4407-11071..4,2026-06-17,monthly_plus,9900
GPA.9970-2625-2692-10451..11,2026-06-17,monthly_plus,9900
GPA.1013-6267-4563-11118..4,2026-06-18,monthly_basic,4900
GPA.1141-2984-1878-10746..7,2026-06-18,monthly_basic,4900
GPA.1535-4590-3075-10979..5,2026-06-18,monthly_basic,4900
GPA.1979-1113-9573-10794..1,2026-06-18,monthly_basic,4900
GPA.1999-9779-5516-11312..2,2026-06-18,monthly_plus,9900
GPA.2890-2783-5370-11050..4,2026-06-18,monthly_basic,4900
GPA.3042-2179-9146-10687..8,2026-06-18,monthly_basic,4900
GPA.3253-6816-4053-10975..5,2026-06-18,monthly_basic,4900
GPA.3262-8736-1290-10859..6,2026-06-18,monthly_basic,4900
GPA.3291-7154-2284-10378..12,2026-06-18,monthly_basic,4900
GPA.3470-8536-2464-11060..4,2026-06-18,monthly_plus,9900
GPA.3544-6743-3827-10254..10,2026-06-18,monthly_basic,4900
GPA.3724-1661-4100-10310..13,2026-06-18,monthly_basic,4900
GPA.4106-7631-4180-11350..2,2026-06-18,monthly_basic,4900
GPA.4364-3384-1751-10100..16,2026-06-18,monthly_basic,4900
GPA.4658-6387-5688-11617,2026-06-18,monthly_basic,4900
GPA.4847-8643-4810-11352..2,2026-06-18,monthly_basic,4900
GPA.4901-4433-7075-10345..11,2026-06-18,monthly_basic,4900
GPA.5452-5827-1856-10617..9,2026-06-18,monthly_basic,4900
GPA.5471-7506-9233-10262..13,2026-06-18,monthly_basic,4900
GPA.5720-6902-4646-11489..1,2026-06-18,monthly_basic,4900
GPA.5851-5167-8986-11367..2,2026-06-18,monthly_basic,4900
GPA.5999-1755-9422-11173..3,2026-06-18,monthly_plus,9900
GPA.6103-6648-7345-10116..16,2026-06-18,monthly_basic,4900
GPA.6275-9143-8333-10950..5,2026-06-18,monthly_basic,4900
GPA.6294-9792-5999-10380..12,2026-06-18,monthly_basic,4900
GPA.6409-2567-9964-10535..10,2026-06-18,monthly_basic,4900
GPA.6700-8455-3505-11453..1,2026-06-18,monthly_basic,4900
GPA.6757-7658-2796-10288..13,2026-06-18,monthly_basic,4900
GPA.7351-4269-3559-10335..12,2026-06-18,monthly_basic,4900
GPA.7649-6972-3871-10766..7,2026-06-18,monthly_plus,9900
GPA.8202-2409-7080-11505..1,2026-06-18,monthly_basic,4900
GPA.8298-4631-3669-10755..7,2026-06-18,monthly_basic,4900
GPA.8430-8903-8453-10800..7,2026-06-18,monthly_basic,4900
GPA.8542-9521-4221-11120..4,2026-06-18,monthly_basic,4900
GPA.8557-9320-9547-10128..15,2026-06-18,monthly_basic,4900
GPA.8775-3408-6022-10614..9,2026-06-18,monthly_plus,9900
GPA.8806-2954-3792-11495..1,2026-06-18,monthly_basic,4900
GPA.8947-8756-3862-10110..11,2026-06-18,monthly_basic,4900
GPA.8974-8717-4069-11436..1,2026-06-18,monthly_basic,4900
GPA.9086-9401-3582-11177..3,2026-06-18,monthly_plus,9900
GPA.9196-9036-2537-10545..10,2026-06-18,monthly_basic,4900
GPA.9230-6107-3416-11109..4,2026-06-18,monthly_plus,9900
GPA.9548-5774-7985-11373..2,2026-06-18,monthly_basic,4900
GPA.9800-3786-6348-11296..2,2026-06-18,monthly_plus,9900
GPA.9906-2445-3790-11221..3,2026-06-18,monthly_basic,4900
GPA.1151-7066-1149-10672..8,2026-06-19,monthly_plus,9900
GPA.1393-4982-5273-11404..1,2026-06-19,monthly_basic,4900
GPA.1532-7552-8531-10798..7,2026-06-19,monthly_basic,4900
GPA.1734-4531-4208-10248..14,2026-06-19,monthly_basic,4900
GPA.1891-3064-3683-10720..8,2026-06-19,monthly_basic,4900
GPA.1899-4070-4920-10226..14,2026-06-19,monthly_basic,4900
GPA.2064-8522-2147-10934..5,2026-06-19,monthly_basic,4900
GPA.2477-8410-7097-11474..1,2026-06-19,monthly_basic,4900
GPA.2894-3616-4616-10904..6,2026-06-19,monthly_basic,4900
GPA.2905-6024-5661-10955..5,2026-06-19,monthly_basic,4900
GPA.2998-5727-4344-11122..4,2026-06-19,monthly_plus,9900
GPA.3368-2429-2940-10396..11,2026-06-19,monthly_basic,4900
GPA.3566-5280-8440-10083..12,2026-06-19,monthly_basic,4900
GPA.3692-3611-9128-11167..3,2026-06-19,monthly_plus,9900
GPA.3793-9241-6740-11043..4,2026-06-19,monthly_basic,4900
GPA.4432-9544-5231-10976..5,2026-06-19,monthly_basic,4900
GPA.4439-9400-9930-10527..10,2026-06-19,monthly_plus,9900
GPA.4589-3857-5078-11154..3,2026-06-19,monthly_basic,4900
GPA.5100-5905-9826-11419..1,2026-06-19,monthly_plus,9900
GPA.5219-2970-7645-10736..7,2026-06-19,monthly_basic,4900
GPA.5261-6765-5386-11632,2026-06-19,monthly_basic,4900
GPA.5391-2132-8676-11347..2,2026-06-19,monthly_basic,4900
GPA.5443-3039-5090-11208..3,2026-06-19,monthly_basic,4900
GPA.5507-6202-9242-10693..8,2026-06-19,monthly_plus,9900
GPA.5740-6387-2485-10956..5,2026-06-19,monthly_basic,4900
GPA.5756-3761-3392-11018..5,2026-06-19,monthly_basic,4900
GPA.5796-5211-4181-10899..6,2026-06-19,monthly_plus,9900
GPA.5846-5040-3042-11437..1,2026-06-19,monthly_plus,9900
GPA.6466-6535-6608-11451..1,2026-06-19,monthly_basic,4900
GPA.6486-6610-1676-11277..2,2026-06-19,monthly_basic,4900
GPA.6538-7030-6015-11564,2026-06-19,monthly_basic,4900
GPA.6574-3621-3560-11393..1,2026-06-19,monthly_plus,9900
GPA.6799-8872-1187-10843..6,2026-06-19,monthly_basic,4900
GPA.6831-7051-8139-11183..3,2026-06-19,monthly_basic,4900
GPA.6946-3981-3168-10122..15,2026-06-19,monthly_basic,4900
GPA.7247-7632-7375-10271..13,2026-06-19,monthly_plus,9900
GPA.7334-1062-1905-11483..1,2026-06-19,monthly_basic,4900
GPA.7525-9187-7634-11135..4,2026-06-19,monthly_basic,4900
GPA.7824-2101-8005-11374..2,2026-06-19,monthly_basic,4900
GPA.7858-9413-6544-10884..6,2026-06-19,monthly_basic,4900
GPA.7913-2561-3714-10891..6,2026-06-19,monthly_basic,4900
GPA.8137-1191-6998-10439..11,2026-06-19,monthly_basic,4900
GPA.8203-4200-4970-11069..4,2026-06-19,monthly_basic,4900
GPA.8264-6599-2149-10809..7,2026-06-19,monthly_basic,4900
GPA.8714-3088-5837-11207..3,2026-06-19,monthly_basic,4900
GPA.8846-5133-8069-10511..10,2026-06-19,monthly_plus,9900
GPA.9390-8664-4497-11459..1,2026-06-19,monthly_basic,4900
GPA.9391-9312-9554-10181..15,2026-06-19,monthly_plus,9900
GPA.9599-7010-2684-10329..12,2026-06-19,monthly_basic,4900
GPA.1058-3148-4596-10849..6,2026-06-20,monthly_basic,4900
GPA.1096-4085-6243-10323..12,2026-06-20,monthly_basic,4900
GPA.1220-9591-3881-11332..2,2026-06-20,monthly_basic,4900
GPA.1238-3033-8137-11029..5,2026-06-20,monthly_basic,4900
GPA.1298-2474-5083-10984..3,2026-06-20,monthly_plus,9900
GPA.1735-2233-6234-11165..3,2026-06-20,monthly_basic,4900
GPA.1844-1464-2866-10389..12,2026-06-20,monthly_basic,4900
GPA.1885-5186-9920-10219..7,2026-06-20,monthly_basic,4900
GPA.1972-3446-5928-10708..8,2026-06-20,monthly_plus,9900
GPA.2021-9119-8113-11329..2,2026-06-20,monthly_basic,4900
GPA.2063-3665-7045-10971..5,2026-06-20,monthly_basic,4900
GPA.2069-8046-5129-11520..1,2026-06-20,monthly_basic,4900
GPA.2210-3135-7723-11531,2026-06-20,monthly_basic,4900
GPA.2539-7540-1059-11055..4,2026-06-20,monthly_plus,9900
GPA.2621-6717-6648-11607,2026-06-20,monthly_basic,4900
GPA.2999-1610-6342-10465..11,2026-06-20,monthly_basic,4900
GPA.3077-2800-7320-11444..1,2026-06-20,monthly_basic,4900
GPA.3133-9646-6741-11148..4,2026-06-20,monthly_plus,9900
GPA.3432-6195-9671-10523..10,2026-06-20,monthly_basic,4900
GPA.3596-1297-4148-11310..2,2026-06-20,monthly_basic,4900
GPA.3808-9759-3897-10215..14,2026-06-20,monthly_plus,9900
GPA.3818-3962-8008-10307..13,2026-06-20,monthly_basic,4900
GPA.4590-3976-7752-10841..6,2026-06-20,monthly_basic,4900
GPA.4721-6330-3872-11470..1,2026-06-20,monthly_basic,4900
GPA.4959-5698-9448-10056..16,2026-06-20,monthly_basic,4900
GPA.4963-5643-5880-10562..9,2026-06-20,monthly_plus,9900
GPA.5245-1734-5776-11342..2,2026-06-20,monthly_basic,4900
GPA.5558-3700-7550-11411..1,2026-06-20,monthly_basic,4900
GPA.5697-6100-2472-11178..3,2026-06-20,monthly_plus,9900
GPA.5864-1209-8563-10528..10,2026-06-20,monthly_basic,4900
GPA.6197-2547-5848-11422..1,2026-06-20,monthly_basic,4900
GPA.6452-1835-6869-10977..5,2026-06-20,monthly_basic,4900
GPA.6526-9493-9525-10654..8,2026-06-20,monthly_basic,4900
GPA.7135-7541-3163-10327..12,2026-06-20,monthly_basic,4900
GPA.8537-2929-2850-11125..4,2026-06-20,monthly_basic,4900
GPA.8797-7211-7148-10619..9,2026-06-20,monthly_basic,4900
GPA.8837-3890-3505-11488..1,2026-06-20,monthly_basic,4900
GPA.9295-4825-3376-11463..1,2026-06-20,monthly_basic,4900
GPA.9360-1996-5636-10353..12,2026-06-20,monthly_plus,9900
GPA.9417-1629-5243-11653,2026-06-20,monthly_basic,4900
GPA.9478-7331-7349-11630,2026-06-20,monthly_basic,4900
GPA.9678-2138-7787-10463..11,2026-06-20,monthly_basic,4900
GPA.9784-1295-1014-11224..3,2026-06-20,monthly_plus,9900
GPA.9916-9248-6786-11386..2,2026-06-20,monthly_basic,4900
GPA.9934-5228-8018-11123..4,2026-06-20,monthly_basic,4900
GPA.1114-1445-3331-11343..2,2026-06-21,monthly_plus,9900
GPA.1504-2684-6648-10479..10,2026-06-21,monthly_plus,9900
GPA.1507-7021-9775-10430..11,2026-06-21,monthly_basic,4900
GPA.2360-1714-3567-10487..10,2026-06-21,monthly_basic,4900
GPA.2617-7683-3778-11073..4,2026-06-21,monthly_plus,9900
GPA.2674-8107-9811-11031..5,2026-06-21,monthly_basic,4900
GPA.2948-7781-6367-11234..3,2026-06-21,monthly_basic,4900
GPA.3221-6788-1150-10902..6,2026-06-21,monthly_plus,9900
GPA.3343-5907-2472-10244..14,2026-06-21,monthly_plus,9900
GPA.3373-7337-8120-11275..2,2026-06-21,monthly_basic,4900
GPA.3413-1790-7074-11007..5,2026-06-21,monthly_basic,4900
GPA.3807-3116-2211-10498..10,2026-06-21,monthly_basic,4900
GPA.4237-9284-9103-10272..13,2026-06-21,monthly_plus,9900
GPA.4239-7412-4450-11507..1,2026-06-21,monthly_basic,4900
GPA.4773-4360-3657-11260..3,2026-06-21,monthly_basic,4900
GPA.4802-6261-5917-11136..4,2026-06-21,monthly_plus,9900
GPA.5031-9248-4849-11460..1,2026-06-21,monthly_plus,9900
GPA.5256-4831-7941-11366..2,2026-06-21,monthly_basic,4900
GPA.5592-9898-8863-11467..1,2026-06-21,monthly_basic,4900
GPA.5643-6069-1012-11112..4,2026-06-21,monthly_basic,4900
GPA.5806-2487-3082-10302..6,2026-06-21,monthly_basic,4900
GPA.6058-7630-5828-11395..1,2026-06-21,monthly_basic,4900
GPA.6225-2402-7349-11476..1,2026-06-21,monthly_basic,4900
GPA.6254-3058-4280-10774..7,2026-06-21,monthly_basic,4900
GPA.6581-4834-5942-10712..8,2026-06-21,monthly_plus,9900
GPA.6736-3893-9873-10332..12,2026-06-21,monthly_basic,4900
GPA.6745-7700-3829-10882..4,2026-06-21,monthly_basic,4900
GPA.6762-8502-5726-10728..8,2026-06-21,monthly_basic,4900
GPA.7361-7467-6158-11217..3,2026-06-21,monthly_plus,9900
GPA.7374-9132-1553-10489..10,2026-06-21,monthly_basic,4900
GPA.7555-6355-8304-11041..4,2026-06-21,monthly_plus,9900
GPA.7725-7109-8563-11032..5,2026-06-21,monthly_basic,4900
GPA.8140-3057-5167-11572,2026-06-21,monthly_basic,4900
GPA.8140-6317-6237-11006..5,2026-06-21,monthly_plus,9900
GPA.8445-2534-6634-10202..14,2026-06-21,monthly_basic,4900
GPA.8600-8416-5309-11046..4,2026-06-21,monthly_plus,9900
GPA.8635-7225-6189-10947..5,2026-06-21,monthly_basic,4900
GPA.8729-7643-2498-11569,2026-06-21,monthly_basic,4900
GPA.9537-8600-5933-10261..6,2026-06-21,monthly_basic,4900
GPA.9722-4944-5301-11355..2,2026-06-21,monthly_basic,4900
GPA.1027-9998-4846-11398..1,2026-06-22,monthly_basic,4900
GPA.1050-3969-4587-10684..8,2026-06-22,monthly_basic,4900
GPA.1062-7751-6525-11438..1,2026-06-22,monthly_basic,4900
GPA.1066-1845-9456-10541..10,2026-06-22,monthly_plus,9900
GPA.1163-3546-1292-11410..1,2026-06-22,monthly_basic,4900
GPA.1434-3925-3166-10431..11,2026-06-22,monthly_basic,4900
GPA.1658-8770-5958-11473..1,2026-06-22,monthly_basic,4900
GPA.2151-9521-9508-11209..3,2026-06-22,monthly_basic,4900
GPA.2318-4093-6255-10178..15,2026-06-22,monthly_basic,4900
GPA.2476-9903-4388-11613,2026-06-22,monthly_basic,4900
GPA.2528-7822-9973-11000..5,2026-06-22,monthly_basic,4900
GPA.2564-2383-3198-11405..1,2026-06-22,monthly_basic,4900
GPA.2617-9510-8698-10668..8,2026-06-22,monthly_plus,9900
GPA.2667-1755-6898-10681..8,2026-06-22,monthly_basic,4900
GPA.2783-3989-8302-10437..11,2026-06-22,monthly_plus,9900
GPA.2811-5469-8702-11392..1,2026-06-22,monthly_basic,4900
GPA.2971-8704-1814-10149..15,2026-06-22,monthly_plus,9900
GPA.3072-9007-8057-10890..6,2026-06-22,monthly_plus,9900
GPA.3561-1512-7371-10811..7,2026-06-22,monthly_plus,9900
GPA.3789-9217-4949-11421..1,2026-06-22,monthly_plus,9900
GPA.3856-8667-4183-11567,2026-06-22,monthly_basic,4900
GPA.3946-9013-1593-11628,2026-06-22,monthly_plus,9900
GPA.4243-8685-4784-10190..14,2026-06-22,monthly_plus,9900
GPA.4335-1489-8721-11599,2026-06-22,monthly_basic,4900
GPA.4545-9704-8407-10940..5,2026-06-22,monthly_plus,9900
GPA.4656-4205-7515-11554,2026-06-22,monthly_basic,4900
GPA.4704-4436-9862-10176..15,2026-06-22,monthly_plus,9900
GPA.4888-5250-2953-10505..10,2026-06-22,monthly_plus,9900
GPA.5211-9319-6780-10264..13,2026-06-22,monthly_basic,4900
GPA.5253-6380-3151-11229..3,2026-06-22,monthly_basic,4900
GPA.5372-9189-5874-11597,2026-06-22,monthly_basic,4900
GPA.5622-1123-2491-10659..8,2026-06-22,monthly_basic,4900
GPA.6061-1903-8076-11147..4,2026-06-22,monthly_plus,9900
GPA.6088-6448-2409-10905..6,2026-06-22,monthly_plus,9900
GPA.6159-5523-3771-10586..9,2026-06-22,monthly_basic,4900
GPA.6641-6142-5041-10868..6,2026-06-22,monthly_basic,4900
GPA.6769-8388-2262-10797..7,2026-06-22,monthly_basic,4900
GPA.6939-1907-9842-11081..4,2026-06-22,monthly_plus,9900
GPA.7029-9502-2191-11356..2,2026-06-22,monthly_basic,4900
GPA.7126-9982-5359-10639..9,2026-06-22,monthly_basic,4900
GPA.7960-4319-4210-10502..10,2026-06-22,monthly_basic,4900
GPA.8227-6943-6392-10375..12,2026-06-22,monthly_basic,4900
GPA.8478-9056-7301-10677..8,2026-06-22,monthly_plus,9900
GPA.8552-8936-9834-11301..2,2026-06-22,monthly_basic,4900
GPA.8600-4245-4327-10881..6,2026-06-22,monthly_basic,4900
GPA.8692-9878-6999-11382..2,2026-06-22,monthly_plus,9900
GPA.8856-6063-4351-11512..1,2026-06-22,monthly_basic,4900
GPA.8906-3635-1672-10381..12,2026-06-22,monthly_basic,4900
GPA.9087-6359-7182-10588..9,2026-06-22,monthly_plus,9900
GPA.9202-3241-1254-10469..10,2026-06-22,monthly_plus,9900
GPA.9225-4047-2963-10166..14,2026-06-22,monthly_basic,4900
GPA.9240-7209-9111-11304..2,2026-06-22,monthly_plus,9900
GPA.9312-5909-8814-10752..7,2026-06-22,monthly_basic,4900
GPA.9349-6684-1996-10182..14,2026-06-22,monthly_plus,9900
GPA.9506-6358-9250-11280..2,2026-06-22,monthly_plus,9900
GPA.9571-1205-5250-11399..1,2026-06-22,monthly_plus,9900
GPA.9623-9873-5222-11049..4,2026-06-22,monthly_basic,4900
GPA.9672-7523-3671-10695..8,2026-06-22,monthly_plus,9900
GPA.9789-5075-7502-10568..9,2026-06-22,monthly_basic,4900
GPA.9852-9328-5256-11365..2,2026-06-22,monthly_basic,4900
GPA.1136-1854-8484-10805..7,2026-06-23,monthly_basic,4900
GPA.1391-2646-7171-10011..17,2026-06-23,monthly_basic,4900
GPA.1546-4815-8337-10923..6,2026-06-23,monthly_basic,4900
GPA.1962-4672-1744-10679..8,2026-06-23,monthly_basic,4900
GPA.2591-9367-2155-10481..10,2026-06-23,monthly_plus,9900
GPA.2931-9146-2666-10521..10,2026-06-23,monthly_basic,4900
GPA.2957-5323-9303-10410..11,2026-06-23,monthly_plus,9900
GPA.3105-9725-8072-11257..3,2026-06-23,monthly_plus,9900
GPA.3243-1373-6844-11236..3,2026-06-23,monthly_basic,4900
GPA.3279-3655-7427-10137..15,2026-06-23,monthly_basic,4900
GPA.3354-8914-7378-10715..8,2026-06-23,monthly_plus,9900
GPA.3456-4679-2191-10155..15,2026-06-23,monthly_plus,9900
GPA.3593-4503-3711-10114..16,2026-06-23,monthly_plus,9900
GPA.3696-1832-3816-10985..5,2026-06-23,monthly_basic,4900
GPA.3877-1970-5226-11330..2,2026-06-23,monthly_basic,4900
GPA.3980-3273-6880-11104..4,2026-06-23,monthly_basic,4900
GPA.3991-7890-7146-11439..1,2026-06-23,monthly_plus,9900
GPA.4040-7479-8912-10394..11,2026-06-23,monthly_basic,4900
GPA.4104-9663-9266-11137..4,2026-06-23,monthly_basic,4900
GPA.4480-5967-6407-11609,2026-06-23,monthly_basic,4900
GPA.4879-8840-6106-10045..17,2026-06-23,monthly_basic,4900
GPA.5514-7699-7236-10223..5,2026-06-23,monthly_basic,4900
GPA.5622-6683-6942-11166..3,2026-06-23,monthly_basic,4900
GPA.5843-7208-3593-10664..8,2026-06-23,monthly_basic,4900
GPA.6046-9818-6784-11547,2026-06-23,monthly_plus,9900
GPA.6075-8361-9481-11420..1,2026-06-23,monthly_basic,4900
GPA.6128-4225-3443-10960..5,2026-06-23,monthly_basic,4900
GPA.6399-7553-1793-10827..6,2026-06-23,monthly_basic,4900
GPA.6584-7127-2695-10583..9,2026-06-23,monthly_plus,9900
GPA.6764-1615-3485-10504..10,2026-06-23,monthly_basic,4900
GPA.6978-9812-9941-10422..11,2026-06-23,monthly_basic,4900
GPA.7073-1423-9157-10983..5,2026-06-23,monthly_plus,9900
GPA.7104-3972-7904-11034..4,2026-06-23,monthly_basic,4900
GPA.7163-5679-3454-11303..2,2026-06-23,monthly_plus,9900
GPA.7176-5738-2923-11019..5,2026-06-23,monthly_basic,4900
GPA.7250-8061-3622-10650..8,2026-06-23,monthly_basic,4900
GPA.7359-3645-9504-10268..13,2026-06-23,monthly_plus,9900
GPA.7513-1297-4812-11465..1,2026-06-23,monthly_basic,4900
GPA.7537-9945-2962-11188..3,2026-06-23,monthly_plus,9900
GPA.7539-7441-1485-11527,2026-06-23,monthly_plus,9900
GPA.7604-8346-5975-10435..11,2026-06-23,monthly_basic,4900
GPA.7763-7075-7714-11418..1,2026-06-23,monthly_basic,4900
GPA.7993-1476-9127-11298..2,2026-06-23,monthly_plus,9900
GPA.8011-7528-3898-10930..5,2026-06-23,monthly_basic,4900
GPA.8116-8057-9931-10892..6,2026-06-23,monthly_basic,4900
GPA.8199-5270-6712-10806..7,2026-06-23,monthly_plus,9900
GPA.8274-3545-8734-10861..6,2026-06-23,monthly_basic,4900
GPA.8379-6452-9819-10014..17,2026-06-23,monthly_plus,9900
GPA.8725-7994-5287-10903..6,2026-06-23,monthly_basic,4900
GPA.8762-8728-7153-11637,2026-06-23,monthly_basic,4900
GPA.8772-2082-7782-10853..6,2026-06-23,monthly_basic,4900
GPA.8871-4574-6471-11340..2,2026-06-23,monthly_plus,9900
GPA.8883-9870-2326-11281..2,2026-06-23,monthly_plus,9900
GPA.8907-9084-3543-10788..7,2026-06-23,monthly_plus,9900
GPA.9240-2013-2752-11272..2,2026-06-23,monthly_basic,4900
GPA.9499-6791-1347-10529..10,2026-06-23,monthly_basic,4900
GPA.1240-5146-8223-10303..13,2026-06-24,monthly_plus,9900
GPA.1241-1262-7986-10321..12,2026-06-24,monthly_plus,9900
GPA.1671-4445-3848-10240..14,2026-06-24,monthly_plus,9900
GPA.1691-7237-5023-10213..14,2026-06-24,monthly_basic,4900
GPA.1987-5470-3868-10384..12,2026-06-24,monthly_basic,4900
GPA.2323-8708-5442-11644,2026-06-24,monthly_basic,4900
GPA.2528-9877-7952-11388..2,2026-06-24,monthly_basic,4900
GPA.2558-5666-7919-10445..11,2026-06-24,monthly_plus,9900
GPA.3057-7860-3539-11261..3,2026-06-24,monthly_basic,4900
GPA.3219-7197-4295-10330..12,2026-06-24,monthly_basic,4900
GPA.3587-9501-5810-11506..1,2026-06-24,monthly_basic,4900
GPA.3994-5735-5859-11333..2,2026-06-24,monthly_plus,9900
GPA.4787-1285-6989-11566,2026-06-24,monthly_basic,4900
GPA.5063-2653-6504-11406..1,2026-06-24,monthly_basic,4900
GPA.5167-2700-1244-10123..15,2026-06-24,monthly_basic,4900
GPA.5201-8470-8549-10886..6,2026-06-24,monthly_basic,4900
GPA.5331-6413-3525-11299..2,2026-06-24,monthly_basic,4900
GPA.5361-5078-1036-10837..6,2026-06-24,monthly_basic,4900
GPA.5391-2203-8394-11580,2026-06-24,monthly_plus,9900
GPA.5428-1328-2147-10277..13,2026-06-24,monthly_plus,9900
GPA.5763-3915-6171-11522,2026-06-24,monthly_plus,9900
GPA.6359-5152-7330-11452..1,2026-06-24,monthly_basic,4900
GPA.6453-3232-9678-10497..10,2026-06-24,monthly_basic,4900
GPA.6489-3688-9845-11504..1,2026-06-24,monthly_basic,4900
GPA.6513-8918-1565-10855..6,2026-06-24,monthly_plus,9900
GPA.7516-7334-4277-10152..15,2026-06-24,monthly_basic,4900
GPA.7710-7882-6172-10134..15,2026-06-24,monthly_plus,9900
GPA.7955-2685-3987-11130..4,2026-06-24,monthly_basic,4900
GPA.8077-2681-7007-11396..1,2026-06-24,monthly_basic,4900
GPA.8116-4733-2271-10098..16,2026-06-24,monthly_plus,9900
GPA.8128-3731-4413-10525..10,2026-06-24,monthly_basic,4900
GPA.8314-6791-6403-11170..3,2026-06-24,monthly_basic,4900
GPA.8513-5760-2734-10872..6,2026-06-24,monthly_plus,9900
GPA.8820-1712-6723-10457..11,2026-06-24,monthly_basic,4900
GPA.9312-1123-7533-11067..4,2026-06-24,monthly_basic,4900
GPA.9611-7998-1910-10079..16,2026-06-24,monthly_basic,4900
GPA.1794-2347-7687-10652..8,2026-06-25,monthly_basic,4900
GPA.2157-8947-5886-11603,2026-06-25,monthly_basic,4900
GPA.2206-8661-6168-10031..17,2026-06-25,monthly_basic,4900
GPA.2374-7247-1678-11210..3,2026-06-25,monthly_basic,4900
GPA.2602-2858-8275-10927..5,2026-06-25,monthly_basic,4900
GPA.2700-8460-3718-11622,2026-06-25,monthly_plus,9900
GPA.3667-7075-2069-10785..7,2026-06-25,monthly_basic,4900
GPA.3828-6147-6139-10051..17,2026-06-25,monthly_basic,4900
GPA.4088-7322-5572-11175..3,2026-06-25,monthly_basic,4900
GPA.4093-8834-5279-11066..4,2026-06-25,monthly_basic,4900
GPA.4684-4290-4117-11481..1,2026-06-25,monthly_basic,4900
GPA.4805-8507-7859-10783..7,2026-06-25,monthly_plus,9900
GPA.5004-4451-5641-10046..17,2026-06-25,monthly_basic,4900
GPA.5235-2935-2314-10944..5,2026-06-25,monthly_plus,9900
GPA.5502-4196-4218-10348..8,2026-06-25,monthly_basic,4900
GPA.5518-3483-7916-10999..5,2026-06-25,monthly_basic,4900
GPA.5730-5709-5993-10512..10,2026-06-25,monthly_plus,9900
GPA.6254-7423-5743-10214..14,2026-06-25,monthly_basic,4900
GPA.6261-4058-7022-10996..5,2026-06-25,monthly_basic,4900
GPA.6264-2149-9341-11631,2026-06-25,monthly_plus,9900
GPA.6286-9113-1456-11588,2026-06-25,monthly_plus,9900
GPA.6361-1795-1993-10763..7,2026-06-25,monthly_plus,9900
GPA.6609-7398-1598-10844..6,2026-06-25,monthly_basic,4900
GPA.6941-4137-7959-11078..4,2026-06-25,monthly_plus,9900
GPA.6952-3044-5967-10807..7,2026-06-25,monthly_basic,4900
GPA.7063-9361-4703-11606,2026-06-25,monthly_plus,9900
GPA.7161-8290-1826-10699..8,2026-06-25,monthly_plus,9900
GPA.7463-5977-8719-10830..6,2026-06-25,monthly_basic,4900
GPA.7597-1795-4527-10094..13,2026-06-25,monthly_plus,9900
GPA.7708-1212-4663-10691..8,2026-06-25,monthly_basic,4900
GPA.7810-2129-8363-11360..2,2026-06-25,monthly_basic,4900
GPA.7827-6913-9510-10989..5,2026-06-25,monthly_basic,4900
GPA.7846-8110-2590-10737..7,2026-06-25,monthly_basic,4900
GPA.8244-9464-9535-11518..1,2026-06-25,monthly_basic,4900
GPA.8570-6353-3560-10722..8,2026-06-25,monthly_basic,4900
GPA.8823-1748-6765-10443..11,2026-06-25,monthly_basic,4900
GPA.8916-7892-5118-10937..5,2026-06-25,monthly_basic,4900
GPA.8971-8920-5440-10946..5,2026-06-25,monthly_plus,9900
GPA.9031-9795-1511-10538..10,2026-06-25,monthly_plus,9900
GPA.9940-9163-5478-10878..6,2026-06-25,monthly_basic,4900
GPA.1101-6130-2248-10517..10,2026-06-26,monthly_basic,4900
GPA.1376-3409-5417-10756..7,2026-06-26,monthly_basic,4900
GPA.1389-1135-9901-11302..2,2026-06-26,monthly_basic,4900
GPA.1515-6713-5645-10709..8,2026-06-26,monthly_basic,4900
GPA.1763-8522-4725-11176..3,2026-06-26,monthly_basic,4900
GPA.1812-3417-8022-11065..4,2026-06-26,monthly_basic,4900
GPA.1863-1367-5650-10180..8,2026-06-26,monthly_plus,9900
GPA.1879-5855-1950-11364..2,2026-06-26,monthly_plus,9900
GPA.1949-1795-8480-11254..3,2026-06-26,monthly_basic,4900
GPA.2188-2546-6636-11397..1,2026-06-26,monthly_basic,4900
GPA.2210-2051-2603-11629,2026-06-26,monthly_basic,4900
GPA.2403-7728-1648-10503..10,2026-06-26,monthly_basic,4900
GPA.2543-1028-7520-11202..3,2026-06-26,monthly_basic,4900
GPA.2609-8246-8533-11574,2026-06-26,monthly_basic,4900
GPA.3099-7815-6486-11089..3,2026-06-26,monthly_basic,4900
GPA.3154-8386-9696-11169..3,2026-06-26,monthly_basic,4900
GPA.3391-7227-2609-11592,2026-06-26,monthly_basic,4900
GPA.4062-7484-5119-10531..10,2026-06-26,monthly_basic,4900
GPA.4105-1469-8282-11132..4,2026-06-26,monthly_basic,4900
GPA.4244-4364-4506-11348..2,2026-06-26,monthly_basic,4900
GPA.4259-9763-1906-10733..7,2026-06-26,monthly_plus,9900
GPA.4467-3337-2049-10851..6,2026-06-26,monthly_basic,4900
GPA.5121-4521-8062-10608..7,2026-06-26,monthly_basic,4900
GPA.5851-5387-6252-11508..1,2026-06-26,monthly_basic,4900
GPA.5963-7516-8034-10483..10,2026-06-26,monthly_basic,4900
GPA.6461-7992-3896-10862..6,2026-06-26,monthly_basic,4900
GPA.6777-6062-5440-10569..9,2026-06-26,monthly_plus,9900
GPA.6829-3273-6831-11485..1,2026-06-26,monthly_basic,4900
GPA.6847-9840-2857-10280..13,2026-06-26,monthly_basic,4900
GPA.6961-5082-2875-11075..4,2026-06-26,monthly_plus,9900
GPA.7502-1156-2216-11014..5,2026-06-26,monthly_basic,4900
GPA.7823-4110-3339-11297..2,2026-06-26,monthly_basic,4900
GPA.7832-3012-3957-10782..7,2026-06-26,monthly_plus,9900
GPA.8072-1013-5533-10476..10,2026-06-26,monthly_basic,4900
GPA.8461-8489-2861-10574..9,2026-06-26,monthly_basic,4900
GPA.8648-9491-7875-11096..4,2026-06-26,monthly_basic,4900
GPA.8906-2932-3177-11328..2,2026-06-26,monthly_basic,4900
GPA.9090-6816-7201-11239..3,2026-06-26,monthly_plus,9900
GPA.9113-5638-8660-10726..8,2026-06-26,monthly_basic,4900
GPA.9600-3802-5268-10818..7,2026-06-26,monthly_plus,9900
GPA.9646-1430-5551-11159..3,2026-06-26,monthly_basic,4900
GPA.9920-4720-3728-11454..1,2026-06-26,monthly_plus,9900
GPA.9987-5934-1849-10398..11,2026-06-26,monthly_basic,4900
GPA.1286-5281-5223-11449..1,2026-06-27,monthly_basic,4900
GPA.1934-5573-8293-11587,2026-06-27,monthly_basic,4900
GPA.2003-9709-9444-10993..5,2026-06-27,monthly_basic,4900
GPA.2152-1546-8588-11198..3,2026-06-27,monthly_plus,9900
GPA.2565-6108-6851-11145..4,2026-06-27,monthly_basic,4900
GPA.2580-3623-2979-10922..6,2026-06-27,monthly_basic,4900
GPA.2628-4753-7018-10428..10,2026-06-27,monthly_plus,9900
GPA.2663-3637-3795-10133..15,2026-06-27,monthly_basic,4900
GPA.3351-1752-6359-10611..9,2026-06-27,monthly_basic,4900
GPA.3399-9245-7402-10900..6,2026-06-27,monthly_plus,9900
GPA.3532-5353-9231-11313..2,2026-06-27,monthly_basic,4900
GPA.3692-3788-7850-10390..11,2026-06-27,monthly_basic,4900
GPA.3878-4734-2937-11144..4,2026-06-27,monthly_plus,9900
GPA.4051-2365-3478-11548,2026-06-27,monthly_basic,4900
GPA.4079-8591-8078-11139..4,2026-06-27,monthly_plus,9900
GPA.4109-8120-2485-11590,2026-06-27,monthly_plus,9900
GPA.4150-8950-8778-10671..8,2026-06-27,monthly_basic,4900
GPA.4166-3556-8647-10951..5,2026-06-27,monthly_basic,4900
GPA.4229-8580-2647-11503..1,2026-06-27,monthly_basic,4900
GPA.4825-6128-5356-10777..7,2026-06-27,monthly_basic,4900
GPA.4958-2325-9382-10242..14,2026-06-27,monthly_plus,9900
GPA.5099-2488-3426-10917..6,2026-06-27,monthly_basic,4900
GPA.5250-2299-4282-10703..8,2026-06-27,monthly_basic,4900
GPA.5332-8959-4844-10179..15,2026-06-27,monthly_basic,4900
GPA.5580-7418-8432-11153..3,2026-06-27,monthly_basic,4900
GPA.6289-4919-8633-10571..9,2026-06-27,monthly_basic,4900
GPA.6418-8992-8912-11403..1,2026-06-27,monthly_plus,9900
GPA.6489-6792-7002-10661..8,2026-06-27,monthly_basic,4900
GPA.6695-7224-9868-11064..4,2026-06-27,monthly_basic,4900
GPA.6934-9905-3124-11319..2,2026-06-27,monthly_basic,4900
GPA.7061-1723-3388-11158..3,2026-06-27,monthly_basic,4900
GPA.7085-3439-9275-10744..7,2026-06-27,monthly_basic,4900
GPA.7249-4463-2990-11545,2026-06-27,monthly_basic,4900
GPA.7434-2643-8266-11576,2026-06-27,monthly_basic,4900
GPA.7856-6224-4935-11117..4,2026-06-27,monthly_plus,9900
GPA.8158-7280-7491-11190..3,2026-06-27,monthly_basic,4900
GPA.8242-2216-1902-10770..7,2026-06-27,monthly_basic,4900
GPA.8273-1337-6634-10365..12,2026-06-27,monthly_basic,4900
GPA.8568-7886-3784-11581,2026-06-27,monthly_basic,4900
GPA.8572-5158-2458-10643..9,2026-06-27,monthly_basic,4900
GPA.8619-3316-9018-11601,2026-06-27,monthly_basic,4900
GPA.8621-5969-1769-11591,2026-06-27,monthly_basic,4900
GPA.8626-6505-6546-11307..2,2026-06-27,monthly_basic,4900
GPA.8775-8274-9120-11431..1,2026-06-27,monthly_plus,9900
GPA.9136-6655-3385-11462..1,2026-06-27,monthly_basic,4900
GPA.9222-3883-9817-11510..1,2026-06-27,monthly_basic,4900
GPA.9375-2613-5031-11538,2026-06-27,monthly_plus,9900
GPA.9946-3281-5562-10425..11,2026-06-27,monthly_basic,4900
GPA.1163-6008-9733-10441..11,2026-06-28,monthly_basic,4900
GPA.1232-9866-4462-10685..8,2026-06-28,monthly_basic,4900
GPA.1628-3020-9969-10191..14,2026-06-28,monthly_plus,9900
GPA.1992-8938-5281-11085..4,2026-06-28,monthly_basic,4900
GPA.2037-4510-5054-10036..17,2026-06-28,monthly_plus,9900
GPA.2089-3316-8129-10232..14,2026-06-28,monthly_basic,4900
GPA.2334-5615-5822-11461..1,2026-06-28,monthly_basic,4900
GPA.2373-4822-3154-11532,2026-06-28,monthly_basic,4900
GPA.2658-7585-7777-10488..7,2026-06-28,monthly_basic,4900
GPA.2682-4291-1116-11276..2,2026-06-28,monthly_plus,9900
GPA.2747-7626-6849-10828..6,2026-06-28,monthly_basic,4900
GPA.2822-5757-3035-11627,2026-06-28,monthly_basic,4900
GPA.2827-9308-6230-11586,2026-06-28,monthly_basic,4900
GPA.3586-4443-4727-11478..1,2026-06-28,monthly_basic,4900
GPA.3751-1454-1602-10582..9,2026-06-28,monthly_basic,4900
GPA.3961-5627-4426-11182..3,2026-06-28,monthly_basic,4900
GPA.4115-6269-3077-11555,2026-06-28,monthly_basic,4900
GPA.4240-9464-3706-11446..1,2026-06-28,monthly_basic,4900
GPA.4466-8422-2553-11201..3,2026-06-28,monthly_basic,4900
GPA.4585-6413-7004-10721..8,2026-06-28,monthly_plus,9900
GPA.4692-2132-1298-11427..1,2026-06-28,monthly_plus,9900
GPA.4751-3669-8295-11583,2026-06-28,monthly_basic,4900
GPA.4801-9440-1021-10286..13,2026-06-28,monthly_basic,4900
GPA.5169-7684-4632-11625,2026-06-28,monthly_basic,4900
GPA.5363-5788-5050-10749..7,2026-06-28,monthly_plus,9900
GPA.5387-6517-1539-10832..6,2026-06-28,monthly_basic,4900
GPA.5487-5111-2441-11235..3,2026-06-28,monthly_basic,4900
GPA.5746-9384-8952-10080..16,2026-06-28,monthly_basic,4900
GPA.5772-3815-1805-11651,2026-06-28,monthly_basic,4900
GPA.5865-3006-4096-10665..8,2026-06-28,monthly_basic,4900
GPA.6022-9546-3059-10324..12,2026-06-28,monthly_plus,9900
GPA.6216-9631-7558-10140..10,2026-06-28,monthly_basic,4900
GPA.6562-4372-2081-11579,2026-06-28,monthly_basic,4900
GPA.6805-8710-1608-11227..3,2026-06-28,monthly_plus,9900
GPA.7264-1503-4754-10919..6,2026-06-28,monthly_plus,9900
GPA.7828-1850-1000-10778..7,2026-06-28,monthly_basic,4900
GPA.7888-1753-2508-10561..9,2026-06-28,monthly_plus,9900
GPA.8202-6653-7447-11535,2026-06-28,monthly_basic,4900
GPA.8238-6185-5280-11443..1,2026-06-28,monthly_basic,4900
GPA.8488-8275-8271-10235..14,2026-06-28,monthly_basic,4900
GPA.8497-1576-6821-11337..2,2026-06-28,monthly_basic,4900
GPA.8558-5636-7515-10962..5,2026-06-28,monthly_basic,4900
GPA.8608-6276-9282-10163..15,2026-06-28,monthly_basic,4900
GPA.8706-2898-8163-10228..7,2026-06-28,monthly_plus,9900
GPA.8896-7501-1654-11339..2,2026-06-28,monthly_plus,9900
