sub_event_id,user_id,event_type,sku_id,is_trial,event_time,received_time,price_local,currency
se_000002,u_01175,purchase,yearly_basic,true,2026-04-01 12:50:54,2026-04-01 12:55:04,0.0,USD
se_000004,u_01409,purchase,monthly_plus,true,2026-04-01 21:25:23,2026-04-01 21:34:15,0.0,KRW
se_000001,u_02202,purchase,monthly_basic,true,2026-04-01 08:43:32,2026-04-02 08:48:22,0.0,USD
se_000005,u_00773,purchase,yearly_plus,true,2026-04-02 09:05:50,2026-04-02 09:14:51,0.0,EUR
se_000006,u_02646,purchase,monthly_plus,true,2026-04-02 10:20:38,2026-04-02 10:23:47,0.0,JPY
se_000007,u_02259,purchase,monthly_basic,true,2026-04-02 10:55:49,2026-04-02 11:05:29,0.0,USD
se_000009,u_00303,purchase,monthly_basic,true,2026-04-02 14:37:29,2026-04-02 14:42:17,0.0,KRW
se_000003,u_02443,purchase,monthly_basic,true,2026-04-01 17:30:29,2026-04-02 17:39:14,0.0,USD
se_000010,u_00381,purchase,monthly_basic,true,2026-04-02 18:32:16,2026-04-02 18:38:51,0.0,KRW
se_000014,u_02316,purchase,yearly_basic,true,2026-04-03 12:35:14,2026-04-03 12:38:13,0.0,KRW
se_000015,u_00540,purchase,monthly_plus,true,2026-04-03 16:29:22,2026-04-03 16:32:08,0.0,JPY
se_000016,u_01532,purchase,monthly_plus,true,2026-04-03 16:33:02,2026-04-03 16:42:24,0.0,USD
se_000012,u_01038,purchase,yearly_basic,true,2026-04-02 21:33:12,2026-04-03 21:41:15,0.0,USD
se_000018,u_01624,purchase,monthly_basic,true,2026-04-04 07:12:39,2026-04-04 07:21:11,0.0,KRW
se_000021,u_01019,purchase,monthly_basic,true,2026-04-04 10:42:58,2026-04-04 10:49:35,0.0,KRW
se_000022,u_01452,purchase,yearly_plus,true,2026-04-04 13:55:37,2026-04-04 14:04:04,0.0,USD
se_000008,u_01482,PURCHASE,yearly_basic,true,2026-04-02 14:06:16,2026-04-04 14:13:38,0.0,USD
se_000023,u_02975,purchase,monthly_basic,true,2026-04-04 17:18:38,2026-04-04 17:23:04,0.0,KRW
se_000017,u_02499,purchase,monthly_basic,true,2026-04-03 20:13:55,2026-04-04 20:18:44,0.0,EUR
se_000025,u_01300,purchase,monthly_basic,true,2026-04-04 20:26:14,2026-04-04 20:26:58,0.0,KRW
se_000011,u_02442,purchase,monthly_basic,true,2026-04-02 20:55:05,2026-04-04 21:02:22,0.0,USD
se_000019,u_00300,purchase,monthly_basic,true,2026-04-04 09:26:27,2026-04-05 09:34:54,0.0,JPY
se_000029,u_00848,purchase,monthly_basic,true,2026-04-05 10:27:14,2026-04-05 10:32:18,0.0,JPY
se_000020,u_00562,PURCHASE,monthly_basic,true,2026-04-04 10:27:34,2026-04-05 10:33:02,0.0,KRW
se_000013,u_00821,purchase,monthly_plus,true,2026-04-03 10:59:42,2026-04-05 11:09:20,0.0,KRW
se_000032,u_02618,purchase,yearly_plus,true,2026-04-05 15:42:47,2026-04-05 15:44:22,0.0,JPY
se_000024,u_02636,purchase,monthly_plus,true,2026-04-04 19:43:45,2026-04-05 19:53:34,0.0,JPY
se_000037,u_01240,purchase,monthly_basic,true,2026-04-05 21:04:54,2026-04-05 21:05:58,0.0,KRW
se_000038,u_02322,purchase,monthly_basic,true,2026-04-05 22:35:00,2026-04-05 22:43:47,0.0,BRL
se_000039,u_01976,purchase,yearly_plus,true,2026-04-06 09:25:38,2026-04-06 09:28:19,0.0,KRW
se_000028,u_01266,purchase,monthly_basic,true,2026-04-05 09:44:13,2026-04-06 09:51:34,0.0,USD
se_000031,u_01590,purchase,monthly_basic,true,2026-04-05 11:43:06,2026-04-06 11:47:47,0.0,JPY
se_000041,u_02772,purchase,monthly_basic,true,2026-04-06 14:10:17,2026-04-06 14:14:59,0.0,BRL
se_000042,u_01801,purchase,monthly_plus,true,2026-04-06 14:59:42,2026-04-06 15:01:28,0.0,KRW
se_000043,u_01979,purchase,monthly_basic,true,2026-04-06 15:13:33,2026-04-06 15:18:12,0.0,KRW
se_000033,u_00147,purchase,monthly_basic,true,2026-04-05 15:44:18,2026-04-06 15:50:02,0.0,BRL
se_000034,u_01944,purchase,monthly_basic,true,2026-04-05 18:19:41,2026-04-06 18:20:57,0.0,EUR
se_000044,u_01446,purchase,monthly_basic,true,2026-04-06 19:48:59,2026-04-06 19:50:42,0.0,KRW
se_000036,u_00542,purchase,monthly_basic,true,2026-04-05 20:24:41,2026-04-06 20:32:17,0.0,KRW
se_000048,u_00546,purchase,monthly_plus,true,2026-04-06 22:42:50,2026-04-06 22:50:05,0.0,BRL
se_000049,u_01215,purchase,yearly_plus,true,2026-04-07 07:38:19,2026-04-07 07:40:47,0.0,KRW
se_000026,u_00663,purchase,monthly_plus,true,2026-04-05 08:23:56,2026-04-07 08:33:22,0.0,KRW
se_000040,u_02002,purchase,monthly_plus,true,2026-04-06 12:03:24,2026-04-07 12:11:21,0.0,KRW
se_000052,u_01983,purchase,yearly_plus,true,2026-04-07 13:43:13,2026-04-07 13:44:58,0.0,EUR
se_000053,u_00518,PURCHASE,yearly_plus,true,2026-04-07 14:32:29,2026-04-07 14:38:37,0.0,USD
se_000055,u_00150,purchase,yearly_basic,true,2026-04-07 17:10:37,2026-04-07 17:12:12,0.0,USD
se_000056,u_02312,PURCHASE,yearly_plus,true,2026-04-07 18:38:17,2026-04-07 18:38:57,0.0,KRW
se_000058,u_02705,purchase,monthly_plus,true,2026-04-07 19:17:59,2026-04-07 19:21:15,0.0,USD
se_000045,u_01683,purchase,yearly_basic,true,2026-04-06 20:29:51,2026-04-07 20:35:37,0.0,EUR
se_000047,u_01909,purchase,monthly_plus,true,2026-04-06 20:40:31,2026-04-07 20:46:21,0.0,USD
se_000027,u_02522,purchase,monthly_plus,true,2026-04-05 09:09:52,2026-04-08 09:14:57,0.0,BRL
se_000060,u_02795,purchase,monthly_plus,true,2026-04-08 10:51:45,2026-04-08 10:53:53,0.0,USD
se_000030,u_02223,purchase,monthly_basic,true,2026-04-05 11:14:32,2026-04-08 11:16:21,0.0,USD
se_000063,u_01911,purchase,monthly_plus,true,2026-04-08 16:35:51,2026-04-08 16:36:54,0.0,KRW
se_000054,u_00858,purchase,yearly_plus,true,2026-04-07 16:49:06,2026-04-08 16:51:20,0.0,USD
se_000064,u_00045,purchase,yearly_basic,true,2026-04-08 18:19:48,2026-04-08 18:29:15,0.0,KRW
se_000035,u_00454,purchase,monthly_plus,true,2026-04-05 18:23:33,2026-04-08 18:31:37,0.0,BRL
se_000065,u_00753,purchase,monthly_plus,true,2026-04-08 19:04:52,2026-04-08 19:06:42,0.0,KRW
se_000065,u_00753,purchase,monthly_plus,true,2026-04-08 19:04:52,2026-04-08 19:33:25,0.0,KRW
se_000066,u_01409,purchase,monthly_plus,false,2026-04-08 21:25:23,2026-04-08 21:34:47,10900.0,KRW
se_000059,u_01453,PURCHASE,monthly_basic,true,2026-04-07 21:47:45,2026-04-08 21:57:28,0.0,USD
se_000067,u_01470,PURCHASE,yearly_basic,true,2026-04-08 21:50:40,2026-04-08 21:59:39,0.0,JPY
se_000061,u_01588,purchase,monthly_plus,true,2026-04-08 11:18:38,2026-04-09 11:24:26,0.0,KRW
se_000069,u_01253,purchase,monthly_basic,true,2026-04-09 11:40:40,2026-04-09 11:42:46,0.0,JPY
se_000070,u_00069,purchase,yearly_basic,true,2026-04-09 12:38:28,2026-04-09 12:47:35,0.0,USD
se_000071,u_00387,purchase,monthly_basic,true,2026-04-09 12:58:33,2026-04-09 13:03:30,0.0,KRW
se_000062,u_01022,PURCHASE,yearly_basic,true,2026-04-08 14:58:06,2026-04-09 15:07:06,0.0,KRW
se_000074,u_01361,purchase,yearly_plus,true,2026-04-09 16:23:29,2026-04-09 16:27:05,0.0,USD
se_000075,u_00977,purchase,monthly_basic,true,2026-04-09 17:26:43,2026-04-09 17:30:07,0.0,KRW
se_000076,u_00695,purchase,yearly_basic,true,2026-04-09 18:31:46,2026-04-09 18:37:15,0.0,EUR
se_000057,u_02505,purchase,monthly_basic,true,2026-04-07 18:56:15,2026-04-09 19:06:14,0.0,EUR
se_000046,u_00887,purchase,monthly_plus,true,2026-04-06 20:37:26,2026-04-09 20:38:00,0.0,KRW
se_000082,u_02742,PURCHASE,monthly_basic,true,2026-04-09 22:33:18,2026-04-09 22:40:53,0.0,KRW
se_000084,u_02946,purchase,monthly_basic,true,2026-04-10 07:28:18,2026-04-10 07:30:52,0.0,JPY
se_000085,u_02635,purchase,yearly_plus,true,2026-04-10 08:31:53,2026-04-10 08:36:42,0.0,KRW
se_000051,u_00279,purchase,yearly_basic,true,2026-04-07 11:22:39,2026-04-10 11:27:01,0.0,KRW
se_000050,u_00584,purchase,yearly_plus,true,2026-04-07 11:21:57,2026-04-10 11:31:39,0.0,KRW
se_000087,u_00583,purchase,monthly_plus,true,2026-04-10 11:57:44,2026-04-10 12:06:44,0.0,USD
se_000094,u_01289,purchase,monthly_basic,true,2026-04-10 17:42:31,2026-04-10 17:44:24,0.0,EUR
se_000077,u_02816,purchase,monthly_basic,true,2026-04-09 18:45:28,2026-04-10 18:54:07,0.0,KRW
se_000096,u_02499,purchase,monthly_basic,false,2026-04-10 20:13:55,2026-04-10 20:21:47,4.49,EUR
se_000097,u_00439,purchase,yearly_plus,true,2026-04-10 20:29:52,2026-04-10 20:32:30,0.0,USD
se_000080,u_01027,purchase,yearly_plus,true,2026-04-09 22:03:22,2026-04-10 22:04:02,0.0,KRW
se_000079,u_02033,PURCHASE,monthly_basic,true,2026-04-09 21:57:07,2026-04-10 22:05:18,0.0,JPY
se_000083,u_01122,purchase,monthly_basic,true,2026-04-09 22:46:39,2026-04-10 22:53:37,0.0,KRW
se_000103,u_01227,purchase,monthly_plus,true,2026-04-11 11:47:18,2026-04-11 11:55:06,0.0,JPY
se_000104,u_01452,PURCHASE,yearly_plus,false,2026-04-11 13:55:37,2026-04-11 14:04:34,49.99,USD
se_000073,u_00899,purchase,monthly_basic,true,2026-04-09 14:06:25,2026-04-11 14:08:14,0.0,JPY
se_000106,u_01855,purchase,yearly_basic,true,2026-04-11 16:19:34,2026-04-11 16:21:48,0.0,KRW
se_000091,u_00010,purchase,yearly_basic,true,2026-04-10 16:59:54,2026-04-11 17:02:32,0.0,KRW
se_000095,u_01272,purchase,monthly_basic,true,2026-04-10 18:05:32,2026-04-11 18:07:10,0.0,EUR
se_000109,u_00310,purchase,monthly_plus,true,2026-04-11 18:36:14,2026-04-11 18:44:01,0.0,USD
se_000112,u_01300,purchase,monthly_basic,false,2026-04-11 20:26:14,2026-04-11 20:36:05,6900.0,KRW
se_000114,u_02340,purchase,monthly_basic,true,2026-04-11 20:49:40,2026-04-11 20:57:36,0.0,EUR
se_000078,u_01038,purchase,yearly_basic,false,2026-04-09 21:33:12,2026-04-11 21:40:45,29.99,USD
se_000115,u_02266,purchase,monthly_plus,true,2026-04-11 22:04:20,2026-04-11 22:08:02,0.0,USD
se_000098,u_02957,purchase,yearly_basic,true,2026-04-10 22:06:41,2026-04-11 22:11:19,0.0,JPY
se_000117,u_02214,purchase,monthly_basic,true,2026-04-11 22:17:11,2026-04-11 22:19:46,0.0,USD
se_000081,u_00951,purchase,monthly_basic,true,2026-04-09 22:28:30,2026-04-11 22:33:24,0.0,KRW
se_000118,u_00818,purchase,yearly_basic,true,2026-04-11 22:36:12,2026-04-11 22:44:28,0.0,BRL
se_000119,u_01605,purchase,yearly_basic,true,2026-04-12 07:12:48,2026-04-12 07:22:19,0.0,USD
se_000120,u_02823,purchase,monthly_plus,true,2026-04-12 07:32:42,2026-04-12 07:36:34,0.0,KRW
se_000100,u_01633,PURCHASE,yearly_basic,true,2026-04-11 08:00:06,2026-04-12 08:09:03,0.0,JPY
se_000121,u_00663,purchase,monthly_plus,false,2026-04-12 08:23:56,2026-04-12 08:26:05,10900.0,KRW
se_000068,u_02306,purchase,monthly_basic,true,2026-04-09 09:07:11,2026-04-12 09:09:00,0.0,JPY
se_000122,u_01266,purchase,monthly_basic,false,2026-04-12 09:44:13,2026-04-12 09:49:37,4.99,USD
se_000102,u_02472,purchase,yearly_basic,true,2026-04-11 11:31:19,2026-04-12 11:37:56,0.0,KRW
se_000123,u_00198,purchase,monthly_basic,true,2026-04-12 11:44:30,2026-04-12 11:50:38,0.0,USD
se_000089,u_02316,purchase,yearly_basic,false,2026-04-10 12:35:14,2026-04-12 12:38:02,39000.0,KRW
se_000072,u_02912,purchase,monthly_basic,true,2026-04-09 13:15:51,2026-04-12 13:16:53,0.0,JPY
se_000127,u_01946,purchase,yearly_basic,true,2026-04-12 14:42:03,2026-04-12 14:49:46,0.0,KRW
se_000128,u_02618,purchase,yearly_plus,false,2026-04-12 15:42:47,2026-04-12 15:51:13,7500.0,JPY
se_000128,u_02618,purchase,yearly_plus,false,2026-04-12 15:42:47,2026-04-12 16:25:39,7500.0,JPY
se_000092,u_00910,purchase,monthly_basic,true,2026-04-10 17:05:06,2026-04-12 17:14:14,0.0,EUR
se_000107,u_02853,purchase,monthly_basic,true,2026-04-11 17:20:50,2026-04-12 17:26:22,0.0,BRL
se_000108,u_00580,purchase,yearly_basic,true,2026-04-11 18:11:42,2026-04-12 18:13:05,0.0,JPY
se_000131,u_01238,purchase,monthly_basic,true,2026-04-12 18:25:01,2026-04-12 18:34:28,0.0,JPY
se_000132,u_00313,purchase,yearly_basic,true,2026-04-12 18:44:55,2026-04-12 18:54:54,0.0,USD
se_000110,u_01730,purchase,monthly_plus,true,2026-04-11 18:56:24,2026-04-12 19:02:51,0.0,USD
se_000111,u_02636,purchase,monthly_plus,false,2026-04-11 19:43:45,2026-04-12 19:49:07,1200.0,JPY
se_000135,u_00386,purchase,monthly_basic,true,2026-04-12 20:36:52,2026-04-12 20:38:43,0.0,EUR
se_000113,u_00538,purchase,monthly_basic,true,2026-04-11 20:29:49,2026-04-12 20:39:19,0.0,KRW
se_000136,u_01450,purchase,monthly_basic,true,2026-04-12 21:01:23,2026-04-12 21:10:31,0.0,JPY
se_000137,u_02504,purchase,monthly_plus,true,2026-04-12 21:53:44,2026-04-12 22:03:40,0.0,USD
se_000141,u_02207,purchase,monthly_basic,true,2026-04-13 08:11:31,2026-04-13 08:19:11,0.0,KRW
se_000086,u_02865,PURCHASE,monthly_plus,true,2026-04-10 11:19:31,2026-04-13 11:24:30,0.0,KRW
se_000088,u_01256,purchase,monthly_basic,true,2026-04-10 11:58:35,2026-04-13 12:03:53,0.0,USD
se_000142,u_00157,purchase,yearly_basic,true,2026-04-13 12:34:33,2026-04-13 12:37:23,0.0,EUR
se_000090,u_00087,purchase,monthly_plus,true,2026-04-10 12:48:57,2026-04-13 12:52:21,0.0,USD
se_000126,u_02085,purchase,monthly_basic,true,2026-04-12 14:33:39,2026-04-13 14:35:46,0.0,USD
se_000144,u_01801,purchase,monthly_plus,false,2026-04-13 14:59:42,2026-04-13 15:03:24,10900.0,KRW
se_000145,u_01979,purchase,monthly_basic,false,2026-04-13 15:13:33,2026-04-13 15:13:42,6900.0,KRW
se_000129,u_00808,purchase,yearly_basic,true,2026-04-12 16:19:47,2026-04-13 16:21:41,0.0,KRW
se_000093,u_00728,purchase,yearly_plus,true,2026-04-10 17:26:44,2026-04-13 17:35:39,0.0,KRW
se_000147,u_01446,PURCHASE,monthly_basic,false,2026-04-13 19:48:59,2026-04-13 19:58:51,6900.0,KRW
se_000148,u_02700,purchase,monthly_basic,true,2026-04-13 20:07:14,2026-04-13 20:14:22,0.0,JPY
se_000134,u_00784,purchase,monthly_plus,true,2026-04-12 20:09:44,2026-04-13 20:17:58,0.0,KRW
se_000150,u_01876,purchase,monthly_basic,true,2026-04-13 22:01:15,2026-04-13 22:02:59,0.0,KRW
se_000116,u_00120,PURCHASE,monthly_basic,true,2026-04-11 22:11:34,2026-04-13 22:16:52,0.0,USD
se_000138,u_02923,purchase,monthly_basic,true,2026-04-12 22:19:28,2026-04-13 22:28:14,0.0,KRW
se_000152,u_01050,purchase,yearly_basic,true,2026-04-13 22:32:31,2026-04-13 22:39:39,0.0,USD
se_000153,u_00546,purchase,monthly_plus,false,2026-04-13 22:42:50,2026-04-13 22:47:21,39.9,BRL
se_000140,u_02006,purchase,monthly_basic,true,2026-04-13 07:09:01,2026-04-14 07:10:37,0.0,KRW
se_000099,u_02269,purchase,monthly_basic,true,2026-04-11 07:33:42,2026-04-14 07:43:33,0.0,EUR
se_000101,u_00562,purchase,monthly_basic,false,2026-04-11 10:27:34,2026-04-14 10:32:36,6900.0,KRW
se_000157,u_00329,purchase,yearly_basic,true,2026-04-14 10:35:15,2026-04-14 10:44:06,0.0,JPY
se_000158,u_02819,purchase,yearly_plus,true,2026-04-14 10:58:27,2026-04-14 11:03:15,0.0,USD
se_000159,u_00584,purchase,yearly_plus,false,2026-04-14 11:21:57,2026-04-14 11:27:42,65000.0,KRW
se_000124,u_02911,purchase,yearly_basic,true,2026-04-12 11:59:35,2026-04-14 11:59:57,0.0,JPY
se_000125,u_01805,purchase,yearly_plus,true,2026-04-12 12:58:08,2026-04-14 13:00:31,0.0,JPY
se_000160,u_02699,purchase,yearly_basic,true,2026-04-14 14:24:06,2026-04-14 14:32:37,0.0,JPY
se_000161,u_01935,purchase,yearly_basic,true,2026-04-14 14:40:13,2026-04-14 14:48:11,0.0,USD
se_000105,u_01216,purchase,monthly_basic,true,2026-04-11 15:53:00,2026-04-14 15:58:44,0.0,KRW
se_000162,u_00221,purchase,monthly_plus,true,2026-04-14 15:49:30,2026-04-14 15:59:00,0.0,USD
se_000163,u_00273,purchase,monthly_basic,true,2026-04-14 15:58:01,2026-04-14 16:03:32,0.0,KRW
se_000165,u_00858,purchase,yearly_plus,false,2026-04-14 16:49:06,2026-04-14 16:51:27,49.99,USD
se_000167,u_01342,purchase,yearly_plus,true,2026-04-14 17:35:43,2026-04-14 17:37:26,0.0,KRW
se_000167,u_01342,purchase,yearly_plus,true,2026-04-14 17:35:43,2026-04-14 17:40:38,0.0,KRW
se_000130,u_00454,purchase,monthly_plus,false,2026-04-12 18:23:33,2026-04-14 18:31:49,39.9,BRL
se_000168,u_02505,purchase,monthly_basic,false,2026-04-14 18:56:15,2026-04-14 19:01:29,4.49,EUR
se_000133,u_00759,purchase,monthly_basic,true,2026-04-12 19:33:11,2026-04-14 19:41:40,0.0,USD
se_000169,u_02080,purchase,yearly_basic,true,2026-04-14 20:39:53,2026-04-14 20:41:59,0.0,BRL
se_000149,u_01445,purchase,yearly_basic,true,2026-04-13 20:56:16,2026-04-14 20:58:36,0.0,KRW
se_000170,u_02830,purchase,monthly_plus,true,2026-04-14 21:02:01,2026-04-14 21:10:55,0.0,USD
se_000151,u_01321,purchase,monthly_basic,true,2026-04-13 22:22:38,2026-04-14 22:25:28,0.0,JPY
se_000139,u_02322,PURCHASE,monthly_basic,false,2026-04-12 22:35:00,2026-04-14 22:43:46,24.9,BRL
se_000154,u_01215,purchase,yearly_plus,false,2026-04-14 07:38:19,2026-04-15 07:39:24,65000.0,KRW
se_000155,u_01926,purchase,monthly_basic,true,2026-04-14 08:21:26,2026-04-15 08:28:06,0.0,KRW
se_000171,u_01187,purchase,monthly_basic,true,2026-04-15 09:51:20,2026-04-15 10:00:34,0.0,KRW
se_000172,u_01637,purchase,monthly_plus,true,2026-04-15 10:01:25,2026-04-15 10:11:22,0.0,BRL
se_000175,u_02795,purchase,monthly_plus,false,2026-04-15 10:51:45,2026-04-15 11:00:22,7.99,USD
se_000176,u_02095,purchase,yearly_basic,true,2026-04-15 11:20:57,2026-04-15 11:24:34,0.0,BRL
se_000178,u_01358,purchase,yearly_plus,true,2026-04-15 12:20:19,2026-04-15 12:26:43,0.0,USD
se_000179,u_01078,purchase,monthly_plus,true,2026-04-15 12:43:45,2026-04-15 12:48:57,0.0,JPY
se_000166,u_00150,purchase,yearly_basic,false,2026-04-14 17:10:37,2026-04-15 17:17:49,29.99,USD
se_000182,u_00045,purchase,yearly_basic,false,2026-04-15 18:19:48,2026-04-15 18:29:06,39000.0,KRW
se_000185,u_00041,purchase,monthly_basic,true,2026-04-15 21:37:25,2026-04-15 21:37:55,0.0,KRW
se_000187,u_01596,purchase,monthly_basic,true,2026-04-15 21:57:15,2026-04-15 22:00:58,0.0,KRW
se_000189,u_00546,refund,monthly_plus,false,2026-04-15 22:42:50,2026-04-15 22:51:22,-39.9,BRL
se_000191,u_01174,purchase,yearly_basic,true,2026-04-16 07:38:15,2026-04-16 07:47:58,0.0,USD
se_000192,u_01677,purchase,monthly_basic,true,2026-04-16 10:02:30,2026-04-16 10:06:31,0.0,JPY
se_000174,u_00390,PURCHASE,monthly_basic,true,2026-04-15 10:37:21,2026-04-16 10:41:14,0.0,BRL
se_000195,u_02795,refund,monthly_plus,false,2026-04-16 10:51:45,2026-04-16 11:01:43,-7.99,USD
se_000196,u_02868,purchase,monthly_basic,true,2026-04-16 12:15:00,2026-04-16 12:18:01,0.0,JPY
se_000177,u_02660,purchase,monthly_basic,true,2026-04-15 12:19:38,2026-04-16 12:20:33,0.0,KRW
se_000197,u_00387,purchase,monthly_basic,false,2026-04-16 12:58:33,2026-04-16 13:07:59,6900.0,KRW
se_000143,u_00418,purchase,monthly_plus,true,2026-04-13 13:13:31,2026-04-16 13:16:47,0.0,JPY
se_000181,u_00623,purchase,yearly_plus,true,2026-04-15 15:16:13,2026-04-16 15:24:40,0.0,USD
se_000201,u_00532,purchase,monthly_basic,true,2026-04-16 17:33:41,2026-04-16 17:40:15,0.0,EUR
se_000146,u_01645,PURCHASE,monthly_basic,true,2026-04-13 17:38:45,2026-04-16 17:48:16,0.0,USD
se_000204,u_02816,purchase,monthly_basic,false,2026-04-16 18:45:28,2026-04-16 18:50:03,6900.0,KRW
se_000183,u_02308,purchase,monthly_plus,true,2026-04-15 18:54:15,2026-04-16 18:55:15,0.0,BRL
se_000205,u_00924,purchase,monthly_basic,true,2026-04-16 19:19:39,2026-04-16 19:22:53,0.0,KRW
se_000184,u_01537,purchase,monthly_basic,true,2026-04-15 20:01:38,2026-04-16 20:02:50,0.0,BRL
se_000206,u_00884,purchase,monthly_basic,true,2026-04-16 20:20:53,2026-04-16 20:24:30,0.0,KRW
se_000207,u_01405,PURCHASE,monthly_plus,true,2026-04-16 20:26:02,2026-04-16 20:32:14,0.0,USD
se_000208,u_01027,purchase,yearly_plus,false,2026-04-16 22:03:22,2026-04-16 22:10:10,65000.0,KRW
se_000188,u_00241,purchase,yearly_plus,true,2026-04-15 22:16:02,2026-04-16 22:26:00,0.0,KRW
se_000209,u_00951,purchase,monthly_basic,false,2026-04-16 22:28:30,2026-04-16 22:28:42,6900.0,KRW
se_000210,u_02742,purchase,monthly_basic,false,2026-04-16 22:33:18,2026-04-16 22:34:36,6900.0,KRW
se_000190,u_00544,purchase,monthly_basic,true,2026-04-16 07:16:40,2026-04-17 07:21:15,0.0,KRW
se_000156,u_00670,purchase,monthly_basic,true,2026-04-14 09:58:09,2026-04-17 10:04:55,0.0,KRW
se_000173,u_00769,purchase,monthly_basic,true,2026-04-15 10:06:26,2026-04-17 10:09:44,0.0,BRL
se_000194,u_00522,purchase,monthly_basic,true,2026-04-16 10:28:18,2026-04-17 10:34:04,0.0,EUR
se_000213,u_02249,purchase,monthly_basic,true,2026-04-17 10:34:12,2026-04-17 10:38:01,0.0,USD
se_000214,u_02478,purchase,monthly_basic,true,2026-04-17 11:04:00,2026-04-17 11:07:41,0.0,KRW
se_000215,u_02032,purchase,monthly_basic,true,2026-04-17 11:12:10,2026-04-17 11:18:21,0.0,BRL
se_000219,u_01256,purchase,monthly_basic,false,2026-04-17 11:58:35,2026-04-17 12:00:59,4.99,USD
se_000217,u_00187,purchase,monthly_basic,true,2026-04-17 11:54:48,2026-04-17 12:01:33,0.0,KRW
se_000221,u_00178,purchase,monthly_plus,true,2026-04-17 14:43:13,2026-04-17 14:49:35,0.0,KRW
se_000222,u_01854,purchase,monthly_basic,true,2026-04-17 15:27:26,2026-04-17 15:28:42,0.0,USD
se_000164,u_00256,purchase,monthly_basic,true,2026-04-14 16:26:20,2026-04-17 16:27:16,0.0,USD
se_000223,u_00703,purchase,yearly_plus,true,2026-04-17 16:32:31,2026-04-17 16:33:23,0.0,KRW
se_000224,u_00910,PURCHASE,monthly_basic,false,2026-04-17 17:05:06,2026-04-17 17:07:24,4.49,EUR
se_000225,u_01908,purchase,monthly_basic,true,2026-04-17 17:32:44,2026-04-17 17:38:46,0.0,KRW
se_000202,u_02370,purchase,monthly_basic,true,2026-04-16 18:20:07,2026-04-17 18:25:12,0.0,USD
se_000227,u_00469,PURCHASE,monthly_plus,true,2026-04-17 20:01:52,2026-04-17 20:03:14,0.0,KRW
se_000186,u_01470,purchase,yearly_basic,false,2026-04-15 21:50:40,2026-04-17 21:59:49,4500.0,JPY
se_000211,u_02946,purchase,monthly_basic,false,2026-04-17 07:28:18,2026-04-18 07:29:23,750.0,JPY
se_000232,u_02275,purchase,monthly_basic,true,2026-04-18 10:04:59,2026-04-18 10:11:43,0.0,USD
se_000193,u_01947,purchase,monthly_basic,true,2026-04-16 10:27:00,2026-04-18 10:32:23,0.0,JPY
se_000212,u_01778,purchase,yearly_plus,true,2026-04-17 10:32:09,2026-04-18 10:34:28,0.0,JPY
se_000198,u_00908,purchase,yearly_basic,true,2026-04-16 13:24:36,2026-04-18 13:30:06,0.0,KRW
se_000199,u_01556,purchase,monthly_basic,true,2026-04-16 14:33:54,2026-04-18 14:40:29,0.0,KRW
se_000180,u_01022,purchase,yearly_basic,false,2026-04-15 14:58:06,2026-04-18 15:00:24,39000.0,KRW
se_000234,u_01651,purchase,yearly_basic,true,2026-04-18 15:02:04,2026-04-18 15:06:03,0.0,EUR
se_000235,u_01193,PURCHASE,yearly_basic,true,2026-04-18 15:24:36,2026-04-18 15:30:48,0.0,USD
se_000236,u_02931,PURCHASE,monthly_basic,true,2026-04-18 15:43:31,2026-04-18 15:46:16,0.0,EUR
se_000200,u_00661,purchase,yearly_basic,true,2026-04-16 16:58:37,2026-04-18 17:06:37,0.0,BRL
se_000238,u_00580,purchase,yearly_basic,false,2026-04-18 18:11:42,2026-04-18 18:17:19,4500.0,JPY
se_000239,u_00310,purchase,monthly_plus,false,2026-04-18 18:36:14,2026-04-18 18:42:22,7.99,USD
se_000228,u_00439,purchase,yearly_plus,false,2026-04-17 20:29:52,2026-04-18 20:31:58,49.99,USD
se_000229,u_00750,purchase,monthly_plus,true,2026-04-17 20:37:38,2026-04-18 20:39:55,0.0,EUR
se_000241,u_02214,purchase,monthly_basic,false,2026-04-18 22:17:11,2026-04-18 22:17:32,4.99,USD
se_000242,u_00818,purchase,yearly_basic,false,2026-04-18 22:36:12,2026-04-18 22:45:28,149.9,BRL
se_000243,u_01605,purchase,yearly_basic,false,2026-04-19 07:12:48,2026-04-19 07:20:10,29.99,USD
se_000244,u_01113,purchase,monthly_basic,true,2026-04-19 08:40:14,2026-04-19 08:44:06,0.0,KRW
se_000216,u_02865,purchase,monthly_plus,false,2026-04-17 11:19:31,2026-04-19 11:27:44,10900.0,KRW
se_000218,u_01798,purchase,monthly_basic,true,2026-04-17 11:57:06,2026-04-19 12:03:12,0.0,USD
se_000247,u_01805,purchase,yearly_plus,false,2026-04-19 12:58:08,2026-04-19 12:59:53,7500.0,JPY
se_000233,u_00251,purchase,monthly_basic,true,2026-04-18 13:49:13,2026-04-19 13:49:39,0.0,KRW
se_000248,u_00426,purchase,monthly_plus,true,2026-04-19 14:38:26,2026-04-19 14:40:04,0.0,KRW
se_000249,u_00808,PURCHASE,yearly_basic,false,2026-04-19 16:19:47,2026-04-19 16:23:22,39000.0,KRW
se_000250,u_02870,purchase,monthly_plus,true,2026-04-19 16:36:59,2026-04-19 16:39:30,0.0,BRL
se_000251,u_02392,purchase,monthly_basic,true,2026-04-19 17:38:28,2026-04-19 17:45:37,0.0,KRW
se_000203,u_00695,PURCHASE,yearly_basic,false,2026-04-16 18:31:46,2026-04-19 18:35:56,27.99,EUR
se_000226,u_01941,purchase,monthly_plus,true,2026-04-17 18:50:23,2026-04-19 18:55:51,0.0,USD
se_000254,u_00784,PURCHASE,monthly_plus,false,2026-04-19 20:09:44,2026-04-19 20:10:02,10900.0,KRW
se_000255,u_00386,purchase,monthly_basic,false,2026-04-19 20:36:52,2026-04-19 20:38:45,4.49,EUR
se_000256,u_02504,PURCHASE,monthly_plus,false,2026-04-19 21:53:44,2026-04-19 21:58:56,7.99,USD
se_000258,u_02207,purchase,monthly_basic,false,2026-04-20 08:11:31,2026-04-20 08:19:10,6900.0,KRW
se_000245,u_02360,purchase,monthly_basic,true,2026-04-19 09:45:30,2026-04-20 09:50:53,0.0,KRW
se_000260,u_00072,purchase,monthly_plus,true,2026-04-20 11:00:27,2026-04-20 11:04:00,0.0,EUR
se_000246,u_02861,purchase,yearly_basic,true,2026-04-19 11:13:52,2026-04-20 11:18:49,0.0,USD
se_000220,u_00087,purchase,monthly_plus,false,2026-04-17 12:48:57,2026-04-20 12:55:45,7.99,USD
se_000265,u_02299,purchase,monthly_basic,true,2026-04-20 17:43:33,2026-04-20 17:47:41,0.0,USD
se_000268,u_02194,PURCHASE,monthly_plus,true,2026-04-20 20:38:59,2026-04-20 20:45:45,0.0,EUR
se_000269,u_02773,purchase,monthly_basic,true,2026-04-20 20:57:18,2026-04-20 21:07:17,0.0,KRW
se_000240,u_01702,purchase,monthly_basic,true,2026-04-18 21:30:50,2026-04-20 21:39:53,0.0,USD
se_000273,u_02815,purchase,yearly_basic,true,2026-04-20 21:48:10,2026-04-20 21:54:47,0.0,KRW
se_000274,u_01876,purchase,monthly_basic,false,2026-04-20 22:01:15,2026-04-20 22:05:31,6900.0,KRW
se_000275,u_01321,purchase,monthly_basic,false,2026-04-20 22:22:38,2026-04-20 22:24:46,750.0,JPY
se_000276,u_01050,purchase,yearly_basic,false,2026-04-20 22:32:31,2026-04-20 22:33:53,29.99,USD
se_000257,u_00903,purchase,monthly_basic,true,2026-04-20 07:23:02,2026-04-21 07:30:28,0.0,KRW
se_000230,u_00761,purchase,monthly_basic,true,2026-04-18 09:00:22,2026-04-21 09:03:26,0.0,JPY
se_000230,u_00761,purchase,monthly_basic,true,2026-04-18 09:00:22,2026-04-21 09:12:53,0.0,JPY
se_000231,u_00411,PURCHASE,monthly_basic,true,2026-04-18 09:28:23,2026-04-21 09:33:54,0.0,KRW
se_000259,u_01740,purchase,yearly_basic,true,2026-04-20 10:32:19,2026-04-21 10:36:18,0.0,USD
se_000280,u_00976,PURCHASE,monthly_basic,true,2026-04-21 10:52:47,2026-04-21 11:02:26,0.0,KRW
se_000262,u_01704,purchase,monthly_basic,true,2026-04-20 12:10:58,2026-04-21 12:17:01,0.0,KRW
se_000282,u_01545,PURCHASE,monthly_plus,true,2026-04-21 12:58:14,2026-04-21 13:05:28,0.0,USD
se_000284,u_02699,purchase,yearly_basic,false,2026-04-21 14:24:06,2026-04-21 14:25:47,4500.0,JPY
se_000285,u_01935,purchase,yearly_basic,false,2026-04-21 14:40:13,2026-04-21 14:48:07,29.99,USD
se_000263,u_00664,PURCHASE,monthly_basic,true,2026-04-20 15:14:48,2026-04-21 15:19:53,0.0,USD
se_000237,u_01855,purchase,yearly_basic,false,2026-04-18 16:19:34,2026-04-21 16:22:23,39000.0,KRW
se_000288,u_01342,purchase,yearly_plus,false,2026-04-21 17:35:43,2026-04-21 17:37:04,65000.0,KRW
se_000264,u_01645,purchase,monthly_basic,false,2026-04-20 17:38:45,2026-04-21 17:44:21,4.99,USD
se_000252,u_01534,purchase,monthly_basic,true,2026-04-19 18:28:36,2026-04-21 18:38:18,0.0,KRW
se_000267,u_02810,purchase,monthly_basic,true,2026-04-20 20:01:16,2026-04-21 20:01:18,0.0,KRW
se_000291,u_02665,purchase,monthly_basic,true,2026-04-21 20:26:43,2026-04-21 20:29:59,0.0,BRL
se_000292,u_00009,purchase,monthly_basic,true,2026-04-21 20:47:23,2026-04-21 20:53:57,0.0,JPY
se_000293,u_02474,purchase,monthly_basic,true,2026-04-21 21:10:17,2026-04-21 21:13:10,0.0,BRL
se_000271,u_00838,purchase,monthly_basic,true,2026-04-20 21:33:34,2026-04-21 21:41:44,0.0,JPY
se_000272,u_02220,purchase,yearly_basic,true,2026-04-20 21:45:26,2026-04-21 21:47:57,0.0,USD
se_000277,u_01926,purchase,monthly_basic,false,2026-04-21 08:21:26,2026-04-22 08:25:14,6900.0,KRW
se_000278,u_02602,purchase,monthly_plus,true,2026-04-21 09:43:13,2026-04-22 09:48:44,0.0,KRW
se_000299,u_01395,purchase,monthly_plus,true,2026-04-22 12:24:29,2026-04-22 12:29:23,0.0,KRW
se_000297,u_02660,purchase,monthly_basic,false,2026-04-22 12:19:38,2026-04-22 12:29:28,6900.0,KRW
se_000300,u_01503,purchase,monthly_plus,true,2026-04-22 12:45:48,2026-04-22 12:52:39,0.0,USD
se_000301,u_01112,purchase,yearly_plus,true,2026-04-22 12:57:37,2026-04-22 13:03:02,0.0,JPY
se_000302,u_02470,purchase,monthly_basic,true,2026-04-22 13:09:22,2026-04-22 13:12:18,0.0,USD
se_000283,u_02914,purchase,monthly_basic,true,2026-04-21 13:14:51,2026-04-22 13:24:12,0.0,USD
se_000287,u_01710,purchase,monthly_plus,true,2026-04-21 15:49:45,2026-04-22 15:56:09,0.0,EUR
se_000305,u_01257,purchase,monthly_basic,true,2026-04-22 17:49:17,2026-04-22 17:57:27,0.0,KRW
se_000266,u_00735,purchase,monthly_plus,true,2026-04-20 19:47:22,2026-04-22 19:49:00,0.0,JPY
se_000253,u_02813,purchase,monthly_basic,true,2026-04-19 19:46:42,2026-04-22 19:51:23,0.0,USD
se_000308,u_01656,purchase,monthly_plus,true,2026-04-22 20:01:54,2026-04-22 20:03:12,0.0,KRW
se_000309,u_01609,purchase,monthly_basic,true,2026-04-22 20:10:11,2026-04-22 20:13:22,0.0,KRW
se_000313,u_02100,purchase,monthly_basic,true,2026-04-23 08:18:38,2026-04-23 08:23:44,0.0,KRW
se_000294,u_01187,purchase,monthly_basic,false,2026-04-22 09:51:20,2026-04-23 09:56:34,6900.0,KRW
se_000315,u_00522,purchase,monthly_basic,false,2026-04-23 10:28:18,2026-04-23 10:28:26,4.49,EUR
se_000314,u_01947,purchase,monthly_basic,false,2026-04-23 10:27:00,2026-04-23 10:30:45,750.0,JPY
se_000295,u_00390,purchase,monthly_basic,false,2026-04-22 10:37:21,2026-04-23 10:43:01,24.9,BRL
se_000279,u_00329,purchase,yearly_basic,false,2026-04-21 10:35:15,2026-04-23 10:44:19,4500.0,JPY
se_000261,u_00993,purchase,monthly_basic,true,2026-04-20 11:45:26,2026-04-23 11:46:56,0.0,KRW
se_000316,u_01454,purchase,monthly_basic,true,2026-04-23 11:42:23,2026-04-23 11:51:18,0.0,KRW
se_000281,u_00653,purchase,monthly_basic,true,2026-04-21 12:22:27,2026-04-23 12:22:47,0.0,USD
se_000316,u_01454,purchase,monthly_basic,true,2026-04-23 11:42:23,2026-04-23 12:41:34,0.0,KRW
se_000319,u_02182,purchase,monthly_plus,true,2026-04-23 13:34:41,2026-04-23 13:42:08,0.0,EUR
se_000320,u_01107,purchase,monthly_basic,true,2026-04-23 14:29:45,2026-04-23 14:32:00,0.0,KRW
se_000286,u_00221,purchase,monthly_plus,false,2026-04-21 15:49:30,2026-04-23 15:59:11,7.99,USD
se_000322,u_01563,purchase,monthly_basic,true,2026-04-23 16:06:12,2026-04-23 16:10:33,0.0,KRW
se_000326,u_02370,PURCHASE,monthly_basic,false,2026-04-23 18:20:07,2026-04-23 18:25:30,4.99,USD
se_000289,u_00078,purchase,monthly_plus,true,2026-04-21 18:51:52,2026-04-23 18:57:19,0.0,KRW
se_000307,u_02641,purchase,monthly_basic,true,2026-04-22 18:59:13,2026-04-23 19:07:25,0.0,USD
se_000290,u_01446,cancel,monthly_basic,false,2026-04-21 19:48:59,2026-04-23 19:51:45,0.0,KRW
se_000328,u_01660,purchase,monthly_basic,true,2026-04-23 20:06:44,2026-04-23 20:07:14,0.0,BRL
se_000329,u_02162,purchase,monthly_basic,true,2026-04-23 20:09:12,2026-04-23 20:09:33,0.0,EUR
se_000270,u_02277,purchase,monthly_basic,true,2026-04-20 21:02:59,2026-04-23 21:08:19,0.0,KRW
se_000331,u_00919,purchase,yearly_basic,true,2026-04-23 21:08:10,2026-04-23 21:13:19,0.0,KRW
se_000311,u_00241,purchase,yearly_plus,false,2026-04-22 22:16:02,2026-04-23 22:23:56,65000.0,KRW
se_000333,u_00206,PURCHASE,monthly_plus,true,2026-04-24 07:44:58,2026-04-24 07:48:35,0.0,KRW
se_000334,u_00119,purchase,monthly_basic,true,2026-04-24 08:22:49,2026-04-24 08:27:04,0.0,USD
se_000336,u_01778,purchase,yearly_plus,false,2026-04-24 10:32:09,2026-04-24 10:33:16,7500.0,JPY
se_000339,u_02253,purchase,monthly_basic,true,2026-04-24 12:04:33,2026-04-24 12:06:52,0.0,JPY
se_000296,u_02968,purchase,monthly_basic,true,2026-04-22 11:58:49,2026-04-24 12:08:22,0.0,KRW
se_000338,u_02487,purchase,monthly_basic,true,2026-04-24 12:02:26,2026-04-24 12:10:04,0.0,USD
se_000298,u_01358,purchase,yearly_plus,false,2026-04-22 12:20:19,2026-04-24 12:29:31,49.99,USD
se_000317,u_01852,purchase,monthly_basic,true,2026-04-23 13:01:15,2026-04-24 13:08:09,0.0,BRL
se_000318,u_00908,purchase,yearly_basic,false,2026-04-23 13:24:36,2026-04-24 13:25:23,39000.0,KRW
se_000341,u_01892,purchase,yearly_basic,true,2026-04-24 14:03:02,2026-04-24 14:04:44,0.0,USD
se_000321,u_01556,purchase,monthly_basic,false,2026-04-23 14:33:54,2026-04-24 14:41:23,6900.0,KRW
se_000342,u_00178,purchase,monthly_plus,false,2026-04-24 14:43:13,2026-04-24 14:51:42,10900.0,KRW
se_000343,u_01265,purchase,monthly_basic,true,2026-04-24 15:15:40,2026-04-24 15:19:05,0.0,USD
se_000303,u_00363,purchase,monthly_basic,true,2026-04-22 16:56:02,2026-04-24 16:57:56,0.0,KRW
se_000345,u_01804,purchase,monthly_basic,true,2026-04-24 17:01:31,2026-04-24 17:02:32,0.0,KRW
se_000323,u_00661,PURCHASE,yearly_basic,false,2026-04-23 16:58:37,2026-04-24 17:08:35,149.9,BRL
se_000346,u_01908,purchase,monthly_basic,false,2026-04-24 17:32:44,2026-04-24 17:42:18,6900.0,KRW
se_000306,u_02553,purchase,yearly_plus,true,2026-04-22 18:34:47,2026-04-24 18:37:57,0.0,KRW
se_000347,u_00831,purchase,monthly_basic,true,2026-04-24 19:00:40,2026-04-24 19:07:32,0.0,JPY
se_000327,u_01542,purchase,monthly_plus,true,2026-04-23 19:55:23,2026-04-24 20:02:48,0.0,KRW
se_000330,u_01288,PURCHASE,monthly_basic,true,2026-04-23 20:38:41,2026-04-24 20:47:00,0.0,EUR
se_000352,u_02346,purchase,yearly_basic,true,2026-04-24 21:46:05,2026-04-24 21:55:18,0.0,KRW
se_000353,u_02126,purchase,yearly_plus,true,2026-04-24 22:08:41,2026-04-24 22:09:05,0.0,BRL
se_000354,u_01308,purchase,monthly_basic,true,2026-04-24 22:14:04,2026-04-24 22:18:58,0.0,EUR
se_000332,u_01291,purchase,monthly_basic,true,2026-04-23 22:25:05,2026-04-24 22:32:19,0.0,EUR
se_000335,u_01187,refund,monthly_basic,false,2026-04-24 09:51:20,2026-04-25 09:54:17,-6900.0,KRW
se_000337,u_00189,purchase,monthly_basic,true,2026-04-24 10:34:26,2026-04-25 10:41:24,0.0,EUR
se_000358,u_01701,PURCHASE,monthly_basic,true,2026-04-25 13:36:10,2026-04-25 13:38:58,0.0,USD
se_000359,u_02188,purchase,monthly_plus,true,2026-04-25 14:58:55,2026-04-25 15:02:44,0.0,EUR
se_000360,u_01651,purchase,yearly_basic,false,2026-04-25 15:02:04,2026-04-25 15:04:21,27.99,EUR
se_000344,u_00703,PURCHASE,yearly_plus,false,2026-04-24 16:32:31,2026-04-25 16:34:18,65000.0,KRW
se_000361,u_00380,purchase,yearly_plus,true,2026-04-25 16:43:40,2026-04-25 16:49:58,0.0,KRW
se_000304,u_02358,purchase,monthly_plus,true,2026-04-22 16:59:52,2026-04-25 17:04:16,0.0,KRW
se_000362,u_00989,purchase,monthly_basic,true,2026-04-25 18:17:05,2026-04-25 18:24:32,0.0,USD
se_000325,u_02751,purchase,monthly_plus,true,2026-04-23 18:19:11,2026-04-25 18:26:47,0.0,USD
se_000349,u_00469,purchase,monthly_plus,false,2026-04-24 20:01:52,2026-04-25 20:04:23,10900.0,KRW
se_000310,u_00964,purchase,yearly_basic,true,2026-04-22 21:24:27,2026-04-25 21:28:41,0.0,JPY
se_000365,u_01702,purchase,monthly_basic,false,2026-04-25 21:30:50,2026-04-25 21:40:01,4.99,USD
se_000312,u_00412,PURCHASE,monthly_plus,true,2026-04-23 07:01:57,2026-04-26 07:04:10,0.0,USD
se_000367,u_00143,purchase,yearly_basic,true,2026-04-26 09:16:40,2026-04-26 09:17:52,0.0,USD
se_000356,u_01358,refund,yearly_plus,false,2026-04-25 12:20:19,2026-04-26 12:26:42,-49.99,USD
se_000357,u_00568,purchase,monthly_plus,true,2026-04-25 13:26:19,2026-04-26 13:27:40,0.0,KRW
se_000374,u_00618,purchase,yearly_basic,true,2026-04-26 16:32:03,2026-04-26 16:38:00,0.0,JPY
se_000375,u_02870,purchase,monthly_plus,false,2026-04-26 16:36:59,2026-04-26 16:43:03,39.9,BRL
se_000324,u_02747,purchase,monthly_basic,true,2026-04-23 17:34:19,2026-04-26 17:41:52,0.0,EUR
se_000376,u_01917,purchase,yearly_basic,true,2026-04-26 17:55:33,2026-04-26 18:04:45,0.0,USD
se_000348,u_00148,PURCHASE,monthly_basic,true,2026-04-24 19:11:22,2026-04-26 19:12:30,0.0,KRW
se_000363,u_00209,purchase,monthly_basic,true,2026-04-25 19:13:27,2026-04-26 19:15:55,0.0,KRW
se_000350,u_01402,purchase,monthly_plus,true,2026-04-24 20:02:42,2026-04-26 20:06:17,0.0,KRW
se_000351,u_00750,PURCHASE,monthly_plus,false,2026-04-24 20:37:38,2026-04-26 20:40:46,7.49,EUR
se_000364,u_00779,purchase,monthly_basic,true,2026-04-25 21:08:43,2026-04-26 21:17:35,0.0,KRW
se_000378,u_02504,CANCEL,monthly_plus,false,2026-04-26 21:53:44,2026-04-26 21:53:59,0.0,USD
se_000379,u_02333,purchase,monthly_basic,true,2026-04-26 21:59:36,2026-04-26 22:04:37,0.0,KRW
se_000380,u_00216,purchase,monthly_basic,true,2026-04-27 07:48:22,2026-04-27 07:58:04,0.0,KRW
se_000355,u_00508,PURCHASE,monthly_basic,true,2026-04-25 07:58:15,2026-04-27 07:58:17,0.0,JPY
se_000368,u_00399,purchase,monthly_basic,true,2026-04-26 10:39:40,2026-04-27 10:48:47,0.0,EUR
se_000382,u_00993,purchase,monthly_basic,false,2026-04-27 11:45:26,2026-04-27 11:55:03,6900.0,KRW
se_000371,u_02311,purchase,monthly_plus,true,2026-04-26 11:53:45,2026-04-27 12:02:40,0.0,KRW
se_000383,u_00450,purchase,yearly_basic,true,2026-04-27 12:01:20,2026-04-27 12:03:27,0.0,JPY
se_000340,u_01942,purchase,monthly_plus,true,2026-04-24 13:07:56,2026-04-27 13:17:54,0.0,BRL
se_000372,u_02608,purchase,monthly_plus,true,2026-04-26 13:18:50,2026-04-27 13:24:39,0.0,USD
se_000385,u_00664,PURCHASE,monthly_basic,false,2026-04-27 15:14:48,2026-04-27 15:23:51,4.99,USD
se_000373,u_01297,purchase,monthly_basic,true,2026-04-26 16:13:14,2026-04-27 16:13:34,0.0,USD
se_000387,u_02577,purchase,monthly_basic,true,2026-04-27 16:35:59,2026-04-27 16:42:45,0.0,KRW
se_000388,u_01239,purchase,monthly_basic,true,2026-04-27 18:05:15,2026-04-27 18:10:26,0.0,BRL
se_000390,u_01400,purchase,yearly_basic,true,2026-04-27 18:47:48,2026-04-27 18:49:24,0.0,KRW
se_000391,u_02849,purchase,monthly_basic,true,2026-04-27 18:49:49,2026-04-27 18:55:25,0.0,KRW
se_000392,u_00314,purchase,yearly_basic,true,2026-04-27 19:55:08,2026-04-27 19:56:01,0.0,BRL
se_000366,u_02301,purchase,yearly_basic,true,2026-04-25 21:43:17,2026-04-27 21:48:14,0.0,USD
se_000395,u_00495,purchase,monthly_plus,true,2026-04-27 21:46:33,2026-04-27 21:48:42,0.0,USD
se_000394,u_02220,purchase,yearly_basic,false,2026-04-27 21:45:26,2026-04-27 21:50:56,29.99,USD
se_000397,u_00526,purchase,yearly_basic,true,2026-04-28 09:33:08,2026-04-28 09:36:48,0.0,USD
se_000398,u_02602,purchase,monthly_plus,false,2026-04-28 09:43:13,2026-04-28 09:47:04,10900.0,KRW
se_000369,u_00950,purchase,yearly_plus,true,2026-04-26 10:58:12,2026-04-28 11:01:35,0.0,USD
se_000370,u_02861,PURCHASE,yearly_basic,false,2026-04-26 11:13:52,2026-04-28 11:16:14,29.99,USD
se_000400,u_02787,purchase,yearly_basic,true,2026-04-28 12:41:39,2026-04-28 12:48:58,0.0,JPY
se_000401,u_01391,purchase,monthly_basic,true,2026-04-28 12:47:00,2026-04-28 12:54:17,0.0,BRL
se_000384,u_02398,purchase,yearly_basic,true,2026-04-27 13:32:35,2026-04-28 13:36:13,0.0,KRW
se_000406,u_02833,purchase,monthly_basic,true,2026-04-28 15:16:52,2026-04-28 15:22:22,0.0,KRW
se_000407,u_01710,purchase,monthly_plus,false,2026-04-28 15:49:45,2026-04-28 15:55:27,7.49,EUR
se_000408,u_00333,purchase,yearly_basic,true,2026-04-28 16:25:39,2026-04-28 16:31:48,0.0,JPY
se_000409,u_01993,purchase,yearly_basic,true,2026-04-28 18:14:22,2026-04-28 18:17:49,0.0,EUR
se_000377,u_00096,purchase,monthly_basic,true,2026-04-26 19:05:16,2026-04-28 19:13:33,0.0,BRL
se_000412,u_02665,purchase,monthly_basic,false,2026-04-28 20:26:43,2026-04-28 20:27:31,24.9,BRL
se_000413,u_02111,purchase,monthly_plus,true,2026-04-28 22:46:29,2026-04-28 22:55:48,0.0,JPY
se_000414,u_00638,purchase,yearly_basic,true,2026-04-29 08:31:48,2026-04-29 08:37:11,0.0,KRW
se_000396,u_00971,purchase,yearly_plus,true,2026-04-28 08:30:40,2026-04-29 08:40:15,0.0,USD
se_000381,u_00796,PURCHASE,monthly_plus,true,2026-04-27 11:32:35,2026-04-29 11:38:37,0.0,USD
se_000399,u_00419,purchase,monthly_basic,true,2026-04-28 11:56:46,2026-04-29 12:00:09,0.0,BRL
se_000416,u_01112,purchase,yearly_plus,false,2026-04-29 12:57:37,2026-04-29 13:05:01,7500.0,JPY
se_000404,u_02871,PURCHASE,monthly_basic,true,2026-04-28 13:26:31,2026-04-29 13:31:46,0.0,KRW
se_000420,u_00342,purchase,monthly_basic,true,2026-04-29 14:16:14,2026-04-29 14:24:54,0.0,USD
se_000422,u_00400,purchase,monthly_plus,true,2026-04-29 14:36:12,2026-04-29 14:37:15,0.0,JPY
se_000421,u_02152,purchase,yearly_plus,true,2026-04-29 14:35:21,2026-04-29 14:39:51,0.0,BRL
se_000423,u_00321,purchase,yearly_basic,true,2026-04-29 15:02:24,2026-04-29 15:06:45,0.0,JPY
se_000386,u_01551,purchase,monthly_basic,true,2026-04-27 15:34:31,2026-04-29 15:41:07,0.0,USD
se_000426,u_02358,purchase,monthly_plus,false,2026-04-29 16:59:52,2026-04-29 17:01:15,10900.0,KRW
se_000427,u_01820,purchase,monthly_plus,true,2026-04-29 17:16:39,2026-04-29 17:18:53,0.0,USD
se_000428,u_01561,purchase,monthly_basic,true,2026-04-29 17:37:15,2026-04-29 17:38:01,0.0,USD
se_000429,u_01257,purchase,monthly_basic,false,2026-04-29 17:49:17,2026-04-29 17:49:54,6900.0,KRW
se_000389,u_01907,purchase,monthly_plus,true,2026-04-27 18:42:49,2026-04-29 18:49:41,0.0,BRL
se_000431,u_02355,purchase,monthly_basic,true,2026-04-29 18:52:43,2026-04-29 18:56:14,0.0,KRW
se_000433,u_01609,purchase,monthly_basic,false,2026-04-29 20:10:11,2026-04-29 20:12:37,6900.0,KRW
se_000434,u_00964,purchase,yearly_basic,false,2026-04-29 21:24:27,2026-04-29 21:26:19,4500.0,JPY
se_000438,u_00403,purchase,monthly_plus,true,2026-04-30 12:19:03,2026-04-30 12:27:38,0.0,KRW
se_000415,u_01395,purchase,monthly_plus,false,2026-04-29 12:24:29,2026-04-30 12:28:23,10900.0,KRW
se_000402,u_00136,purchase,monthly_basic,true,2026-04-28 13:10:54,2026-04-30 13:17:04,0.0,KRW
se_000417,u_02470,purchase,monthly_basic,false,2026-04-29 13:09:22,2026-04-30 13:18:14,4.99,USD
se_000405,u_00841,purchase,yearly_basic,true,2026-04-28 13:47:30,2026-04-30 13:54:16,0.0,KRW
se_000419,u_02309,purchase,monthly_plus,true,2026-04-29 13:52:55,2026-04-30 13:56:44,0.0,USD
se_000439,u_01107,purchase,monthly_basic,false,2026-04-30 14:29:45,2026-04-30 14:36:38,6900.0,KRW
se_000424,u_01838,PURCHASE,monthly_basic,true,2026-04-29 15:31:19,2026-04-30 15:40:45,0.0,KRW
se_000441,u_00368,purchase,monthly_plus,true,2026-04-30 15:43:19,2026-04-30 15:44:17,0.0,KRW
se_000444,u_01756,purchase,monthly_plus,true,2026-04-30 18:29:21,2026-04-30 18:37:30,0.0,BRL
se_000411,u_02997,purchase,monthly_plus,true,2026-04-28 19:56:39,2026-04-30 20:02:34,0.0,KRW
se_000393,u_02810,purchase,monthly_basic,false,2026-04-27 20:01:16,2026-04-30 20:03:29,6900.0,KRW
se_000432,u_01656,purchase,monthly_plus,false,2026-04-29 20:01:54,2026-04-30 20:10:18,10900.0,KRW
se_000432,u_01656,purchase,monthly_plus,false,2026-04-29 20:01:54,2026-04-30 20:27:07,10900.0,KRW
se_000449,u_00991,purchase,monthly_basic,true,2026-05-01 07:04:26,2026-05-01 07:10:01,0.0,KRW
se_000435,u_00554,purchase,monthly_plus,true,2026-04-30 07:09:48,2026-05-01 07:17:57,0.0,KRW
se_000436,u_02187,PURCHASE,monthly_plus,true,2026-04-30 08:04:14,2026-05-01 08:08:14,0.0,BRL
se_000452,u_00088,purchase,yearly_basic,true,2026-05-01 08:15:23,2026-05-01 08:24:21,0.0,BRL
se_000453,u_00119,purchase,monthly_basic,false,2026-05-01 08:22:49,2026-05-01 08:30:45,4.99,USD
se_000454,u_01145,purchase,yearly_basic,true,2026-05-01 10:31:24,2026-05-01 10:36:36,0.0,USD
se_000456,u_01905,purchase,yearly_plus,true,2026-05-01 11:03:02,2026-05-01 11:05:11,0.0,KRW
se_000457,u_02083,purchase,monthly_plus,true,2026-05-01 11:33:31,2026-05-01 11:36:54,0.0,JPY
se_000459,u_02323,purchase,yearly_basic,true,2026-05-01 12:12:12,2026-05-01 12:18:43,0.0,USD
se_000461,u_01942,PURCHASE,monthly_plus,false,2026-05-01 13:07:56,2026-05-01 13:13:26,39.9,BRL
se_000403,u_02914,purchase,monthly_basic,false,2026-04-28 13:14:51,2026-05-01 13:19:22,4.99,USD
se_000418,u_00338,purchase,monthly_basic,true,2026-04-29 13:42:36,2026-05-01 13:48:39,0.0,KRW
se_000425,u_00799,purchase,monthly_basic,true,2026-04-29 15:36:10,2026-05-01 15:37:29,0.0,KRW
se_000442,u_01563,purchase,monthly_basic,false,2026-04-30 16:06:12,2026-05-01 16:09:06,6900.0,KRW
se_000465,u_02434,purchase,monthly_basic,true,2026-05-01 17:59:41,2026-05-01 18:05:07,0.0,JPY
se_000410,u_01476,purchase,monthly_basic,true,2026-04-28 18:44:08,2026-05-01 18:51:24,0.0,KRW
se_000467,u_02485,purchase,yearly_basic,true,2026-05-01 20:22:45,2026-05-01 20:27:10,0.0,KRW
se_000468,u_02867,purchase,yearly_basic,true,2026-05-01 21:22:59,2026-05-01 21:28:43,0.0,KRW
se_000469,u_02151,PURCHASE,yearly_basic,true,2026-05-01 21:48:19,2026-05-01 21:56:37,0.0,JPY
se_000447,u_01586,purchase,monthly_plus,true,2026-04-30 22:03:33,2026-05-01 22:08:31,0.0,EUR
se_000448,u_01291,purchase,monthly_basic,false,2026-04-30 22:25:05,2026-05-01 22:28:29,4.49,EUR
se_000437,u_02100,purchase,monthly_basic,false,2026-04-30 08:18:38,2026-05-02 08:28:07,6900.0,KRW
se_000471,u_02461,purchase,monthly_basic,true,2026-05-02 09:03:13,2026-05-02 09:07:39,0.0,KRW
se_000443,u_02576,purchase,yearly_basic,true,2026-04-30 17:34:54,2026-05-02 17:43:30,0.0,USD
se_000430,u_02016,PURCHASE,monthly_basic,true,2026-04-29 18:52:07,2026-05-02 18:54:43,0.0,USD
se_000466,u_00148,purchase,monthly_basic,false,2026-05-01 19:11:22,2026-05-02 19:20:10,6900.0,KRW
se_000446,u_01542,purchase,monthly_plus,false,2026-04-30 19:55:23,2026-05-02 20:03:47,10900.0,KRW
se_000479,u_00371,purchase,yearly_basic,true,2026-05-02 21:09:44,2026-05-02 21:10:13,0.0,USD
se_000450,u_01462,purchase,monthly_basic,true,2026-05-01 07:32:21,2026-05-03 07:33:57,0.0,KRW
se_000451,u_00206,purchase,monthly_plus,false,2026-05-01 07:44:58,2026-05-03 07:48:23,10900.0,KRW
se_000458,u_00646,purchase,monthly_basic,true,2026-05-01 12:09:51,2026-05-03 12:18:48,0.0,EUR
se_000473,u_02367,purchase,yearly_basic,true,2026-05-02 12:46:22,2026-05-03 12:54:25,0.0,USD
se_000440,u_00748,purchase,monthly_plus,true,2026-04-30 14:48:58,2026-05-03 14:51:54,0.0,KRW
se_000463,u_02092,purchase,monthly_basic,true,2026-05-01 15:40:40,2026-05-03 15:48:07,0.0,JPY
se_000487,u_00618,PURCHASE,yearly_basic,false,2026-05-03 16:32:03,2026-05-03 16:41:11,4500.0,JPY
se_000488,u_02816,cancel,monthly_basic,false,2026-05-03 18:45:28,2026-05-03 18:52:15,0.0,KRW
se_000445,u_00802,purchase,yearly_basic,true,2026-04-30 19:10:47,2026-05-03 19:14:19,0.0,USD
se_000489,u_01927,purchase,monthly_basic,true,2026-05-03 20:12:53,2026-05-03 20:15:18,0.0,KRW
se_000492,u_02333,purchase,monthly_basic,false,2026-05-03 21:59:36,2026-05-03 22:07:09,6900.0,KRW
se_000493,u_02893,PURCHASE,monthly_basic,true,2026-05-04 07:25:13,2026-05-04 07:27:14,0.0,KRW
se_000470,u_01249,purchase,yearly_plus,true,2026-05-02 07:26:31,2026-05-04 07:29:38,0.0,BRL
se_000480,u_01572,purchase,monthly_basic,true,2026-05-03 08:50:10,2026-05-04 08:56:39,0.0,KRW
se_000472,u_02526,purchase,monthly_basic,true,2026-05-02 09:38:53,2026-05-04 09:47:01,0.0,USD
se_000483,u_00399,PURCHASE,monthly_basic,false,2026-05-03 10:39:40,2026-05-04 10:44:42,4.49,EUR
se_000455,u_00167,purchase,monthly_basic,true,2026-05-01 10:52:07,2026-05-04 10:58:16,0.0,EUR
se_000494,u_01757,purchase,yearly_basic,true,2026-05-04 11:19:09,2026-05-04 11:23:11,0.0,JPY
se_000495,u_01831,purchase,yearly_basic,true,2026-05-04 11:42:29,2026-05-04 11:48:22,0.0,USD
se_000460,u_01647,PURCHASE,monthly_basic,true,2026-05-01 12:18:55,2026-05-04 12:27:01,0.0,JPY
se_000497,u_00053,purchase,monthly_plus,true,2026-05-04 13:06:51,2026-05-04 13:11:04,0.0,KRW
se_000476,u_01701,purchase,monthly_basic,false,2026-05-02 13:36:10,2026-05-04 13:43:44,4.99,USD
se_000498,u_02998,purchase,monthly_basic,true,2026-05-04 13:48:08,2026-05-04 13:51:35,0.0,USD
se_000477,u_00627,PURCHASE,monthly_plus,true,2026-05-02 13:57:18,2026-05-04 14:06:25,0.0,USD
se_000500,u_01268,purchase,monthly_basic,true,2026-05-04 14:57:27,2026-05-04 15:02:59,0.0,USD
se_000462,u_01265,purchase,monthly_basic,false,2026-05-01 15:15:40,2026-05-04 15:16:15,4.99,USD
se_000501,u_02056,purchase,monthly_basic,true,2026-05-04 16:10:02,2026-05-04 16:13:35,0.0,KRW
se_000502,u_02407,purchase,monthly_plus,true,2026-05-04 16:14:49,2026-05-04 16:19:30,0.0,JPY
se_000486,u_01297,purchase,monthly_basic,false,2026-05-03 16:13:14,2026-05-04 16:22:28,4.99,USD
se_000464,u_01804,purchase,monthly_basic,false,2026-05-01 17:01:31,2026-05-04 17:11:16,6900.0,KRW
se_000504,u_02680,purchase,yearly_basic,true,2026-05-04 17:19:43,2026-05-04 17:20:14,0.0,KRW
se_000505,u_02849,PURCHASE,monthly_basic,false,2026-05-04 18:49:49,2026-05-04 18:56:13,6900.0,KRW
se_000491,u_02486,PURCHASE,yearly_plus,true,2026-05-03 21:32:57,2026-05-04 21:39:46,0.0,USD
se_000482,u_00169,purchase,monthly_basic,true,2026-05-03 08:53:47,2026-05-05 08:54:57,0.0,EUR
se_000508,u_00201,purchase,yearly_plus,true,2026-05-05 10:06:34,2026-05-05 10:13:30,0.0,BRL
se_000510,u_00419,purchase,monthly_basic,false,2026-05-05 11:56:46,2026-05-05 11:57:43,24.9,BRL
se_000496,u_00450,purchase,yearly_basic,false,2026-05-04 12:01:20,2026-05-05 12:05:45,4500.0,JPY
se_000512,u_01391,purchase,monthly_basic,false,2026-05-05 12:47:00,2026-05-05 12:49:02,24.9,BRL
se_000474,u_01793,purchase,yearly_plus,true,2026-05-02 12:47:29,2026-05-05 12:55:26,0.0,BRL
se_000513,u_00136,purchase,monthly_basic,false,2026-05-05 13:10:54,2026-05-05 13:16:36,6900.0,KRW
se_000475,u_00568,purchase,monthly_plus,false,2026-05-02 13:26:19,2026-05-05 13:29:06,10900.0,KRW
se_000515,u_00332,PURCHASE,monthly_basic,true,2026-05-05 15:36:37,2026-05-05 15:39:50,0.0,KRW
se_000516,u_01159,purchase,monthly_basic,true,2026-05-05 16:00:16,2026-05-05 16:06:11,0.0,KRW
se_000478,u_00380,purchase,yearly_plus,false,2026-05-02 16:43:40,2026-05-05 16:49:08,65000.0,KRW
se_000519,u_01476,purchase,monthly_basic,false,2026-05-05 18:44:08,2026-05-05 18:44:26,6900.0,KRW
se_000520,u_02415,PURCHASE,monthly_basic,true,2026-05-05 19:16:12,2026-05-05 19:21:51,0.0,JPY
se_000522,u_01925,purchase,monthly_plus,true,2026-05-05 20:34:17,2026-05-05 20:36:23,0.0,KRW
se_000490,u_01699,purchase,yearly_basic,true,2026-05-03 21:09:24,2026-05-05 21:13:28,0.0,USD
se_000523,u_01360,purchase,yearly_basic,true,2026-05-05 21:49:39,2026-05-05 21:53:47,0.0,KRW
se_000524,u_00068,purchase,monthly_basic,true,2026-05-05 22:24:11,2026-05-05 22:33:07,0.0,KRW
se_000526,u_02216,purchase,yearly_basic,true,2026-05-06 07:13:31,2026-05-06 07:19:38,0.0,EUR
se_000481,u_00197,purchase,monthly_basic,true,2026-05-03 08:51:16,2026-05-06 08:57:26,0.0,USD
se_000484,u_00487,purchase,monthly_plus,true,2026-05-03 10:54:15,2026-05-06 10:57:25,0.0,USD
se_000509,u_01285,purchase,yearly_basic,true,2026-05-05 11:17:26,2026-05-06 11:18:16,0.0,KRW
se_000532,u_02724,purchase,yearly_plus,true,2026-05-06 12:41:04,2026-05-06 12:42:21,0.0,KRW
se_000485,u_02608,purchase,monthly_plus,false,2026-05-03 13:18:50,2026-05-06 13:26:16,7.99,USD
se_000534,u_00342,purchase,monthly_basic,false,2026-05-06 14:16:14,2026-05-06 14:17:15,4.99,USD
se_000535,u_00400,purchase,monthly_plus,false,2026-05-06 14:36:12,2026-05-06 14:45:01,1200.0,JPY
se_000536,u_01838,purchase,monthly_basic,false,2026-05-06 15:31:19,2026-05-06 15:38:08,6900.0,KRW
se_000537,u_02581,purchase,yearly_basic,true,2026-05-06 15:32:20,2026-05-06 15:38:56,0.0,EUR
se_000503,u_00194,purchase,yearly_plus,true,2026-05-04 16:34:09,2026-05-06 16:40:27,0.0,EUR
se_000517,u_01993,purchase,yearly_basic,false,2026-05-05 18:14:22,2026-05-06 18:23:12,27.99,EUR
se_000542,u_02587,purchase,monthly_basic,true,2026-05-06 18:29:08,2026-05-06 18:34:57,0.0,JPY
se_000525,u_02111,purchase,monthly_plus,false,2026-05-05 22:46:29,2026-05-06 22:48:46,1200.0,JPY
se_000544,u_02683,purchase,monthly_basic,true,2026-05-07 08:00:49,2026-05-07 08:01:57,0.0,JPY
se_000545,u_02187,purchase,monthly_plus,false,2026-05-07 08:04:14,2026-05-07 08:13:05,39.9,BRL
se_000547,u_02800,purchase,yearly_basic,true,2026-05-07 08:25:03,2026-05-07 08:27:07,0.0,USD
se_000546,u_02544,purchase,monthly_plus,true,2026-05-07 08:22:58,2026-05-07 08:30:03,0.0,KRW
se_000528,u_00393,purchase,yearly_plus,true,2026-05-06 08:31:53,2026-05-07 08:33:11,0.0,USD
se_000507,u_00971,purchase,yearly_plus,false,2026-05-05 08:30:40,2026-05-07 08:34:46,49.99,USD
se_000527,u_00638,PURCHASE,yearly_basic,false,2026-05-06 08:31:48,2026-05-07 08:38:34,39000.0,KRW
se_000548,u_01762,purchase,monthly_basic,true,2026-05-07 09:25:23,2026-05-07 09:25:57,0.0,KRW
se_000530,u_00379,PURCHASE,monthly_plus,true,2026-05-06 09:53:20,2026-05-07 09:56:01,0.0,KRW
se_000550,u_01945,purchase,monthly_basic,true,2026-05-07 10:37:41,2026-05-07 10:46:43,0.0,KRW
se_000551,u_02225,purchase,monthly_plus,true,2026-05-07 10:48:42,2026-05-07 10:51:14,0.0,USD
se_000531,u_02622,purchase,monthly_basic,true,2026-05-06 11:38:21,2026-05-07 11:47:34,0.0,KRW
se_000499,u_01138,purchase,monthly_basic,true,2026-05-04 14:08:24,2026-05-07 14:18:00,0.0,JPY
se_000514,u_01468,purchase,monthly_plus,true,2026-05-05 14:34:07,2026-05-07 14:34:49,0.0,KRW
se_000553,u_02291,purchase,yearly_basic,true,2026-05-07 16:24:17,2026-05-07 16:31:13,0.0,KRW
se_000539,u_02384,purchase,yearly_basic,true,2026-05-06 17:18:36,2026-05-07 17:24:33,0.0,EUR
se_000540,u_01561,purchase,monthly_basic,false,2026-05-06 17:37:15,2026-05-07 17:45:41,4.99,USD
se_000557,u_02428,purchase,yearly_plus,true,2026-05-07 18:15:30,2026-05-07 18:16:08,0.0,BRL
se_000559,u_00802,purchase,yearly_basic,false,2026-05-07 19:10:47,2026-05-07 19:14:33,29.99,USD
se_000521,u_02997,purchase,monthly_plus,false,2026-05-05 19:56:39,2026-05-07 19:59:12,10900.0,KRW
se_000506,u_00495,purchase,monthly_plus,false,2026-05-04 21:46:33,2026-05-07 21:54:06,7.99,USD
se_000563,u_01309,purchase,monthly_basic,true,2026-05-08 07:11:31,2026-05-08 07:18:28,0.0,KRW
se_000564,u_01462,purchase,monthly_basic,false,2026-05-08 07:32:21,2026-05-08 07:37:07,6900.0,KRW
se_000565,u_00088,PURCHASE,yearly_basic,false,2026-05-08 08:15:23,2026-05-08 08:17:49,149.9,BRL
se_000549,u_00373,purchase,yearly_plus,true,2026-05-07 10:29:38,2026-05-08 10:35:47,0.0,JPY
se_000566,u_01145,purchase,yearly_basic,false,2026-05-08 10:31:24,2026-05-08 10:39:25,29.99,USD
se_000569,u_02083,PURCHASE,monthly_plus,false,2026-05-08 11:33:31,2026-05-08 11:34:45,1200.0,JPY
se_000570,u_02473,PURCHASE,monthly_basic,true,2026-05-08 12:21:16,2026-05-08 12:26:18,0.0,KRW
se_000552,u_01866,purchase,yearly_plus,true,2026-05-07 12:38:18,2026-05-08 12:42:25,0.0,KRW
se_000571,u_01131,purchase,yearly_basic,true,2026-05-08 12:40:28,2026-05-08 12:49:05,0.0,USD
se_000511,u_02787,purchase,yearly_basic,false,2026-05-05 12:41:39,2026-05-08 12:51:22,4500.0,JPY
se_000572,u_02524,purchase,monthly_basic,true,2026-05-08 13:27:40,2026-05-08 13:36:07,0.0,USD
se_000573,u_02076,purchase,monthly_basic,true,2026-05-08 13:45:02,2026-05-08 13:48:09,0.0,USD
se_000533,u_02309,purchase,monthly_plus,false,2026-05-06 13:52:55,2026-05-08 13:58:10,7.99,USD
se_000574,u_00440,purchase,monthly_basic,true,2026-05-08 14:31:35,2026-05-08 14:32:04,0.0,KRW
se_000576,u_02092,PURCHASE,monthly_basic,false,2026-05-08 15:40:40,2026-05-08 15:42:13,750.0,JPY
se_000554,u_01173,purchase,yearly_basic,true,2026-05-07 16:28:58,2026-05-08 16:35:43,0.0,KRW
se_000577,u_01495,purchase,yearly_plus,true,2026-05-08 16:48:19,2026-05-08 16:56:30,0.0,USD
se_000538,u_01820,purchase,monthly_plus,false,2026-05-06 17:16:39,2026-05-08 17:21:28,7.99,USD
se_000555,u_02576,purchase,yearly_basic,false,2026-05-07 17:34:54,2026-05-08 17:43:56,29.99,USD
se_000541,u_01629,purchase,monthly_plus,true,2026-05-06 17:48:01,2026-05-08 17:55:12,0.0,USD
se_000579,u_02434,purchase,monthly_basic,false,2026-05-08 17:59:41,2026-05-08 18:05:32,750.0,JPY
se_000518,u_02592,purchase,monthly_basic,true,2026-05-05 18:24:19,2026-05-08 18:25:33,0.0,USD
se_000555,u_02576,purchase,yearly_basic,false,2026-05-07 17:34:54,2026-05-08 18:33:10,29.99,USD
se_000580,u_02546,purchase,yearly_basic,true,2026-05-08 18:52:58,2026-05-08 18:55:34,0.0,BRL
se_000583,u_02151,PURCHASE,yearly_basic,false,2026-05-08 21:48:19,2026-05-08 21:50:24,4500.0,JPY
se_000562,u_01888,purchase,yearly_basic,true,2026-05-08 07:10:34,2026-05-09 07:12:53,0.0,KRW
se_000561,u_00991,purchase,monthly_basic,false,2026-05-08 07:04:26,2026-05-09 07:13:16,6900.0,KRW
se_000529,u_01283,purchase,monthly_plus,true,2026-05-06 09:40:35,2026-05-09 09:40:54,0.0,USD
se_000567,u_00167,purchase,monthly_basic,false,2026-05-08 10:52:07,2026-05-09 10:54:42,4.49,EUR
se_000587,u_02367,PURCHASE,yearly_basic,false,2026-05-09 12:46:22,2026-05-09 12:48:21,29.99,USD
se_000590,u_01688,purchase,monthly_plus,true,2026-05-09 15:02:03,2026-05-09 15:07:35,0.0,KRW
se_000575,u_01921,purchase,monthly_basic,true,2026-05-08 15:11:55,2026-05-09 15:21:25,0.0,KRW
se_000591,u_00962,PURCHASE,yearly_plus,true,2026-05-09 15:56:59,2026-05-09 16:01:56,0.0,KRW
se_000543,u_02600,purchase,monthly_plus,true,2026-05-06 18:48:09,2026-05-09 18:51:13,0.0,KRW
se_000593,u_00248,purchase,monthly_plus,true,2026-05-09 20:23:30,2026-05-09 20:26:49,0.0,USD
se_000581,u_02867,purchase,yearly_basic,false,2026-05-08 21:22:59,2026-05-09 21:24:51,39000.0,KRW
se_000594,u_00164,purchase,monthly_basic,true,2026-05-09 21:24:52,2026-05-09 21:30:36,0.0,KRW
se_000595,u_00960,purchase,monthly_basic,true,2026-05-09 21:31:26,2026-05-09 21:35:12,0.0,KRW
se_000560,u_02779,purchase,monthly_plus,true,2026-05-07 22:23:20,2026-05-09 22:23:32,0.0,USD
se_000597,u_01153,purchase,yearly_basic,true,2026-05-10 07:54:41,2026-05-10 08:01:03,0.0,USD
se_000585,u_01875,purchase,monthly_basic,true,2026-05-09 10:11:44,2026-05-10 10:12:26,0.0,KRW
se_000599,u_00487,purchase,monthly_plus,false,2026-05-10 10:54:15,2026-05-10 11:01:38,7.99,USD
se_000588,u_00627,purchase,monthly_plus,false,2026-05-09 13:57:18,2026-05-10 14:06:26,7.99,USD
se_000589,u_02698,purchase,monthly_basic,true,2026-05-09 14:03:23,2026-05-10 14:10:51,0.0,EUR
se_000556,u_01017,purchase,monthly_plus,true,2026-05-07 18:02:20,2026-05-10 18:03:46,0.0,KRW
se_000578,u_02374,purchase,monthly_basic,true,2026-05-08 17:59:28,2026-05-10 18:08:49,0.0,KRW
se_000558,u_01756,purchase,monthly_plus,false,2026-05-07 18:29:21,2026-05-10 18:38:45,39.9,BRL
se_000602,u_01927,purchase,monthly_basic,false,2026-05-10 20:12:53,2026-05-10 20:19:26,6900.0,KRW
se_000603,u_02499,renewal,monthly_basic,false,2026-05-10 20:13:55,2026-05-10 20:19:42,4.49,EUR
se_000605,u_02486,PURCHASE,yearly_plus,false,2026-05-10 21:32:57,2026-05-10 21:38:42,49.99,USD
se_000596,u_00496,purchase,yearly_basic,true,2026-05-10 07:46:49,2026-05-11 07:51:55,0.0,KRW
se_000584,u_02526,purchase,monthly_basic,false,2026-05-09 09:38:53,2026-05-11 09:47:08,4.99,USD
se_000598,u_01225,PURCHASE,monthly_basic,true,2026-05-10 10:41:29,2026-05-11 10:45:02,0.0,EUR
se_000568,u_01340,purchase,monthly_basic,true,2026-05-08 11:15:40,2026-05-11 11:17:32,0.0,KRW
se_000586,u_01437,purchase,yearly_plus,true,2026-05-09 12:07:55,2026-05-11 12:08:37,0.0,KRW
se_000609,u_00186,purchase,monthly_basic,true,2026-05-11 12:50:55,2026-05-11 12:54:51,0.0,KRW
se_000611,u_00053,purchase,monthly_plus,false,2026-05-11 13:06:51,2026-05-11 13:13:58,10900.0,KRW
se_000615,u_01268,purchase,monthly_basic,false,2026-05-11 14:57:27,2026-05-11 15:00:07,4.99,USD
se_000618,u_01687,purchase,monthly_basic,true,2026-05-11 17:59:39,2026-05-11 18:09:16,0.0,JPY
se_000619,u_01919,purchase,monthly_plus,true,2026-05-11 18:05:00,2026-05-11 18:12:39,0.0,EUR
se_000620,u_02341,purchase,monthly_basic,true,2026-05-11 18:08:59,2026-05-11 18:16:03,0.0,JPY
se_000621,u_02636,renewal,monthly_plus,false,2026-05-11 19:43:45,2026-05-11 19:51:41,1200.0,JPY
se_000622,u_00547,purchase,monthly_basic,true,2026-05-11 20:08:57,2026-05-11 20:11:26,0.0,KRW
se_000621,u_02636,renewal,monthly_plus,false,2026-05-11 19:43:45,2026-05-11 20:19:58,1200.0,JPY
se_000582,u_01409,RENEWAL,monthly_plus,false,2026-05-08 21:25:23,2026-05-11 21:33:24,10900.0,KRW
se_000606,u_02893,purchase,monthly_basic,false,2026-05-11 07:25:13,2026-05-12 07:31:14,6900.0,KRW
se_000624,u_00663,renewal,monthly_plus,false,2026-05-12 08:23:56,2026-05-12 08:33:04,10900.0,KRW
se_000628,u_00335,purchase,monthly_basic,true,2026-05-12 10:28:30,2026-05-12 10:29:28,0.0,KRW
se_000631,u_00871,purchase,yearly_basic,true,2026-05-12 11:48:04,2026-05-12 11:52:06,0.0,KRW
se_000608,u_00935,purchase,yearly_plus,true,2026-05-11 12:27:27,2026-05-12 12:36:12,0.0,JPY
se_000633,u_02565,purchase,yearly_plus,true,2026-05-12 12:39:38,2026-05-12 12:48:47,0.0,KRW
se_000634,u_00939,purchase,monthly_plus,true,2026-05-12 12:48:35,2026-05-12 12:55:48,0.0,BRL
se_000610,u_00298,purchase,yearly_basic,true,2026-05-11 12:55:24,2026-05-12 12:56:06,0.0,USD
se_000636,u_00756,purchase,yearly_plus,true,2026-05-12 13:48:00,2026-05-12 13:57:31,0.0,EUR
se_000612,u_00994,purchase,monthly_plus,true,2026-05-11 14:01:53,2026-05-12 14:02:01,0.0,KRW
se_000637,u_01213,purchase,yearly_basic,true,2026-05-12 14:32:18,2026-05-12 14:36:05,0.0,BRL
se_000600,u_01100,purchase,yearly_basic,true,2026-05-10 14:38:18,2026-05-12 14:40:19,0.0,USD
se_000613,u_02476,purchase,monthly_basic,true,2026-05-11 14:34:59,2026-05-12 14:42:56,0.0,KRW
se_000638,u_00222,purchase,yearly_basic,true,2026-05-12 14:44:17,2026-05-12 14:51:04,0.0,USD
se_000639,u_00612,purchase,monthly_basic,true,2026-05-12 15:20:17,2026-05-12 15:27:49,0.0,USD
se_000601,u_01480,purchase,monthly_plus,true,2026-05-10 15:29:09,2026-05-12 15:29:52,0.0,JPY
se_000641,u_01159,purchase,monthly_basic,false,2026-05-12 16:00:16,2026-05-12 16:09:16,6900.0,KRW
se_000642,u_00800,purchase,yearly_basic,true,2026-05-12 16:03:44,2026-05-12 16:10:15,0.0,KRW
se_000616,u_02407,purchase,monthly_plus,false,2026-05-11 16:14:49,2026-05-12 16:16:39,1200.0,JPY
se_000643,u_02717,purchase,monthly_basic,true,2026-05-12 16:20:31,2026-05-12 16:25:21,0.0,JPY
se_000617,u_02762,PURCHASE,monthly_basic,true,2026-05-11 16:52:33,2026-05-12 16:58:40,0.0,EUR
se_000592,u_01302,purchase,monthly_plus,true,2026-05-09 19:02:19,2026-05-12 19:07:06,0.0,USD
se_000645,u_02415,purchase,monthly_basic,false,2026-05-12 19:16:12,2026-05-12 19:21:41,750.0,JPY
se_000646,u_00155,purchase,yearly_plus,true,2026-05-12 19:35:01,2026-05-12 19:43:22,0.0,USD
se_000647,u_00869,purchase,monthly_plus,true,2026-05-12 20:00:16,2026-05-12 20:06:38,0.0,EUR
se_000648,u_01853,PURCHASE,monthly_plus,true,2026-05-12 20:05:46,2026-05-12 20:14:49,0.0,JPY
se_000649,u_01925,purchase,monthly_plus,false,2026-05-12 20:34:17,2026-05-12 20:37:38,10900.0,KRW
se_000650,u_00091,purchase,monthly_plus,true,2026-05-12 20:38:05,2026-05-12 20:44:00,0.0,KRW
se_000604,u_01699,purchase,yearly_basic,false,2026-05-10 21:09:24,2026-05-12 21:12:21,29.99,USD
se_000623,u_00923,PURCHASE,monthly_basic,true,2026-05-11 22:20:12,2026-05-12 22:24:48,0.0,JPY
se_000651,u_02216,purchase,yearly_basic,false,2026-05-13 07:13:31,2026-05-13 07:19:48,27.99,EUR
se_000653,u_00638,cancel,yearly_basic,false,2026-05-13 08:31:48,2026-05-13 08:33:32,0.0,KRW
se_000654,u_00833,purchase,monthly_plus,true,2026-05-13 09:10:36,2026-05-13 09:10:40,0.0,KRW
se_000655,u_02465,purchase,monthly_basic,true,2026-05-13 09:16:59,2026-05-13 09:18:10,0.0,KRW
se_000627,u_01373,purchase,monthly_basic,true,2026-05-12 10:18:18,2026-05-13 10:23:04,0.0,KRW
se_000629,u_01285,purchase,yearly_basic,false,2026-05-12 11:17:26,2026-05-13 11:25:12,39000.0,KRW
se_000656,u_02622,PURCHASE,monthly_basic,false,2026-05-13 11:38:21,2026-05-13 11:38:28,6900.0,KRW
se_000630,u_02083,cancel,monthly_plus,false,2026-05-12 11:33:31,2026-05-13 11:43:15,0.0,JPY
se_000656,u_02622,purchase,monthly_basic,false,2026-05-13 11:38:21,2026-05-13 11:52:24,6900.0,KRW
se_000657,u_00485,purchase,monthly_plus,true,2026-05-13 13:04:48,2026-05-13 13:11:38,0.0,KRW
se_000614,u_01803,purchase,monthly_basic,true,2026-05-11 14:36:32,2026-05-13 14:44:04,0.0,USD
se_000659,u_01801,renewal,monthly_plus,false,2026-05-13 14:59:42,2026-05-13 15:08:56,10900.0,KRW
se_000661,u_01057,purchase,yearly_plus,true,2026-05-13 16:43:53,2026-05-13 16:48:49,0.0,KRW
se_000662,u_00798,purchase,monthly_basic,true,2026-05-13 17:17:17,2026-05-13 17:26:56,0.0,KRW
se_000664,u_01629,purchase,monthly_plus,false,2026-05-13 17:48:01,2026-05-13 17:56:25,7.99,USD
se_000666,u_02527,purchase,monthly_plus,true,2026-05-13 22:22:46,2026-05-13 22:29:57,0.0,USD
se_000667,u_02435,purchase,yearly_basic,true,2026-05-13 22:46:30,2026-05-13 22:56:23,0.0,USD
se_000668,u_02544,purchase,monthly_plus,false,2026-05-14 08:22:58,2026-05-14 08:26:51,10900.0,KRW
se_000669,u_02800,purchase,yearly_basic,false,2026-05-14 08:25:03,2026-05-14 08:32:55,29.99,USD
se_000626,u_01266,renewal,monthly_basic,false,2026-05-12 09:44:13,2026-05-14 09:50:19,4.99,USD
se_000607,u_00562,renewal,monthly_basic,false,2026-05-11 10:27:34,2026-05-14 10:36:25,6900.0,KRW
se_000632,u_01473,purchase,monthly_plus,true,2026-05-12 12:20:31,2026-05-14 12:24:55,0.0,USD
se_000674,u_00785,purchase,monthly_plus,true,2026-05-14 12:48:50,2026-05-14 12:52:42,0.0,KRW
se_000675,u_00729,purchase,monthly_basic,true,2026-05-14 12:57:35,2026-05-14 13:01:42,0.0,KRW
se_000658,u_00054,purchase,monthly_plus,true,2026-05-13 14:06:43,2026-05-14 14:10:26,0.0,JPY
se_000676,u_02239,purchase,yearly_plus,true,2026-05-14 16:03:25,2026-05-14 16:09:52,0.0,JPY
se_000677,u_02291,purchase,yearly_basic,false,2026-05-14 16:24:17,2026-05-14 16:34:11,39000.0,KRW
se_000665,u_01954,purchase,yearly_basic,true,2026-05-13 19:24:58,2026-05-14 19:27:39,0.0,KRW
se_000684,u_02644,purchase,monthly_basic,true,2026-05-14 20:39:10,2026-05-14 20:46:30,0.0,KRW
se_000686,u_01309,purchase,monthly_basic,false,2026-05-15 07:11:31,2026-05-15 07:15:21,6900.0,KRW
se_000625,u_01924,purchase,yearly_basic,true,2026-05-12 08:47:25,2026-05-15 08:51:19,0.0,JPY
se_000670,u_01762,purchase,monthly_basic,false,2026-05-14 09:25:23,2026-05-15 09:26:19,6900.0,KRW
se_000672,u_02846,purchase,monthly_plus,true,2026-05-14 10:58:19,2026-05-15 11:07:14,0.0,USD
se_000687,u_01340,purchase,monthly_basic,false,2026-05-15 11:15:40,2026-05-15 11:17:01,6900.0,KRW
se_000688,u_02473,PURCHASE,monthly_basic,false,2026-05-15 12:21:16,2026-05-15 12:21:41,6900.0,KRW
se_000689,u_02980,purchase,monthly_basic,true,2026-05-15 12:30:00,2026-05-15 12:37:37,0.0,BRL
se_000673,u_01866,purchase,yearly_plus,false,2026-05-14 12:38:18,2026-05-15 12:39:08,65000.0,KRW
se_000635,u_02802,purchase,monthly_plus,true,2026-05-12 13:23:00,2026-05-15 13:30:35,0.0,JPY
se_000690,u_02076,purchase,monthly_basic,false,2026-05-15 13:45:02,2026-05-15 13:53:05,4.99,USD
se_000691,u_02011,purchase,monthly_basic,true,2026-05-15 14:37:27,2026-05-15 14:38:45,0.0,JPY
se_000692,u_01921,purchase,monthly_basic,false,2026-05-15 15:11:55,2026-05-15 15:15:23,6900.0,KRW
se_000640,u_00332,purchase,monthly_basic,false,2026-05-12 15:36:37,2026-05-15 15:45:42,6900.0,KRW
se_000678,u_01173,purchase,yearly_basic,false,2026-05-14 16:28:58,2026-05-15 16:36:59,39000.0,KRW
se_000644,u_00537,purchase,yearly_basic,true,2026-05-12 16:49:16,2026-05-15 16:53:14,0.0,EUR
se_000663,u_02384,purchase,yearly_basic,false,2026-05-13 17:18:36,2026-05-15 17:20:40,27.99,EUR
se_000680,u_00367,purchase,monthly_plus,true,2026-05-14 17:29:04,2026-05-15 17:33:07,0.0,KRW
se_000693,u_02374,purchase,monthly_basic,false,2026-05-15 17:59:28,2026-05-15 18:02:49,6900.0,KRW
se_000681,u_01017,purchase,monthly_plus,false,2026-05-14 18:02:20,2026-05-15 18:06:58,10900.0,KRW
se_000683,u_00647,purchase,monthly_basic,true,2026-05-14 19:15:50,2026-05-15 19:16:51,0.0,EUR
se_000695,u_01420,purchase,monthly_basic,true,2026-05-15 19:16:53,2026-05-15 19:23:18,0.0,KRW
se_000697,u_01925,refund,monthly_plus,false,2026-05-15 20:34:17,2026-05-15 20:41:33,-10900.0,KRW
se_000685,u_01517,purchase,yearly_basic,true,2026-05-14 21:55:54,2026-05-15 22:00:18,0.0,KRW
se_000698,u_00973,purchase,monthly_basic,true,2026-05-15 22:12:05,2026-05-15 22:20:01,0.0,BRL
se_000652,u_02845,purchase,monthly_basic,true,2026-05-13 07:32:15,2026-05-16 07:37:54,0.0,KRW
se_000700,u_02686,purchase,yearly_basic,true,2026-05-16 08:25:25,2026-05-16 08:34:26,0.0,USD
se_000701,u_01356,purchase,yearly_plus,true,2026-05-16 09:25:12,2026-05-16 09:33:25,0.0,EUR
se_000671,u_00373,purchase,yearly_plus,false,2026-05-14 10:29:38,2026-05-16 10:36:24,7500.0,JPY
se_000703,u_00651,purchase,monthly_basic,true,2026-05-16 12:13:01,2026-05-16 12:14:11,0.0,JPY
se_000704,u_02698,purchase,monthly_basic,false,2026-05-16 14:03:23,2026-05-16 14:04:14,4.49,EUR
se_000705,u_00453,purchase,monthly_plus,true,2026-05-16 14:08:13,2026-05-16 14:08:46,0.0,KRW
se_000706,u_00876,purchase,yearly_basic,true,2026-05-16 14:49:52,2026-05-16 14:54:44,0.0,JPY
se_000660,u_01979,renewal,monthly_basic,false,2026-05-13 15:13:33,2026-05-16 15:19:31,6900.0,KRW
se_000707,u_01120,purchase,monthly_basic,true,2026-05-16 15:16:31,2026-05-16 15:23:09,0.0,KRW
se_000708,u_00962,purchase,yearly_plus,false,2026-05-16 15:56:59,2026-05-16 16:04:01,65000.0,KRW
se_000682,u_02428,purchase,yearly_plus,false,2026-05-14 18:15:30,2026-05-16 18:22:42,249.9,BRL
se_000694,u_02546,PURCHASE,yearly_basic,false,2026-05-15 18:52:58,2026-05-16 18:55:37,149.9,BRL
se_000711,u_00718,purchase,monthly_basic,true,2026-05-16 18:56:14,2026-05-16 18:59:26,0.0,KRW
se_000712,u_01162,purchase,monthly_basic,true,2026-05-16 19:41:26,2026-05-16 19:47:36,0.0,KRW
se_000712,u_01162,purchase,monthly_basic,true,2026-05-16 19:41:26,2026-05-16 20:46:28,0.0,KRW
se_000714,u_01101,purchase,monthly_basic,true,2026-05-16 20:56:37,2026-05-16 20:57:53,0.0,USD
se_000715,u_02642,purchase,monthly_plus,true,2026-05-16 21:05:59,2026-05-16 21:06:12,0.0,JPY
se_000718,u_02333,cancel,monthly_basic,false,2026-05-16 21:59:36,2026-05-16 22:02:29,0.0,KRW
se_000722,u_02946,renewal,monthly_basic,false,2026-05-17 07:28:18,2026-05-17 07:34:31,750.0,JPY
se_000723,u_02715,purchase,monthly_basic,true,2026-05-17 07:37:36,2026-05-17 07:47:21,0.0,EUR
se_000724,u_02251,purchase,monthly_basic,true,2026-05-17 07:47:06,2026-05-17 07:52:45,0.0,KRW
se_000725,u_00167,cancel,monthly_basic,false,2026-05-17 10:52:07,2026-05-17 10:57:12,0.0,EUR
se_000728,u_01256,RENEWAL,monthly_basic,false,2026-05-17 11:58:35,2026-05-17 12:02:14,4.99,USD
se_000728,u_01256,renewal,monthly_basic,false,2026-05-17 11:58:35,2026-05-17 12:46:25,4.99,USD
se_000730,u_00087,renewal,monthly_plus,false,2026-05-17 12:48:57,2026-05-17 12:54:44,7.99,USD
se_000731,u_01556,CANCEL,monthly_basic,false,2026-05-17 14:33:54,2026-05-17 14:39:10,0.0,KRW
se_000733,u_01296,purchase,monthly_plus,true,2026-05-17 15:40:13,2026-05-17 15:50:10,0.0,USD
se_000734,u_01800,purchase,yearly_plus,true,2026-05-17 15:41:43,2026-05-17 15:50:13,0.0,BRL
se_000679,u_01031,purchase,monthly_basic,true,2026-05-14 16:46:41,2026-05-17 16:54:05,0.0,KRW
se_000709,u_02958,PURCHASE,monthly_plus,true,2026-05-16 16:52:24,2026-05-17 16:55:01,0.0,EUR
se_000735,u_02959,purchase,monthly_plus,true,2026-05-17 17:02:29,2026-05-17 17:03:37,0.0,KRW
se_000736,u_00910,RENEWAL,monthly_basic,false,2026-05-17 17:05:06,2026-05-17 17:05:08,4.49,EUR
se_000737,u_00017,purchase,monthly_plus,true,2026-05-17 17:56:30,2026-05-17 17:57:08,0.0,USD
se_000696,u_01477,PURCHASE,monthly_basic,true,2026-05-15 19:42:41,2026-05-17 19:43:04,0.0,JPY
se_000740,u_00344,purchase,monthly_basic,true,2026-05-17 21:00:55,2026-05-17 21:04:22,0.0,USD
se_000716,u_00164,purchase,monthly_basic,false,2026-05-16 21:24:52,2026-05-17 21:29:20,6900.0,KRW
se_000720,u_00951,renewal,monthly_basic,false,2026-05-16 22:28:30,2026-05-17 22:33:29,6900.0,KRW
se_000741,u_01217,purchase,monthly_plus,true,2026-05-18 07:06:17,2026-05-18 07:08:13,0.0,EUR
se_000726,u_00563,purchase,yearly_basic,true,2026-05-17 11:13:20,2026-05-18 11:21:03,0.0,KRW
se_000727,u_02865,renewal,monthly_plus,false,2026-05-17 11:19:31,2026-05-18 11:23:43,10900.0,KRW
se_000747,u_00296,purchase,monthly_basic,true,2026-05-18 11:53:46,2026-05-18 12:00:47,0.0,KRW
se_000729,u_00629,purchase,monthly_basic,true,2026-05-17 12:11:17,2026-05-18 12:17:31,0.0,BRL
se_000748,u_00186,purchase,monthly_basic,false,2026-05-18 12:50:55,2026-05-18 12:56:39,6900.0,KRW
se_000749,u_02350,purchase,monthly_plus,true,2026-05-18 13:01:32,2026-05-18 13:09:28,0.0,BRL
se_000751,u_02685,purchase,yearly_basic,true,2026-05-18 14:47:16,2026-05-18 14:49:53,0.0,KRW
se_000754,u_01919,purchase,monthly_plus,false,2026-05-18 18:05:00,2026-05-18 18:10:01,7.49,EUR
se_000757,u_02432,purchase,monthly_basic,true,2026-05-18 19:46:50,2026-05-18 19:47:30,0.0,JPY
se_000713,u_00248,purchase,monthly_plus,false,2026-05-16 20:23:30,2026-05-18 20:29:50,7.99,USD
se_000739,u_02298,purchase,monthly_basic,true,2026-05-17 20:57:09,2026-05-18 21:03:09,0.0,KRW
se_000758,u_02489,purchase,monthly_basic,true,2026-05-18 21:42:12,2026-05-18 21:51:12,0.0,KRW
se_000719,u_00556,purchase,yearly_plus,true,2026-05-16 22:00:22,2026-05-18 22:01:52,0.0,KRW
se_000699,u_00940,purchase,yearly_basic,true,2026-05-16 07:35:31,2026-05-19 07:38:20,0.0,KRW
se_000744,u_01074,PURCHASE,monthly_basic,true,2026-05-18 08:14:41,2026-05-19 08:17:10,0.0,EUR
se_000759,u_01000,purchase,yearly_basic,true,2026-05-19 09:42:57,2026-05-19 09:48:38,0.0,KRW
se_000760,u_00606,purchase,monthly_basic,true,2026-05-19 10:55:16,2026-05-19 11:04:03,0.0,USD
se_000746,u_01720,PURCHASE,monthly_basic,true,2026-05-18 11:49:26,2026-05-19 11:54:58,0.0,USD
se_000702,u_01437,purchase,yearly_plus,false,2026-05-16 12:07:55,2026-05-19 12:09:47,65000.0,KRW
se_000762,u_01473,purchase,monthly_plus,false,2026-05-19 12:20:31,2026-05-19 12:27:46,7.99,USD
se_000763,u_02565,purchase,yearly_plus,false,2026-05-19 12:39:38,2026-05-19 12:45:45,65000.0,KRW
se_000768,u_00701,purchase,yearly_basic,true,2026-05-19 15:19:13,2026-05-19 15:21:47,0.0,KRW
se_000769,u_00800,purchase,yearly_basic,false,2026-05-19 16:03:44,2026-05-19 16:12:36,39000.0,KRW
se_000771,u_02717,purchase,monthly_basic,false,2026-05-19 16:20:31,2026-05-19 16:21:14,750.0,JPY
se_000753,u_00667,purchase,monthly_plus,true,2026-05-18 17:20:23,2026-05-19 17:21:07,0.0,KRW
se_000710,u_01814,purchase,yearly_basic,true,2026-05-16 18:21:46,2026-05-19 18:24:55,0.0,KRW
se_000756,u_01241,purchase,monthly_basic,true,2026-05-18 18:45:40,2026-05-19 18:48:28,0.0,JPY
se_000738,u_02876,purchase,monthly_plus,true,2026-05-17 19:02:09,2026-05-19 19:05:34,0.0,KRW
se_000774,u_00784,renewal,monthly_plus,false,2026-05-19 20:09:44,2026-05-19 20:10:15,10900.0,KRW
se_000717,u_00960,purchase,monthly_basic,false,2026-05-16 21:31:26,2026-05-19 21:39:05,6900.0,KRW
se_000721,u_02742,renewal,monthly_basic,false,2026-05-16 22:33:18,2026-05-19 22:43:12,6900.0,KRW
se_000761,u_00712,purchase,yearly_basic,true,2026-05-19 12:04:45,2026-05-20 12:09:27,0.0,KRW
se_000764,u_00747,PURCHASE,monthly_basic,true,2026-05-19 13:16:00,2026-05-20 13:23:54,0.0,USD
se_000778,u_02609,purchase,yearly_basic,true,2026-05-20 13:21:34,2026-05-20 13:24:07,0.0,KRW
se_000779,u_00054,purchase,monthly_plus,false,2026-05-20 14:06:43,2026-05-20 14:08:20,1200.0,JPY
se_000750,u_02476,purchase,monthly_basic,false,2026-05-18 14:34:59,2026-05-20 14:39:07,6900.0,KRW
se_000732,u_01100,purchase,yearly_basic,false,2026-05-17 14:38:18,2026-05-20 14:47:37,29.99,USD
se_000783,u_01840,purchase,monthly_plus,true,2026-05-20 15:34:29,2026-05-20 15:35:51,0.0,JPY
se_000785,u_01057,purchase,yearly_plus,false,2026-05-20 16:43:53,2026-05-20 16:44:56,65000.0,KRW
se_000787,u_01497,purchase,monthly_basic,true,2026-05-20 17:20:15,2026-05-20 17:21:06,0.0,USD
se_000786,u_02949,purchase,monthly_basic,true,2026-05-20 17:19:43,2026-05-20 17:22:11,0.0,USD
se_000788,u_02336,purchase,monthly_basic,true,2026-05-20 17:37:06,2026-05-20 17:40:03,0.0,KRW
se_000755,u_02341,purchase,monthly_basic,false,2026-05-18 18:08:59,2026-05-20 18:17:38,750.0,JPY
se_000772,u_01207,purchase,monthly_plus,true,2026-05-19 18:40:50,2026-05-20 18:42:40,0.0,BRL
se_000792,u_00655,PURCHASE,yearly_basic,true,2026-05-20 21:32:26,2026-05-20 21:35:28,0.0,KRW
se_000794,u_01958,purchase,monthly_basic,true,2026-05-20 22:05:09,2026-05-20 22:12:27,0.0,JPY
se_000743,u_00445,purchase,monthly_plus,true,2026-05-18 07:58:54,2026-05-21 07:59:08,0.0,USD
se_000742,u_01916,purchase,monthly_basic,true,2026-05-18 07:55:31,2026-05-21 08:01:03,0.0,KRW
se_000798,u_02343,purchase,monthly_basic,true,2026-05-21 08:03:46,2026-05-21 08:12:35,0.0,JPY
se_000799,u_01926,renewal,monthly_basic,false,2026-05-21 08:21:26,2026-05-21 08:28:25,6900.0,KRW
se_000777,u_01258,purchase,monthly_basic,true,2026-05-20 08:43:14,2026-05-21 08:46:48,0.0,USD
se_000802,u_02335,PURCHASE,yearly_basic,true,2026-05-21 10:47:40,2026-05-21 10:54:18,0.0,USD
se_000745,u_00995,purchase,monthly_plus,true,2026-05-18 11:13:24,2026-05-21 11:18:58,0.0,EUR
se_000765,u_00756,purchase,yearly_plus,false,2026-05-19 13:48:00,2026-05-21 13:52:19,46.99,EUR
se_000806,u_00789,purchase,yearly_basic,true,2026-05-21 14:13:25,2026-05-21 14:21:02,0.0,KRW
se_000766,u_01213,PURCHASE,yearly_basic,false,2026-05-19 14:32:18,2026-05-21 14:39:30,149.9,BRL
se_000767,u_00222,purchase,yearly_basic,false,2026-05-19 14:44:17,2026-05-21 14:46:17,29.99,USD
se_000781,u_00648,purchase,yearly_plus,true,2026-05-20 14:57:37,2026-05-21 15:03:55,0.0,USD
se_000784,u_02351,purchase,monthly_basic,true,2026-05-20 15:37:16,2026-05-21 15:43:10,0.0,BRL
se_000752,u_02593,purchase,yearly_plus,true,2026-05-18 15:43:15,2026-05-21 15:52:15,0.0,EUR
se_000807,u_02239,purchase,yearly_plus,false,2026-05-21 16:03:25,2026-05-21 16:07:28,7500.0,JPY
se_000809,u_00456,purchase,monthly_basic,true,2026-05-21 17:14:53,2026-05-21 17:16:06,0.0,KRW
se_000810,u_00367,purchase,monthly_plus,false,2026-05-21 17:29:04,2026-05-21 17:35:27,10900.0,KRW
se_000789,u_01645,renewal,monthly_basic,false,2026-05-20 17:38:45,2026-05-21 17:39:44,4.99,USD
se_000811,u_00057,purchase,monthly_plus,true,2026-05-21 19:39:08,2026-05-21 19:42:03,0.0,JPY
se_000773,u_01853,purchase,monthly_plus,false,2026-05-19 20:05:46,2026-05-21 20:07:50,1200.0,JPY
se_000812,u_01922,PURCHASE,monthly_basic,true,2026-05-21 21:10:34,2026-05-21 21:15:20,0.0,USD
se_000793,u_01876,renewal,monthly_basic,false,2026-05-20 22:01:15,2026-05-21 22:09:52,6900.0,KRW
se_000796,u_02527,purchase,monthly_plus,false,2026-05-20 22:22:46,2026-05-21 22:23:14,7.99,USD
se_000797,u_02139,PURCHASE,yearly_basic,true,2026-05-20 22:44:37,2026-05-21 22:47:43,0.0,JPY
se_000775,u_00305,purchase,monthly_plus,true,2026-05-20 07:16:28,2026-05-22 07:25:24,0.0,EUR
se_000800,u_01266,cancel,monthly_basic,false,2026-05-21 09:44:13,2026-05-22 09:48:25,0.0,USD
se_000813,u_00755,purchase,monthly_basic,true,2026-05-22 10:08:10,2026-05-22 10:16:35,0.0,JPY
se_000801,u_01997,purchase,monthly_plus,true,2026-05-21 10:12:27,2026-05-22 10:21:19,0.0,USD
se_000814,u_00390,renewal,monthly_basic,false,2026-05-22 10:37:21,2026-05-22 10:42:08,24.9,BRL
se_000815,u_02688,purchase,monthly_basic,true,2026-05-22 11:27:23,2026-05-22 11:29:03,0.0,KRW
se_000803,u_01473,refund,monthly_plus,false,2026-05-21 12:20:31,2026-05-22 12:29:28,-7.99,USD
se_000804,u_00729,purchase,monthly_basic,false,2026-05-21 12:57:35,2026-05-22 13:05:09,6900.0,KRW
se_000805,u_02154,purchase,monthly_plus,true,2026-05-21 13:32:06,2026-05-22 13:34:12,0.0,USD
se_000780,u_02029,purchase,monthly_plus,true,2026-05-20 14:52:54,2026-05-22 14:55:21,0.0,USD
se_000782,u_02118,purchase,monthly_basic,true,2026-05-20 15:03:45,2026-05-22 15:06:56,0.0,EUR
se_000770,u_01859,PURCHASE,yearly_plus,true,2026-05-19 16:12:49,2026-05-22 16:18:40,0.0,USD
se_000808,u_01031,purchase,monthly_basic,false,2026-05-21 16:46:41,2026-05-22 16:53:05,6900.0,KRW
se_000819,u_00922,purchase,yearly_basic,true,2026-05-22 17:39:26,2026-05-22 17:48:37,0.0,USD
se_000820,u_02062,purchase,yearly_plus,true,2026-05-22 17:58:10,2026-05-22 17:59:50,0.0,KRW
se_000821,u_01420,PURCHASE,monthly_basic,false,2026-05-22 19:16:53,2026-05-22 19:19:10,6900.0,KRW
se_000822,u_01477,purchase,monthly_basic,false,2026-05-22 19:42:41,2026-05-22 19:51:37,750.0,JPY
se_000823,u_02247,purchase,monthly_plus,true,2026-05-22 20:22:27,2026-05-22 20:31:13,0.0,USD
se_000825,u_00973,purchase,monthly_basic,false,2026-05-22 22:12:05,2026-05-22 22:18:13,24.9,BRL
se_000795,u_01321,renewal,monthly_basic,false,2026-05-20 22:22:38,2026-05-22 22:27:40,750.0,JPY
se_000826,u_00034,purchase,yearly_basic,true,2026-05-22 22:53:07,2026-05-22 22:53:45,0.0,USD
se_000776,u_02845,purchase,monthly_basic,false,2026-05-20 07:32:15,2026-05-23 07:39:34,6900.0,KRW
se_000830,u_00522,RENEWAL,monthly_basic,false,2026-05-23 10:28:18,2026-05-23 10:31:42,4.49,EUR
se_000829,u_01947,renewal,monthly_basic,false,2026-05-23 10:27:00,2026-05-23 10:36:45,750.0,JPY
se_000831,u_01760,purchase,monthly_basic,true,2026-05-23 10:44:04,2026-05-23 10:49:55,0.0,KRW
se_000832,u_00651,purchase,monthly_basic,false,2026-05-23 12:13:01,2026-05-23 12:19:42,750.0,JPY
se_000816,u_02660,renewal,monthly_basic,false,2026-05-22 12:19:38,2026-05-23 12:27:14,6900.0,KRW
se_000834,u_00876,purchase,yearly_basic,false,2026-05-23 14:49:52,2026-05-23 14:53:13,4500.0,JPY
se_000837,u_01814,purchase,yearly_basic,false,2026-05-23 18:21:46,2026-05-23 18:23:05,39000.0,KRW
se_000790,u_01954,purchase,yearly_basic,false,2026-05-20 19:24:58,2026-05-23 19:33:11,39000.0,KRW
se_000840,u_01897,PURCHASE,monthly_basic,true,2026-05-23 19:42:44,2026-05-23 19:49:30,0.0,JPY
se_000841,u_00266,purchase,monthly_basic,true,2026-05-23 20:21:18,2026-05-23 20:23:04,0.0,KRW
se_000791,u_02821,purchase,monthly_plus,true,2026-05-20 20:50:54,2026-05-23 21:00:21,0.0,KRW
se_000845,u_02729,purchase,monthly_basic,true,2026-05-24 07:41:23,2026-05-24 07:46:50,0.0,KRW
se_000827,u_02634,purchase,monthly_basic,true,2026-05-23 08:29:42,2026-05-24 08:39:04,0.0,USD
se_000847,u_02679,purchase,monthly_plus,true,2026-05-24 09:39:23,2026-05-24 09:46:25,0.0,BRL
se_000848,u_00629,purchase,monthly_basic,false,2026-05-24 12:11:17,2026-05-24 12:19:26,24.9,BRL
se_000817,u_00978,purchase,yearly_basic,true,2026-05-22 14:04:00,2026-05-24 14:09:31,0.0,USD
se_000833,u_01544,purchase,monthly_plus,true,2026-05-23 14:08:44,2026-05-24 14:12:28,0.0,BRL
se_000850,u_02892,purchase,monthly_basic,true,2026-05-24 14:36:46,2026-05-24 14:40:48,0.0,KRW
se_000851,u_00698,purchase,monthly_basic,true,2026-05-24 14:40:51,2026-05-24 14:50:18,0.0,KRW
se_000835,u_01455,purchase,monthly_plus,true,2026-05-23 15:01:09,2026-05-24 15:01:11,0.0,USD
se_000818,u_02561,purchase,monthly_basic,true,2026-05-22 15:31:42,2026-05-24 15:40:01,0.0,KRW
se_000854,u_00455,purchase,monthly_basic,true,2026-05-24 15:38:28,2026-05-24 15:40:08,0.0,KRW
se_000856,u_00548,purchase,yearly_basic,true,2026-05-24 15:44:08,2026-05-24 15:47:14,0.0,EUR
se_000859,u_01350,purchase,monthly_basic,true,2026-05-24 18:48:42,2026-05-24 18:53:18,0.0,JPY
se_000838,u_00718,purchase,monthly_basic,false,2026-05-23 18:56:14,2026-05-24 19:05:58,6900.0,KRW
se_000842,u_01628,purchase,monthly_basic,true,2026-05-23 20:35:02,2026-05-24 20:41:34,0.0,KRW
se_000863,u_00344,purchase,monthly_basic,false,2026-05-24 21:00:55,2026-05-24 21:04:05,4.99,USD
se_000824,u_00288,purchase,monthly_basic,true,2026-05-22 21:43:31,2026-05-24 21:47:29,0.0,JPY
se_000843,u_01791,PURCHASE,monthly_basic,true,2026-05-23 21:43:50,2026-05-24 21:51:28,0.0,JPY
se_000865,u_00445,purchase,monthly_plus,false,2026-05-25 07:58:54,2026-05-25 08:04:22,7.99,USD
se_000867,u_02123,purchase,yearly_basic,true,2026-05-25 09:04:05,2026-05-25 09:06:31,0.0,KRW
se_000846,u_02947,purchase,yearly_basic,true,2026-05-24 09:14:00,2026-05-25 09:16:57,0.0,USD
se_000868,u_01525,purchase,yearly_basic,true,2026-05-25 09:45:50,2026-05-25 09:47:46,0.0,EUR
se_000828,u_02580,purchase,monthly_basic,true,2026-05-23 10:14:14,2026-05-25 10:20:01,0.0,BRL
se_000873,u_00296,purchase,monthly_basic,false,2026-05-25 11:53:46,2026-05-25 12:00:14,6900.0,KRW
se_000874,u_02473,cancel,monthly_basic,false,2026-05-25 12:21:16,2026-05-25 12:30:22,0.0,KRW
se_000875,u_02350,purchase,monthly_plus,false,2026-05-25 13:01:32,2026-05-25 13:02:22,39.9,BRL
se_000849,u_00981,purchase,monthly_plus,true,2026-05-24 13:04:33,2026-05-25 13:13:33,0.0,KRW
se_000852,u_00178,renewal,monthly_plus,false,2026-05-24 14:43:13,2026-05-25 14:46:48,10900.0,KRW
se_000853,u_01396,purchase,monthly_plus,true,2026-05-24 15:05:32,2026-05-25 15:15:05,0.0,JPY
se_000878,u_02614,purchase,monthly_plus,true,2026-05-25 15:24:53,2026-05-25 15:27:59,0.0,USD
se_000879,u_00468,purchase,monthly_basic,true,2026-05-25 16:27:39,2026-05-25 16:28:48,0.0,KRW
se_000857,u_01908,renewal,monthly_basic,false,2026-05-24 17:32:44,2026-05-25 17:38:56,6900.0,KRW
se_000836,u_00597,purchase,monthly_basic,true,2026-05-23 17:37:41,2026-05-25 17:46:58,0.0,JPY
se_000858,u_00424,purchase,monthly_basic,true,2026-05-24 18:35:56,2026-05-25 18:40:31,0.0,EUR
se_000860,u_02876,purchase,monthly_plus,false,2026-05-24 19:02:09,2026-05-25 19:08:09,10900.0,KRW
se_000883,u_02037,purchase,monthly_plus,true,2026-05-25 19:48:05,2026-05-25 19:50:31,0.0,KRW
se_000882,u_02432,purchase,monthly_basic,false,2026-05-25 19:46:50,2026-05-25 19:55:17,750.0,JPY
se_000862,u_00750,renewal,monthly_plus,false,2026-05-24 20:37:38,2026-05-25 20:38:03,7.49,EUR
se_000884,u_01702,renewal,monthly_basic,false,2026-05-25 21:30:50,2026-05-25 21:38:20,4.99,USD
se_000885,u_02489,purchase,monthly_basic,false,2026-05-25 21:42:12,2026-05-25 21:49:26,6900.0,KRW
se_000887,u_01118,purchase,monthly_basic,true,2026-05-25 22:44:40,2026-05-25 22:53:57,0.0,EUR
se_000844,u_00786,purchase,yearly_basic,true,2026-05-24 07:35:11,2026-05-26 07:39:05,0.0,KRW
se_000891,u_01000,purchase,yearly_basic,false,2026-05-26 09:42:57,2026-05-26 09:48:31,39000.0,KRW
se_000869,u_02560,purchase,monthly_plus,true,2026-05-25 10:03:25,2026-05-26 10:05:44,0.0,USD
se_000870,u_02494,PURCHASE,yearly_plus,true,2026-05-25 10:58:08,2026-05-26 11:04:41,0.0,USD
se_000872,u_01873,purchase,monthly_basic,true,2026-05-25 11:45:08,2026-05-26 11:50:45,0.0,BRL
se_000894,u_00490,purchase,monthly_basic,true,2026-05-26 12:08:07,2026-05-26 12:12:58,0.0,KRW
se_000872,u_01873,purchase,monthly_basic,true,2026-05-25 11:45:08,2026-05-26 12:21:15,0.0,BRL
se_000876,u_01423,purchase,monthly_plus,true,2026-05-25 13:54:07,2026-05-26 13:58:31,0.0,JPY
se_000855,u_01296,purchase,monthly_plus,false,2026-05-24 15:40:13,2026-05-26 15:41:01,7.99,USD
se_000897,u_01859,purchase,yearly_plus,false,2026-05-26 16:12:49,2026-05-26 16:18:14,49.99,USD
se_000899,u_02692,purchase,yearly_basic,true,2026-05-26 16:41:08,2026-05-26 16:47:33,0.0,KRW
se_000880,u_01241,purchase,monthly_basic,false,2026-05-25 18:45:40,2026-05-26 18:50:56,750.0,JPY
se_000839,u_01162,purchase,monthly_basic,false,2026-05-23 19:41:26,2026-05-26 19:45:01,6900.0,KRW
se_000902,u_01181,purchase,monthly_basic,true,2026-05-26 20:44:44,2026-05-26 20:51:30,0.0,EUR
se_000904,u_00085,PURCHASE,monthly_basic,true,2026-05-27 07:00:15,2026-05-27 07:01:54,0.0,JPY
se_000888,u_00675,purchase,monthly_basic,true,2026-05-26 07:04:29,2026-05-27 07:09:31,0.0,KRW
se_000889,u_00850,purchase,monthly_basic,true,2026-05-26 07:40:27,2026-05-27 07:41:57,0.0,KRW
se_000864,u_00625,purchase,monthly_plus,true,2026-05-25 07:41:15,2026-05-27 07:49:49,0.0,USD
se_000864,u_00625,purchase,monthly_plus,true,2026-05-25 07:41:15,2026-05-27 08:12:21,0.0,USD
se_000905,u_02128,purchase,monthly_basic,true,2026-05-27 08:24:14,2026-05-27 08:34:08,0.0,USD
se_000892,u_00688,purchase,monthly_basic,true,2026-05-26 09:50:05,2026-05-27 09:53:34,0.0,USD
se_000895,u_01662,purchase,monthly_basic,true,2026-05-26 13:14:31,2026-05-27 13:20:50,0.0,USD
se_000896,u_02414,purchase,monthly_basic,true,2026-05-26 13:41:20,2026-05-27 13:46:55,0.0,JPY
se_000910,u_00967,purchase,monthly_basic,true,2026-05-27 15:10:00,2026-05-27 15:15:21,0.0,JPY
se_000911,u_00664,renewal,monthly_basic,false,2026-05-27 15:14:48,2026-05-27 15:15:50,4.99,USD
se_000913,u_01048,purchase,yearly_basic,true,2026-05-27 16:09:10,2026-05-27 16:13:28,0.0,USD
se_000881,u_00193,purchase,yearly_basic,true,2026-05-25 19:13:47,2026-05-27 19:22:12,0.0,JPY
se_000914,u_02810,renewal,monthly_basic,false,2026-05-27 20:01:16,2026-05-27 20:02:25,6900.0,KRW
se_000861,u_00469,renewal,monthly_plus,false,2026-05-24 20:01:52,2026-05-27 20:04:48,10900.0,KRW
se_000915,u_00192,purchase,yearly_basic,true,2026-05-27 20:02:50,2026-05-27 20:09:06,0.0,KRW
se_000901,u_00953,purchase,yearly_plus,true,2026-05-26 20:22:06,2026-05-27 20:23:15,0.0,JPY
se_000917,u_02139,PURCHASE,yearly_basic,false,2026-05-27 22:44:37,2026-05-27 22:53:28,4500.0,JPY
se_000866,u_01074,purchase,monthly_basic,false,2026-05-25 08:14:41,2026-05-28 08:18:06,4.49,EUR
se_000920,u_01074,refund,monthly_basic,false,2026-05-28 08:14:41,2026-05-28 08:18:48,-4.49,EUR
se_000921,u_01200,purchase,monthly_plus,true,2026-05-28 08:30:21,2026-05-28 08:37:08,0.0,KRW
se_000906,u_01305,purchase,monthly_plus,true,2026-05-27 09:12:01,2026-05-28 09:13:11,0.0,USD
se_000890,u_01135,purchase,monthly_basic,true,2026-05-26 09:33:24,2026-05-28 09:40:01,0.0,KRW
se_000924,u_00673,purchase,yearly_plus,true,2026-05-28 09:57:02,2026-05-28 10:04:16,0.0,EUR
se_000907,u_00896,purchase,monthly_basic,true,2026-05-27 10:52:03,2026-05-28 10:57:12,0.0,USD
se_000871,u_00995,purchase,monthly_plus,false,2026-05-25 11:13:24,2026-05-28 11:23:08,7.49,EUR
se_000893,u_00712,purchase,yearly_basic,false,2026-05-26 12:04:45,2026-05-28 12:06:44,39000.0,KRW
se_000928,u_02914,renewal,monthly_basic,false,2026-05-28 13:14:51,2026-05-28 13:15:31,4.99,USD
se_000877,u_01952,purchase,yearly_basic,true,2026-05-25 13:57:17,2026-05-28 14:00:04,0.0,KRW
se_000908,u_00137,PURCHASE,monthly_plus,true,2026-05-27 14:17:52,2026-05-28 14:24:16,0.0,KRW
se_000912,u_01840,purchase,monthly_plus,false,2026-05-27 15:34:29,2026-05-28 15:34:47,1200.0,JPY
se_000898,u_02870,renewal,monthly_plus,false,2026-05-26 16:36:59,2026-05-28 16:46:07,39.9,BRL
se_000929,u_00456,purchase,monthly_basic,false,2026-05-28 17:14:53,2026-05-28 17:20:40,6900.0,KRW
se_000934,u_02665,renewal,monthly_basic,false,2026-05-28 20:26:43,2026-05-28 20:32:27,24.9,BRL
se_000935,u_02231,purchase,yearly_plus,true,2026-05-28 20:43:00,2026-05-28 20:50:25,0.0,EUR
se_000936,u_00658,purchase,monthly_basic,true,2026-05-28 21:09:30,2026-05-28 21:12:00,0.0,USD
se_000903,u_00494,purchase,monthly_basic,true,2026-05-26 21:47:53,2026-05-28 21:51:03,0.0,KRW
se_000939,u_01829,purchase,yearly_plus,true,2026-05-28 21:52:37,2026-05-28 21:57:38,0.0,USD
se_000916,u_01958,purchase,monthly_basic,false,2026-05-27 22:05:09,2026-05-28 22:11:32,750.0,JPY
se_000886,u_01580,purchase,yearly_basic,true,2026-05-25 22:27:39,2026-05-28 22:30:33,0.0,EUR
se_000918,u_00996,purchase,monthly_basic,true,2026-05-28 07:06:28,2026-05-29 07:12:35,0.0,KRW
se_000941,u_02986,purchase,monthly_basic,true,2026-05-29 11:11:00,2026-05-29 11:14:25,0.0,JPY
se_000943,u_01395,renewal,monthly_plus,false,2026-05-29 12:24:29,2026-05-29 12:31:03,10900.0,KRW
se_000944,u_02905,purchase,yearly_basic,true,2026-05-29 12:54:00,2026-05-29 13:01:55,0.0,USD
se_000945,u_02470,renewal,monthly_basic,false,2026-05-29 13:09:22,2026-05-29 13:15:17,4.99,USD
se_000946,u_00978,purchase,yearly_basic,false,2026-05-29 14:04:00,2026-05-29 14:05:09,29.99,USD
se_000909,u_02118,purchase,monthly_basic,false,2026-05-27 15:03:45,2026-05-29 15:05:53,4.49,EUR
se_000947,u_00984,purchase,yearly_basic,true,2026-05-29 15:17:25,2026-05-29 15:22:21,0.0,KRW
se_000948,u_00240,purchase,monthly_basic,true,2026-05-29 16:48:53,2026-05-29 16:58:08,0.0,USD
se_000949,u_02930,purchase,monthly_plus,true,2026-05-29 16:59:01,2026-05-29 17:00:52,0.0,BRL
se_000951,u_01257,renewal,monthly_basic,false,2026-05-29 17:49:17,2026-05-29 17:57:04,6900.0,KRW
se_000952,u_02062,purchase,yearly_plus,false,2026-05-29 17:58:10,2026-05-29 18:03:47,65000.0,KRW
se_000930,u_00343,PURCHASE,monthly_basic,true,2026-05-28 18:24:42,2026-05-29 18:26:15,0.0,KRW
se_000900,u_01505,purchase,monthly_basic,true,2026-05-26 19:45:18,2026-05-29 19:48:15,0.0,KRW
se_000953,u_01656,renewal,monthly_plus,false,2026-05-29 20:01:54,2026-05-29 20:03:29,10900.0,KRW
se_000954,u_02247,purchase,monthly_plus,false,2026-05-29 20:22:27,2026-05-29 20:23:45,7.99,USD
se_000955,u_00003,purchase,yearly_basic,true,2026-05-29 20:40:46,2026-05-29 20:43:06,0.0,USD
se_000940,u_00743,purchase,monthly_plus,true,2026-05-29 09:02:21,2026-05-30 09:04:22,0.0,KRW
se_000922,u_02907,purchase,monthly_basic,true,2026-05-28 08:58:03,2026-05-30 09:06:51,0.0,BRL
se_000925,u_01846,purchase,yearly_basic,true,2026-05-28 10:32:02,2026-05-30 10:37:15,0.0,USD
se_000959,u_01760,purchase,monthly_basic,false,2026-05-30 10:44:04,2026-05-30 10:45:57,6900.0,KRW
se_000926,u_02758,purchase,monthly_plus,true,2026-05-28 10:55:26,2026-05-30 11:02:24,0.0,BRL
se_000961,u_01370,purchase,monthly_basic,true,2026-05-30 11:39:04,2026-05-30 11:46:43,0.0,KRW
se_000927,u_02992,purchase,monthly_basic,true,2026-05-28 12:03:22,2026-05-30 12:03:50,0.0,BRL
se_000962,u_00316,purchase,monthly_basic,true,2026-05-30 14:04:04,2026-05-30 14:05:14,0.0,KRW
se_000965,u_01563,renewal,monthly_basic,false,2026-05-30 16:06:12,2026-05-30 16:10:29,6900.0,KRW
se_000966,u_00958,purchase,monthly_basic,true,2026-05-30 16:42:46,2026-05-30 16:44:17,0.0,USD
se_000967,u_00597,purchase,monthly_basic,false,2026-05-30 17:37:41,2026-05-30 17:44:43,750.0,JPY
se_000931,u_01755,purchase,monthly_basic,true,2026-05-28 18:50:19,2026-05-30 18:57:03,0.0,BRL
se_000932,u_00987,purchase,monthly_basic,true,2026-05-28 19:08:04,2026-05-30 19:11:03,0.0,EUR
se_000933,u_01885,purchase,yearly_basic,true,2026-05-28 19:54:25,2026-05-30 19:55:05,0.0,KRW
se_000970,u_01417,purchase,monthly_plus,true,2026-05-30 20:03:41,2026-05-30 20:10:56,0.0,JPY
se_000971,u_02689,purchase,monthly_basic,true,2026-05-30 20:16:09,2026-05-30 20:23:58,0.0,KRW
se_000937,u_00767,purchase,monthly_basic,true,2026-05-28 21:28:55,2026-05-30 21:35:21,0.0,KRW
se_000956,u_00288,purchase,monthly_basic,false,2026-05-29 21:43:31,2026-05-30 21:50:21,750.0,JPY
se_000938,u_00099,PURCHASE,monthly_basic,true,2026-05-28 21:49:47,2026-05-30 21:56:30,0.0,KRW
se_000974,u_01613,purchase,monthly_basic,true,2026-05-31 07:14:06,2026-05-31 07:18:42,0.0,KRW
se_000975,u_00206,renewal,monthly_plus,false,2026-05-31 07:44:58,2026-05-31 07:54:44,10900.0,KRW
se_000919,u_02343,purchase,monthly_basic,false,2026-05-28 08:03:46,2026-05-31 08:04:41,750.0,JPY
se_000976,u_00119,renewal,monthly_basic,false,2026-05-31 08:22:49,2026-05-31 08:26:48,4.99,USD
se_000977,u_02947,PURCHASE,yearly_basic,false,2026-05-31 09:14:00,2026-05-31 09:17:55,29.99,USD
se_000923,u_02602,renewal,monthly_plus,false,2026-05-28 09:43:13,2026-05-31 09:45:09,10900.0,KRW
se_000979,u_00730,purchase,monthly_plus,true,2026-05-31 10:36:28,2026-05-31 10:45:36,0.0,KRW
se_000960,u_01337,purchase,monthly_basic,true,2026-05-30 10:46:21,2026-05-31 10:55:31,0.0,EUR
se_000981,u_00054,cancel,monthly_plus,false,2026-05-31 14:06:43,2026-05-31 14:07:47,0.0,JPY
se_000964,u_01107,renewal,monthly_basic,false,2026-05-30 14:29:45,2026-05-31 14:32:35,6900.0,KRW
se_000982,u_02280,purchase,yearly_plus,true,2026-05-31 14:49:14,2026-05-31 14:58:22,0.0,JPY
se_000985,u_00455,purchase,monthly_basic,false,2026-05-31 15:38:28,2026-05-31 15:40:16,6900.0,KRW
se_000987,u_00771,purchase,monthly_basic,true,2026-05-31 16:57:33,2026-05-31 17:06:22,0.0,BRL
se_000950,u_02358,renewal,monthly_plus,false,2026-05-29 16:59:52,2026-05-31 17:08:29,10900.0,KRW
se_000989,u_01298,purchase,monthly_basic,true,2026-05-31 18:06:16,2026-05-31 18:15:23,0.0,BRL
se_000990,u_02771,purchase,monthly_plus,true,2026-05-31 18:14:38,2026-05-31 18:21:11,0.0,EUR
se_000991,u_00424,purchase,monthly_basic,false,2026-05-31 18:35:56,2026-05-31 18:40:59,4.49,EUR
se_000992,u_01350,purchase,monthly_basic,false,2026-05-31 18:48:42,2026-05-31 18:50:51,750.0,JPY
se_000968,u_00920,purchase,yearly_basic,true,2026-05-30 19:12:20,2026-05-31 19:16:56,0.0,KRW
se_000995,u_00311,purchase,monthly_plus,true,2026-05-31 19:42:20,2026-05-31 19:44:11,0.0,USD
se_000969,u_01542,renewal,monthly_plus,false,2026-05-30 19:55:23,2026-05-31 20:04:47,10900.0,KRW
se_000997,u_00416,purchase,yearly_basic,true,2026-05-31 21:43:48,2026-05-31 21:49:26,0.0,EUR
se_000957,u_02437,purchase,monthly_basic,true,2026-05-29 22:00:11,2026-05-31 22:00:58,0.0,BRL
se_000998,u_00080,purchase,yearly_basic,true,2026-06-01 07:51:41,2026-06-01 07:56:42,0.0,KRW
se_001000,u_02123,purchase,yearly_basic,false,2026-06-01 09:04:05,2026-06-01 09:04:39,39000.0,KRW
se_000999,u_00822,purchase,monthly_plus,true,2026-06-01 08:56:36,2026-06-01 09:06:19,0.0,USD
se_001002,u_02494,purchase,yearly_plus,false,2026-06-01 10:58:08,2026-06-01 10:59:49,49.99,USD
se_000942,u_02688,PURCHASE,monthly_basic,false,2026-05-29 11:27:23,2026-06-01 11:35:17,6900.0,KRW
se_001003,u_02932,purchase,yearly_basic,true,2026-06-01 11:51:41,2026-06-01 11:58:10,0.0,USD
se_001004,u_00568,renewal,monthly_plus,false,2026-06-01 13:26:19,2026-06-01 13:30:31,10900.0,KRW
se_001005,u_01701,renewal,monthly_basic,false,2026-06-01 13:36:10,2026-06-01 13:36:18,4.99,USD
se_000984,u_00842,purchase,yearly_basic,true,2026-05-31 15:19:31,2026-06-01 15:23:23,0.0,KRW
se_000983,u_01265,renewal,monthly_basic,false,2026-05-31 15:15:40,2026-06-01 15:23:42,4.99,USD
se_001007,u_01597,PURCHASE,monthly_plus,true,2026-06-01 15:17:48,2026-06-01 15:27:40,0.0,KRW
se_000986,u_00548,purchase,yearly_basic,false,2026-05-31 15:44:08,2026-06-01 15:50:50,27.99,EUR
se_000988,u_01804,renewal,monthly_basic,false,2026-05-31 17:01:31,2026-06-01 17:03:15,6900.0,KRW
se_000993,u_01668,purchase,monthly_basic,true,2026-05-31 18:51:38,2026-06-01 18:51:57,0.0,USD
se_000996,u_01981,PURCHASE,monthly_basic,true,2026-05-31 20:04:24,2026-06-01 20:10:59,0.0,JPY
se_000972,u_00266,purchase,monthly_basic,false,2026-05-30 20:21:18,2026-06-01 20:28:33,6900.0,KRW
se_001011,u_00479,purchase,monthly_plus,true,2026-06-01 20:45:39,2026-06-01 20:45:53,0.0,EUR
se_001012,u_00075,purchase,monthly_basic,true,2026-06-01 21:58:43,2026-06-01 22:02:07,0.0,EUR
se_001013,u_01424,purchase,monthly_plus,true,2026-06-01 22:14:37,2026-06-01 22:15:54,0.0,KRW
se_001014,u_02136,purchase,monthly_basic,true,2026-06-01 22:17:20,2026-06-01 22:26:22,0.0,KRW
se_000973,u_01291,renewal,monthly_basic,false,2026-05-30 22:25:05,2026-06-01 22:32:59,4.49,EUR
se_001015,u_02050,purchase,monthly_basic,true,2026-06-01 22:32:49,2026-06-01 22:40:39,0.0,KRW
se_000958,u_03000,purchase,yearly_plus,true,2026-05-30 07:17:14,2026-06-02 07:26:41,0.0,KRW
se_000978,u_02679,purchase,monthly_plus,false,2026-05-31 09:39:23,2026-06-02 09:41:47,39.9,BRL
se_001018,u_00688,purchase,monthly_basic,false,2026-06-02 09:50:05,2026-06-02 09:51:26,4.99,USD
se_001001,u_02267,purchase,monthly_plus,true,2026-06-01 10:12:21,2026-06-02 10:18:26,0.0,EUR
se_001006,u_01952,PURCHASE,yearly_basic,false,2026-06-01 13:57:17,2026-06-02 13:57:34,39000.0,KRW
se_000963,u_01544,purchase,monthly_plus,false,2026-05-30 14:08:44,2026-06-02 14:15:32,39.9,BRL
se_001022,u_02616,purchase,monthly_basic,true,2026-06-02 14:15:09,2026-06-02 14:19:51,0.0,EUR
se_001008,u_01132,purchase,yearly_plus,true,2026-06-01 15:45:32,2026-06-02 15:47:34,0.0,KRW
se_001009,u_02396,purchase,monthly_plus,true,2026-06-01 15:53:04,2026-06-02 16:02:59,0.0,KRW
se_001027,u_01329,purchase,monthly_plus,true,2026-06-02 16:49:55,2026-06-02 16:54:04,0.0,USD
se_001028,u_00641,purchase,yearly_plus,true,2026-06-02 19:41:35,2026-06-02 19:47:50,0.0,USD
se_001010,u_01648,purchase,monthly_basic,true,2026-06-01 19:39:12,2026-06-02 19:48:47,0.0,KRW
se_001029,u_02285,purchase,yearly_basic,true,2026-06-02 20:41:57,2026-06-02 20:49:20,0.0,JPY
se_001032,u_01595,purchase,yearly_basic,true,2026-06-03 08:49:15,2026-06-03 08:50:27,0.0,BRL
se_001034,u_00813,PURCHASE,monthly_plus,true,2026-06-03 09:18:55,2026-06-03 09:25:04,0.0,KRW
se_001036,u_02181,purchase,monthly_basic,true,2026-06-03 10:27:13,2026-06-03 10:30:57,0.0,JPY
se_001019,u_00399,renewal,monthly_basic,false,2026-06-02 10:39:40,2026-06-03 10:46:53,4.49,EUR
se_000980,u_01760,refund,monthly_basic,false,2026-05-31 10:44:04,2026-06-03 10:49:52,-6900.0,KRW
se_001037,u_01780,purchase,monthly_basic,true,2026-06-03 12:20:24,2026-06-03 12:27:54,0.0,KRW
se_001039,u_02718,purchase,yearly_basic,true,2026-06-03 13:07:44,2026-06-03 13:07:48,0.0,JPY
se_001040,u_00587,PURCHASE,monthly_basic,true,2026-06-03 13:38:01,2026-06-03 13:40:21,0.0,JPY
se_001021,u_02414,purchase,monthly_basic,false,2026-06-02 13:41:20,2026-06-03 13:46:53,750.0,JPY
se_001023,u_00666,purchase,monthly_plus,true,2026-06-02 15:16:12,2026-06-03 15:16:31,0.0,JPY
se_001044,u_01048,purchase,yearly_basic,false,2026-06-03 16:09:10,2026-06-03 16:12:43,29.99,USD
se_001024,u_02517,purchase,monthly_plus,true,2026-06-02 16:07:04,2026-06-03 16:14:41,0.0,KRW
se_001025,u_01297,renewal,monthly_basic,false,2026-06-02 16:13:14,2026-06-03 16:16:24,4.99,USD
se_001026,u_02692,purchase,yearly_basic,false,2026-06-02 16:41:08,2026-06-03 16:47:04,39000.0,KRW
se_001045,u_01183,purchase,monthly_basic,true,2026-06-03 16:49:18,2026-06-03 16:54:14,0.0,KRW
se_001046,u_02256,purchase,yearly_basic,true,2026-06-03 18:36:36,2026-06-03 18:42:21,0.0,KRW
se_001047,u_02849,renewal,monthly_basic,false,2026-06-03 18:49:49,2026-06-03 18:51:12,6900.0,KRW
se_000994,u_00148,renewal,monthly_basic,false,2026-05-31 19:11:22,2026-06-03 19:13:25,6900.0,KRW
se_001048,u_02120,purchase,yearly_plus,true,2026-06-03 19:09:21,2026-06-03 19:16:45,0.0,KRW
se_001017,u_00675,purchase,monthly_basic,false,2026-06-02 07:04:29,2026-06-04 07:07:05,6900.0,KRW
se_001031,u_00085,purchase,monthly_basic,false,2026-06-03 07:00:15,2026-06-04 07:08:04,750.0,JPY
se_001050,u_02141,purchase,monthly_basic,true,2026-06-04 07:29:52,2026-06-04 07:30:47,0.0,KRW
se_001051,u_02907,purchase,monthly_basic,false,2026-06-04 08:58:03,2026-06-04 09:04:01,24.9,BRL
se_001033,u_01305,purchase,monthly_plus,false,2026-06-03 09:12:01,2026-06-04 09:18:37,7.99,USD
se_001053,u_01041,purchase,monthly_plus,true,2026-06-04 10:00:37,2026-06-04 10:03:42,0.0,BRL
se_001054,u_02793,purchase,yearly_basic,true,2026-06-04 10:04:57,2026-06-04 10:06:56,0.0,EUR
se_001055,u_01194,purchase,yearly_basic,true,2026-06-04 10:10:02,2026-06-04 10:10:20,0.0,EUR
se_001056,u_00697,purchase,monthly_plus,true,2026-06-04 10:15:06,2026-06-04 10:22:55,0.0,USD
se_001058,u_01846,purchase,yearly_basic,false,2026-06-04 10:32:02,2026-06-04 10:32:53,29.99,USD
se_001057,u_01539,PURCHASE,yearly_basic,true,2026-06-04 10:25:41,2026-06-04 10:34:48,0.0,KRW
se_001060,u_01894,purchase,yearly_plus,true,2026-06-04 11:55:43,2026-06-04 11:58:23,0.0,KRW
se_001061,u_00419,renewal,monthly_basic,false,2026-06-04 11:56:46,2026-06-04 12:01:12,24.9,BRL
se_001020,u_00490,purchase,monthly_basic,false,2026-06-02 12:08:07,2026-06-04 12:17:56,6900.0,KRW
se_001062,u_01391,renewal,monthly_basic,false,2026-06-04 12:47:00,2026-06-04 12:54:57,24.9,BRL
se_001038,u_00008,PURCHASE,yearly_basic,true,2026-06-03 13:00:49,2026-06-04 13:03:42,0.0,KRW
se_001064,u_00136,renewal,monthly_basic,false,2026-06-04 13:10:54,2026-06-04 13:19:38,6900.0,KRW
se_001041,u_02408,purchase,yearly_basic,true,2026-06-03 14:03:46,2026-06-04 14:13:42,0.0,EUR
se_001042,u_00137,purchase,monthly_plus,false,2026-06-03 14:17:52,2026-06-04 14:20:23,10900.0,KRW
se_001066,u_01903,purchase,monthly_basic,true,2026-06-04 14:44:08,2026-06-04 14:51:25,0.0,KRW
se_001067,u_01733,purchase,yearly_basic,true,2026-06-04 14:58:16,2026-06-04 14:58:19,0.0,EUR
se_001043,u_00967,purchase,monthly_basic,false,2026-06-03 15:10:00,2026-06-04 15:12:19,750.0,JPY
se_001069,u_00343,purchase,monthly_basic,false,2026-06-04 18:24:42,2026-06-04 18:25:39,6900.0,KRW
se_001070,u_01476,renewal,monthly_basic,false,2026-06-04 18:44:08,2026-06-04 18:52:34,6900.0,KRW
se_001071,u_01755,purchase,monthly_basic,false,2026-06-04 18:50:19,2026-06-04 18:53:25,24.9,BRL
se_001030,u_01149,purchase,yearly_basic,true,2026-06-02 20:47:38,2026-06-04 20:50:32,0.0,USD
se_001075,u_00767,purchase,monthly_basic,false,2026-06-04 21:28:55,2026-06-04 21:29:01,6900.0,KRW
se_001073,u_00236,purchase,monthly_basic,true,2026-06-04 21:22:11,2026-06-04 21:31:48,0.0,JPY
se_001077,u_00906,purchase,monthly_basic,true,2026-06-04 22:04:03,2026-06-04 22:13:48,0.0,JPY
se_001016,u_01118,purchase,monthly_basic,false,2026-06-01 22:44:40,2026-06-04 22:54:21,4.49,EUR
se_001080,u_02245,purchase,monthly_basic,true,2026-06-05 08:27:02,2026-06-05 08:31:08,0.0,KRW
se_001081,u_02707,purchase,monthly_basic,true,2026-06-05 08:50:40,2026-06-05 08:55:18,0.0,USD
se_001082,u_00676,purchase,monthly_basic,true,2026-06-05 09:00:03,2026-06-05 09:00:34,0.0,KRW
se_001052,u_00673,purchase,yearly_plus,false,2026-06-04 09:57:02,2026-06-05 10:04:52,46.99,EUR
se_001083,u_01348,purchase,monthly_basic,true,2026-06-05 10:07:02,2026-06-05 10:11:24,0.0,KRW
se_001059,u_02758,purchase,monthly_plus,false,2026-06-04 10:55:26,2026-06-05 10:55:34,39.9,BRL
se_001065,u_00982,purchase,monthly_basic,true,2026-06-04 13:25:54,2026-06-05 13:34:19,0.0,KRW
se_001086,u_00342,renewal,monthly_basic,false,2026-06-05 14:16:14,2026-06-05 14:20:16,4.99,USD
se_001087,u_01879,purchase,yearly_plus,true,2026-06-05 14:31:40,2026-06-05 14:40:09,0.0,KRW
se_001088,u_01838,renewal,monthly_basic,false,2026-06-05 15:31:19,2026-06-05 15:35:20,6900.0,KRW
se_001068,u_00866,purchase,monthly_basic,true,2026-06-04 15:32:49,2026-06-05 15:39:05,0.0,BRL
se_001091,u_00015,PURCHASE,monthly_basic,true,2026-06-05 17:14:03,2026-06-05 17:21:24,0.0,KRW
se_001092,u_01820,renewal,monthly_plus,false,2026-06-05 17:16:39,2026-06-05 17:21:36,7.99,USD
se_001094,u_02855,purchase,monthly_basic,true,2026-06-05 18:54:45,2026-06-05 19:03:28,0.0,USD
se_001095,u_00148,cancel,monthly_basic,false,2026-06-05 19:11:22,2026-06-05 19:17:33,0.0,KRW
se_001072,u_02997,renewal,monthly_plus,false,2026-06-04 19:56:39,2026-06-05 20:03:40,10900.0,KRW
se_001049,u_00495,renewal,monthly_plus,false,2026-06-03 21:46:33,2026-06-05 21:48:19,7.99,USD
se_001078,u_02111,renewal,monthly_plus,false,2026-06-04 22:46:29,2026-06-05 22:54:37,1200.0,JPY
se_001035,u_02679,refund,monthly_plus,false,2026-06-03 09:39:23,2026-06-06 09:42:18,-39.9,BRL
se_001097,u_00760,purchase,yearly_basic,true,2026-06-06 12:14:02,2026-06-06 12:22:12,0.0,KRW
se_001084,u_02905,purchase,yearly_basic,false,2026-06-05 12:54:00,2026-06-06 12:59:27,29.99,USD
se_001085,u_02309,renewal,monthly_plus,false,2026-06-05 13:52:55,2026-06-06 13:55:34,7.99,USD
se_001098,u_01296,cancel,monthly_plus,false,2026-06-06 15:40:13,2026-06-06 15:43:02,0.0,USD
se_001089,u_02842,PURCHASE,yearly_plus,true,2026-06-05 16:01:55,2026-06-06 16:03:59,0.0,KRW
se_001090,u_02930,purchase,monthly_plus,false,2026-06-05 16:59:01,2026-06-06 17:07:37,39.9,BRL
se_001099,u_02859,PURCHASE,monthly_plus,true,2026-06-06 18:07:50,2026-06-06 18:15:33,0.0,KRW
se_001100,u_01756,renewal,monthly_plus,false,2026-06-06 18:29:21,2026-06-06 18:33:47,39.9,BRL
se_001101,u_00920,PURCHASE,yearly_basic,false,2026-06-06 19:12:20,2026-06-06 19:19:27,39000.0,KRW
se_001102,u_01417,purchase,monthly_plus,false,2026-06-06 20:03:41,2026-06-06 20:07:58,1200.0,JPY
se_001076,u_00099,purchase,monthly_basic,false,2026-06-04 21:49:47,2026-06-06 21:55:19,6900.0,KRW
se_001104,u_00991,renewal,monthly_basic,false,2026-06-07 07:04:26,2026-06-07 07:12:08,6900.0,KRW
se_001105,u_01613,purchase,monthly_basic,false,2026-06-07 07:14:06,2026-06-07 07:22:51,6900.0,KRW
se_001096,u_02187,renewal,monthly_plus,false,2026-06-06 08:04:14,2026-06-07 08:12:03,39.9,BRL
se_001079,u_00110,purchase,monthly_plus,true,2026-06-05 08:05:25,2026-06-07 08:15:00,0.0,BRL
se_001107,u_02057,purchase,monthly_basic,true,2026-06-07 08:26:31,2026-06-07 08:33:24,0.0,EUR
se_001108,u_02362,purchase,monthly_basic,true,2026-06-07 09:20:30,2026-06-07 09:21:39,0.0,BRL
se_001109,u_00713,purchase,monthly_basic,true,2026-06-07 10:53:17,2026-06-07 11:01:42,0.0,BRL
se_001114,u_01009,purchase,monthly_plus,true,2026-06-07 12:41:16,2026-06-07 12:48:27,0.0,JPY
se_001063,u_01064,PURCHASE,yearly_basic,true,2026-06-04 12:56:47,2026-06-07 13:05:54,0.0,KRW
se_001116,u_00771,PURCHASE,monthly_basic,false,2026-06-07 16:57:33,2026-06-07 16:58:06,24.9,BRL
se_001093,u_01561,renewal,monthly_basic,false,2026-06-05 17:37:15,2026-06-07 17:46:22,4.99,USD
se_001117,u_02294,purchase,yearly_basic,true,2026-06-07 17:45:15,2026-06-07 17:55:09,0.0,USD
se_001119,u_01298,purchase,monthly_basic,false,2026-06-07 18:06:16,2026-06-07 18:16:13,24.9,BRL
se_001121,u_01995,purchase,monthly_plus,true,2026-06-07 19:00:28,2026-06-07 19:06:59,0.0,EUR
se_001123,u_00793,purchase,yearly_plus,true,2026-06-07 19:50:54,2026-06-07 19:56:31,0.0,EUR
se_001103,u_00225,purchase,monthly_basic,true,2026-06-06 20:43:55,2026-06-07 20:44:33,0.0,KRW
se_001124,u_01409,renewal,monthly_plus,false,2026-06-07 21:25:23,2026-06-07 21:26:15,10900.0,KRW
se_001074,u_00774,purchase,yearly_plus,true,2026-06-04 21:25:56,2026-06-07 21:32:23,0.0,EUR
se_001125,u_00557,purchase,monthly_plus,true,2026-06-07 21:39:55,2026-06-07 21:49:31,0.0,USD
se_001126,u_01724,purchase,monthly_basic,true,2026-06-07 21:51:26,2026-06-07 21:56:58,0.0,KRW
se_001127,u_00737,PURCHASE,monthly_plus,true,2026-06-07 22:08:37,2026-06-07 22:15:01,0.0,KRW
se_001128,u_00215,PURCHASE,yearly_basic,true,2026-06-07 22:49:05,2026-06-07 22:52:55,0.0,USD
se_001106,u_01462,renewal,monthly_basic,false,2026-06-07 07:32:21,2026-06-08 07:35:38,6900.0,KRW
se_001131,u_02267,purchase,monthly_plus,false,2026-06-08 10:12:21,2026-06-08 10:16:45,7.49,EUR
se_001132,u_01065,purchase,yearly_plus,true,2026-06-08 11:14:15,2026-06-08 11:17:56,0.0,BRL
se_001133,u_01860,purchase,monthly_basic,true,2026-06-08 11:43:34,2026-06-08 11:45:32,0.0,USD
se_001111,u_01139,purchase,yearly_plus,true,2026-06-07 12:04:00,2026-06-08 12:09:32,0.0,KRW
se_001113,u_00391,purchase,monthly_basic,true,2026-06-07 12:37:39,2026-06-08 12:41:37,0.0,KRW
se_001134,u_01701,cancel,monthly_basic,false,2026-06-08 13:36:10,2026-06-08 13:45:19,0.0,USD
se_001135,u_00627,renewal,monthly_plus,false,2026-06-08 13:57:18,2026-06-08 14:01:31,7.99,USD
se_001136,u_02365,purchase,yearly_basic,true,2026-06-08 14:34:38,2026-06-08 14:40:54,0.0,USD
se_001115,u_02092,renewal,monthly_basic,false,2026-06-07 15:40:40,2026-06-08 15:43:44,750.0,JPY
se_001138,u_02396,purchase,monthly_plus,false,2026-06-08 15:53:04,2026-06-08 15:59:11,10900.0,KRW
se_001139,u_00886,purchase,yearly_basic,true,2026-06-08 18:16:24,2026-06-08 18:24:22,0.0,JPY
se_001120,u_01668,purchase,monthly_basic,false,2026-06-07 18:51:38,2026-06-08 18:51:50,4.99,USD
se_001141,u_00247,PURCHASE,yearly_basic,true,2026-06-08 18:54:00,2026-06-08 18:56:28,0.0,USD
se_001142,u_01162,CANCEL,monthly_basic,false,2026-06-08 19:41:26,2026-06-08 19:51:04,0.0,KRW
se_001129,u_00080,purchase,yearly_basic,false,2026-06-08 07:51:41,2026-06-09 07:52:15,39000.0,KRW
se_001146,u_01204,purchase,yearly_plus,true,2026-06-09 08:30:19,2026-06-09 08:33:39,0.0,JPY
se_001147,u_01984,purchase,monthly_basic,true,2026-06-09 09:50:00,2026-06-09 09:59:46,0.0,JPY
se_001130,u_02514,PURCHASE,monthly_basic,true,2026-06-08 10:05:04,2026-06-09 10:10:54,0.0,JPY
se_001149,u_00487,renewal,monthly_plus,false,2026-06-09 10:54:15,2026-06-09 10:56:33,7.99,USD
se_001110,u_01282,purchase,monthly_plus,true,2026-06-07 11:55:35,2026-06-09 11:57:45,0.0,BRL
se_001112,u_00757,purchase,monthly_basic,true,2026-06-07 12:06:43,2026-06-09 12:11:49,0.0,USD
se_001151,u_01242,purchase,monthly_basic,true,2026-06-09 12:55:21,2026-06-09 12:56:02,0.0,USD
se_001153,u_02447,purchase,monthly_plus,true,2026-06-09 14:52:38,2026-06-09 14:55:35,0.0,JPY
se_001154,u_00002,purchase,monthly_basic,true,2026-06-09 16:02:30,2026-06-09 16:12:14,0.0,USD
se_001118,u_01017,cancel,monthly_plus,false,2026-06-07 18:02:20,2026-06-09 18:06:20,0.0,KRW
se_001140,u_01275,purchase,monthly_basic,true,2026-06-08 18:40:00,2026-06-09 18:45:33,0.0,KRW
se_001122,u_02087,purchase,monthly_basic,true,2026-06-07 19:26:26,2026-06-09 19:31:59,0.0,KRW
se_001161,u_01927,RENEWAL,monthly_basic,false,2026-06-09 20:12:53,2026-06-09 20:21:34,6900.0,KRW
se_001162,u_02499,renewal,monthly_basic,false,2026-06-09 20:13:55,2026-06-09 20:22:18,4.49,EUR
se_001164,u_02893,renewal,monthly_basic,false,2026-06-10 07:25:13,2026-06-10 07:33:47,6900.0,KRW
se_001144,u_02503,purchase,monthly_plus,true,2026-06-09 07:58:13,2026-06-10 08:00:25,0.0,USD
se_001145,u_02325,purchase,yearly_basic,true,2026-06-09 08:16:06,2026-06-10 08:21:27,0.0,USD
se_001166,u_01058,PURCHASE,monthly_basic,true,2026-06-10 08:24:35,2026-06-10 08:31:02,0.0,KRW
se_001170,u_02943,purchase,monthly_basic,true,2026-06-10 10:27:56,2026-06-10 10:32:15,0.0,JPY
se_001148,u_00173,purchase,monthly_plus,true,2026-06-09 10:50:46,2026-06-10 10:53:26,0.0,KRW
se_001150,u_01671,purchase,monthly_basic,true,2026-06-09 12:35:15,2026-06-10 12:43:49,0.0,BRL
se_001152,u_01674,purchase,yearly_plus,true,2026-06-09 13:41:56,2026-06-10 13:44:34,0.0,USD
se_001173,u_02408,purchase,yearly_basic,false,2026-06-10 14:03:46,2026-06-10 14:06:42,27.99,EUR
se_001174,u_01268,renewal,monthly_basic,false,2026-06-10 14:57:27,2026-06-10 15:06:49,4.99,USD
se_001137,u_00657,purchase,monthly_plus,true,2026-06-08 15:43:08,2026-06-10 15:45:36,0.0,KRW
se_001137,u_00657,purchase,monthly_plus,true,2026-06-08 15:43:08,2026-06-10 15:53:12,0.0,KRW
se_001155,u_02517,purchase,monthly_plus,false,2026-06-09 16:07:04,2026-06-10 16:17:02,10900.0,KRW
se_001156,u_00714,purchase,monthly_basic,true,2026-06-09 16:17:54,2026-06-10 16:20:23,0.0,BRL
se_001157,u_01329,purchase,monthly_plus,false,2026-06-09 16:49:55,2026-06-10 16:59:52,7.99,USD
se_001158,u_01234,PURCHASE,monthly_basic,true,2026-06-09 16:55:47,2026-06-10 17:01:32,0.0,EUR
se_001159,u_00370,purchase,yearly_basic,true,2026-06-09 17:26:17,2026-06-10 17:35:17,0.0,USD
se_001183,u_00864,purchase,monthly_plus,true,2026-06-10 19:49:16,2026-06-10 19:49:55,0.0,BRL
se_001163,u_01149,purchase,yearly_basic,false,2026-06-09 20:47:38,2026-06-10 20:57:24,29.99,USD
se_001143,u_02281,purchase,monthly_basic,true,2026-06-08 21:22:07,2026-06-10 21:26:55,0.0,KRW
se_001186,u_00663,renewal,monthly_plus,false,2026-06-11 08:23:56,2026-06-11 08:26:26,10900.0,KRW
se_001169,u_00562,renewal,monthly_basic,false,2026-06-10 10:27:34,2026-06-11 10:35:31,6900.0,KRW
se_001187,u_02603,purchase,monthly_plus,true,2026-06-11 10:37:03,2026-06-11 10:47:02,0.0,USD
se_001189,u_01894,purchase,yearly_plus,false,2026-06-11 11:55:43,2026-06-11 12:04:05,65000.0,KRW
se_001190,u_01064,purchase,yearly_basic,false,2026-06-11 12:56:47,2026-06-11 13:03:30,39000.0,KRW
se_001192,u_01733,purchase,yearly_basic,false,2026-06-11 14:58:16,2026-06-11 15:03:07,27.99,EUR
se_001193,u_00866,purchase,monthly_basic,false,2026-06-11 15:32:49,2026-06-11 15:35:46,24.9,BRL
se_001195,u_01159,renewal,monthly_basic,false,2026-06-11 16:00:16,2026-06-11 16:01:55,6900.0,KRW
se_001175,u_02407,renewal,monthly_plus,false,2026-06-10 16:14:49,2026-06-11 16:18:25,1200.0,JPY
se_001197,u_02662,purchase,monthly_basic,true,2026-06-11 16:29:58,2026-06-11 16:36:34,0.0,USD
se_001176,u_01278,purchase,monthly_basic,true,2026-06-10 16:34:45,2026-06-11 16:40:19,0.0,USD
se_001198,u_00105,purchase,monthly_plus,true,2026-06-11 16:47:35,2026-06-11 16:57:28,0.0,JPY
se_001178,u_00128,purchase,monthly_plus,true,2026-06-10 17:19:48,2026-06-11 17:21:28,0.0,KRW
se_001179,u_01645,cancel,monthly_basic,false,2026-06-10 17:38:45,2026-06-11 17:39:08,0.0,USD
se_001180,u_01870,purchase,monthly_basic,true,2026-06-10 18:02:14,2026-06-11 18:10:15,0.0,JPY
se_001201,u_02415,renewal,monthly_basic,false,2026-06-11 19:16:12,2026-06-11 19:19:12,750.0,JPY
se_001182,u_02636,renewal,monthly_plus,false,2026-06-10 19:43:45,2026-06-11 19:44:19,1200.0,JPY
se_001202,u_02648,purchase,monthly_basic,true,2026-06-11 19:42:54,2026-06-11 19:47:30,0.0,JPY
se_001203,u_01726,purchase,monthly_plus,true,2026-06-11 20:32:09,2026-06-11 20:38:55,0.0,KRW
se_001204,u_00613,purchase,yearly_basic,true,2026-06-11 20:48:55,2026-06-11 20:53:45,0.0,JPY
se_001205,u_00236,PURCHASE,monthly_basic,false,2026-06-11 21:22:11,2026-06-11 21:26:39,750.0,JPY
se_001207,u_01775,purchase,monthly_basic,true,2026-06-11 21:32:43,2026-06-11 21:42:36,0.0,KRW
se_001184,u_02320,purchase,monthly_basic,true,2026-06-10 21:55:22,2026-06-11 21:56:29,0.0,BRL
se_001208,u_00906,purchase,monthly_basic,false,2026-06-11 22:04:03,2026-06-11 22:12:01,750.0,JPY
se_001210,u_01219,purchase,monthly_plus,true,2026-06-12 07:51:29,2026-06-12 07:52:45,0.0,KRW
se_001213,u_00837,purchase,monthly_basic,true,2026-06-12 08:51:10,2026-06-12 08:58:22,0.0,JPY
se_001215,u_02702,purchase,yearly_basic,true,2026-06-12 09:17:49,2026-06-12 09:19:58,0.0,KRW
se_001167,u_00813,purchase,monthly_plus,false,2026-06-10 09:18:55,2026-06-12 09:28:33,10900.0,KRW
se_001168,u_01825,purchase,monthly_basic,true,2026-06-10 09:25:57,2026-06-12 09:31:23,0.0,USD
se_001216,u_02449,purchase,monthly_plus,true,2026-06-12 09:54:54,2026-06-12 10:00:11,0.0,JPY
se_001217,u_01749,purchase,monthly_basic,true,2026-06-12 10:23:32,2026-06-12 10:26:39,0.0,USD
se_001188,u_02096,PURCHASE,monthly_basic,true,2026-06-11 11:22:23,2026-06-12 11:29:01,0.0,KRW
se_001219,u_02622,renewal,monthly_basic,false,2026-06-12 11:38:21,2026-06-12 11:42:41,6900.0,KRW
se_001220,u_01199,purchase,yearly_basic,true,2026-06-12 11:43:45,2026-06-12 11:49:51,0.0,EUR
se_001172,u_00053,renewal,monthly_plus,false,2026-06-10 13:06:51,2026-06-12 13:12:04,10900.0,KRW
se_001221,u_02284,purchase,yearly_plus,true,2026-06-12 13:21:36,2026-06-12 13:31:20,0.0,KRW
se_001191,u_01558,purchase,monthly_basic,true,2026-06-11 13:39:03,2026-06-12 13:48:21,0.0,USD
se_001222,u_02858,purchase,monthly_basic,true,2026-06-12 14:41:48,2026-06-12 14:50:14,0.0,KRW
se_001225,u_02842,purchase,yearly_plus,false,2026-06-12 16:01:55,2026-06-12 16:10:03,65000.0,KRW
se_001196,u_01441,purchase,monthly_basic,true,2026-06-11 16:23:47,2026-06-12 16:28:15,0.0,JPY
se_001177,u_01183,purchase,monthly_basic,false,2026-06-10 16:49:18,2026-06-12 16:53:26,6900.0,KRW
se_001228,u_00015,purchase,monthly_basic,false,2026-06-12 17:14:03,2026-06-12 17:15:08,6900.0,KRW
se_001229,u_02832,PURCHASE,monthly_basic,true,2026-06-12 17:16:11,2026-06-12 17:23:42,0.0,EUR
se_001230,u_00745,purchase,yearly_plus,true,2026-06-12 17:39:30,2026-06-12 17:48:27,0.0,USD
se_001231,u_01629,renewal,monthly_plus,false,2026-06-12 17:48:01,2026-06-12 17:56:49,7.99,USD
se_001160,u_01301,purchase,monthly_plus,true,2026-06-09 18:01:41,2026-06-12 18:03:58,0.0,USD
se_001199,u_02988,purchase,monthly_basic,true,2026-06-11 18:06:28,2026-06-12 18:10:47,0.0,KRW
se_001181,u_02120,PURCHASE,yearly_plus,false,2026-06-10 19:09:21,2026-06-12 19:16:15,65000.0,KRW
se_001200,u_01611,purchase,monthly_basic,true,2026-06-11 19:13:02,2026-06-12 19:19:55,0.0,KRW
se_001206,u_00774,purchase,yearly_plus,false,2026-06-11 21:25:56,2026-06-12 21:32:11,46.99,EUR
se_001233,u_00852,purchase,monthly_plus,true,2026-06-12 21:36:23,2026-06-12 21:40:55,0.0,JPY
se_001185,u_02141,purchase,monthly_basic,false,2026-06-11 07:29:52,2026-06-13 07:35:01,6900.0,KRW
se_001165,u_01914,purchase,monthly_basic,true,2026-06-10 07:49:22,2026-06-13 07:53:09,0.0,BRL
se_001211,u_02245,purchase,monthly_basic,false,2026-06-12 08:27:02,2026-06-13 08:31:39,6900.0,KRW
se_001214,u_00676,purchase,monthly_basic,false,2026-06-12 09:00:03,2026-06-13 09:03:40,6900.0,KRW
se_001238,u_01762,renewal,monthly_basic,false,2026-06-13 09:25:23,2026-06-13 09:32:42,6900.0,KRW
se_001239,u_01736,purchase,yearly_basic,true,2026-06-13 09:37:49,2026-06-13 09:44:18,0.0,KRW
se_001218,u_00476,purchase,monthly_plus,true,2026-06-12 11:19:35,2026-06-13 11:20:54,0.0,USD
se_001171,u_01780,purchase,monthly_basic,false,2026-06-10 12:20:24,2026-06-13 12:25:22,6900.0,KRW
se_001243,u_00741,purchase,yearly_plus,true,2026-06-13 13:39:36,2026-06-13 13:47:58,0.0,KRW
se_001244,u_00514,PURCHASE,yearly_plus,true,2026-06-13 13:54:37,2026-06-13 13:59:13,0.0,JPY
se_001223,u_00990,purchase,yearly_basic,true,2026-06-12 14:56:36,2026-06-13 14:57:12,0.0,JPY
se_001247,u_02567,PURCHASE,monthly_basic,true,2026-06-13 15:32:56,2026-06-13 15:38:23,0.0,JPY
se_001248,u_02873,purchase,yearly_plus,true,2026-06-13 16:05:55,2026-06-13 16:09:02,0.0,USD
se_001227,u_01578,purchase,monthly_basic,true,2026-06-12 16:39:08,2026-06-13 16:40:07,0.0,KRW
se_001226,u_00249,purchase,monthly_plus,true,2026-06-12 16:34:26,2026-06-13 16:42:13,0.0,EUR
se_001249,u_01986,purchase,monthly_plus,true,2026-06-13 17:52:38,2026-06-13 17:56:03,0.0,EUR
se_001232,u_02005,purchase,monthly_plus,true,2026-06-12 19:23:58,2026-06-13 19:29:31,0.0,JPY
se_001234,u_01617,purchase,yearly_basic,true,2026-06-12 21:36:54,2026-06-13 21:46:29,0.0,KRW
se_001251,u_01309,renewal,monthly_basic,false,2026-06-14 07:11:31,2026-06-14 07:19:25,6900.0,KRW
se_001252,u_00291,purchase,yearly_basic,true,2026-06-14 08:08:52,2026-06-14 08:17:46,0.0,USD
se_001237,u_02544,renewal,monthly_plus,false,2026-06-13 08:22:58,2026-06-14 08:25:03,10900.0,KRW
se_001212,u_02707,purchase,monthly_basic,false,2026-06-12 08:50:40,2026-06-14 08:58:08,4.99,USD
se_001253,u_02362,purchase,monthly_basic,false,2026-06-14 09:20:30,2026-06-14 09:27:50,24.9,BRL
se_001240,u_02206,purchase,monthly_basic,true,2026-06-13 10:43:15,2026-06-14 10:52:28,0.0,USD
se_001241,u_00135,purchase,yearly_basic,true,2026-06-13 11:09:06,2026-06-14 11:18:03,0.0,USD
se_001257,u_01340,RENEWAL,monthly_basic,false,2026-06-14 11:15:40,2026-06-14 11:21:16,6900.0,KRW
se_001258,u_02984,purchase,monthly_plus,true,2026-06-14 11:43:39,2026-06-14 11:51:53,0.0,JPY
se_001259,u_01282,purchase,monthly_plus,false,2026-06-14 11:55:35,2026-06-14 11:58:11,39.9,BRL
se_001260,u_01139,purchase,yearly_plus,false,2026-06-14 12:04:00,2026-06-14 12:04:51,65000.0,KRW
se_001224,u_01979,renewal,monthly_basic,false,2026-06-12 15:13:33,2026-06-14 15:19:30,6900.0,KRW
se_001194,u_00332,renewal,monthly_basic,false,2026-06-11 15:36:37,2026-06-14 15:36:45,6900.0,KRW
se_001267,u_00028,purchase,monthly_plus,true,2026-06-14 17:36:05,2026-06-14 17:36:22,0.0,JPY
se_001266,u_02902,purchase,yearly_plus,true,2026-06-14 17:35:24,2026-06-14 17:38:58,0.0,KRW
se_001268,u_02374,renewal,monthly_basic,false,2026-06-14 17:59:28,2026-06-14 18:02:54,6900.0,KRW
se_001269,u_02334,purchase,monthly_plus,true,2026-06-14 18:19:47,2026-06-14 18:23:09,0.0,BRL
se_001271,u_01668,cancel,monthly_basic,false,2026-06-14 18:51:38,2026-06-14 18:57:18,0.0,USD
se_001273,u_02372,PURCHASE,monthly_basic,true,2026-06-14 20:34:27,2026-06-14 20:38:38,0.0,USD
se_001276,u_00557,PURCHASE,monthly_plus,false,2026-06-14 21:39:55,2026-06-14 21:40:10,7.99,USD
se_001235,u_02935,purchase,monthly_basic,true,2026-06-12 22:31:30,2026-06-14 22:31:37,0.0,KRW
se_001278,u_00885,purchase,yearly_basic,true,2026-06-15 07:22:39,2026-06-15 07:27:37,0.0,KRW
se_001209,u_02141,refund,monthly_basic,false,2026-06-12 07:29:52,2026-06-15 07:31:12,-6900.0,KRW
se_001279,u_01965,PURCHASE,yearly_plus,true,2026-06-15 09:11:43,2026-06-15 09:16:45,0.0,USD
se_001254,u_01587,purchase,monthly_basic,true,2026-06-14 09:56:10,2026-06-15 10:04:49,0.0,USD
se_001255,u_00713,purchase,monthly_basic,false,2026-06-14 10:53:17,2026-06-15 10:58:33,24.9,BRL
se_001256,u_00849,purchase,monthly_plus,true,2026-06-14 10:56:26,2026-06-15 11:05:03,0.0,JPY
se_001281,u_00334,purchase,monthly_plus,true,2026-06-15 11:26:47,2026-06-15 11:28:22,0.0,JPY
se_001261,u_00757,purchase,monthly_basic,false,2026-06-14 12:06:43,2026-06-15 12:16:03,4.99,USD
se_001242,u_02801,PURCHASE,yearly_basic,true,2026-06-13 12:21:06,2026-06-15 12:24:18,0.0,USD
se_001262,u_00391,purchase,monthly_basic,false,2026-06-14 12:37:39,2026-06-15 12:46:59,6900.0,KRW
se_001245,u_01012,purchase,monthly_basic,true,2026-06-13 14:01:34,2026-06-15 14:10:36,0.0,USD
se_001283,u_02365,purchase,yearly_basic,false,2026-06-15 14:34:38,2026-06-15 14:38:56,29.99,USD
se_001285,u_02826,purchase,monthly_basic,true,2026-06-15 14:51:41,2026-06-15 14:52:41,0.0,KRW
se_001287,u_00657,purchase,monthly_plus,false,2026-06-15 15:43:08,2026-06-15 15:47:24,10900.0,KRW
se_001272,u_02288,purchase,monthly_basic,true,2026-06-14 19:28:00,2026-06-15 19:37:06,0.0,JPY
se_001250,u_00225,purchase,monthly_basic,false,2026-06-13 20:43:55,2026-06-15 20:51:07,6900.0,KRW
se_001274,u_01535,purchase,yearly_basic,true,2026-06-14 21:03:40,2026-06-15 21:09:50,0.0,BRL
se_001291,u_00960,renewal,monthly_basic,false,2026-06-15 21:31:26,2026-06-15 21:39:11,6900.0,KRW
se_001292,u_00951,renewal,monthly_basic,false,2026-06-15 22:28:30,2026-06-15 22:33:48,6900.0,KRW
se_001293,u_02503,purchase,monthly_plus,false,2026-06-16 07:58:13,2026-06-16 07:59:49,7.99,USD
se_001236,u_02748,purchase,yearly_plus,true,2026-06-13 08:04:13,2026-06-16 08:09:03,0.0,KRW
se_001294,u_00093,purchase,monthly_basic,true,2026-06-16 08:28:49,2026-06-16 08:33:29,0.0,JPY
se_001297,u_01984,purchase,monthly_basic,false,2026-06-16 09:50:00,2026-06-16 09:53:17,750.0,JPY
se_001298,u_01016,purchase,yearly_basic,true,2026-06-16 10:38:17,2026-06-16 10:44:06,0.0,BRL
se_001300,u_02865,RENEWAL,monthly_plus,false,2026-06-16 11:19:31,2026-06-16 11:25:49,10900.0,KRW
se_001301,u_00087,renewal,monthly_plus,false,2026-06-16 12:48:57,2026-06-16 12:56:02,7.99,USD
se_001282,u_01659,purchase,monthly_basic,true,2026-06-15 13:51:56,2026-06-16 14:01:19,0.0,KRW
se_001302,u_02447,purchase,monthly_plus,false,2026-06-16 14:52:38,2026-06-16 14:55:24,1200.0,JPY
se_001303,u_00524,purchase,monthly_plus,true,2026-06-16 14:58:52,2026-06-16 15:05:24,0.0,USD
se_001264,u_01843,purchase,monthly_basic,true,2026-06-14 15:20:26,2026-06-16 15:20:57,0.0,EUR
se_001286,u_00482,purchase,monthly_basic,true,2026-06-15 15:22:23,2026-06-16 15:29:20,0.0,KRW
se_001246,u_02535,purchase,monthly_basic,true,2026-06-13 15:27:42,2026-06-16 15:32:31,0.0,KRW
se_001304,u_00302,purchase,yearly_plus,true,2026-06-16 15:57:13,2026-06-16 16:00:40,0.0,KRW
se_001305,u_00002,purchase,monthly_basic,false,2026-06-16 16:02:30,2026-06-16 16:07:05,4.99,USD
se_001265,u_00472,purchase,monthly_plus,true,2026-06-14 16:08:43,2026-06-16 16:12:10,0.0,KRW
se_001307,u_00910,renewal,monthly_basic,false,2026-06-16 17:05:06,2026-06-16 17:10:22,4.49,EUR
se_001308,u_02150,purchase,monthly_plus,true,2026-06-16 17:18:27,2026-06-16 17:28:17,0.0,KRW
se_001309,u_01301,purchase,monthly_plus,false,2026-06-16 18:01:41,2026-06-16 18:06:53,7.99,USD
se_001288,u_00886,PURCHASE,yearly_basic,false,2026-06-15 18:16:24,2026-06-16 18:20:07,4500.0,JPY
se_001289,u_01574,purchase,monthly_basic,true,2026-06-15 21:13:07,2026-06-16 21:14:26,0.0,KRW
se_001275,u_00227,purchase,monthly_plus,true,2026-06-14 21:09:43,2026-06-16 21:17:02,0.0,EUR
se_001290,u_02281,purchase,monthly_basic,false,2026-06-15 21:22:07,2026-06-16 21:22:39,6900.0,KRW
se_001312,u_01097,purchase,monthly_basic,true,2026-06-16 22:05:43,2026-06-16 22:07:50,0.0,BRL
se_001277,u_00737,purchase,monthly_plus,false,2026-06-14 22:08:37,2026-06-16 22:17:54,10900.0,KRW
se_001313,u_00775,purchase,monthly_plus,true,2026-06-16 22:52:08,2026-06-16 22:58:49,0.0,KRW
se_001314,u_01914,purchase,monthly_basic,false,2026-06-17 07:49:22,2026-06-17 07:53:26,24.9,BRL
se_001315,u_00513,purchase,monthly_basic,true,2026-06-17 08:24:54,2026-06-17 08:27:27,0.0,KRW
se_001316,u_02319,purchase,monthly_plus,true,2026-06-17 08:28:13,2026-06-17 08:30:01,0.0,KRW
se_001296,u_02655,purchase,monthly_basic,true,2026-06-16 09:36:24,2026-06-17 09:37:41,0.0,EUR
se_001317,u_01465,purchase,monthly_plus,true,2026-06-17 09:36:05,2026-06-17 09:39:46,0.0,JPY
se_001280,u_02514,purchase,monthly_basic,false,2026-06-15 10:05:04,2026-06-17 10:08:18,750.0,JPY
se_001319,u_02704,purchase,monthly_plus,true,2026-06-17 10:41:00,2026-06-17 10:41:21,0.0,BRL
se_001320,u_00882,purchase,yearly_basic,true,2026-06-17 11:49:59,2026-06-17 11:55:14,0.0,JPY
se_001322,u_01650,purchase,yearly_basic,true,2026-06-17 12:46:57,2026-06-17 12:48:29,0.0,JPY
se_001323,u_00186,renewal,monthly_basic,false,2026-06-17 12:50:55,2026-06-17 12:58:10,6900.0,KRW
se_001263,u_02076,renewal,monthly_basic,false,2026-06-14 13:45:02,2026-06-17 13:47:09,4.99,USD
se_001326,u_01548,purchase,monthly_basic,true,2026-06-17 14:31:29,2026-06-17 14:32:40,0.0,KRW
se_001327,u_02994,purchase,monthly_plus,true,2026-06-17 14:33:28,2026-06-17 14:36:09,0.0,KRW
se_001328,u_01278,purchase,monthly_basic,false,2026-06-17 16:34:45,2026-06-17 16:43:13,4.99,USD
se_001329,u_01919,renewal,monthly_plus,false,2026-06-17 18:05:00,2026-06-17 18:08:38,7.49,EUR
se_001270,u_02516,PURCHASE,monthly_basic,true,2026-06-14 18:23:36,2026-06-17 18:25:35,0.0,BRL
se_001333,u_01042,PURCHASE,yearly_plus,true,2026-06-17 20:07:07,2026-06-17 20:07:54,0.0,USD
se_001334,u_02320,PURCHASE,monthly_basic,false,2026-06-17 21:55:22,2026-06-17 21:55:55,24.9,BRL
se_001311,u_00589,purchase,yearly_basic,true,2026-06-16 22:02:47,2026-06-17 22:10:39,0.0,BRL
se_001295,u_01204,purchase,yearly_plus,false,2026-06-16 08:30:19,2026-06-18 08:31:37,7500.0,JPY
se_001336,u_02756,purchase,yearly_basic,true,2026-06-18 10:18:01,2026-06-18 10:22:23,0.0,KRW
se_001321,u_02869,purchase,monthly_basic,true,2026-06-17 12:09:51,2026-06-18 12:11:13,0.0,BRL
se_001340,u_01558,purchase,monthly_basic,false,2026-06-18 13:39:03,2026-06-18 13:42:20,4.99,USD
se_001324,u_01125,purchase,yearly_plus,true,2026-06-17 14:13:04,2026-06-18 14:14:46,0.0,KRW
se_001284,u_02476,cancel,monthly_basic,false,2026-06-15 14:34:59,2026-06-18 14:37:37,0.0,KRW
se_001341,u_02818,purchase,monthly_plus,true,2026-06-18 14:47:39,2026-06-18 14:54:17,0.0,BRL
se_001330,u_02341,renewal,monthly_basic,false,2026-06-17 18:08:59,2026-06-18 18:13:17,750.0,JPY
se_001344,u_02988,purchase,monthly_basic,false,2026-06-18 18:06:28,2026-06-18 18:13:38,6900.0,KRW
se_001331,u_02906,purchase,monthly_plus,true,2026-06-17 18:26:27,2026-06-18 18:26:48,0.0,KRW
se_001345,u_01560,purchase,monthly_basic,true,2026-06-18 19:00:31,2026-06-18 19:05:06,0.0,EUR
se_001347,u_00151,purchase,monthly_basic,true,2026-06-18 19:44:18,2026-06-18 19:46:06,0.0,EUR
se_001349,u_00784,renewal,monthly_plus,false,2026-06-18 20:09:44,2026-06-18 20:13:25,10900.0,KRW
se_001351,u_02377,purchase,yearly_basic,true,2026-06-18 20:59:14,2026-06-18 21:07:17,0.0,KRW
se_001352,u_02512,purchase,monthly_basic,true,2026-06-18 21:29:53,2026-06-18 21:32:19,0.0,BRL
se_001353,u_01775,purchase,monthly_basic,false,2026-06-18 21:32:43,2026-06-18 21:33:13,6900.0,KRW
se_001354,u_02845,renewal,monthly_basic,false,2026-06-19 07:32:15,2026-06-19 07:38:55,6900.0,KRW
se_001355,u_02482,purchase,monthly_basic,true,2026-06-19 07:57:32,2026-06-19 08:05:10,0.0,BRL
se_001356,u_02449,purchase,monthly_plus,false,2026-06-19 09:54:54,2026-06-19 10:01:53,1200.0,JPY
se_001318,u_01552,purchase,monthly_basic,true,2026-06-17 10:10:29,2026-06-19 10:15:10,0.0,USD
se_001357,u_01749,PURCHASE,monthly_basic,false,2026-06-19 10:23:32,2026-06-19 10:24:27,4.99,USD
se_001338,u_00297,purchase,monthly_plus,true,2026-06-18 10:42:50,2026-06-19 10:45:09,0.0,KRW
se_001299,u_00173,purchase,monthly_plus,false,2026-06-16 10:50:46,2026-06-19 10:57:09,10900.0,KRW
se_001358,u_01247,purchase,monthly_plus,true,2026-06-19 11:01:04,2026-06-19 11:10:38,0.0,KRW
se_001339,u_02390,purchase,monthly_plus,true,2026-06-18 13:38:27,2026-06-19 13:44:53,0.0,USD
se_001325,u_02673,purchase,monthly_basic,true,2026-06-17 14:16:14,2026-06-19 14:23:28,0.0,JPY
se_001306,u_00714,purchase,monthly_basic,false,2026-06-16 16:17:54,2026-06-19 16:21:38,24.9,BRL
se_001343,u_01441,purchase,monthly_basic,false,2026-06-18 16:23:47,2026-06-19 16:25:03,750.0,JPY
se_001362,u_02832,purchase,monthly_basic,false,2026-06-19 17:16:11,2026-06-19 17:24:52,4.49,EUR
se_001346,u_01347,purchase,yearly_basic,true,2026-06-18 19:19:04,2026-06-19 19:19:21,0.0,BRL
se_001363,u_02005,purchase,monthly_plus,false,2026-06-19 19:23:58,2026-06-19 19:33:49,1200.0,JPY
se_001366,u_02997,CANCEL,monthly_plus,false,2026-06-19 19:56:39,2026-06-19 20:01:36,0.0,KRW
se_001367,u_00427,purchase,monthly_basic,true,2026-06-19 20:29:04,2026-06-19 20:36:57,0.0,KRW
se_001310,u_01657,purchase,monthly_basic,true,2026-06-16 20:35:26,2026-06-19 20:41:14,0.0,USD
se_001350,u_00613,purchase,yearly_basic,false,2026-06-18 20:48:55,2026-06-19 20:58:23,4500.0,JPY
se_001373,u_01914,refund,monthly_basic,false,2026-06-20 07:49:22,2026-06-20 07:57:49,-24.9,BRL
se_001374,u_01023,purchase,yearly_basic,true,2026-06-20 11:26:14,2026-06-20 11:33:52,0.0,USD
se_001375,u_01824,purchase,yearly_plus,true,2026-06-20 12:26:53,2026-06-20 12:28:56,0.0,KRW
se_001376,u_00729,renewal,monthly_basic,false,2026-06-20 12:57:35,2026-06-20 12:59:11,6900.0,KRW
se_001360,u_02284,purchase,yearly_plus,false,2026-06-19 13:21:36,2026-06-20 13:31:13,65000.0,KRW
se_001361,u_02858,purchase,monthly_basic,false,2026-06-19 14:41:48,2026-06-20 14:42:46,6900.0,KRW
se_001377,u_02535,purchase,monthly_basic,false,2026-06-20 15:27:42,2026-06-20 15:35:02,6900.0,KRW
se_001379,u_00904,purchase,yearly_basic,true,2026-06-20 16:39:34,2026-06-20 16:42:29,0.0,KRW
se_001381,u_01792,purchase,yearly_plus,true,2026-06-20 17:09:20,2026-06-20 17:12:49,0.0,BRL
se_001382,u_01815,PURCHASE,monthly_basic,true,2026-06-20 17:49:12,2026-06-20 17:52:39,0.0,JPY
se_001332,u_01127,purchase,monthly_basic,true,2026-06-17 19:28:32,2026-06-20 19:35:44,0.0,JPY
se_001365,u_02091,purchase,monthly_plus,true,2026-06-19 19:33:51,2026-06-20 19:38:07,0.0,KRW
se_001385,u_01371,purchase,monthly_basic,true,2026-06-20 19:32:34,2026-06-20 19:39:11,0.0,USD
se_001348,u_01853,renewal,monthly_plus,false,2026-06-18 20:05:46,2026-06-20 20:14:43,1200.0,JPY
se_001386,u_02386,purchase,monthly_basic,true,2026-06-20 20:17:19,2026-06-20 20:26:09,0.0,BRL
se_001335,u_00361,purchase,yearly_basic,true,2026-06-17 22:15:38,2026-06-20 22:19:56,0.0,USD
se_001390,u_01428,purchase,monthly_basic,true,2026-06-21 09:24:38,2026-06-21 09:28:59,0.0,EUR
se_001337,u_02603,purchase,monthly_plus,false,2026-06-18 10:37:03,2026-06-21 10:39:18,7.99,USD
se_001391,u_00390,renewal,monthly_basic,false,2026-06-21 10:37:21,2026-06-21 10:45:14,24.9,BRL
se_001392,u_00849,purchase,monthly_plus,false,2026-06-21 10:56:26,2026-06-21 10:58:32,1200.0,JPY
se_001359,u_01716,purchase,yearly_plus,true,2026-06-19 11:37:03,2026-06-21 11:43:01,0.0,KRW
se_001394,u_02240,purchase,yearly_basic,true,2026-06-21 14:33:32,2026-06-21 14:36:30,0.0,KRW
se_001396,u_02304,purchase,monthly_basic,true,2026-06-21 15:36:56,2026-06-21 15:43:59,0.0,KRW
se_001397,u_00035,purchase,monthly_plus,true,2026-06-21 16:14:23,2026-06-21 16:18:45,0.0,USD
se_001342,u_02717,renewal,monthly_basic,false,2026-06-18 16:20:31,2026-06-21 16:26:23,750.0,JPY
se_001378,u_00095,purchase,yearly_basic,true,2026-06-20 16:30:04,2026-06-21 16:36:17,0.0,KRW
se_001380,u_01031,renewal,monthly_basic,false,2026-06-20 16:46:41,2026-06-21 16:52:39,6900.0,KRW
se_001400,u_01557,PURCHASE,monthly_basic,true,2026-06-21 17:29:32,2026-06-21 17:30:21,0.0,KRW
se_001399,u_01206,purchase,monthly_plus,true,2026-06-21 17:22:06,2026-06-21 17:30:55,0.0,USD
se_001402,u_00028,purchase,monthly_plus,false,2026-06-21 17:36:05,2026-06-21 17:38:21,1200.0,JPY
se_001383,u_02001,PURCHASE,monthly_plus,true,2026-06-20 18:12:27,2026-06-21 18:17:49,0.0,BRL
se_001384,u_01898,purchase,monthly_basic,true,2026-06-20 18:59:10,2026-06-21 19:07:32,0.0,KRW
se_001364,u_02153,purchase,monthly_basic,true,2026-06-19 19:28:50,2026-06-21 19:37:34,0.0,JPY
se_001405,u_00389,purchase,monthly_basic,true,2026-06-21 20:10:40,2026-06-21 20:11:50,0.0,KRW
se_001387,u_02452,purchase,monthly_basic,true,2026-06-20 21:03:20,2026-06-21 21:10:48,0.0,BRL
se_001409,u_02498,purchase,monthly_basic,true,2026-06-21 22:48:03,2026-06-21 22:52:11,0.0,KRW
se_001372,u_01634,purchase,monthly_basic,true,2026-06-20 07:34:11,2026-06-22 07:41:24,0.0,KRW
se_001389,u_00843,purchase,yearly_plus,true,2026-06-21 08:59:07,2026-06-22 09:01:09,0.0,EUR
se_001411,u_01965,PURCHASE,yearly_plus,false,2026-06-22 09:11:43,2026-06-22 09:14:42,49.99,USD
se_001412,u_01732,purchase,monthly_plus,true,2026-06-22 09:47:33,2026-06-22 09:50:03,0.0,USD
se_001415,u_02471,purchase,monthly_basic,true,2026-06-22 10:33:45,2026-06-22 10:41:54,0.0,JPY
se_001416,u_01972,PURCHASE,monthly_plus,true,2026-06-22 10:34:12,2026-06-22 10:41:56,0.0,USD
se_001418,u_00579,purchase,yearly_basic,true,2026-06-22 13:40:04,2026-06-22 13:43:49,0.0,KRW
se_001395,u_01843,purchase,monthly_basic,false,2026-06-21 15:20:26,2026-06-22 15:23:19,4.49,EUR
se_001398,u_02042,purchase,yearly_basic,true,2026-06-21 16:28:04,2026-06-22 16:31:45,0.0,KRW
se_001419,u_00530,purchase,monthly_basic,true,2026-06-22 17:01:33,2026-06-22 17:09:22,0.0,KRW
se_001401,u_02902,purchase,yearly_plus,false,2026-06-21 17:35:24,2026-06-22 17:36:09,65000.0,KRW
se_001421,u_00718,renewal,monthly_basic,false,2026-06-22 18:56:14,2026-06-22 18:57:19,6900.0,KRW
se_001403,u_01420,renewal,monthly_basic,false,2026-06-21 19:16:53,2026-06-22 19:24:28,6900.0,KRW
se_001406,u_01535,purchase,yearly_basic,false,2026-06-21 21:03:40,2026-06-22 21:08:36,149.9,BRL
se_001426,u_01574,purchase,monthly_basic,false,2026-06-22 21:13:07,2026-06-22 21:22:35,6900.0,KRW
se_001368,u_00852,purchase,monthly_plus,false,2026-06-19 21:36:23,2026-06-22 21:45:35,1200.0,JPY
se_001407,u_00973,RENEWAL,monthly_basic,false,2026-06-21 22:12:05,2026-06-22 22:20:05,24.9,BRL
se_001408,u_01324,purchase,monthly_basic,true,2026-06-21 22:18:10,2026-06-22 22:27:56,0.0,KRW
se_001370,u_02527,renewal,monthly_plus,false,2026-06-19 22:22:46,2026-06-22 22:28:21,7.99,USD
se_001369,u_01321,renewal,monthly_basic,false,2026-06-19 22:22:38,2026-06-22 22:31:39,750.0,JPY
se_001371,u_02935,purchase,monthly_basic,false,2026-06-19 22:31:30,2026-06-22 22:34:16,6900.0,KRW
se_001428,u_01390,purchase,yearly_basic,true,2026-06-22 22:30:01,2026-06-22 22:37:51,0.0,KRW
se_001429,u_02287,purchase,monthly_basic,true,2026-06-23 07:20:54,2026-06-23 07:26:52,0.0,USD
se_001430,u_00093,purchase,monthly_basic,false,2026-06-23 08:28:49,2026-06-23 08:33:39,750.0,JPY
se_001431,u_02655,purchase,monthly_basic,false,2026-06-23 09:36:24,2026-06-23 09:43:04,4.49,EUR
se_001433,u_01016,purchase,yearly_basic,false,2026-06-23 10:38:17,2026-06-23 10:39:09,149.9,BRL
se_001435,u_00629,renewal,monthly_basic,false,2026-06-23 12:11:17,2026-06-23 12:13:40,24.9,BRL
se_001417,u_00651,renewal,monthly_basic,false,2026-06-22 12:13:01,2026-06-23 12:16:11,750.0,JPY
se_001437,u_02778,purchase,monthly_plus,true,2026-06-23 13:17:39,2026-06-23 13:20:44,0.0,JPY
se_001438,u_00527,purchase,monthly_basic,true,2026-06-23 13:30:37,2026-06-23 13:38:19,0.0,USD
se_001439,u_00178,renewal,monthly_plus,false,2026-06-23 14:43:13,2026-06-23 14:52:38,10900.0,KRW
se_001443,u_01908,renewal,monthly_basic,false,2026-06-23 17:32:44,2026-06-23 17:39:42,6900.0,KRW
se_001444,u_00577,PURCHASE,monthly_basic,true,2026-06-23 17:49:24,2026-06-23 17:51:32,0.0,USD
se_001420,u_00343,cancel,monthly_basic,false,2026-06-22 18:24:42,2026-06-23 18:30:21,0.0,KRW
se_001445,u_02876,renewal,monthly_plus,false,2026-06-23 19:02:09,2026-06-23 19:03:25,10900.0,KRW
se_001422,u_02633,purchase,yearly_basic,true,2026-06-22 19:16:28,2026-06-23 19:20:30,0.0,KRW
se_001446,u_00469,renewal,monthly_plus,false,2026-06-23 20:01:52,2026-06-23 20:07:59,10900.0,KRW
se_001447,u_01067,purchase,monthly_plus,true,2026-06-23 20:35:01,2026-06-23 20:36:55,0.0,JPY
se_001425,u_00364,purchase,yearly_basic,true,2026-06-22 20:54:21,2026-06-23 21:01:29,0.0,JPY
se_001427,u_01569,purchase,monthly_plus,true,2026-06-22 21:14:11,2026-06-23 21:23:58,0.0,KRW
se_001449,u_00589,purchase,yearly_basic,false,2026-06-23 22:02:47,2026-06-23 22:06:24,149.9,BRL
se_001450,u_01097,purchase,monthly_basic,false,2026-06-23 22:05:43,2026-06-23 22:11:20,24.9,BRL
se_001451,u_00775,purchase,monthly_plus,false,2026-06-23 22:52:08,2026-06-23 22:58:35,10900.0,KRW
se_001452,u_01103,purchase,monthly_basic,true,2026-06-24 07:34:58,2026-06-24 07:35:09,0.0,EUR
se_001453,u_00081,purchase,yearly_basic,true,2026-06-24 07:43:34,2026-06-24 07:52:46,0.0,JPY
se_001388,u_01826,purchase,yearly_basic,true,2026-06-21 08:50:51,2026-06-24 08:51:29,0.0,KRW
se_001457,u_02831,purchase,monthly_basic,true,2026-06-24 09:24:36,2026-06-24 09:31:43,0.0,KRW
se_001432,u_02625,PURCHASE,monthly_plus,true,2026-06-23 09:52:41,2026-06-24 09:55:34,0.0,KRW
se_001459,u_01705,purchase,yearly_basic,true,2026-06-24 09:54:26,2026-06-24 09:59:55,0.0,KRW
se_001413,u_01170,purchase,monthly_basic,true,2026-06-22 10:03:43,2026-06-24 10:03:45,0.0,EUR
se_001461,u_02704,purchase,monthly_plus,false,2026-06-24 10:41:00,2026-06-24 10:47:42,39.9,BRL
se_001413,u_01170,purchase,monthly_basic,true,2026-06-22 10:03:43,2026-06-24 10:47:50,0.0,EUR
se_001462,u_02097,purchase,monthly_basic,true,2026-06-24 11:13:11,2026-06-24 11:19:03,0.0,KRW
se_001463,u_00995,renewal,monthly_plus,false,2026-06-24 11:13:24,2026-06-24 11:20:27,7.49,EUR
se_001465,u_00882,purchase,yearly_basic,false,2026-06-24 11:49:59,2026-06-24 11:51:11,4500.0,JPY
se_001464,u_02166,PURCHASE,monthly_plus,true,2026-06-24 11:45:09,2026-06-24 11:53:57,0.0,JPY
se_001393,u_02660,RENEWAL,monthly_basic,false,2026-06-21 12:19:38,2026-06-24 12:28:09,6900.0,KRW
se_001467,u_02533,purchase,monthly_plus,true,2026-06-24 12:42:00,2026-06-24 12:44:01,0.0,KRW
se_001468,u_01650,purchase,yearly_basic,false,2026-06-24 12:46:57,2026-06-24 12:56:13,4500.0,JPY
se_001470,u_02350,renewal,monthly_plus,false,2026-06-24 13:01:32,2026-06-24 13:08:48,39.9,BRL
se_001471,u_02631,purchase,yearly_basic,true,2026-06-24 14:03:34,2026-06-24 14:11:07,0.0,USD
se_001472,u_01548,purchase,monthly_basic,false,2026-06-24 14:31:29,2026-06-24 14:36:37,6900.0,KRW
se_001473,u_02994,purchase,monthly_plus,false,2026-06-24 14:33:28,2026-06-24 14:39:21,10900.0,KRW
se_001474,u_02862,purchase,yearly_plus,true,2026-06-24 14:48:41,2026-06-24 14:50:49,0.0,JPY
se_001440,u_00220,purchase,monthly_basic,true,2026-06-23 16:20:08,2026-06-24 16:26:58,0.0,KRW
se_001442,u_02150,purchase,monthly_plus,false,2026-06-23 17:18:27,2026-06-24 17:22:00,10900.0,KRW
se_001477,u_02675,purchase,monthly_plus,true,2026-06-24 17:54:26,2026-06-24 17:59:49,0.0,KRW
se_001478,u_02906,purchase,monthly_plus,false,2026-06-24 18:26:27,2026-06-24 18:32:57,10900.0,KRW
se_001481,u_00382,purchase,monthly_basic,true,2026-06-24 19:15:49,2026-06-24 19:25:14,0.0,USD
se_001404,u_01477,RENEWAL,monthly_basic,false,2026-06-21 19:42:41,2026-06-24 19:52:22,750.0,JPY
se_001484,u_01042,purchase,yearly_plus,false,2026-06-24 20:07:07,2026-06-24 20:16:10,49.99,USD
se_001448,u_00344,RENEWAL,monthly_basic,false,2026-06-23 21:00:55,2026-06-24 21:02:39,4.99,USD
se_001486,u_02489,renewal,monthly_basic,false,2026-06-24 21:42:12,2026-06-24 21:44:11,6900.0,KRW
se_001488,u_01182,purchase,monthly_plus,true,2026-06-24 22:18:20,2026-06-24 22:27:17,0.0,KRW
se_001489,u_01533,purchase,monthly_plus,true,2026-06-25 07:18:29,2026-06-25 07:27:42,0.0,KRW
se_001410,u_02300,purchase,monthly_basic,true,2026-06-22 07:57:45,2026-06-25 07:59:22,0.0,KRW
se_001454,u_00445,renewal,monthly_plus,false,2026-06-24 07:58:54,2026-06-25 08:03:20,7.99,USD
se_001455,u_00513,purchase,monthly_basic,false,2026-06-24 08:24:54,2026-06-25 08:29:44,6900.0,KRW
se_001456,u_02319,purchase,monthly_plus,false,2026-06-24 08:28:13,2026-06-25 08:33:16,10900.0,KRW
se_001458,u_00936,purchase,monthly_plus,true,2026-06-24 09:44:54,2026-06-25 09:47:18,0.0,KRW
se_001414,u_01947,renewal,monthly_basic,false,2026-06-22 10:27:00,2026-06-25 10:29:28,750.0,JPY
se_001434,u_01282,cancel,monthly_plus,false,2026-06-23 11:55:35,2026-06-25 11:55:39,0.0,BRL
se_001436,u_00061,purchase,monthly_basic,true,2026-06-23 12:32:31,2026-06-25 12:38:18,0.0,BRL
se_001469,u_00586,purchase,yearly_plus,true,2026-06-24 13:00:12,2026-06-25 13:06:46,0.0,USD
se_001491,u_00754,purchase,monthly_basic,true,2026-06-25 13:25:12,2026-06-25 13:32:19,0.0,EUR
se_001475,u_00657,CANCEL,monthly_plus,false,2026-06-24 15:43:08,2026-06-25 15:50:45,0.0,KRW
se_001493,u_02870,renewal,monthly_plus,false,2026-06-25 16:36:59,2026-06-25 16:40:14,39.9,BRL
se_001441,u_02493,purchase,monthly_basic,true,2026-06-23 17:11:32,2026-06-25 17:19:58,0.0,BRL
se_001479,u_01241,renewal,monthly_basic,false,2026-06-24 18:45:40,2026-06-25 18:47:27,750.0,JPY
se_001483,u_01273,purchase,monthly_plus,true,2026-06-24 19:29:32,2026-06-25 19:36:57,0.0,KRW
se_001423,u_02693,purchase,yearly_basic,true,2026-06-22 20:06:11,2026-06-25 20:07:29,0.0,USD
se_001424,u_01606,purchase,monthly_basic,true,2026-06-22 20:53:13,2026-06-25 20:58:20,0.0,BRL
se_001496,u_02512,purchase,monthly_basic,false,2026-06-25 21:29:53,2026-06-25 21:35:21,24.9,BRL
se_001487,u_00715,purchase,monthly_plus,true,2026-06-24 21:43:50,2026-06-25 21:45:44,0.0,USD
se_001497,u_01143,purchase,yearly_plus,true,2026-06-25 22:34:47,2026-06-25 22:37:46,0.0,JPY
se_001498,u_00200,purchase,monthly_basic,true,2026-06-26 07:55:45,2026-06-26 07:57:25,0.0,JPY
se_001499,u_00640,purchase,yearly_plus,true,2026-06-26 08:36:56,2026-06-26 08:40:39,0.0,EUR
se_001500,u_00503,purchase,monthly_plus,true,2026-06-26 09:42:53,2026-06-26 09:46:02,0.0,JPY
se_001502,u_02458,PURCHASE,monthly_basic,true,2026-06-26 09:56:10,2026-06-26 09:57:17,0.0,USD
se_001460,u_00499,purchase,monthly_basic,true,2026-06-24 10:04:01,2026-06-26 10:13:05,0.0,KRW
se_001505,u_02908,PURCHASE,yearly_plus,true,2026-06-26 10:39:15,2026-06-26 10:45:20,0.0,USD
se_001506,u_01247,purchase,monthly_plus,false,2026-06-26 11:01:04,2026-06-26 11:08:46,10900.0,KRW
se_001490,u_02733,purchase,monthly_plus,true,2026-06-25 12:27:36,2026-06-26 12:31:27,0.0,KRW
se_001510,u_00466,purchase,monthly_basic,true,2026-06-26 14:42:23,2026-06-26 14:52:17,0.0,KRW
se_001512,u_00664,renewal,monthly_basic,false,2026-06-26 15:14:48,2026-06-26 15:19:13,4.99,USD
se_001513,u_01840,renewal,monthly_plus,false,2026-06-26 15:34:29,2026-06-26 15:42:05,1200.0,JPY
se_001476,u_01990,purchase,monthly_plus,true,2026-06-24 17:00:22,2026-06-26 17:03:58,0.0,BRL
se_001515,u_01910,purchase,monthly_plus,true,2026-06-26 17:37:38,2026-06-26 17:45:42,0.0,KRW
se_001494,u_02906,refund,monthly_plus,false,2026-06-25 18:26:27,2026-06-26 18:34:13,-10900.0,KRW
se_001480,u_02828,purchase,monthly_basic,true,2026-06-24 18:49:42,2026-06-26 18:52:02,0.0,USD
se_001516,u_02782,PURCHASE,yearly_basic,true,2026-06-26 19:17:01,2026-06-26 19:19:24,0.0,KRW
se_001495,u_01347,purchase,yearly_basic,false,2026-06-25 19:19:04,2026-06-26 19:24:31,149.9,BRL
se_001482,u_01127,purchase,monthly_basic,false,2026-06-24 19:28:32,2026-06-26 19:31:02,750.0,JPY
se_001519,u_00776,purchase,yearly_basic,true,2026-06-26 19:37:25,2026-06-26 19:41:27,0.0,JPY
se_001518,u_02091,purchase,monthly_plus,false,2026-06-26 19:33:51,2026-06-26 19:42:41,10900.0,KRW
se_001520,u_02810,renewal,monthly_basic,false,2026-06-26 20:01:16,2026-06-26 20:09:18,6900.0,KRW
se_001521,u_02513,purchase,yearly_basic,true,2026-06-26 21:21:00,2026-06-26 21:24:06,0.0,KRW
se_001485,u_01766,purchase,monthly_basic,true,2026-06-24 21:24:08,2026-06-26 21:29:26,0.0,EUR
se_001527,u_00694,purchase,monthly_plus,true,2026-06-27 09:45:53,2026-06-27 09:53:59,0.0,JPY
se_001529,u_01376,purchase,yearly_basic,true,2026-06-27 10:52:30,2026-06-27 10:55:58,0.0,USD
se_001466,u_00296,renewal,monthly_basic,false,2026-06-24 11:53:46,2026-06-27 11:59:38,6900.0,KRW
se_001531,u_02914,renewal,monthly_basic,false,2026-06-27 13:14:51,2026-06-27 13:18:27,4.99,USD
se_001509,u_02695,purchase,monthly_plus,true,2026-06-26 14:15:48,2026-06-27 14:23:22,0.0,JPY
se_001532,u_00926,purchase,monthly_basic,true,2026-06-27 14:40:18,2026-06-27 14:48:03,0.0,USD
se_001511,u_02118,renewal,monthly_basic,false,2026-06-26 15:03:45,2026-06-27 15:12:04,4.49,EUR
se_001534,u_00064,purchase,yearly_basic,true,2026-06-27 16:58:48,2026-06-27 17:02:19,0.0,EUR
se_001536,u_00456,renewal,monthly_basic,false,2026-06-27 17:14:53,2026-06-27 17:22:01,6900.0,KRW
se_001537,u_00959,purchase,monthly_basic,true,2026-06-27 17:41:30,2026-06-27 17:50:25,0.0,KRW
se_001539,u_01243,purchase,yearly_basic,true,2026-06-27 18:14:23,2026-06-27 18:15:38,0.0,JPY
se_001538,u_02001,purchase,monthly_plus,false,2026-06-27 18:12:27,2026-06-27 18:19:13,39.9,BRL
se_001540,u_02620,purchase,monthly_basic,true,2026-06-27 18:38:08,2026-06-27 18:40:26,0.0,JPY
se_001541,u_01810,purchase,monthly_basic,true,2026-06-27 18:51:42,2026-06-27 18:59:40,0.0,JPY
se_001517,u_02153,purchase,monthly_basic,false,2026-06-26 19:28:50,2026-06-27 19:30:32,750.0,JPY
se_001542,u_02153,refund,monthly_basic,false,2026-06-27 19:28:50,2026-06-27 19:31:35,-750.0,JPY
se_001522,u_01440,purchase,monthly_basic,true,2026-06-26 22:00:28,2026-06-27 22:04:38,0.0,EUR
se_001524,u_01634,purchase,monthly_basic,false,2026-06-27 07:34:11,2026-06-28 07:42:01,6900.0,KRW
se_001545,u_01826,purchase,yearly_basic,false,2026-06-28 08:50:51,2026-06-28 08:54:18,39000.0,KRW
se_001546,u_00843,purchase,yearly_plus,false,2026-06-28 08:59:07,2026-06-28 09:07:38,46.99,EUR
se_001503,u_02543,purchase,monthly_basic,true,2026-06-26 10:07:57,2026-06-28 10:12:27,0.0,KRW
se_001547,u_01210,purchase,monthly_basic,true,2026-06-28 10:12:14,2026-06-28 10:20:41,0.0,USD
se_001528,u_01955,purchase,monthly_basic,true,2026-06-27 10:25:16,2026-06-28 10:33:20,0.0,JPY
se_001504,u_00340,purchase,monthly_basic,true,2026-06-26 10:36:38,2026-06-28 10:41:26,0.0,KRW
se_001548,u_00594,purchase,monthly_plus,true,2026-06-28 11:14:40,2026-06-28 11:19:28,0.0,KRW
se_001549,u_02688,renewal,monthly_basic,false,2026-06-28 11:27:23,2026-06-28 11:31:21,6900.0,KRW
se_001552,u_02240,purchase,yearly_basic,false,2026-06-28 14:33:32,2026-06-28 14:39:25,39000.0,KRW
se_001492,u_02818,PURCHASE,monthly_plus,false,2026-06-25 14:47:39,2026-06-28 14:52:15,39.9,BRL
se_001557,u_01746,purchase,monthly_plus,true,2026-06-28 15:40:18,2026-06-28 15:40:24,0.0,KRW
se_001558,u_01198,purchase,monthly_basic,true,2026-06-28 16:04:18,2026-06-28 16:09:32,0.0,BRL
se_001559,u_02042,purchase,yearly_basic,false,2026-06-28 16:28:04,2026-06-28 16:34:29,39000.0,KRW
se_001533,u_00671,purchase,monthly_basic,true,2026-06-27 16:29:50,2026-06-28 16:37:19,0.0,JPY
se_001535,u_01792,purchase,yearly_plus,false,2026-06-27 17:09:20,2026-06-28 17:15:22,249.9,BRL
se_001563,u_01257,renewal,monthly_basic,false,2026-06-28 17:49:17,2026-06-28 17:50:26,6900.0,KRW
se_001565,u_02670,purchase,yearly_basic,true,2026-06-28 19:57:46,2026-06-28 20:01:43,0.0,KRW
se_001566,u_01656,renewal,monthly_plus,false,2026-06-28 20:01:54,2026-06-28 20:11:36,10900.0,KRW
se_001543,u_02665,renewal,monthly_basic,false,2026-06-27 20:26:43,2026-06-28 20:35:47,24.9,BRL
se_001567,u_00947,purchase,yearly_basic,true,2026-06-28 20:46:58,2026-06-28 20:48:21,0.0,EUR
se_001570,u_00288,renewal,monthly_basic,false,2026-06-28 21:43:31,2026-06-28 21:44:04,750.0,JPY
se_001571,u_02935,cancel,monthly_basic,false,2026-06-28 22:31:30,2026-06-28 22:32:41,0.0,KRW
se_001572,u_01088,purchase,monthly_basic,true,2026-06-29 07:15:08,2026-06-29 07:20:17,0.0,KRW
se_001544,u_00894,purchase,yearly_plus,true,2026-06-28 07:43:39,2026-06-29 07:50:12,0.0,USD
se_001574,u_01228,purchase,yearly_basic,true,2026-06-29 07:58:43,2026-06-29 08:04:04,0.0,KRW
se_001525,u_02824,purchase,yearly_basic,true,2026-06-27 08:15:15,2026-06-29 08:24:37,0.0,BRL
se_001578,u_00012,purchase,yearly_basic,true,2026-06-29 09:44:34,2026-06-29 09:48:24,0.0,USD
se_001526,u_02602,RENEWAL,monthly_plus,false,2026-06-27 09:43:13,2026-06-29 09:50:09,10900.0,KRW
se_001501,u_01269,purchase,monthly_plus,true,2026-06-26 09:55:10,2026-06-29 09:56:41,0.0,KRW
se_001579,u_01170,purchase,monthly_basic,false,2026-06-29 10:03:43,2026-06-29 10:06:29,4.49,EUR
se_001580,u_02471,purchase,monthly_basic,false,2026-06-29 10:33:45,2026-06-29 10:36:44,750.0,JPY
se_001581,u_00265,purchase,monthly_plus,true,2026-06-29 12:20:55,2026-06-29 12:25:54,0.0,USD
se_001507,u_02387,purchase,yearly_basic,true,2026-06-26 12:38:29,2026-06-29 12:39:33,0.0,USD
se_001508,u_02713,purchase,monthly_basic,true,2026-06-26 13:16:42,2026-06-29 13:25:31,0.0,JPY
se_001508,u_02713,purchase,monthly_basic,true,2026-06-26 13:16:42,2026-06-29 13:43:07,0.0,JPY
se_001582,u_01544,renewal,monthly_plus,false,2026-06-29 14:08:44,2026-06-29 14:11:41,39.9,BRL
se_001583,u_01107,renewal,monthly_basic,false,2026-06-29 14:29:45,2026-06-29 14:34:24,6900.0,KRW
se_001584,u_02963,purchase,yearly_plus,true,2026-06-29 14:32:53,2026-06-29 14:42:05,0.0,KRW
se_001553,u_00448,purchase,monthly_basic,true,2026-06-28 14:33:40,2026-06-29 14:42:44,0.0,JPY
se_001555,u_00861,purchase,monthly_basic,true,2026-06-28 15:22:28,2026-06-29 15:26:04,0.0,USD
se_001556,u_02304,purchase,monthly_basic,false,2026-06-28 15:36:56,2026-06-29 15:43:56,6900.0,KRW
se_001586,u_02755,PURCHASE,monthly_plus,true,2026-06-29 16:32:55,2026-06-29 16:34:25,0.0,USD
se_001514,u_02930,cancel,monthly_plus,false,2026-06-26 16:59:01,2026-06-29 17:00:19,0.0,BRL
se_001587,u_02260,purchase,monthly_basic,true,2026-06-29 17:30:11,2026-06-29 17:31:27,0.0,KRW
se_001588,u_00597,renewal,monthly_basic,false,2026-06-29 17:37:41,2026-06-29 17:45:59,750.0,JPY
se_001590,u_00208,purchase,monthly_basic,true,2026-06-29 17:57:32,2026-06-29 18:02:07,0.0,USD
se_001591,u_02633,purchase,yearly_basic,false,2026-06-29 19:16:28,2026-06-29 19:21:52,39000.0,KRW
se_001593,u_02693,purchase,yearly_basic,false,2026-06-29 20:06:11,2026-06-29 20:11:00,29.99,USD
se_001594,u_00266,renewal,monthly_basic,false,2026-06-29 20:21:18,2026-06-29 20:28:33,6900.0,KRW
se_001568,u_02627,purchase,monthly_basic,true,2026-06-28 21:22:32,2026-06-29 21:24:52,0.0,KRW
se_001597,u_01291,renewal,monthly_basic,false,2026-06-29 22:25:05,2026-06-29 22:29:21,4.49,EUR
se_001523,u_02744,purchase,yearly_basic,true,2026-06-26 22:39:11,2026-06-29 22:47:37,0.0,EUR
se_001551,u_01395,renewal,monthly_plus,false,2026-06-28 12:24:29,2026-06-30 12:33:42,10900.0,KRW
se_001530,u_01824,purchase,yearly_plus,false,2026-06-27 12:26:53,2026-06-30 12:34:08,65000.0,KRW
se_001554,u_02814,purchase,yearly_basic,true,2026-06-28 15:21:06,2026-06-30 15:28:10,0.0,USD
se_001585,u_01563,renewal,monthly_basic,false,2026-06-29 16:06:12,2026-06-30 16:12:28,6900.0,KRW
se_001564,u_01393,purchase,monthly_basic,true,2026-06-28 19:07:57,2026-06-30 19:09:57,0.0,USD
se_001595,u_02270,purchase,yearly_plus,true,2026-06-29 20:57:30,2026-06-30 21:00:29,0.0,KRW
se_001596,u_01569,purchase,monthly_plus,false,2026-06-29 21:14:11,2026-06-30 21:16:04,10900.0,KRW
se_001569,u_02750,PURCHASE,yearly_basic,true,2026-06-28 21:35:40,2026-06-30 21:44:18,0.0,USD
se_001575,u_02579,purchase,monthly_basic,true,2026-06-29 08:36:20,2026-07-01 08:37:06,0.0,KRW
se_001576,u_02907,cancel,monthly_basic,false,2026-06-29 08:58:03,2026-07-01 09:06:21,0.0,BRL
se_001550,u_01797,PURCHASE,yearly_basic,true,2026-06-28 12:15:42,2026-07-01 12:20:38,0.0,EUR
se_001560,u_02358,renewal,monthly_plus,false,2026-06-28 16:59:52,2026-07-01 17:00:26,10900.0,KRW
se_001561,u_01206,purchase,monthly_plus,false,2026-06-28 17:22:06,2026-07-01 17:23:42,7.99,USD
se_001562,u_01369,PURCHASE,monthly_basic,true,2026-06-28 17:29:51,2026-07-01 17:36:53,0.0,KRW
se_001592,u_01542,renewal,monthly_plus,false,2026-06-29 19:55:23,2026-07-01 19:56:30,10900.0,KRW
se_001573,u_02300,purchase,monthly_basic,false,2026-06-29 07:57:45,2026-07-02 07:58:43,6900.0,KRW
se_001577,u_01169,purchase,monthly_basic,true,2026-06-29 09:08:17,2026-07-02 09:11:19,0.0,JPY
se_001589,u_02653,purchase,monthly_plus,true,2026-06-29 17:52:19,2026-07-02 18:01:37,0.0,BRL
