user_id,channel,signup_date
u000000,search,2022-07-21
u000001,search,2022-07-16
u000002,search,2022-07-14
u000003,search,2022-07-30
u000004,search,2022-07-05
u000005,search,2022-07-18
u000006,search,2022-07-17
u000007,search,2022-07-15
u000008,search,2022-07-26
u000009,search,2022-07-09
u000010,search,2022-07-30
u000011,search,2022-07-11
u000012,search,2022-07-17
u000013,search,2022-07-17
u000014,search,2022-07-27
u000015,search,2022-07-14
u000016,search,2022-07-09
u000017,search,2022-07-01
u000018,search,2022-07-12
u000019,search,2022-07-26
u000020,search,2022-07-01
u000021,search,2022-07-28
u000022,search,2022-07-17
u000023,search,2022-07-05
u000024,search,2022-07-10
u000025,search,2022-07-18
u000026,search,2022-07-10
u000027,search,2022-07-04
u000028,search,2022-07-21
u000029,search,2022-07-21
u000030,search,2022-07-04
u000031,search,2022-07-09
u000032,search,2022-07-08
u000033,search,2022-07-21
u000034,search,2022-07-23
u000035,search,2022-07-23
u000036,search,2022-07-30
u000037,search,2022-07-24
u000038,search,2022-07-10
u000039,search,2022-07-04
u000040,search,2022-07-20
u000041,search,2022-07-29
u000042,search,2022-07-31
u000043,search,2022-07-08
u000044,search,2022-07-08
u000045,search,2022-07-02
u000046,search,2022-07-05
u000047,search,2022-07-18
u000048,search,2022-07-17
u000049,search,2022-07-12
u000050,search,2022-07-10
u000051,search,2022-07-26
u000052,search,2022-07-15
u000053,search,2022-07-26
u000054,search,2022-07-30
u000055,search,2022-07-10
u000056,search,2022-07-07
u000057,search,2022-07-30
u000058,search,2022-07-20
u000059,search,2022-07-10
u000060,search,2022-07-20
u000061,search,2022-07-16
u000062,search,2022-07-29
u000063,search,2022-07-08
u000064,search,2022-07-31
u000065,search,2022-07-30
u000066,search,2022-07-06
u000067,search,2022-07-06
u000068,search,2022-07-17
u000069,search,2022-07-02
u000070,search,2022-07-10
u000071,search,2022-07-14
u000072,search,2022-07-31
u000073,search,2022-07-31
u000074,search,2022-07-05
u000075,search,2022-07-28
u000076,search,2022-07-03
u000077,search,2022-07-24
u000078,search,2022-07-27
u000079,search,2022-07-28
u000080,search,2022-07-07
u000081,search,2022-07-28
u000082,search,2022-07-04
u000083,search,2022-07-17
u000084,search,2022-07-15
u000085,search,2022-07-10
u000086,search,2022-07-01
u000087,search,2022-07-24
u000088,search,2022-07-11
u000089,search,2022-07-21
u000090,search,2022-07-13
u000091,search,2022-07-12
u000092,search,2022-07-28
u000093,search,2022-07-03
u000094,search,2022-07-23
u000095,search,2022-07-24
u000096,search,2022-07-12
u000097,search,2022-07-09
u000098,search,2022-07-01
u000099,search,2022-07-30
u000100,search,2022-07-30
u000101,search,2022-07-08
u000102,search,2022-07-01
u000103,search,2022-07-04
u000104,search,2022-07-03
u000105,search,2022-07-26
u000106,search,2022-07-28
u000107,search,2022-07-05
u000108,search,2022-07-24
u000109,search,2022-07-06
u000110,search,2022-07-12
u000111,search,2022-07-19
u000112,search,2022-07-23
u000113,search,2022-07-28
u000114,search,2022-07-02
u000115,search,2022-07-07
u000116,search,2022-07-09
u000117,search,2022-07-10
u000118,search,2022-07-31
u000119,search,2022-07-25
u000120,display,2022-07-12
u000121,display,2022-07-27
u000122,display,2022-07-06
u000123,display,2022-07-24
u000124,display,2022-07-19
u000125,display,2022-07-27
u000126,display,2022-07-14
u000127,display,2022-07-26
u000128,display,2022-07-01
u000129,display,2022-07-24
u000130,display,2022-07-03
u000131,display,2022-07-20
u000132,display,2022-07-07
u000133,display,2022-07-30
u000134,display,2022-07-24
u000135,display,2022-07-04
u000136,display,2022-07-28
u000137,display,2022-07-08
u000138,display,2022-07-17
u000139,display,2022-07-03
u000140,display,2022-07-04
u000141,display,2022-07-08
u000142,display,2022-07-17
u000143,display,2022-07-17
u000144,display,2022-07-27
u000145,display,2022-07-06
u000146,display,2022-07-24
u000147,display,2022-07-01
u000148,display,2022-07-10
u000149,display,2022-07-06
u000150,display,2022-07-04
u000151,display,2022-07-19
u000152,display,2022-07-28
u000153,display,2022-07-21
u000154,display,2022-07-27
u000155,display,2022-07-19
u000156,display,2022-07-02
u000157,display,2022-07-11
u000158,display,2022-07-26
u000159,display,2022-07-02
u000160,display,2022-07-04
u000161,display,2022-07-26
u000162,display,2022-07-02
u000163,display,2022-07-30
u000164,display,2022-07-24
u000165,display,2022-07-21
u000166,display,2022-07-17
u000167,display,2022-07-03
u000168,display,2022-07-13
u000169,display,2022-07-26
u000170,display,2022-07-29
u000171,display,2022-07-14
u000172,display,2022-07-27
u000173,display,2022-07-25
u000174,display,2022-07-02
u000175,display,2022-07-20
u000176,display,2022-07-20
u000177,display,2022-07-17
u000178,display,2022-07-24
u000179,display,2022-07-28
u000180,retargeting,2022-07-29
u000181,retargeting,2022-07-12
u000182,retargeting,2022-07-13
u000183,retargeting,2022-07-21
u000184,retargeting,2022-07-25
u000185,retargeting,2022-07-22
u000186,retargeting,2022-07-18
u000187,retargeting,2022-07-31
u000188,retargeting,2022-07-28
u000189,retargeting,2022-07-07
u000190,retargeting,2022-07-05
u000191,retargeting,2022-07-13
u000192,retargeting,2022-07-26
u000193,retargeting,2022-07-30
u000194,retargeting,2022-07-22
u000195,retargeting,2022-07-22
u000196,retargeting,2022-07-08
u000197,retargeting,2022-07-19
u000198,retargeting,2022-07-06
u000199,retargeting,2022-07-17
u000200,retargeting,2022-07-07
u000201,retargeting,2022-07-03
u000202,retargeting,2022-07-30
u000203,retargeting,2022-07-28
u000204,retargeting,2022-07-22
u000205,retargeting,2022-07-20
u000206,retargeting,2022-07-08
u000207,retargeting,2022-07-18
u000208,retargeting,2022-07-24
u000209,retargeting,2022-07-17
u000210,brand,2022-07-09
u000211,brand,2022-07-20
u000212,brand,2022-07-06
u000213,brand,2022-07-17
u000214,brand,2022-07-15
u000215,brand,2022-07-21
u000216,brand,2022-07-20
u000217,brand,2022-07-21
u000218,brand,2022-07-07
u000219,brand,2022-07-05
u000220,brand,2022-07-17
u000221,brand,2022-07-02
u000222,brand,2022-07-15
u000223,brand,2022-07-20
u000224,brand,2022-07-26
u000225,brand,2022-07-21
u000226,brand,2022-07-31
u000227,brand,2022-07-18
u000228,brand,2022-07-14
u000229,brand,2022-07-08
u000230,brand,2022-07-21
u000231,brand,2022-07-26
u000232,brand,2022-07-10
u000233,brand,2022-07-03
u000234,brand,2022-07-01
u000235,brand,2022-07-20
u000236,brand,2022-07-21
u000237,brand,2022-07-04
u000238,brand,2022-07-01
u000239,brand,2022-07-21
u000240,brand,2022-07-13
u000241,brand,2022-07-13
u000242,brand,2022-07-09
u000243,brand,2022-07-23
u000244,brand,2022-07-24
u000245,brand,2022-07-02
u000246,brand,2022-07-03
u000247,brand,2022-07-18
u000248,brand,2022-07-19
u000249,brand,2022-07-05
u000250,brand,2022-07-05
u000251,brand,2022-07-22
u000252,brand,2022-07-15
u000253,brand,2022-07-04
u000254,brand,2022-07-19
u000255,brand,2022-07-03
u000256,brand,2022-07-08
u000257,brand,2022-07-23
u000258,brand,2022-07-07
u000259,brand,2022-07-02
u000260,brand,2022-07-30
u000261,brand,2022-07-07
u000262,brand,2022-07-16
u000263,brand,2022-07-26
u000264,brand,2022-07-31
u000265,brand,2022-07-26
u000266,brand,2022-07-11
u000267,brand,2022-07-27
u000268,brand,2022-07-01
u000269,brand,2022-07-11
u000270,brand,2022-07-07
u000271,brand,2022-07-17
u000272,brand,2022-07-28
u000273,brand,2022-07-24
u000274,brand,2022-07-31
u000275,brand,2022-07-05
u000276,brand,2022-07-24
u000277,brand,2022-07-23
u000278,brand,2022-07-15
u000279,brand,2022-07-04
u000280,brand,2022-07-04
u000281,brand,2022-07-29
u000282,brand,2022-07-10
u000283,brand,2022-07-20
u000284,brand,2022-07-30
u000285,brand,2022-07-16
u000286,brand,2022-07-07
u000287,brand,2022-07-16
u000288,brand,2022-07-08
u000289,brand,2022-07-06
u000290,brand,2022-07-26
u000291,brand,2022-07-11
u000292,brand,2022-07-22
u000293,brand,2022-07-23
u000294,brand,2022-07-18
u000295,brand,2022-07-17
u000296,brand,2022-07-06
u000297,brand,2022-07-17
u000298,brand,2022-07-24
u000299,brand,2022-07-07
u000300,organic,2022-07-27
u000301,organic,2022-07-16
u000302,organic,2022-07-05
u000303,organic,2022-07-03
u000304,organic,2022-07-05
u000305,organic,2022-07-10
u000306,organic,2022-07-23
u000307,organic,2022-07-02
u000308,organic,2022-07-13
u000309,organic,2022-07-14
u000310,organic,2022-07-05
u000311,organic,2022-07-02
u000312,organic,2022-07-08
u000313,organic,2022-07-05
u000314,organic,2022-07-25
u000315,organic,2022-07-29
u000316,organic,2022-07-20
u000317,organic,2022-07-24
u000318,organic,2022-07-24
u000319,organic,2022-07-28
u000320,organic,2022-07-04
u000321,organic,2022-07-31
u000322,organic,2022-07-15
u000323,organic,2022-07-17
u000324,organic,2022-07-25
u000325,organic,2022-07-16
u000326,organic,2022-07-09
u000327,organic,2022-07-01
u000328,organic,2022-07-06
u000329,organic,2022-07-03
u000330,organic,2022-07-12
u000331,organic,2022-07-25
u000332,organic,2022-07-11
u000333,organic,2022-07-19
u000334,organic,2022-07-06
u000335,organic,2022-07-19
u000336,organic,2022-07-30
u000337,organic,2022-07-10
u000338,organic,2022-07-15
u000339,organic,2022-07-30
u000340,organic,2022-07-19
u000341,organic,2022-07-13
u000342,organic,2022-07-04
u000343,organic,2022-07-30
u000344,organic,2022-07-19
u000345,organic,2022-07-02
u000346,organic,2022-07-18
u000347,organic,2022-07-31
u000348,organic,2022-07-29
u000349,organic,2022-07-07
u000350,organic,2022-07-13
u000351,organic,2022-07-31
u000352,organic,2022-07-25
u000353,organic,2022-07-18
u000354,organic,2022-07-10
u000355,organic,2022-07-24
u000356,organic,2022-07-18
u000357,organic,2022-07-17
u000358,organic,2022-07-29
u000359,organic,2022-07-12
u000360,organic,2022-07-20
u000361,organic,2022-07-02
u000362,organic,2022-07-23
u000363,organic,2022-07-17
u000364,organic,2022-07-28
u000365,organic,2022-07-11
u000366,organic,2022-07-29
u000367,organic,2022-07-18
u000368,organic,2022-07-07
u000369,organic,2022-07-05
u000370,organic,2022-07-07
u000371,organic,2022-07-10
u000372,organic,2022-07-18
u000373,organic,2022-07-27
u000374,organic,2022-07-31
u000375,organic,2022-07-22
u000376,organic,2022-07-16
u000377,organic,2022-07-20
u000378,organic,2022-07-11
u000379,organic,2022-07-08
u000380,organic,2022-07-17
u000381,organic,2022-07-26
u000382,organic,2022-07-02
u000383,organic,2022-07-04
u000384,organic,2022-07-06
u000385,organic,2022-07-07
u000386,organic,2022-07-05
u000387,organic,2022-07-05
u000388,organic,2022-07-01
u000389,organic,2022-07-11
u000390,organic,2022-07-23
u000391,organic,2022-07-05
u000392,organic,2022-07-11
u000393,organic,2022-07-31
u000394,organic,2022-07-06
u000395,organic,2022-07-31
u000396,organic,2022-07-16
u000397,organic,2022-07-23
u000398,organic,2022-07-11
u000399,organic,2022-07-11
u000400,organic,2022-07-13
u000401,organic,2022-07-04
u000402,organic,2022-07-10
u000403,organic,2022-07-28
u000404,organic,2022-07-01
u000405,organic,2022-07-18
u000406,organic,2022-07-22
u000407,organic,2022-07-05
u000408,organic,2022-07-04
u000409,organic,2022-07-18
u000410,organic,2022-07-07
u000411,organic,2022-07-31
u000412,organic,2022-07-06
u000413,organic,2022-07-05
u000414,organic,2022-07-11
u000415,organic,2022-07-11
u000416,organic,2022-07-05
u000417,organic,2022-07-21
u000418,organic,2022-07-11
u000419,organic,2022-07-17
u000420,search,2022-08-03
u000421,search,2022-08-02
u000422,search,2022-08-01
u000423,search,2022-08-13
u000424,search,2022-08-16
u000425,search,2022-08-20
u000426,search,2022-08-03
u000427,search,2022-08-21
u000428,search,2022-08-23
u000429,search,2022-08-03
u000430,search,2022-08-21
u000431,search,2022-08-04
u000432,search,2022-08-14
u000433,search,2022-08-21
u000434,search,2022-08-27
u000435,search,2022-08-17
u000436,search,2022-08-14
u000437,search,2022-08-26
u000438,search,2022-08-07
u000439,search,2022-08-07
u000440,search,2022-08-15
u000441,search,2022-08-04
u000442,search,2022-08-01
u000443,search,2022-08-12
u000444,search,2022-08-05
u000445,search,2022-08-20
u000446,search,2022-08-18
u000447,search,2022-08-16
u000448,search,2022-08-16
u000449,search,2022-08-04
u000450,search,2022-08-13
u000451,search,2022-08-03
u000452,search,2022-08-12
u000453,search,2022-08-22
u000454,search,2022-08-31
u000455,search,2022-08-10
u000456,search,2022-08-09
u000457,search,2022-08-21
u000458,search,2022-08-29
u000459,search,2022-08-10
u000460,search,2022-08-26
u000461,search,2022-08-10
u000462,search,2022-08-20
u000463,search,2022-08-07
u000464,search,2022-08-09
u000465,search,2022-08-31
u000466,search,2022-08-13
u000467,search,2022-08-01
u000468,search,2022-08-24
u000469,search,2022-08-04
u000470,search,2022-08-04
u000471,search,2022-08-26
u000472,search,2022-08-11
u000473,search,2022-08-05
u000474,search,2022-08-31
u000475,search,2022-08-09
u000476,search,2022-08-20
u000477,search,2022-08-09
u000478,search,2022-08-19
u000479,search,2022-08-22
u000480,search,2022-08-24
u000481,search,2022-08-13
u000482,search,2022-08-20
u000483,search,2022-08-27
u000484,search,2022-08-27
u000485,search,2022-08-24
u000486,search,2022-08-13
u000487,search,2022-08-17
u000488,search,2022-08-30
u000489,search,2022-08-08
u000490,search,2022-08-22
u000491,search,2022-08-25
u000492,search,2022-08-15
u000493,search,2022-08-27
u000494,search,2022-08-14
u000495,search,2022-08-26
u000496,search,2022-08-20
u000497,search,2022-08-02
u000498,search,2022-08-26
u000499,search,2022-08-22
u000500,search,2022-08-07
u000501,search,2022-08-22
u000502,search,2022-08-16
u000503,search,2022-08-30
u000504,search,2022-08-10
u000505,search,2022-08-09
u000506,search,2022-08-02
u000507,search,2022-08-25
u000508,search,2022-08-31
u000509,search,2022-08-22
u000510,search,2022-08-12
u000511,search,2022-08-28
u000512,search,2022-08-08
u000513,search,2022-08-22
u000514,search,2022-08-19
u000515,search,2022-08-27
u000516,search,2022-08-31
u000517,search,2022-08-12
u000518,search,2022-08-03
u000519,search,2022-08-05
u000520,search,2022-08-23
u000521,search,2022-08-12
u000522,search,2022-08-05
u000523,search,2022-08-26
u000524,search,2022-08-21
u000525,search,2022-08-05
u000526,search,2022-08-23
u000527,search,2022-08-20
u000528,search,2022-08-31
u000529,search,2022-08-31
u000530,search,2022-08-31
u000531,search,2022-08-28
u000532,search,2022-08-25
u000533,search,2022-08-21
u000534,search,2022-08-17
u000535,search,2022-08-25
u000536,search,2022-08-30
u000537,search,2022-08-04
u000538,search,2022-08-05
u000539,search,2022-08-16
u000540,display,2022-08-18
u000541,display,2022-08-04
u000542,display,2022-08-31
u000543,display,2022-08-23
u000544,display,2022-08-31
u000545,display,2022-08-07
u000546,display,2022-08-25
u000547,display,2022-08-12
u000548,display,2022-08-04
u000549,display,2022-08-15
u000550,display,2022-08-15
u000551,display,2022-08-16
u000552,display,2022-08-27
u000553,display,2022-08-09
u000554,display,2022-08-20
u000555,display,2022-08-07
u000556,display,2022-08-28
u000557,display,2022-08-15
u000558,display,2022-08-25
u000559,display,2022-08-09
u000560,display,2022-08-10
u000561,display,2022-08-31
u000562,display,2022-08-07
u000563,display,2022-08-18
u000564,display,2022-08-10
u000565,display,2022-08-13
u000566,display,2022-08-22
u000567,display,2022-08-25
u000568,display,2022-08-15
u000569,display,2022-08-20
u000570,display,2022-08-02
u000571,display,2022-08-08
u000572,display,2022-08-24
u000573,display,2022-08-21
u000574,display,2022-08-02
u000575,display,2022-08-28
u000576,display,2022-08-13
u000577,display,2022-08-10
u000578,display,2022-08-15
u000579,display,2022-08-13
u000580,display,2022-08-16
u000581,display,2022-08-06
u000582,display,2022-08-05
u000583,display,2022-08-31
u000584,display,2022-08-24
u000585,display,2022-08-12
u000586,display,2022-08-27
u000587,display,2022-08-25
u000588,display,2022-08-22
u000589,display,2022-08-23
u000590,display,2022-08-30
u000591,display,2022-08-26
u000592,display,2022-08-08
u000593,display,2022-08-23
u000594,display,2022-08-05
u000595,display,2022-08-16
u000596,display,2022-08-03
u000597,display,2022-08-06
u000598,display,2022-08-23
u000599,display,2022-08-12
u000600,retargeting,2022-08-23
u000601,retargeting,2022-08-28
u000602,retargeting,2022-08-23
u000603,retargeting,2022-08-15
u000604,retargeting,2022-08-11
u000605,retargeting,2022-08-14
u000606,retargeting,2022-08-09
u000607,retargeting,2022-08-06
u000608,retargeting,2022-08-14
u000609,retargeting,2022-08-08
u000610,retargeting,2022-08-23
u000611,retargeting,2022-08-29
u000612,retargeting,2022-08-07
u000613,retargeting,2022-08-01
u000614,retargeting,2022-08-28
u000615,retargeting,2022-08-10
u000616,retargeting,2022-08-08
u000617,retargeting,2022-08-27
u000618,retargeting,2022-08-27
u000619,retargeting,2022-08-18
u000620,retargeting,2022-08-05
u000621,retargeting,2022-08-22
u000622,retargeting,2022-08-23
u000623,retargeting,2022-08-14
u000624,retargeting,2022-08-18
u000625,retargeting,2022-08-17
u000626,retargeting,2022-08-21
u000627,retargeting,2022-08-16
u000628,retargeting,2022-08-31
u000629,retargeting,2022-08-02
u000630,brand,2022-08-19
u000631,brand,2022-08-25
u000632,brand,2022-08-20
u000633,brand,2022-08-30
u000634,brand,2022-08-14
u000635,brand,2022-08-06
u000636,brand,2022-08-06
u000637,brand,2022-08-31
u000638,brand,2022-08-25
u000639,brand,2022-08-10
u000640,brand,2022-08-14
u000641,brand,2022-08-02
u000642,brand,2022-08-30
u000643,brand,2022-08-14
u000644,brand,2022-08-12
u000645,brand,2022-08-08
u000646,brand,2022-08-03
u000647,brand,2022-08-24
u000648,brand,2022-08-07
u000649,brand,2022-08-03
u000650,brand,2022-08-31
u000651,brand,2022-08-17
u000652,brand,2022-08-03
u000653,brand,2022-08-09
u000654,brand,2022-08-18
u000655,brand,2022-08-07
u000656,brand,2022-08-31
u000657,brand,2022-08-28
u000658,brand,2022-08-28
u000659,brand,2022-08-16
u000660,brand,2022-08-31
u000661,brand,2022-08-11
u000662,brand,2022-08-18
u000663,brand,2022-08-24
u000664,brand,2022-08-16
u000665,brand,2022-08-27
u000666,brand,2022-08-04
u000667,brand,2022-08-14
u000668,brand,2022-08-26
u000669,brand,2022-08-06
u000670,brand,2022-08-12
u000671,brand,2022-08-31
u000672,brand,2022-08-20
u000673,brand,2022-08-12
u000674,brand,2022-08-12
u000675,brand,2022-08-07
u000676,brand,2022-08-23
u000677,brand,2022-08-04
u000678,brand,2022-08-07
u000679,brand,2022-08-04
u000680,brand,2022-08-24
u000681,brand,2022-08-30
u000682,brand,2022-08-03
u000683,brand,2022-08-30
u000684,brand,2022-08-29
u000685,brand,2022-08-16
u000686,brand,2022-08-02
u000687,brand,2022-08-22
u000688,brand,2022-08-17
u000689,brand,2022-08-26
u000690,brand,2022-08-10
u000691,brand,2022-08-18
u000692,brand,2022-08-28
u000693,brand,2022-08-21
u000694,brand,2022-08-21
u000695,brand,2022-08-30
u000696,brand,2022-08-16
u000697,brand,2022-08-06
u000698,brand,2022-08-31
u000699,brand,2022-08-05
u000700,brand,2022-08-18
u000701,brand,2022-08-24
u000702,brand,2022-08-25
u000703,brand,2022-08-22
u000704,brand,2022-08-14
u000705,brand,2022-08-06
u000706,brand,2022-08-02
u000707,brand,2022-08-10
u000708,brand,2022-08-31
u000709,brand,2022-08-22
u000710,brand,2022-08-13
u000711,brand,2022-08-16
u000712,brand,2022-08-11
u000713,brand,2022-08-28
u000714,brand,2022-08-15
u000715,brand,2022-08-26
u000716,brand,2022-08-02
u000717,brand,2022-08-16
u000718,brand,2022-08-19
u000719,brand,2022-08-21
u000720,organic,2022-08-08
u000721,organic,2022-08-17
u000722,organic,2022-08-10
u000723,organic,2022-08-08
u000724,organic,2022-08-25
u000725,organic,2022-08-23
u000726,organic,2022-08-15
u000727,organic,2022-08-16
u000728,organic,2022-08-14
u000729,organic,2022-08-31
u000730,organic,2022-08-30
u000731,organic,2022-08-03
u000732,organic,2022-08-26
u000733,organic,2022-08-11
u000734,organic,2022-08-21
u000735,organic,2022-08-30
u000736,organic,2022-08-14
u000737,organic,2022-08-15
u000738,organic,2022-08-20
u000739,organic,2022-08-10
u000740,organic,2022-08-09
u000741,organic,2022-08-19
u000742,organic,2022-08-07
u000743,organic,2022-08-21
u000744,organic,2022-08-08
u000745,organic,2022-08-03
u000746,organic,2022-08-04
u000747,organic,2022-08-09
u000748,organic,2022-08-04
u000749,organic,2022-08-10
u000750,organic,2022-08-13
u000751,organic,2022-08-08
u000752,organic,2022-08-17
u000753,organic,2022-08-12
u000754,organic,2022-08-03
u000755,organic,2022-08-11
u000756,organic,2022-08-01
u000757,organic,2022-08-23
u000758,organic,2022-08-14
u000759,organic,2022-08-19
u000760,organic,2022-08-05
u000761,organic,2022-08-14
u000762,organic,2022-08-26
u000763,organic,2022-08-07
u000764,organic,2022-08-31
u000765,organic,2022-08-14
u000766,organic,2022-08-05
u000767,organic,2022-08-06
u000768,organic,2022-08-15
u000769,organic,2022-08-30
u000770,organic,2022-08-15
u000771,organic,2022-08-06
u000772,organic,2022-08-13
u000773,organic,2022-08-27
u000774,organic,2022-08-31
u000775,organic,2022-08-20
u000776,organic,2022-08-27
u000777,organic,2022-08-26
u000778,organic,2022-08-14
u000779,organic,2022-08-28
u000780,organic,2022-08-03
u000781,organic,2022-08-25
u000782,organic,2022-08-19
u000783,organic,2022-08-19
u000784,organic,2022-08-29
u000785,organic,2022-08-09
u000786,organic,2022-08-07
u000787,organic,2022-08-21
u000788,organic,2022-08-23
u000789,organic,2022-08-01
u000790,organic,2022-08-16
u000791,organic,2022-08-12
u000792,organic,2022-08-26
u000793,organic,2022-08-27
u000794,organic,2022-08-05
u000795,organic,2022-08-18
u000796,organic,2022-08-23
u000797,organic,2022-08-09
u000798,organic,2022-08-29
u000799,organic,2022-08-28
u000800,organic,2022-08-06
u000801,organic,2022-08-01
u000802,organic,2022-08-18
u000803,organic,2022-08-28
u000804,organic,2022-08-22
u000805,organic,2022-08-24
u000806,organic,2022-08-23
u000807,organic,2022-08-05
u000808,organic,2022-08-03
u000809,organic,2022-08-02
u000810,organic,2022-08-31
u000811,organic,2022-08-30
u000812,organic,2022-08-26
u000813,organic,2022-08-03
u000814,organic,2022-08-28
u000815,organic,2022-08-31
u000816,organic,2022-08-25
u000817,organic,2022-08-14
u000818,organic,2022-08-03
u000819,organic,2022-08-11
u000820,organic,2022-08-07
u000821,organic,2022-08-21
u000822,organic,2022-08-28
u000823,organic,2022-08-16
u000824,organic,2022-08-02
u000825,organic,2022-08-13
u000826,organic,2022-08-25
u000827,organic,2022-08-20
u000828,organic,2022-08-02
u000829,organic,2022-08-11
u000830,organic,2022-08-11
u000831,organic,2022-08-02
u000832,organic,2022-08-11
u000833,organic,2022-08-26
u000834,organic,2022-08-05
u000835,organic,2022-08-16
u000836,organic,2022-08-21
u000837,organic,2022-08-22
u000838,organic,2022-08-11
u000839,organic,2022-08-18
u000840,search,2022-09-26
u000841,search,2022-09-07
u000842,search,2022-09-24
u000843,search,2022-09-05
u000844,search,2022-09-15
u000845,search,2022-09-27
u000846,search,2022-09-10
u000847,search,2022-09-21
u000848,search,2022-09-26
u000849,search,2022-09-15
u000850,search,2022-09-26
u000851,search,2022-09-20
u000852,search,2022-09-16
u000853,search,2022-09-04
u000854,search,2022-09-22
u000855,search,2022-09-10
u000856,search,2022-09-09
u000857,search,2022-09-28
u000858,search,2022-09-11
u000859,search,2022-09-11
u000860,search,2022-09-29
u000861,search,2022-09-09
u000862,search,2022-09-23
u000863,search,2022-09-16
u000864,search,2022-09-03
u000865,search,2022-09-18
u000866,search,2022-09-14
u000867,search,2022-09-22
u000868,search,2022-09-12
u000869,search,2022-09-08
u000870,search,2022-09-07
u000871,search,2022-09-16
u000872,search,2022-09-30
u000873,search,2022-09-14
u000874,search,2022-09-05
u000875,search,2022-09-25
u000876,search,2022-09-10
u000877,search,2022-09-13
u000878,search,2022-09-26
u000879,search,2022-09-04
u000880,search,2022-09-04
u000881,search,2022-09-07
u000882,search,2022-09-12
u000883,search,2022-09-26
u000884,search,2022-09-20
u000885,search,2022-09-24
u000886,search,2022-09-11
u000887,search,2022-09-13
u000888,search,2022-09-13
u000889,search,2022-09-04
u000890,search,2022-09-17
u000891,search,2022-09-10
u000892,search,2022-09-29
u000893,search,2022-09-21
u000894,search,2022-09-27
u000895,search,2022-09-06
u000896,search,2022-09-04
u000897,search,2022-09-14
u000898,search,2022-09-18
u000899,search,2022-09-17
u000900,search,2022-09-20
u000901,search,2022-09-25
u000902,search,2022-09-10
u000903,search,2022-09-09
u000904,search,2022-09-08
u000905,search,2022-09-11
u000906,search,2022-09-18
u000907,search,2022-09-25
u000908,search,2022-09-13
u000909,search,2022-09-13
u000910,search,2022-09-28
u000911,search,2022-09-11
u000912,search,2022-09-05
u000913,search,2022-09-11
u000914,search,2022-09-02
u000915,search,2022-09-11
u000916,search,2022-09-27
u000917,search,2022-09-25
u000918,search,2022-09-27
u000919,search,2022-09-10
u000920,search,2022-09-13
u000921,search,2022-09-26
u000922,search,2022-09-23
u000923,search,2022-09-06
u000924,search,2022-09-26
u000925,search,2022-09-04
u000926,search,2022-09-08
u000927,search,2022-09-16
u000928,search,2022-09-20
u000929,search,2022-09-24
u000930,search,2022-09-23
u000931,search,2022-09-09
u000932,search,2022-09-11
u000933,search,2022-09-22
u000934,search,2022-09-29
u000935,search,2022-09-27
u000936,search,2022-09-30
u000937,search,2022-09-21
u000938,search,2022-09-15
u000939,search,2022-09-24
u000940,search,2022-09-03
u000941,search,2022-09-29
u000942,search,2022-09-28
u000943,search,2022-09-16
u000944,search,2022-09-16
u000945,search,2022-09-16
u000946,search,2022-09-05
u000947,search,2022-09-07
u000948,search,2022-09-22
u000949,search,2022-09-01
u000950,search,2022-09-21
u000951,search,2022-09-10
u000952,search,2022-09-05
u000953,search,2022-09-18
u000954,search,2022-09-09
u000955,search,2022-09-14
u000956,search,2022-09-26
u000957,search,2022-09-21
u000958,search,2022-09-30
u000959,search,2022-09-12
u000960,display,2022-09-01
u000961,display,2022-09-02
u000962,display,2022-09-22
u000963,display,2022-09-02
u000964,display,2022-09-10
u000965,display,2022-09-14
u000966,display,2022-09-08
u000967,display,2022-09-23
u000968,display,2022-09-19
u000969,display,2022-09-20
u000970,display,2022-09-08
u000971,display,2022-09-01
u000972,display,2022-09-02
u000973,display,2022-09-08
u000974,display,2022-09-08
u000975,display,2022-09-19
u000976,display,2022-09-26
u000977,display,2022-09-09
u000978,display,2022-09-18
u000979,display,2022-09-28
u000980,display,2022-09-15
u000981,display,2022-09-07
u000982,display,2022-09-15
u000983,display,2022-09-02
u000984,display,2022-09-30
u000985,display,2022-09-28
u000986,display,2022-09-01
u000987,display,2022-09-08
u000988,display,2022-09-05
u000989,display,2022-09-27
u000990,display,2022-09-26
u000991,display,2022-09-11
u000992,display,2022-09-17
u000993,display,2022-09-20
u000994,display,2022-09-30
u000995,display,2022-09-25
u000996,display,2022-09-21
u000997,display,2022-09-14
u000998,display,2022-09-22
u000999,display,2022-09-20
u001000,display,2022-09-18
u001001,display,2022-09-07
u001002,display,2022-09-01
u001003,display,2022-09-16
u001004,display,2022-09-28
u001005,display,2022-09-30
u001006,display,2022-09-16
u001007,display,2022-09-30
u001008,display,2022-09-01
u001009,display,2022-09-25
u001010,display,2022-09-07
u001011,display,2022-09-11
u001012,display,2022-09-11
u001013,display,2022-09-07
u001014,display,2022-09-09
u001015,display,2022-09-17
u001016,display,2022-09-01
u001017,display,2022-09-07
u001018,display,2022-09-09
u001019,display,2022-09-03
u001020,retargeting,2022-09-24
u001021,retargeting,2022-09-23
u001022,retargeting,2022-09-13
u001023,retargeting,2022-09-09
u001024,retargeting,2022-09-19
u001025,retargeting,2022-09-01
u001026,retargeting,2022-09-06
u001027,retargeting,2022-09-14
u001028,retargeting,2022-09-19
u001029,retargeting,2022-09-12
u001030,retargeting,2022-09-24
u001031,retargeting,2022-09-21
u001032,retargeting,2022-09-08
u001033,retargeting,2022-09-03
u001034,retargeting,2022-09-09
u001035,retargeting,2022-09-28
u001036,retargeting,2022-09-07
u001037,retargeting,2022-09-23
u001038,retargeting,2022-09-21
u001039,retargeting,2022-09-30
u001040,retargeting,2022-09-28
u001041,retargeting,2022-09-26
u001042,retargeting,2022-09-10
u001043,retargeting,2022-09-13
u001044,retargeting,2022-09-15
u001045,retargeting,2022-09-20
u001046,retargeting,2022-09-05
u001047,retargeting,2022-09-26
u001048,retargeting,2022-09-20
u001049,retargeting,2022-09-07
u001050,brand,2022-09-14
u001051,brand,2022-09-15
u001052,brand,2022-09-22
u001053,brand,2022-09-02
u001054,brand,2022-09-19
u001055,brand,2022-09-24
u001056,brand,2022-09-25
u001057,brand,2022-09-30
u001058,brand,2022-09-21
u001059,brand,2022-09-29
u001060,brand,2022-09-11
u001061,brand,2022-09-05
u001062,brand,2022-09-01
u001063,brand,2022-09-28
u001064,brand,2022-09-04
u001065,brand,2022-09-04
u001066,brand,2022-09-23
u001067,brand,2022-09-11
u001068,brand,2022-09-16
u001069,brand,2022-09-03
u001070,brand,2022-09-13
u001071,brand,2022-09-25
u001072,brand,2022-09-18
u001073,brand,2022-09-07
u001074,brand,2022-09-05
u001075,brand,2022-09-20
u001076,brand,2022-09-22
u001077,brand,2022-09-23
u001078,brand,2022-09-04
u001079,brand,2022-09-12
u001080,brand,2022-09-02
u001081,brand,2022-09-24
u001082,brand,2022-09-08
u001083,brand,2022-09-10
u001084,brand,2022-09-17
u001085,brand,2022-09-05
u001086,brand,2022-09-24
u001087,brand,2022-09-14
u001088,brand,2022-09-17
u001089,brand,2022-09-22
u001090,brand,2022-09-20
u001091,brand,2022-09-02
u001092,brand,2022-09-03
u001093,brand,2022-09-25
u001094,brand,2022-09-27
u001095,brand,2022-09-08
u001096,brand,2022-09-01
u001097,brand,2022-09-21
u001098,brand,2022-09-30
u001099,brand,2022-09-04
u001100,brand,2022-09-03
u001101,brand,2022-09-12
u001102,brand,2022-09-19
u001103,brand,2022-09-14
u001104,brand,2022-09-15
u001105,brand,2022-09-15
u001106,brand,2022-09-30
u001107,brand,2022-09-09
u001108,brand,2022-09-03
u001109,brand,2022-09-16
u001110,brand,2022-09-15
u001111,brand,2022-09-09
u001112,brand,2022-09-29
u001113,brand,2022-09-05
u001114,brand,2022-09-05
u001115,brand,2022-09-05
u001116,brand,2022-09-29
u001117,brand,2022-09-27
u001118,brand,2022-09-29
u001119,brand,2022-09-04
u001120,brand,2022-09-01
u001121,brand,2022-09-12
u001122,brand,2022-09-15
u001123,brand,2022-09-08
u001124,brand,2022-09-19
u001125,brand,2022-09-19
u001126,brand,2022-09-21
u001127,brand,2022-09-11
u001128,brand,2022-09-01
u001129,brand,2022-09-09
u001130,brand,2022-09-06
u001131,brand,2022-09-30
u001132,brand,2022-09-26
u001133,brand,2022-09-30
u001134,brand,2022-09-23
u001135,brand,2022-09-04
u001136,brand,2022-09-14
u001137,brand,2022-09-21
u001138,brand,2022-09-02
u001139,brand,2022-09-27
u001140,organic,2022-09-02
u001141,organic,2022-09-08
u001142,organic,2022-09-23
u001143,organic,2022-09-15
u001144,organic,2022-09-14
u001145,organic,2022-09-11
u001146,organic,2022-09-27
u001147,organic,2022-09-08
u001148,organic,2022-09-29
u001149,organic,2022-09-11
u001150,organic,2022-09-12
u001151,organic,2022-09-20
u001152,organic,2022-09-23
u001153,organic,2022-09-15
u001154,organic,2022-09-20
u001155,organic,2022-09-13
u001156,organic,2022-09-24
u001157,organic,2022-09-26
u001158,organic,2022-09-26
u001159,organic,2022-09-20
u001160,organic,2022-09-09
u001161,organic,2022-09-20
u001162,organic,2022-09-19
u001163,organic,2022-09-07
u001164,organic,2022-09-26
u001165,organic,2022-09-23
u001166,organic,2022-09-14
u001167,organic,2022-09-02
u001168,organic,2022-09-22
u001169,organic,2022-09-07
u001170,organic,2022-09-23
u001171,organic,2022-09-13
u001172,organic,2022-09-22
u001173,organic,2022-09-27
u001174,organic,2022-09-03
u001175,organic,2022-09-01
u001176,organic,2022-09-21
u001177,organic,2022-09-14
u001178,organic,2022-09-21
u001179,organic,2022-09-04
u001180,organic,2022-09-27
u001181,organic,2022-09-07
u001182,organic,2022-09-04
u001183,organic,2022-09-13
u001184,organic,2022-09-25
u001185,organic,2022-09-03
u001186,organic,2022-09-16
u001187,organic,2022-09-25
u001188,organic,2022-09-16
u001189,organic,2022-09-03
u001190,organic,2022-09-07
u001191,organic,2022-09-18
u001192,organic,2022-09-20
u001193,organic,2022-09-05
u001194,organic,2022-09-12
u001195,organic,2022-09-04
u001196,organic,2022-09-18
u001197,organic,2022-09-14
u001198,organic,2022-09-20
u001199,organic,2022-09-11
u001200,organic,2022-09-30
u001201,organic,2022-09-02
u001202,organic,2022-09-08
u001203,organic,2022-09-02
u001204,organic,2022-09-26
u001205,organic,2022-09-09
u001206,organic,2022-09-01
u001207,organic,2022-09-24
u001208,organic,2022-09-27
u001209,organic,2022-09-26
u001210,organic,2022-09-07
u001211,organic,2022-09-02
u001212,organic,2022-09-09
u001213,organic,2022-09-06
u001214,organic,2022-09-24
u001215,organic,2022-09-11
u001216,organic,2022-09-14
u001217,organic,2022-09-20
u001218,organic,2022-09-14
u001219,organic,2022-09-09
u001220,organic,2022-09-07
u001221,organic,2022-09-07
u001222,organic,2022-09-04
u001223,organic,2022-09-18
u001224,organic,2022-09-07
u001225,organic,2022-09-21
u001226,organic,2022-09-11
u001227,organic,2022-09-15
u001228,organic,2022-09-26
u001229,organic,2022-09-21
u001230,organic,2022-09-09
u001231,organic,2022-09-01
u001232,organic,2022-09-22
u001233,organic,2022-09-10
u001234,organic,2022-09-03
u001235,organic,2022-09-19
u001236,organic,2022-09-25
u001237,organic,2022-09-20
u001238,organic,2022-09-25
u001239,organic,2022-09-06
u001240,organic,2022-09-26
u001241,organic,2022-09-10
u001242,organic,2022-09-16
u001243,organic,2022-09-07
u001244,organic,2022-09-19
u001245,organic,2022-09-27
u001246,organic,2022-09-30
u001247,organic,2022-09-09
u001248,organic,2022-09-13
u001249,organic,2022-09-27
u001250,organic,2022-09-10
u001251,organic,2022-09-27
u001252,organic,2022-09-17
u001253,organic,2022-09-16
u001254,organic,2022-09-29
u001255,organic,2022-09-27
u001256,organic,2022-09-28
u001257,organic,2022-09-03
u001258,organic,2022-09-04
u001259,organic,2022-09-04
u001260,search,2022-10-09
u001261,search,2022-10-17
u001262,search,2022-10-24
u001263,search,2022-10-06
u001264,search,2022-10-14
u001265,search,2022-10-23
u001266,search,2022-10-24
u001267,search,2022-10-10
u001268,search,2022-10-07
u001269,search,2022-10-13
u001270,search,2022-10-20
u001271,search,2022-10-22
u001272,search,2022-10-23
u001273,search,2022-10-10
u001274,search,2022-10-26
u001275,search,2022-10-25
u001276,search,2022-10-22
u001277,search,2022-10-23
u001278,search,2022-10-29
u001279,search,2022-10-26
u001280,search,2022-10-04
u001281,search,2022-10-24
u001282,search,2022-10-18
u001283,search,2022-10-14
u001284,search,2022-10-14
u001285,search,2022-10-05
u001286,search,2022-10-31
u001287,search,2022-10-02
u001288,search,2022-10-18
u001289,search,2022-10-29
u001290,search,2022-10-22
u001291,search,2022-10-30
u001292,search,2022-10-29
u001293,search,2022-10-01
u001294,search,2022-10-05
u001295,search,2022-10-04
u001296,search,2022-10-11
u001297,search,2022-10-13
u001298,search,2022-10-11
u001299,search,2022-10-05
u001300,search,2022-10-04
u001301,search,2022-10-16
u001302,search,2022-10-18
u001303,search,2022-10-10
u001304,search,2022-10-10
u001305,search,2022-10-16
u001306,search,2022-10-06
u001307,search,2022-10-05
u001308,search,2022-10-01
u001309,search,2022-10-12
u001310,search,2022-10-01
u001311,search,2022-10-12
u001312,search,2022-10-13
u001313,search,2022-10-09
u001314,search,2022-10-19
u001315,search,2022-10-05
u001316,search,2022-10-07
u001317,search,2022-10-30
u001318,search,2022-10-29
u001319,search,2022-10-04
u001320,search,2022-10-07
u001321,search,2022-10-18
u001322,search,2022-10-09
u001323,search,2022-10-06
u001324,search,2022-10-10
u001325,search,2022-10-31
u001326,search,2022-10-05
u001327,search,2022-10-20
u001328,search,2022-10-31
u001329,search,2022-10-26
u001330,search,2022-10-23
u001331,search,2022-10-10
u001332,search,2022-10-10
u001333,search,2022-10-19
u001334,search,2022-10-31
u001335,search,2022-10-11
u001336,search,2022-10-20
u001337,search,2022-10-31
u001338,search,2022-10-24
u001339,search,2022-10-30
u001340,search,2022-10-11
u001341,search,2022-10-22
u001342,search,2022-10-07
u001343,search,2022-10-02
u001344,search,2022-10-14
u001345,search,2022-10-25
u001346,search,2022-10-13
u001347,search,2022-10-09
u001348,search,2022-10-31
u001349,search,2022-10-13
u001350,search,2022-10-05
u001351,search,2022-10-06
u001352,search,2022-10-05
u001353,search,2022-10-31
u001354,search,2022-10-20
u001355,search,2022-10-01
u001356,search,2022-10-18
u001357,search,2022-10-13
u001358,search,2022-10-17
u001359,search,2022-10-27
u001360,search,2022-10-13
u001361,search,2022-10-10
u001362,search,2022-10-12
u001363,search,2022-10-22
u001364,search,2022-10-03
u001365,search,2022-10-20
u001366,search,2022-10-25
u001367,search,2022-10-31
u001368,search,2022-10-14
u001369,search,2022-10-15
u001370,search,2022-10-28
u001371,search,2022-10-25
u001372,search,2022-10-16
u001373,search,2022-10-12
u001374,search,2022-10-29
u001375,search,2022-10-13
u001376,search,2022-10-29
u001377,search,2022-10-14
u001378,search,2022-10-18
u001379,search,2022-10-17
u001380,display,2022-10-04
u001381,display,2022-10-06
u001382,display,2022-10-26
u001383,display,2022-10-29
u001384,display,2022-10-09
u001385,display,2022-10-18
u001386,display,2022-10-09
u001387,display,2022-10-31
u001388,display,2022-10-03
u001389,display,2022-10-19
u001390,display,2022-10-19
u001391,display,2022-10-29
u001392,display,2022-10-18
u001393,display,2022-10-11
u001394,display,2022-10-16
u001395,display,2022-10-20
u001396,display,2022-10-27
u001397,display,2022-10-01
u001398,display,2022-10-23
u001399,display,2022-10-19
u001400,display,2022-10-07
u001401,display,2022-10-12
u001402,display,2022-10-18
u001403,display,2022-10-26
u001404,display,2022-10-27
u001405,display,2022-10-16
u001406,display,2022-10-22
u001407,display,2022-10-17
u001408,display,2022-10-22
u001409,display,2022-10-31
u001410,display,2022-10-03
u001411,display,2022-10-28
u001412,display,2022-10-06
u001413,display,2022-10-29
u001414,display,2022-10-13
u001415,display,2022-10-06
u001416,display,2022-10-02
u001417,display,2022-10-28
u001418,display,2022-10-23
u001419,display,2022-10-14
u001420,display,2022-10-29
u001421,display,2022-10-27
u001422,display,2022-10-06
u001423,display,2022-10-16
u001424,display,2022-10-20
u001425,display,2022-10-21
u001426,display,2022-10-16
u001427,display,2022-10-08
u001428,display,2022-10-08
u001429,display,2022-10-07
u001430,display,2022-10-15
u001431,display,2022-10-18
u001432,display,2022-10-30
u001433,display,2022-10-05
u001434,display,2022-10-15
u001435,display,2022-10-20
u001436,display,2022-10-14
u001437,display,2022-10-02
u001438,display,2022-10-21
u001439,display,2022-10-07
u001440,retargeting,2022-10-19
u001441,retargeting,2022-10-23
u001442,retargeting,2022-10-18
u001443,retargeting,2022-10-13
u001444,retargeting,2022-10-03
u001445,retargeting,2022-10-22
u001446,retargeting,2022-10-16
u001447,retargeting,2022-10-30
u001448,retargeting,2022-10-05
u001449,retargeting,2022-10-27
u001450,retargeting,2022-10-21
u001451,retargeting,2022-10-07
u001452,retargeting,2022-10-17
u001453,retargeting,2022-10-26
u001454,retargeting,2022-10-22
u001455,retargeting,2022-10-08
u001456,retargeting,2022-10-22
u001457,retargeting,2022-10-04
u001458,retargeting,2022-10-05
u001459,retargeting,2022-10-13
u001460,retargeting,2022-10-02
u001461,retargeting,2022-10-19
u001462,retargeting,2022-10-06
u001463,retargeting,2022-10-10
u001464,retargeting,2022-10-19
u001465,retargeting,2022-10-27
u001466,retargeting,2022-10-05
u001467,retargeting,2022-10-11
u001468,retargeting,2022-10-14
u001469,retargeting,2022-10-04
u001470,brand,2022-10-14
u001471,brand,2022-10-25
u001472,brand,2022-10-24
u001473,brand,2022-10-09
u001474,brand,2022-10-31
u001475,brand,2022-10-30
u001476,brand,2022-10-22
u001477,brand,2022-10-31
u001478,brand,2022-10-14
u001479,brand,2022-10-22
u001480,brand,2022-10-20
u001481,brand,2022-10-19
u001482,brand,2022-10-10
u001483,brand,2022-10-11
u001484,brand,2022-10-03
u001485,brand,2022-10-16
u001486,brand,2022-10-05
u001487,brand,2022-10-16
u001488,brand,2022-10-14
u001489,brand,2022-10-05
u001490,brand,2022-10-09
u001491,brand,2022-10-28
u001492,brand,2022-10-02
u001493,brand,2022-10-07
u001494,brand,2022-10-12
u001495,brand,2022-10-23
u001496,brand,2022-10-27
u001497,brand,2022-10-25
u001498,brand,2022-10-03
u001499,brand,2022-10-12
u001500,brand,2022-10-28
u001501,brand,2022-10-23
u001502,brand,2022-10-05
u001503,brand,2022-10-13
u001504,brand,2022-10-15
u001505,brand,2022-10-07
u001506,brand,2022-10-28
u001507,brand,2022-10-23
u001508,brand,2022-10-03
u001509,brand,2022-10-07
u001510,brand,2022-10-19
u001511,brand,2022-10-23
u001512,brand,2022-10-24
u001513,brand,2022-10-30
u001514,brand,2022-10-18
u001515,brand,2022-10-06
u001516,brand,2022-10-02
u001517,brand,2022-10-03
u001518,brand,2022-10-17
u001519,brand,2022-10-20
u001520,brand,2022-10-05
u001521,brand,2022-10-13
u001522,brand,2022-10-13
u001523,brand,2022-10-11
u001524,brand,2022-10-07
u001525,brand,2022-10-10
u001526,brand,2022-10-24
u001527,brand,2022-10-22
u001528,brand,2022-10-26
u001529,brand,2022-10-28
u001530,brand,2022-10-07
u001531,brand,2022-10-12
u001532,brand,2022-10-20
u001533,brand,2022-10-18
u001534,brand,2022-10-26
u001535,brand,2022-10-29
u001536,brand,2022-10-14
u001537,brand,2022-10-20
u001538,brand,2022-10-29
u001539,brand,2022-10-17
u001540,brand,2022-10-07
u001541,brand,2022-10-25
u001542,brand,2022-10-04
u001543,brand,2022-10-22
u001544,brand,2022-10-05
u001545,brand,2022-10-09
u001546,brand,2022-10-29
u001547,brand,2022-10-07
u001548,brand,2022-10-20
u001549,brand,2022-10-16
u001550,brand,2022-10-04
u001551,brand,2022-10-19
u001552,brand,2022-10-13
u001553,brand,2022-10-30
u001554,brand,2022-10-10
u001555,brand,2022-10-19
u001556,brand,2022-10-28
u001557,brand,2022-10-15
u001558,brand,2022-10-11
u001559,brand,2022-10-13
u001560,organic,2022-10-15
u001561,organic,2022-10-20
u001562,organic,2022-10-24
u001563,organic,2022-10-10
u001564,organic,2022-10-17
u001565,organic,2022-10-05
u001566,organic,2022-10-16
u001567,organic,2022-10-23
u001568,organic,2022-10-05
u001569,organic,2022-10-04
u001570,organic,2022-10-04
u001571,organic,2022-10-27
u001572,organic,2022-10-28
u001573,organic,2022-10-16
u001574,organic,2022-10-18
u001575,organic,2022-10-12
u001576,organic,2022-10-16
u001577,organic,2022-10-08
u001578,organic,2022-10-15
u001579,organic,2022-10-01
u001580,organic,2022-10-17
u001581,organic,2022-10-29
u001582,organic,2022-10-22
u001583,organic,2022-10-19
u001584,organic,2022-10-08
u001585,organic,2022-10-22
u001586,organic,2022-10-29
u001587,organic,2022-10-31
u001588,organic,2022-10-30
u001589,organic,2022-10-07
u001590,organic,2022-10-07
u001591,organic,2022-10-02
u001592,organic,2022-10-29
u001593,organic,2022-10-16
u001594,organic,2022-10-18
u001595,organic,2022-10-14
u001596,organic,2022-10-21
u001597,organic,2022-10-02
u001598,organic,2022-10-11
u001599,organic,2022-10-15
u001600,organic,2022-10-05
u001601,organic,2022-10-17
u001602,organic,2022-10-22
u001603,organic,2022-10-04
u001604,organic,2022-10-26
u001605,organic,2022-10-22
u001606,organic,2022-10-03
u001607,organic,2022-10-11
u001608,organic,2022-10-24
u001609,organic,2022-10-18
u001610,organic,2022-10-01
u001611,organic,2022-10-20
u001612,organic,2022-10-10
u001613,organic,2022-10-12
u001614,organic,2022-10-02
u001615,organic,2022-10-23
u001616,organic,2022-10-09
u001617,organic,2022-10-21
u001618,organic,2022-10-14
u001619,organic,2022-10-02
u001620,organic,2022-10-04
u001621,organic,2022-10-05
u001622,organic,2022-10-01
u001623,organic,2022-10-02
u001624,organic,2022-10-01
u001625,organic,2022-10-27
u001626,organic,2022-10-29
u001627,organic,2022-10-11
u001628,organic,2022-10-03
u001629,organic,2022-10-17
u001630,organic,2022-10-23
u001631,organic,2022-10-17
u001632,organic,2022-10-13
u001633,organic,2022-10-15
u001634,organic,2022-10-04
u001635,organic,2022-10-13
u001636,organic,2022-10-04
u001637,organic,2022-10-11
u001638,organic,2022-10-04
u001639,organic,2022-10-09
u001640,organic,2022-10-07
u001641,organic,2022-10-08
u001642,organic,2022-10-05
u001643,organic,2022-10-21
u001644,organic,2022-10-09
u001645,organic,2022-10-22
u001646,organic,2022-10-16
u001647,organic,2022-10-08
u001648,organic,2022-10-07
u001649,organic,2022-10-05
u001650,organic,2022-10-27
u001651,organic,2022-10-24
u001652,organic,2022-10-18
u001653,organic,2022-10-03
u001654,organic,2022-10-18
u001655,organic,2022-10-18
u001656,organic,2022-10-30
u001657,organic,2022-10-16
u001658,organic,2022-10-04
u001659,organic,2022-10-22
u001660,organic,2022-10-15
u001661,organic,2022-10-25
u001662,organic,2022-10-31
u001663,organic,2022-10-29
u001664,organic,2022-10-19
u001665,organic,2022-10-09
u001666,organic,2022-10-18
u001667,organic,2022-10-02
u001668,organic,2022-10-21
u001669,organic,2022-10-18
u001670,organic,2022-10-27
u001671,organic,2022-10-12
u001672,organic,2022-10-24
u001673,organic,2022-10-14
u001674,organic,2022-10-18
u001675,organic,2022-10-27
u001676,organic,2022-10-11
u001677,organic,2022-10-12
u001678,organic,2022-10-14
u001679,organic,2022-10-17
u001680,search,2022-11-11
u001681,search,2022-11-19
u001682,search,2022-11-07
u001683,search,2022-11-25
u001684,search,2022-11-11
u001685,search,2022-11-11
u001686,search,2022-11-24
u001687,search,2022-11-03
u001688,search,2022-11-25
u001689,search,2022-11-16
u001690,search,2022-11-01
u001691,search,2022-11-30
u001692,search,2022-11-26
u001693,search,2022-11-27
u001694,search,2022-11-27
u001695,search,2022-11-27
u001696,search,2022-11-02
u001697,search,2022-11-19
u001698,search,2022-11-17
u001699,search,2022-11-29
u001700,search,2022-11-09
u001701,search,2022-11-17
u001702,search,2022-11-08
u001703,search,2022-11-14
u001704,search,2022-11-06
u001705,search,2022-11-20
u001706,search,2022-11-04
u001707,search,2022-11-17
u001708,search,2022-11-20
u001709,search,2022-11-21
u001710,search,2022-11-05
u001711,search,2022-11-12
u001712,search,2022-11-13
u001713,search,2022-11-30
u001714,search,2022-11-08
u001715,search,2022-11-29
u001716,search,2022-11-08
u001717,search,2022-11-25
u001718,search,2022-11-23
u001719,search,2022-11-02
u001720,search,2022-11-19
u001721,search,2022-11-08
u001722,search,2022-11-02
u001723,search,2022-11-29
u001724,search,2022-11-23
u001725,search,2022-11-25
u001726,search,2022-11-20
u001727,search,2022-11-08
u001728,search,2022-11-19
u001729,search,2022-11-18
u001730,search,2022-11-20
u001731,search,2022-11-01
u001732,search,2022-11-15
u001733,search,2022-11-25
u001734,search,2022-11-13
u001735,search,2022-11-15
u001736,search,2022-11-28
u001737,search,2022-11-15
u001738,search,2022-11-15
u001739,search,2022-11-05
u001740,search,2022-11-14
u001741,search,2022-11-02
u001742,search,2022-11-26
u001743,search,2022-11-29
u001744,search,2022-11-16
u001745,search,2022-11-22
u001746,search,2022-11-18
u001747,search,2022-11-08
u001748,search,2022-11-07
u001749,search,2022-11-01
u001750,search,2022-11-23
u001751,search,2022-11-20
u001752,search,2022-11-06
u001753,search,2022-11-27
u001754,search,2022-11-02
u001755,search,2022-11-15
u001756,search,2022-11-01
u001757,search,2022-11-20
u001758,search,2022-11-15
u001759,search,2022-11-29
u001760,search,2022-11-19
u001761,search,2022-11-15
u001762,search,2022-11-13
u001763,search,2022-11-25
u001764,search,2022-11-25
u001765,search,2022-11-11
u001766,search,2022-11-29
u001767,search,2022-11-01
u001768,search,2022-11-26
u001769,search,2022-11-26
u001770,search,2022-11-12
u001771,search,2022-11-29
u001772,search,2022-11-15
u001773,search,2022-11-02
u001774,search,2022-11-11
u001775,search,2022-11-20
u001776,search,2022-11-15
u001777,search,2022-11-22
u001778,search,2022-11-26
u001779,search,2022-11-26
u001780,search,2022-11-20
u001781,search,2022-11-21
u001782,search,2022-11-06
u001783,search,2022-11-25
u001784,search,2022-11-18
u001785,search,2022-11-23
u001786,search,2022-11-14
u001787,search,2022-11-12
u001788,search,2022-11-22
u001789,search,2022-11-05
u001790,search,2022-11-07
u001791,search,2022-11-27
u001792,search,2022-11-15
u001793,search,2022-11-29
u001794,search,2022-11-16
u001795,search,2022-11-01
u001796,search,2022-11-20
u001797,search,2022-11-22
u001798,search,2022-11-25
u001799,search,2022-11-03
u001800,display,2022-11-27
u001801,display,2022-11-29
u001802,display,2022-11-01
u001803,display,2022-11-07
u001804,display,2022-11-30
u001805,display,2022-11-24
u001806,display,2022-11-18
u001807,display,2022-11-15
u001808,display,2022-11-20
u001809,display,2022-11-22
u001810,display,2022-11-07
u001811,display,2022-11-26
u001812,display,2022-11-15
u001813,display,2022-11-23
u001814,display,2022-11-11
u001815,display,2022-11-26
u001816,display,2022-11-13
u001817,display,2022-11-14
u001818,display,2022-11-12
u001819,display,2022-11-16
u001820,display,2022-11-05
u001821,display,2022-11-06
u001822,display,2022-11-10
u001823,display,2022-11-21
u001824,display,2022-11-23
u001825,display,2022-11-20
u001826,display,2022-11-09
u001827,display,2022-11-05
u001828,display,2022-11-23
u001829,display,2022-11-20
u001830,display,2022-11-14
u001831,display,2022-11-14
u001832,display,2022-11-30
u001833,display,2022-11-19
u001834,display,2022-11-11
u001835,display,2022-11-10
u001836,display,2022-11-29
u001837,display,2022-11-15
u001838,display,2022-11-02
u001839,display,2022-11-06
u001840,display,2022-11-03
u001841,display,2022-11-04
u001842,display,2022-11-08
u001843,display,2022-11-12
u001844,display,2022-11-27
u001845,display,2022-11-24
u001846,display,2022-11-22
u001847,display,2022-11-29
u001848,display,2022-11-09
u001849,display,2022-11-30
u001850,display,2022-11-01
u001851,display,2022-11-01
u001852,display,2022-11-25
u001853,display,2022-11-14
u001854,display,2022-11-26
u001855,display,2022-11-04
u001856,display,2022-11-08
u001857,display,2022-11-26
u001858,display,2022-11-01
u001859,display,2022-11-28
u001860,retargeting,2022-11-12
u001861,retargeting,2022-11-11
u001862,retargeting,2022-11-15
u001863,retargeting,2022-11-13
u001864,retargeting,2022-11-04
u001865,retargeting,2022-11-26
u001866,retargeting,2022-11-08
u001867,retargeting,2022-11-05
u001868,retargeting,2022-11-06
u001869,retargeting,2022-11-05
u001870,retargeting,2022-11-19
u001871,retargeting,2022-11-09
u001872,retargeting,2022-11-01
u001873,retargeting,2022-11-18
u001874,retargeting,2022-11-14
u001875,retargeting,2022-11-22
u001876,retargeting,2022-11-06
u001877,retargeting,2022-11-30
u001878,retargeting,2022-11-04
u001879,retargeting,2022-11-02
u001880,retargeting,2022-11-11
u001881,retargeting,2022-11-11
u001882,retargeting,2022-11-28
u001883,retargeting,2022-11-10
u001884,retargeting,2022-11-19
u001885,retargeting,2022-11-02
u001886,retargeting,2022-11-18
u001887,retargeting,2022-11-24
u001888,retargeting,2022-11-22
u001889,retargeting,2022-11-13
u001890,brand,2022-11-07
u001891,brand,2022-11-15
u001892,brand,2022-11-03
u001893,brand,2022-11-06
u001894,brand,2022-11-20
u001895,brand,2022-11-08
u001896,brand,2022-11-24
u001897,brand,2022-11-18
u001898,brand,2022-11-11
u001899,brand,2022-11-26
u001900,brand,2022-11-14
u001901,brand,2022-11-18
u001902,brand,2022-11-16
u001903,brand,2022-11-07
u001904,brand,2022-11-10
u001905,brand,2022-11-17
u001906,brand,2022-11-01
u001907,brand,2022-11-06
u001908,brand,2022-11-01
u001909,brand,2022-11-16
u001910,brand,2022-11-11
u001911,brand,2022-11-07
u001912,brand,2022-11-30
u001913,brand,2022-11-24
u001914,brand,2022-11-16
u001915,brand,2022-11-26
u001916,brand,2022-11-01
u001917,brand,2022-11-19
u001918,brand,2022-11-30
u001919,brand,2022-11-12
u001920,brand,2022-11-29
u001921,brand,2022-11-26
u001922,brand,2022-11-23
u001923,brand,2022-11-11
u001924,brand,2022-11-15
u001925,brand,2022-11-11
u001926,brand,2022-11-20
u001927,brand,2022-11-04
u001928,brand,2022-11-22
u001929,brand,2022-11-27
u001930,brand,2022-11-20
u001931,brand,2022-11-05
u001932,brand,2022-11-01
u001933,brand,2022-11-29
u001934,brand,2022-11-11
u001935,brand,2022-11-22
u001936,brand,2022-11-20
u001937,brand,2022-11-26
u001938,brand,2022-11-06
u001939,brand,2022-11-15
u001940,brand,2022-11-15
u001941,brand,2022-11-08
u001942,brand,2022-11-29
u001943,brand,2022-11-15
u001944,brand,2022-11-25
u001945,brand,2022-11-25
u001946,brand,2022-11-11
u001947,brand,2022-11-15
u001948,brand,2022-11-12
u001949,brand,2022-11-09
u001950,brand,2022-11-04
u001951,brand,2022-11-17
u001952,brand,2022-11-06
u001953,brand,2022-11-01
u001954,brand,2022-11-09
u001955,brand,2022-11-23
u001956,brand,2022-11-09
u001957,brand,2022-11-20
u001958,brand,2022-11-29
u001959,brand,2022-11-07
u001960,brand,2022-11-30
u001961,brand,2022-11-07
u001962,brand,2022-11-21
u001963,brand,2022-11-24
u001964,brand,2022-11-05
u001965,brand,2022-11-09
u001966,brand,2022-11-14
u001967,brand,2022-11-17
u001968,brand,2022-11-22
u001969,brand,2022-11-17
u001970,brand,2022-11-03
u001971,brand,2022-11-19
u001972,brand,2022-11-03
u001973,brand,2022-11-02
u001974,brand,2022-11-20
u001975,brand,2022-11-14
u001976,brand,2022-11-11
u001977,brand,2022-11-24
u001978,brand,2022-11-11
u001979,brand,2022-11-23
u001980,organic,2022-11-29
u001981,organic,2022-11-20
u001982,organic,2022-11-09
u001983,organic,2022-11-08
u001984,organic,2022-11-05
u001985,organic,2022-11-18
u001986,organic,2022-11-13
u001987,organic,2022-11-25
u001988,organic,2022-11-03
u001989,organic,2022-11-16
u001990,organic,2022-11-03
u001991,organic,2022-11-21
u001992,organic,2022-11-17
u001993,organic,2022-11-09
u001994,organic,2022-11-30
u001995,organic,2022-11-25
u001996,organic,2022-11-06
u001997,organic,2022-11-15
u001998,organic,2022-11-21
u001999,organic,2022-11-12
u002000,organic,2022-11-14
u002001,organic,2022-11-01
u002002,organic,2022-11-15
u002003,organic,2022-11-03
u002004,organic,2022-11-26
u002005,organic,2022-11-04
u002006,organic,2022-11-02
u002007,organic,2022-11-15
u002008,organic,2022-11-13
u002009,organic,2022-11-03
u002010,organic,2022-11-18
u002011,organic,2022-11-19
u002012,organic,2022-11-18
u002013,organic,2022-11-05
u002014,organic,2022-11-01
u002015,organic,2022-11-19
u002016,organic,2022-11-29
u002017,organic,2022-11-16
u002018,organic,2022-11-23
u002019,organic,2022-11-09
u002020,organic,2022-11-03
u002021,organic,2022-11-14
u002022,organic,2022-11-02
u002023,organic,2022-11-14
u002024,organic,2022-11-10
u002025,organic,2022-11-04
u002026,organic,2022-11-28
u002027,organic,2022-11-14
u002028,organic,2022-11-20
u002029,organic,2022-11-20
u002030,organic,2022-11-27
u002031,organic,2022-11-21
u002032,organic,2022-11-09
u002033,organic,2022-11-27
u002034,organic,2022-11-25
u002035,organic,2022-11-22
u002036,organic,2022-11-05
u002037,organic,2022-11-17
u002038,organic,2022-11-30
u002039,organic,2022-11-09
u002040,organic,2022-11-27
u002041,organic,2022-11-14
u002042,organic,2022-11-16
u002043,organic,2022-11-30
u002044,organic,2022-11-09
u002045,organic,2022-11-29
u002046,organic,2022-11-25
u002047,organic,2022-11-23
u002048,organic,2022-11-02
u002049,organic,2022-11-01
u002050,organic,2022-11-10
u002051,organic,2022-11-02
u002052,organic,2022-11-11
u002053,organic,2022-11-30
u002054,organic,2022-11-24
u002055,organic,2022-11-25
u002056,organic,2022-11-18
u002057,organic,2022-11-15
u002058,organic,2022-11-12
u002059,organic,2022-11-13
u002060,organic,2022-11-13
u002061,organic,2022-11-06
u002062,organic,2022-11-02
u002063,organic,2022-11-16
u002064,organic,2022-11-16
u002065,organic,2022-11-20
u002066,organic,2022-11-06
u002067,organic,2022-11-04
u002068,organic,2022-11-29
u002069,organic,2022-11-15
u002070,organic,2022-11-09
u002071,organic,2022-11-11
u002072,organic,2022-11-02
u002073,organic,2022-11-27
u002074,organic,2022-11-25
u002075,organic,2022-11-22
u002076,organic,2022-11-24
u002077,organic,2022-11-28
u002078,organic,2022-11-20
u002079,organic,2022-11-11
u002080,organic,2022-11-03
u002081,organic,2022-11-05
u002082,organic,2022-11-14
u002083,organic,2022-11-25
u002084,organic,2022-11-11
u002085,organic,2022-11-13
u002086,organic,2022-11-29
u002087,organic,2022-11-18
u002088,organic,2022-11-27
u002089,organic,2022-11-22
u002090,organic,2022-11-16
u002091,organic,2022-11-19
u002092,organic,2022-11-22
u002093,organic,2022-11-25
u002094,organic,2022-11-22
u002095,organic,2022-11-06
u002096,organic,2022-11-08
u002097,organic,2022-11-03
u002098,organic,2022-11-09
u002099,organic,2022-11-11
u002100,search,2022-12-23
u002101,search,2022-12-09
u002102,search,2022-12-07
u002103,search,2022-12-23
u002104,search,2022-12-31
u002105,search,2022-12-19
u002106,search,2022-12-11
u002107,search,2022-12-12
u002108,search,2022-12-18
u002109,search,2022-12-25
u002110,search,2022-12-27
u002111,search,2022-12-26
u002112,search,2022-12-31
u002113,search,2022-12-16
u002114,search,2022-12-29
u002115,search,2022-12-21
u002116,search,2022-12-29
u002117,search,2022-12-02
u002118,search,2022-12-23
u002119,search,2022-12-30
u002120,search,2022-12-04
u002121,search,2022-12-30
u002122,search,2022-12-08
u002123,search,2022-12-15
u002124,search,2022-12-21
u002125,search,2022-12-03
u002126,search,2022-12-21
u002127,search,2022-12-23
u002128,search,2022-12-20
u002129,search,2022-12-09
u002130,search,2022-12-04
u002131,search,2022-12-21
u002132,search,2022-12-09
u002133,search,2022-12-05
u002134,search,2022-12-20
u002135,search,2022-12-10
u002136,search,2022-12-15
u002137,search,2022-12-27
u002138,search,2022-12-20
u002139,search,2022-12-08
u002140,search,2022-12-08
u002141,search,2022-12-30
u002142,search,2022-12-17
u002143,search,2022-12-13
u002144,search,2022-12-01
u002145,search,2022-12-13
u002146,search,2022-12-02
u002147,search,2022-12-10
u002148,search,2022-12-10
u002149,search,2022-12-07
u002150,search,2022-12-01
u002151,search,2022-12-29
u002152,search,2022-12-13
u002153,search,2022-12-16
u002154,search,2022-12-10
u002155,search,2022-12-14
u002156,search,2022-12-16
u002157,search,2022-12-05
u002158,search,2022-12-03
u002159,search,2022-12-11
u002160,search,2022-12-14
u002161,search,2022-12-31
u002162,search,2022-12-06
u002163,search,2022-12-06
u002164,search,2022-12-14
u002165,search,2022-12-29
u002166,search,2022-12-07
u002167,search,2022-12-17
u002168,search,2022-12-21
u002169,search,2022-12-31
u002170,search,2022-12-07
u002171,search,2022-12-13
u002172,search,2022-12-02
u002173,search,2022-12-12
u002174,search,2022-12-31
u002175,search,2022-12-20
u002176,search,2022-12-22
u002177,search,2022-12-19
u002178,search,2022-12-25
u002179,search,2022-12-06
u002180,search,2022-12-02
u002181,search,2022-12-21
u002182,search,2022-12-21
u002183,search,2022-12-15
u002184,search,2022-12-17
u002185,search,2022-12-03
u002186,search,2022-12-29
u002187,search,2022-12-06
u002188,search,2022-12-22
u002189,search,2022-12-12
u002190,search,2022-12-07
u002191,search,2022-12-02
u002192,search,2022-12-05
u002193,search,2022-12-22
u002194,search,2022-12-08
u002195,search,2022-12-19
u002196,search,2022-12-19
u002197,search,2022-12-05
u002198,search,2022-12-14
u002199,search,2022-12-16
u002200,search,2022-12-30
u002201,search,2022-12-27
u002202,search,2022-12-24
u002203,search,2022-12-11
u002204,search,2022-12-04
u002205,search,2022-12-10
u002206,search,2022-12-30
u002207,search,2022-12-12
u002208,search,2022-12-24
u002209,search,2022-12-04
u002210,search,2022-12-01
u002211,search,2022-12-15
u002212,search,2022-12-28
u002213,search,2022-12-26
u002214,search,2022-12-21
u002215,search,2022-12-06
u002216,search,2022-12-12
u002217,search,2022-12-07
u002218,search,2022-12-02
u002219,search,2022-12-04
u002220,display,2022-12-17
u002221,display,2022-12-15
u002222,display,2022-12-05
u002223,display,2022-12-24
u002224,display,2022-12-03
u002225,display,2022-12-15
u002226,display,2022-12-21
u002227,display,2022-12-27
u002228,display,2022-12-08
u002229,display,2022-12-22
u002230,display,2022-12-18
u002231,display,2022-12-16
u002232,display,2022-12-23
u002233,display,2022-12-30
u002234,display,2022-12-18
u002235,display,2022-12-26
u002236,display,2022-12-24
u002237,display,2022-12-30
u002238,display,2022-12-24
u002239,display,2022-12-17
u002240,display,2022-12-17
u002241,display,2022-12-29
u002242,display,2022-12-02
u002243,display,2022-12-05
u002244,display,2022-12-13
u002245,display,2022-12-30
u002246,display,2022-12-30
u002247,display,2022-12-16
u002248,display,2022-12-23
u002249,display,2022-12-01
u002250,display,2022-12-06
u002251,display,2022-12-26
u002252,display,2022-12-22
u002253,display,2022-12-28
u002254,display,2022-12-27
u002255,display,2022-12-18
u002256,display,2022-12-30
u002257,display,2022-12-14
u002258,display,2022-12-20
u002259,display,2022-12-28
u002260,display,2022-12-25
u002261,display,2022-12-02
u002262,display,2022-12-31
u002263,display,2022-12-27
u002264,display,2022-12-23
u002265,display,2022-12-22
u002266,display,2022-12-06
u002267,display,2022-12-19
u002268,display,2022-12-02
u002269,display,2022-12-19
u002270,display,2022-12-18
u002271,display,2022-12-09
u002272,display,2022-12-06
u002273,display,2022-12-07
u002274,display,2022-12-20
u002275,display,2022-12-19
u002276,display,2022-12-09
u002277,display,2022-12-11
u002278,display,2022-12-16
u002279,display,2022-12-08
u002280,retargeting,2022-12-19
u002281,retargeting,2022-12-19
u002282,retargeting,2022-12-08
u002283,retargeting,2022-12-09
u002284,retargeting,2022-12-17
u002285,retargeting,2022-12-27
u002286,retargeting,2022-12-05
u002287,retargeting,2022-12-19
u002288,retargeting,2022-12-30
u002289,retargeting,2022-12-29
u002290,retargeting,2022-12-21
u002291,retargeting,2022-12-23
u002292,retargeting,2022-12-11
u002293,retargeting,2022-12-29
u002294,retargeting,2022-12-28
u002295,retargeting,2022-12-24
u002296,retargeting,2022-12-24
u002297,retargeting,2022-12-06
u002298,retargeting,2022-12-06
u002299,retargeting,2022-12-07
u002300,retargeting,2022-12-30
u002301,retargeting,2022-12-17
u002302,retargeting,2022-12-02
u002303,retargeting,2022-12-25
u002304,retargeting,2022-12-31
u002305,retargeting,2022-12-26
u002306,retargeting,2022-12-07
u002307,retargeting,2022-12-08
u002308,retargeting,2022-12-03
u002309,retargeting,2022-12-27
u002310,brand,2022-12-31
u002311,brand,2022-12-03
u002312,brand,2022-12-29
u002313,brand,2022-12-11
u002314,brand,2022-12-09
u002315,brand,2022-12-12
u002316,brand,2022-12-13
u002317,brand,2022-12-15
u002318,brand,2022-12-28
u002319,brand,2022-12-26
u002320,brand,2022-12-20
u002321,brand,2022-12-24
u002322,brand,2022-12-09
u002323,brand,2022-12-24
u002324,brand,2022-12-09
u002325,brand,2022-12-11
u002326,brand,2022-12-01
u002327,brand,2022-12-24
u002328,brand,2022-12-27
u002329,brand,2022-12-25
u002330,brand,2022-12-04
u002331,brand,2022-12-17
u002332,brand,2022-12-10
u002333,brand,2022-12-18
u002334,brand,2022-12-12
u002335,brand,2022-12-17
u002336,brand,2022-12-27
u002337,brand,2022-12-15
u002338,brand,2022-12-01
u002339,brand,2022-12-24
u002340,brand,2022-12-05
u002341,brand,2022-12-09
u002342,brand,2022-12-29
u002343,brand,2022-12-18
u002344,brand,2022-12-07
u002345,brand,2022-12-27
u002346,brand,2022-12-06
u002347,brand,2022-12-12
u002348,brand,2022-12-18
u002349,brand,2022-12-13
u002350,brand,2022-12-08
u002351,brand,2022-12-03
u002352,brand,2022-12-21
u002353,brand,2022-12-20
u002354,brand,2022-12-28
u002355,brand,2022-12-21
u002356,brand,2022-12-29
u002357,brand,2022-12-07
u002358,brand,2022-12-26
u002359,brand,2022-12-31
u002360,brand,2022-12-29
u002361,brand,2022-12-24
u002362,brand,2022-12-29
u002363,brand,2022-12-29
u002364,brand,2022-12-07
u002365,brand,2022-12-08
u002366,brand,2022-12-19
u002367,brand,2022-12-09
u002368,brand,2022-12-12
u002369,brand,2022-12-13
u002370,brand,2022-12-13
u002371,brand,2022-12-04
u002372,brand,2022-12-10
u002373,brand,2022-12-04
u002374,brand,2022-12-20
u002375,brand,2022-12-07
u002376,brand,2022-12-11
u002377,brand,2022-12-08
u002378,brand,2022-12-10
u002379,brand,2022-12-23
u002380,brand,2022-12-13
u002381,brand,2022-12-12
u002382,brand,2022-12-25
u002383,brand,2022-12-30
u002384,brand,2022-12-22
u002385,brand,2022-12-12
u002386,brand,2022-12-08
u002387,brand,2022-12-18
u002388,brand,2022-12-28
u002389,brand,2022-12-07
u002390,brand,2022-12-03
u002391,brand,2022-12-18
u002392,brand,2022-12-11
u002393,brand,2022-12-29
u002394,brand,2022-12-03
u002395,brand,2022-12-10
u002396,brand,2022-12-18
u002397,brand,2022-12-10
u002398,brand,2022-12-28
u002399,brand,2022-12-27
u002400,organic,2022-12-07
u002401,organic,2022-12-17
u002402,organic,2022-12-29
u002403,organic,2022-12-23
u002404,organic,2022-12-23
u002405,organic,2022-12-26
u002406,organic,2022-12-07
u002407,organic,2022-12-06
u002408,organic,2022-12-29
u002409,organic,2022-12-01
u002410,organic,2022-12-23
u002411,organic,2022-12-28
u002412,organic,2022-12-22
u002413,organic,2022-12-05
u002414,organic,2022-12-31
u002415,organic,2022-12-15
u002416,organic,2022-12-14
u002417,organic,2022-12-23
u002418,organic,2022-12-17
u002419,organic,2022-12-02
u002420,organic,2022-12-22
u002421,organic,2022-12-13
u002422,organic,2022-12-29
u002423,organic,2022-12-08
u002424,organic,2022-12-28
u002425,organic,2022-12-23
u002426,organic,2022-12-21
u002427,organic,2022-12-14
u002428,organic,2022-12-28
u002429,organic,2022-12-24
u002430,organic,2022-12-11
u002431,organic,2022-12-03
u002432,organic,2022-12-17
u002433,organic,2022-12-21
u002434,organic,2022-12-24
u002435,organic,2022-12-31
u002436,organic,2022-12-01
u002437,organic,2022-12-21
u002438,organic,2022-12-24
u002439,organic,2022-12-07
u002440,organic,2022-12-19
u002441,organic,2022-12-22
u002442,organic,2022-12-22
u002443,organic,2022-12-02
u002444,organic,2022-12-28
u002445,organic,2022-12-11
u002446,organic,2022-12-14
u002447,organic,2022-12-06
u002448,organic,2022-12-09
u002449,organic,2022-12-20
u002450,organic,2022-12-30
u002451,organic,2022-12-17
u002452,organic,2022-12-29
u002453,organic,2022-12-31
u002454,organic,2022-12-12
u002455,organic,2022-12-09
u002456,organic,2022-12-02
u002457,organic,2022-12-18
u002458,organic,2022-12-12
u002459,organic,2022-12-31
u002460,organic,2022-12-04
u002461,organic,2022-12-07
u002462,organic,2022-12-01
u002463,organic,2022-12-23
u002464,organic,2022-12-15
u002465,organic,2022-12-31
u002466,organic,2022-12-09
u002467,organic,2022-12-31
u002468,organic,2022-12-15
u002469,organic,2022-12-27
u002470,organic,2022-12-17
u002471,organic,2022-12-24
u002472,organic,2022-12-19
u002473,organic,2022-12-24
u002474,organic,2022-12-06
u002475,organic,2022-12-04
u002476,organic,2022-12-20
u002477,organic,2022-12-04
u002478,organic,2022-12-25
u002479,organic,2022-12-30
u002480,organic,2022-12-17
u002481,organic,2022-12-24
u002482,organic,2022-12-30
u002483,organic,2022-12-15
u002484,organic,2022-12-16
u002485,organic,2022-12-01
u002486,organic,2022-12-31
u002487,organic,2022-12-01
u002488,organic,2022-12-17
u002489,organic,2022-12-17
u002490,organic,2022-12-26
u002491,organic,2022-12-21
u002492,organic,2022-12-29
u002493,organic,2022-12-04
u002494,organic,2022-12-06
u002495,organic,2022-12-02
u002496,organic,2022-12-25
u002497,organic,2022-12-30
u002498,organic,2022-12-26
u002499,organic,2022-12-01
u002500,organic,2022-12-06
u002501,organic,2022-12-03
u002502,organic,2022-12-15
u002503,organic,2022-12-12
u002504,organic,2022-12-24
u002505,organic,2022-12-19
u002506,organic,2022-12-04
u002507,organic,2022-12-16
u002508,organic,2022-12-09
u002509,organic,2022-12-04
u002510,organic,2022-12-06
u002511,organic,2022-12-06
u002512,organic,2022-12-09
u002513,organic,2022-12-15
u002514,organic,2022-12-16
u002515,organic,2022-12-10
u002516,organic,2022-12-06
u002517,organic,2022-12-29
u002518,organic,2022-12-07
u002519,organic,2022-12-06
u002520,search,2023-01-18
u002521,search,2023-01-08
u002522,search,2023-01-19
u002523,search,2023-01-27
u002524,search,2023-01-24
u002525,search,2023-01-25
u002526,search,2023-01-13
u002527,search,2023-01-08
u002528,search,2023-01-22
u002529,search,2023-01-09
u002530,search,2023-01-08
u002531,search,2023-01-09
u002532,search,2023-01-19
u002533,search,2023-01-24
u002534,search,2023-01-12
u002535,search,2023-01-21
u002536,search,2023-01-25
u002537,search,2023-01-19
u002538,search,2023-01-28
u002539,search,2023-01-18
u002540,search,2023-01-23
u002541,search,2023-01-10
u002542,search,2023-01-20
u002543,search,2023-01-02
u002544,search,2023-01-04
u002545,search,2023-01-31
u002546,search,2023-01-21
u002547,search,2023-01-30
u002548,search,2023-01-17
u002549,search,2023-01-14
u002550,search,2023-01-01
u002551,search,2023-01-04
u002552,search,2023-01-04
u002553,search,2023-01-01
u002554,search,2023-01-11
u002555,search,2023-01-08
u002556,search,2023-01-15
u002557,search,2023-01-29
u002558,search,2023-01-29
u002559,search,2023-01-15
u002560,search,2023-01-07
u002561,search,2023-01-12
u002562,search,2023-01-02
u002563,search,2023-01-26
u002564,search,2023-01-23
u002565,search,2023-01-05
u002566,search,2023-01-23
u002567,search,2023-01-24
u002568,search,2023-01-25
u002569,search,2023-01-25
u002570,search,2023-01-24
u002571,search,2023-01-26
u002572,search,2023-01-19
u002573,search,2023-01-30
u002574,search,2023-01-16
u002575,search,2023-01-11
u002576,search,2023-01-04
u002577,search,2023-01-12
u002578,search,2023-01-27
u002579,search,2023-01-25
u002580,search,2023-01-23
u002581,search,2023-01-17
u002582,search,2023-01-26
u002583,search,2023-01-14
u002584,search,2023-01-31
u002585,search,2023-01-21
u002586,search,2023-01-31
u002587,search,2023-01-12
u002588,search,2023-01-08
u002589,search,2023-01-07
u002590,search,2023-01-27
u002591,search,2023-01-27
u002592,search,2023-01-23
u002593,search,2023-01-30
u002594,search,2023-01-28
u002595,search,2023-01-13
u002596,search,2023-01-31
u002597,search,2023-01-22
u002598,search,2023-01-12
u002599,search,2023-01-31
u002600,search,2023-01-15
u002601,search,2023-01-08
u002602,search,2023-01-05
u002603,search,2023-01-11
u002604,search,2023-01-01
u002605,search,2023-01-06
u002606,search,2023-01-26
u002607,search,2023-01-13
u002608,search,2023-01-28
u002609,search,2023-01-13
u002610,search,2023-01-04
u002611,search,2023-01-04
u002612,search,2023-01-05
u002613,search,2023-01-27
u002614,search,2023-01-05
u002615,search,2023-01-12
u002616,search,2023-01-11
u002617,search,2023-01-23
u002618,search,2023-01-29
u002619,search,2023-01-08
u002620,search,2023-01-14
u002621,search,2023-01-20
u002622,search,2023-01-20
u002623,search,2023-01-24
u002624,search,2023-01-09
u002625,search,2023-01-25
u002626,search,2023-01-02
u002627,search,2023-01-12
u002628,search,2023-01-14
u002629,search,2023-01-25
u002630,search,2023-01-15
u002631,search,2023-01-08
u002632,search,2023-01-14
u002633,search,2023-01-01
u002634,search,2023-01-08
u002635,search,2023-01-16
u002636,search,2023-01-12
u002637,search,2023-01-14
u002638,search,2023-01-01
u002639,search,2023-01-20
u002640,display,2023-01-15
u002641,display,2023-01-08
u002642,display,2023-01-31
u002643,display,2023-01-29
u002644,display,2023-01-13
u002645,display,2023-01-16
u002646,display,2023-01-16
u002647,display,2023-01-02
u002648,display,2023-01-29
u002649,display,2023-01-14
u002650,display,2023-01-06
u002651,display,2023-01-24
u002652,display,2023-01-28
u002653,display,2023-01-11
u002654,display,2023-01-07
u002655,display,2023-01-21
u002656,display,2023-01-14
u002657,display,2023-01-14
u002658,display,2023-01-21
u002659,display,2023-01-05
u002660,display,2023-01-31
u002661,display,2023-01-14
u002662,display,2023-01-20
u002663,display,2023-01-02
u002664,display,2023-01-19
u002665,display,2023-01-03
u002666,display,2023-01-22
u002667,display,2023-01-20
u002668,display,2023-01-10
u002669,display,2023-01-26
u002670,display,2023-01-31
u002671,display,2023-01-01
u002672,display,2023-01-02
u002673,display,2023-01-13
u002674,display,2023-01-12
u002675,display,2023-01-12
u002676,display,2023-01-31
u002677,display,2023-01-10
u002678,display,2023-01-08
u002679,display,2023-01-06
u002680,display,2023-01-18
u002681,display,2023-01-28
u002682,display,2023-01-17
u002683,display,2023-01-17
u002684,display,2023-01-27
u002685,display,2023-01-21
u002686,display,2023-01-03
u002687,display,2023-01-02
u002688,display,2023-01-03
u002689,display,2023-01-22
u002690,display,2023-01-05
u002691,display,2023-01-03
u002692,display,2023-01-11
u002693,display,2023-01-23
u002694,display,2023-01-27
u002695,display,2023-01-21
u002696,display,2023-01-11
u002697,display,2023-01-04
u002698,display,2023-01-01
u002699,display,2023-01-05
u002700,retargeting,2023-01-07
u002701,retargeting,2023-01-09
u002702,retargeting,2023-01-14
u002703,retargeting,2023-01-05
u002704,retargeting,2023-01-07
u002705,retargeting,2023-01-14
u002706,retargeting,2023-01-27
u002707,retargeting,2023-01-31
u002708,retargeting,2023-01-09
u002709,retargeting,2023-01-02
u002710,retargeting,2023-01-18
u002711,retargeting,2023-01-29
u002712,retargeting,2023-01-11
u002713,retargeting,2023-01-16
u002714,retargeting,2023-01-24
u002715,retargeting,2023-01-15
u002716,retargeting,2023-01-24
u002717,retargeting,2023-01-04
u002718,retargeting,2023-01-18
u002719,retargeting,2023-01-11
u002720,retargeting,2023-01-27
u002721,retargeting,2023-01-06
u002722,retargeting,2023-01-08
u002723,retargeting,2023-01-27
u002724,retargeting,2023-01-02
u002725,retargeting,2023-01-20
u002726,retargeting,2023-01-30
u002727,retargeting,2023-01-25
u002728,retargeting,2023-01-03
u002729,retargeting,2023-01-25
u002730,brand,2023-01-31
u002731,brand,2023-01-02
u002732,brand,2023-01-30
u002733,brand,2023-01-23
u002734,brand,2023-01-08
u002735,brand,2023-01-16
u002736,brand,2023-01-15
u002737,brand,2023-01-08
u002738,brand,2023-01-14
u002739,brand,2023-01-06
u002740,brand,2023-01-27
u002741,brand,2023-01-10
u002742,brand,2023-01-08
u002743,brand,2023-01-01
u002744,brand,2023-01-03
u002745,brand,2023-01-09
u002746,brand,2023-01-24
u002747,brand,2023-01-28
u002748,brand,2023-01-30
u002749,brand,2023-01-28
u002750,brand,2023-01-04
u002751,brand,2023-01-19
u002752,brand,2023-01-01
u002753,brand,2023-01-06
u002754,brand,2023-01-25
u002755,brand,2023-01-16
u002756,brand,2023-01-28
u002757,brand,2023-01-20
u002758,brand,2023-01-15
u002759,brand,2023-01-27
u002760,brand,2023-01-18
u002761,brand,2023-01-19
u002762,brand,2023-01-16
u002763,brand,2023-01-14
u002764,brand,2023-01-22
u002765,brand,2023-01-26
u002766,brand,2023-01-22
u002767,brand,2023-01-09
u002768,brand,2023-01-02
u002769,brand,2023-01-10
u002770,brand,2023-01-15
u002771,brand,2023-01-31
u002772,brand,2023-01-08
u002773,brand,2023-01-06
u002774,brand,2023-01-11
u002775,brand,2023-01-26
u002776,brand,2023-01-15
u002777,brand,2023-01-10
u002778,brand,2023-01-11
u002779,brand,2023-01-08
u002780,brand,2023-01-05
u002781,brand,2023-01-23
u002782,brand,2023-01-11
u002783,brand,2023-01-06
u002784,brand,2023-01-25
u002785,brand,2023-01-07
u002786,brand,2023-01-20
u002787,brand,2023-01-12
u002788,brand,2023-01-09
u002789,brand,2023-01-02
u002790,brand,2023-01-27
u002791,brand,2023-01-12
u002792,brand,2023-01-29
u002793,brand,2023-01-11
u002794,brand,2023-01-09
u002795,brand,2023-01-19
u002796,brand,2023-01-24
u002797,brand,2023-01-20
u002798,brand,2023-01-02
u002799,brand,2023-01-30
u002800,brand,2023-01-30
u002801,brand,2023-01-08
u002802,brand,2023-01-03
u002803,brand,2023-01-09
u002804,brand,2023-01-28
u002805,brand,2023-01-27
u002806,brand,2023-01-17
u002807,brand,2023-01-28
u002808,brand,2023-01-11
u002809,brand,2023-01-04
u002810,brand,2023-01-31
u002811,brand,2023-01-12
u002812,brand,2023-01-24
u002813,brand,2023-01-17
u002814,brand,2023-01-23
u002815,brand,2023-01-26
u002816,brand,2023-01-22
u002817,brand,2023-01-11
u002818,brand,2023-01-21
u002819,brand,2023-01-19
u002820,organic,2023-01-11
u002821,organic,2023-01-13
u002822,organic,2023-01-03
u002823,organic,2023-01-26
u002824,organic,2023-01-10
u002825,organic,2023-01-08
u002826,organic,2023-01-17
u002827,organic,2023-01-02
u002828,organic,2023-01-20
u002829,organic,2023-01-20
u002830,organic,2023-01-22
u002831,organic,2023-01-17
u002832,organic,2023-01-06
u002833,organic,2023-01-02
u002834,organic,2023-01-07
u002835,organic,2023-01-07
u002836,organic,2023-01-09
u002837,organic,2023-01-19
u002838,organic,2023-01-05
u002839,organic,2023-01-21
u002840,organic,2023-01-18
u002841,organic,2023-01-21
u002842,organic,2023-01-20
u002843,organic,2023-01-13
u002844,organic,2023-01-30
u002845,organic,2023-01-23
u002846,organic,2023-01-28
u002847,organic,2023-01-22
u002848,organic,2023-01-02
u002849,organic,2023-01-05
u002850,organic,2023-01-26
u002851,organic,2023-01-19
u002852,organic,2023-01-09
u002853,organic,2023-01-06
u002854,organic,2023-01-15
u002855,organic,2023-01-21
u002856,organic,2023-01-18
u002857,organic,2023-01-20
u002858,organic,2023-01-18
u002859,organic,2023-01-29
u002860,organic,2023-01-31
u002861,organic,2023-01-06
u002862,organic,2023-01-15
u002863,organic,2023-01-14
u002864,organic,2023-01-22
u002865,organic,2023-01-04
u002866,organic,2023-01-18
u002867,organic,2023-01-10
u002868,organic,2023-01-24
u002869,organic,2023-01-22
u002870,organic,2023-01-30
u002871,organic,2023-01-06
u002872,organic,2023-01-05
u002873,organic,2023-01-26
u002874,organic,2023-01-17
u002875,organic,2023-01-14
u002876,organic,2023-01-27
u002877,organic,2023-01-12
u002878,organic,2023-01-20
u002879,organic,2023-01-25
u002880,organic,2023-01-04
u002881,organic,2023-01-26
u002882,organic,2023-01-22
u002883,organic,2023-01-03
u002884,organic,2023-01-25
u002885,organic,2023-01-31
u002886,organic,2023-01-13
u002887,organic,2023-01-25
u002888,organic,2023-01-02
u002889,organic,2023-01-12
u002890,organic,2023-01-09
u002891,organic,2023-01-02
u002892,organic,2023-01-12
u002893,organic,2023-01-07
u002894,organic,2023-01-28
u002895,organic,2023-01-05
u002896,organic,2023-01-20
u002897,organic,2023-01-02
u002898,organic,2023-01-10
u002899,organic,2023-01-12
u002900,organic,2023-01-25
u002901,organic,2023-01-05
u002902,organic,2023-01-16
u002903,organic,2023-01-17
u002904,organic,2023-01-15
u002905,organic,2023-01-22
u002906,organic,2023-01-22
u002907,organic,2023-01-10
u002908,organic,2023-01-14
u002909,organic,2023-01-07
u002910,organic,2023-01-15
u002911,organic,2023-01-18
u002912,organic,2023-01-02
u002913,organic,2023-01-31
u002914,organic,2023-01-12
u002915,organic,2023-01-23
u002916,organic,2023-01-28
u002917,organic,2023-01-14
u002918,organic,2023-01-05
u002919,organic,2023-01-08
u002920,organic,2023-01-15
u002921,organic,2023-01-13
u002922,organic,2023-01-08
u002923,organic,2023-01-04
u002924,organic,2023-01-31
u002925,organic,2023-01-19
u002926,organic,2023-01-14
u002927,organic,2023-01-08
u002928,organic,2023-01-22
u002929,organic,2023-01-05
u002930,organic,2023-01-31
u002931,organic,2023-01-24
u002932,organic,2023-01-24
u002933,organic,2023-01-13
u002934,organic,2023-01-21
u002935,organic,2023-01-24
u002936,organic,2023-01-25
u002937,organic,2023-01-08
u002938,organic,2023-01-06
u002939,organic,2023-01-17
u002940,search,2023-02-04
u002941,search,2023-02-04
u002942,search,2023-02-05
u002943,search,2023-02-23
u002944,search,2023-02-25
u002945,search,2023-02-02
u002946,search,2023-02-05
u002947,search,2023-02-02
u002948,search,2023-02-22
u002949,search,2023-02-05
u002950,search,2023-02-01
u002951,search,2023-02-12
u002952,search,2023-02-06
u002953,search,2023-02-27
u002954,search,2023-02-24
u002955,search,2023-02-01
u002956,search,2023-02-22
u002957,search,2023-02-23
u002958,search,2023-02-28
u002959,search,2023-02-06
u002960,search,2023-02-05
u002961,search,2023-02-08
u002962,search,2023-02-19
u002963,search,2023-02-15
u002964,search,2023-02-14
u002965,search,2023-02-23
u002966,search,2023-02-14
u002967,search,2023-02-01
u002968,search,2023-02-20
u002969,search,2023-02-14
u002970,search,2023-02-21
u002971,search,2023-02-03
u002972,search,2023-02-14
u002973,search,2023-02-17
u002974,search,2023-02-15
u002975,search,2023-02-12
u002976,search,2023-02-23
u002977,search,2023-02-24
u002978,search,2023-02-15
u002979,search,2023-02-01
u002980,search,2023-02-14
u002981,search,2023-02-21
u002982,search,2023-02-23
u002983,search,2023-02-05
u002984,search,2023-02-09
u002985,search,2023-02-16
u002986,search,2023-02-22
u002987,search,2023-02-08
u002988,search,2023-02-25
u002989,search,2023-02-05
u002990,search,2023-02-12
u002991,search,2023-02-18
u002992,search,2023-02-05
u002993,search,2023-02-27
u002994,search,2023-02-15
u002995,search,2023-02-15
u002996,search,2023-02-06
u002997,search,2023-02-01
u002998,search,2023-02-12
u002999,search,2023-02-07
u003000,search,2023-02-17
u003001,search,2023-02-05
u003002,search,2023-02-26
u003003,search,2023-02-20
u003004,search,2023-02-09
u003005,search,2023-02-04
u003006,search,2023-02-23
u003007,search,2023-02-10
u003008,search,2023-02-26
u003009,search,2023-02-12
u003010,search,2023-02-23
u003011,search,2023-02-21
u003012,search,2023-02-04
u003013,search,2023-02-05
u003014,search,2023-02-16
u003015,search,2023-02-20
u003016,search,2023-02-08
u003017,search,2023-02-27
u003018,search,2023-02-05
u003019,search,2023-02-14
u003020,search,2023-02-28
u003021,search,2023-02-13
u003022,search,2023-02-13
u003023,search,2023-02-12
u003024,search,2023-02-07
u003025,search,2023-02-22
u003026,search,2023-02-07
u003027,search,2023-02-07
u003028,search,2023-02-21
u003029,search,2023-02-06
u003030,search,2023-02-24
u003031,search,2023-02-28
u003032,search,2023-02-08
u003033,search,2023-02-20
u003034,search,2023-02-01
u003035,search,2023-02-01
u003036,search,2023-02-21
u003037,search,2023-02-07
u003038,search,2023-02-04
u003039,search,2023-02-18
u003040,search,2023-02-16
u003041,search,2023-02-08
u003042,search,2023-02-18
u003043,search,2023-02-13
u003044,search,2023-02-06
u003045,search,2023-02-01
u003046,search,2023-02-15
u003047,search,2023-02-14
u003048,search,2023-02-06
u003049,search,2023-02-22
u003050,search,2023-02-27
u003051,search,2023-02-09
u003052,search,2023-02-23
u003053,search,2023-02-17
u003054,search,2023-02-21
u003055,search,2023-02-05
u003056,search,2023-02-25
u003057,search,2023-02-14
u003058,search,2023-02-18
u003059,search,2023-02-09
u003060,display,2023-02-04
u003061,display,2023-02-15
u003062,display,2023-02-17
u003063,display,2023-02-05
u003064,display,2023-02-09
u003065,display,2023-02-07
u003066,display,2023-02-28
u003067,display,2023-02-04
u003068,display,2023-02-23
u003069,display,2023-02-08
u003070,display,2023-02-04
u003071,display,2023-02-06
u003072,display,2023-02-01
u003073,display,2023-02-07
u003074,display,2023-02-11
u003075,display,2023-02-18
u003076,display,2023-02-20
u003077,display,2023-02-27
u003078,display,2023-02-13
u003079,display,2023-02-02
u003080,display,2023-02-01
u003081,display,2023-02-24
u003082,display,2023-02-06
u003083,display,2023-02-04
u003084,display,2023-02-08
u003085,display,2023-02-12
u003086,display,2023-02-22
u003087,display,2023-02-14
u003088,display,2023-02-05
u003089,display,2023-02-06
u003090,display,2023-02-09
u003091,display,2023-02-14
u003092,display,2023-02-16
u003093,display,2023-02-25
u003094,display,2023-02-17
u003095,display,2023-02-25
u003096,display,2023-02-03
u003097,display,2023-02-09
u003098,display,2023-02-02
u003099,display,2023-02-12
u003100,display,2023-02-21
u003101,display,2023-02-27
u003102,display,2023-02-12
u003103,display,2023-02-12
u003104,display,2023-02-01
u003105,display,2023-02-10
u003106,display,2023-02-25
u003107,display,2023-02-22
u003108,display,2023-02-01
u003109,display,2023-02-12
u003110,display,2023-02-10
u003111,display,2023-02-26
u003112,display,2023-02-27
u003113,display,2023-02-16
u003114,display,2023-02-10
u003115,display,2023-02-26
u003116,display,2023-02-19
u003117,display,2023-02-18
u003118,display,2023-02-28
u003119,display,2023-02-13
u003120,retargeting,2023-02-14
u003121,retargeting,2023-02-02
u003122,retargeting,2023-02-16
u003123,retargeting,2023-02-18
u003124,retargeting,2023-02-16
u003125,retargeting,2023-02-27
u003126,retargeting,2023-02-22
u003127,retargeting,2023-02-15
u003128,retargeting,2023-02-15
u003129,retargeting,2023-02-17
u003130,retargeting,2023-02-25
u003131,retargeting,2023-02-14
u003132,retargeting,2023-02-05
u003133,retargeting,2023-02-01
u003134,retargeting,2023-02-21
u003135,retargeting,2023-02-10
u003136,retargeting,2023-02-14
u003137,retargeting,2023-02-25
u003138,retargeting,2023-02-26
u003139,retargeting,2023-02-17
u003140,retargeting,2023-02-13
u003141,retargeting,2023-02-09
u003142,retargeting,2023-02-21
u003143,retargeting,2023-02-19
u003144,retargeting,2023-02-13
u003145,retargeting,2023-02-17
u003146,retargeting,2023-02-24
u003147,retargeting,2023-02-09
u003148,retargeting,2023-02-21
u003149,retargeting,2023-02-14
u003150,brand,2023-02-14
u003151,brand,2023-02-01
u003152,brand,2023-02-19
u003153,brand,2023-02-14
u003154,brand,2023-02-09
u003155,brand,2023-02-17
u003156,brand,2023-02-08
u003157,brand,2023-02-14
u003158,brand,2023-02-23
u003159,brand,2023-02-15
u003160,brand,2023-02-25
u003161,brand,2023-02-02
u003162,brand,2023-02-13
u003163,brand,2023-02-15
u003164,brand,2023-02-03
u003165,brand,2023-02-21
u003166,brand,2023-02-08
u003167,brand,2023-02-13
u003168,brand,2023-02-12
u003169,brand,2023-02-04
u003170,brand,2023-02-05
u003171,brand,2023-02-21
u003172,brand,2023-02-20
u003173,brand,2023-02-22
u003174,brand,2023-02-27
u003175,brand,2023-02-22
u003176,brand,2023-02-14
u003177,brand,2023-02-08
u003178,brand,2023-02-18
u003179,brand,2023-02-07
u003180,brand,2023-02-16
u003181,brand,2023-02-26
u003182,brand,2023-02-07
u003183,brand,2023-02-11
u003184,brand,2023-02-19
u003185,brand,2023-02-25
u003186,brand,2023-02-08
u003187,brand,2023-02-23
u003188,brand,2023-02-24
u003189,brand,2023-02-15
u003190,brand,2023-02-08
u003191,brand,2023-02-26
u003192,brand,2023-02-14
u003193,brand,2023-02-07
u003194,brand,2023-02-11
u003195,brand,2023-02-12
u003196,brand,2023-02-01
u003197,brand,2023-02-28
u003198,brand,2023-02-13
u003199,brand,2023-02-15
u003200,brand,2023-02-27
u003201,brand,2023-02-14
u003202,brand,2023-02-26
u003203,brand,2023-02-14
u003204,brand,2023-02-12
u003205,brand,2023-02-24
u003206,brand,2023-02-02
u003207,brand,2023-02-15
u003208,brand,2023-02-06
u003209,brand,2023-02-25
u003210,brand,2023-02-11
u003211,brand,2023-02-25
u003212,brand,2023-02-16
u003213,brand,2023-02-04
u003214,brand,2023-02-23
u003215,brand,2023-02-14
u003216,brand,2023-02-21
u003217,brand,2023-02-26
u003218,brand,2023-02-05
u003219,brand,2023-02-03
u003220,brand,2023-02-24
u003221,brand,2023-02-09
u003222,brand,2023-02-25
u003223,brand,2023-02-11
u003224,brand,2023-02-08
u003225,brand,2023-02-15
u003226,brand,2023-02-26
u003227,brand,2023-02-21
u003228,brand,2023-02-23
u003229,brand,2023-02-25
u003230,brand,2023-02-04
u003231,brand,2023-02-24
u003232,brand,2023-02-16
u003233,brand,2023-02-06
u003234,brand,2023-02-23
u003235,brand,2023-02-28
u003236,brand,2023-02-05
u003237,brand,2023-02-27
u003238,brand,2023-02-12
u003239,brand,2023-02-03
u003240,organic,2023-02-14
u003241,organic,2023-02-13
u003242,organic,2023-02-17
u003243,organic,2023-02-11
u003244,organic,2023-02-09
u003245,organic,2023-02-25
u003246,organic,2023-02-02
u003247,organic,2023-02-15
u003248,organic,2023-02-11
u003249,organic,2023-02-19
u003250,organic,2023-02-20
u003251,organic,2023-02-24
u003252,organic,2023-02-12
u003253,organic,2023-02-20
u003254,organic,2023-02-13
u003255,organic,2023-02-20
u003256,organic,2023-02-13
u003257,organic,2023-02-04
u003258,organic,2023-02-20
u003259,organic,2023-02-05
u003260,organic,2023-02-16
u003261,organic,2023-02-02
u003262,organic,2023-02-24
u003263,organic,2023-02-12
u003264,organic,2023-02-03
u003265,organic,2023-02-06
u003266,organic,2023-02-13
u003267,organic,2023-02-17
u003268,organic,2023-02-15
u003269,organic,2023-02-09
u003270,organic,2023-02-08
u003271,organic,2023-02-01
u003272,organic,2023-02-05
u003273,organic,2023-02-26
u003274,organic,2023-02-21
u003275,organic,2023-02-04
u003276,organic,2023-02-23
u003277,organic,2023-02-23
u003278,organic,2023-02-03
u003279,organic,2023-02-12
u003280,organic,2023-02-28
u003281,organic,2023-02-02
u003282,organic,2023-02-01
u003283,organic,2023-02-06
u003284,organic,2023-02-20
u003285,organic,2023-02-11
u003286,organic,2023-02-20
u003287,organic,2023-02-19
u003288,organic,2023-02-26
u003289,organic,2023-02-09
u003290,organic,2023-02-02
u003291,organic,2023-02-22
u003292,organic,2023-02-21
u003293,organic,2023-02-06
u003294,organic,2023-02-28
u003295,organic,2023-02-28
u003296,organic,2023-02-08
u003297,organic,2023-02-20
u003298,organic,2023-02-02
u003299,organic,2023-02-19
u003300,organic,2023-02-10
u003301,organic,2023-02-05
u003302,organic,2023-02-06
u003303,organic,2023-02-13
u003304,organic,2023-02-21
u003305,organic,2023-02-15
u003306,organic,2023-02-01
u003307,organic,2023-02-22
u003308,organic,2023-02-09
u003309,organic,2023-02-21
u003310,organic,2023-02-19
u003311,organic,2023-02-26
u003312,organic,2023-02-21
u003313,organic,2023-02-22
u003314,organic,2023-02-08
u003315,organic,2023-02-16
u003316,organic,2023-02-03
u003317,organic,2023-02-06
u003318,organic,2023-02-13
u003319,organic,2023-02-12
u003320,organic,2023-02-26
u003321,organic,2023-02-25
u003322,organic,2023-02-12
u003323,organic,2023-02-23
u003324,organic,2023-02-21
u003325,organic,2023-02-10
u003326,organic,2023-02-24
u003327,organic,2023-02-02
u003328,organic,2023-02-18
u003329,organic,2023-02-26
u003330,organic,2023-02-15
u003331,organic,2023-02-02
u003332,organic,2023-02-03
u003333,organic,2023-02-13
u003334,organic,2023-02-26
u003335,organic,2023-02-15
u003336,organic,2023-02-05
u003337,organic,2023-02-12
u003338,organic,2023-02-01
u003339,organic,2023-02-06
u003340,organic,2023-02-26
u003341,organic,2023-02-20
u003342,organic,2023-02-09
u003343,organic,2023-02-12
u003344,organic,2023-02-14
u003345,organic,2023-02-28
u003346,organic,2023-02-04
u003347,organic,2023-02-12
u003348,organic,2023-02-12
u003349,organic,2023-02-27
u003350,organic,2023-02-09
u003351,organic,2023-02-05
u003352,organic,2023-02-15
u003353,organic,2023-02-14
u003354,organic,2023-02-02
u003355,organic,2023-02-02
u003356,organic,2023-02-04
u003357,organic,2023-02-26
u003358,organic,2023-02-08
u003359,organic,2023-02-08
u003360,search,2023-03-26
u003361,search,2023-03-11
u003362,search,2023-03-03
u003363,search,2023-03-30
u003364,search,2023-03-13
u003365,search,2023-03-01
u003366,search,2023-03-14
u003367,search,2023-03-16
u003368,search,2023-03-28
u003369,search,2023-03-26
u003370,search,2023-03-27
u003371,search,2023-03-27
u003372,search,2023-03-08
u003373,search,2023-03-03
u003374,search,2023-03-04
u003375,search,2023-03-22
u003376,search,2023-03-27
u003377,search,2023-03-06
u003378,search,2023-03-29
u003379,search,2023-03-25
u003380,search,2023-03-30
u003381,search,2023-03-11
u003382,search,2023-03-13
u003383,search,2023-03-23
u003384,search,2023-03-22
u003385,search,2023-03-04
u003386,search,2023-03-27
u003387,search,2023-03-04
u003388,search,2023-03-28
u003389,search,2023-03-20
u003390,search,2023-03-08
u003391,search,2023-03-06
u003392,search,2023-03-18
u003393,search,2023-03-28
u003394,search,2023-03-26
u003395,search,2023-03-05
u003396,search,2023-03-01
u003397,search,2023-03-23
u003398,search,2023-03-30
u003399,search,2023-03-09
u003400,search,2023-03-26
u003401,search,2023-03-25
u003402,search,2023-03-12
u003403,search,2023-03-26
u003404,search,2023-03-09
u003405,search,2023-03-24
u003406,search,2023-03-11
u003407,search,2023-03-02
u003408,search,2023-03-15
u003409,search,2023-03-19
u003410,search,2023-03-20
u003411,search,2023-03-05
u003412,search,2023-03-27
u003413,search,2023-03-26
u003414,search,2023-03-29
u003415,search,2023-03-03
u003416,search,2023-03-29
u003417,search,2023-03-05
u003418,search,2023-03-31
u003419,search,2023-03-16
u003420,search,2023-03-30
u003421,search,2023-03-23
u003422,search,2023-03-03
u003423,search,2023-03-07
u003424,search,2023-03-17
u003425,search,2023-03-28
u003426,search,2023-03-29
u003427,search,2023-03-27
u003428,search,2023-03-18
u003429,search,2023-03-18
u003430,search,2023-03-06
u003431,search,2023-03-19
u003432,search,2023-03-07
u003433,search,2023-03-03
u003434,search,2023-03-16
u003435,search,2023-03-01
u003436,search,2023-03-11
u003437,search,2023-03-04
u003438,search,2023-03-02
u003439,search,2023-03-13
u003440,search,2023-03-14
u003441,search,2023-03-11
u003442,search,2023-03-14
u003443,search,2023-03-04
u003444,search,2023-03-22
u003445,search,2023-03-30
u003446,search,2023-03-29
u003447,search,2023-03-19
u003448,search,2023-03-04
u003449,search,2023-03-27
u003450,search,2023-03-24
u003451,search,2023-03-16
u003452,search,2023-03-29
u003453,search,2023-03-30
u003454,search,2023-03-07
u003455,search,2023-03-08
u003456,search,2023-03-13
u003457,search,2023-03-07
u003458,search,2023-03-11
u003459,search,2023-03-14
u003460,search,2023-03-11
u003461,search,2023-03-21
u003462,search,2023-03-27
u003463,search,2023-03-20
u003464,search,2023-03-03
u003465,search,2023-03-26
u003466,search,2023-03-09
u003467,search,2023-03-15
u003468,search,2023-03-14
u003469,search,2023-03-05
u003470,search,2023-03-30
u003471,search,2023-03-10
u003472,search,2023-03-05
u003473,search,2023-03-21
u003474,search,2023-03-10
u003475,search,2023-03-11
u003476,search,2023-03-21
u003477,search,2023-03-09
u003478,search,2023-03-22
u003479,search,2023-03-06
u003480,display,2023-03-18
u003481,display,2023-03-27
u003482,display,2023-03-31
u003483,display,2023-03-19
u003484,display,2023-03-31
u003485,display,2023-03-01
u003486,display,2023-03-05
u003487,display,2023-03-10
u003488,display,2023-03-25
u003489,display,2023-03-20
u003490,display,2023-03-26
u003491,display,2023-03-14
u003492,display,2023-03-23
u003493,display,2023-03-17
u003494,display,2023-03-04
u003495,display,2023-03-11
u003496,display,2023-03-26
u003497,display,2023-03-02
u003498,display,2023-03-19
u003499,display,2023-03-30
u003500,display,2023-03-16
u003501,display,2023-03-16
u003502,display,2023-03-25
u003503,display,2023-03-07
u003504,display,2023-03-12
u003505,display,2023-03-06
u003506,display,2023-03-15
u003507,display,2023-03-30
u003508,display,2023-03-16
u003509,display,2023-03-08
u003510,display,2023-03-31
u003511,display,2023-03-19
u003512,display,2023-03-12
u003513,display,2023-03-24
u003514,display,2023-03-08
u003515,display,2023-03-18
u003516,display,2023-03-03
u003517,display,2023-03-30
u003518,display,2023-03-21
u003519,display,2023-03-17
u003520,display,2023-03-26
u003521,display,2023-03-04
u003522,display,2023-03-25
u003523,display,2023-03-08
u003524,display,2023-03-18
u003525,display,2023-03-14
u003526,display,2023-03-24
u003527,display,2023-03-20
u003528,display,2023-03-01
u003529,display,2023-03-13
u003530,display,2023-03-07
u003531,display,2023-03-15
u003532,display,2023-03-23
u003533,display,2023-03-08
u003534,display,2023-03-08
u003535,display,2023-03-17
u003536,display,2023-03-15
u003537,display,2023-03-30
u003538,display,2023-03-22
u003539,display,2023-03-28
u003540,retargeting,2023-03-21
u003541,retargeting,2023-03-07
u003542,retargeting,2023-03-20
u003543,retargeting,2023-03-23
u003544,retargeting,2023-03-29
u003545,retargeting,2023-03-14
u003546,retargeting,2023-03-02
u003547,retargeting,2023-03-18
u003548,retargeting,2023-03-13
u003549,retargeting,2023-03-03
u003550,retargeting,2023-03-21
u003551,retargeting,2023-03-12
u003552,retargeting,2023-03-02
u003553,retargeting,2023-03-19
u003554,retargeting,2023-03-09
u003555,retargeting,2023-03-13
u003556,retargeting,2023-03-10
u003557,retargeting,2023-03-10
u003558,retargeting,2023-03-09
u003559,retargeting,2023-03-03
u003560,retargeting,2023-03-22
u003561,retargeting,2023-03-06
u003562,retargeting,2023-03-28
u003563,retargeting,2023-03-03
u003564,retargeting,2023-03-27
u003565,retargeting,2023-03-27
u003566,retargeting,2023-03-22
u003567,retargeting,2023-03-08
u003568,retargeting,2023-03-31
u003569,retargeting,2023-03-10
u003570,brand,2023-03-04
u003571,brand,2023-03-07
u003572,brand,2023-03-26
u003573,brand,2023-03-02
u003574,brand,2023-03-04
u003575,brand,2023-03-06
u003576,brand,2023-03-13
u003577,brand,2023-03-05
u003578,brand,2023-03-17
u003579,brand,2023-03-21
u003580,brand,2023-03-12
u003581,brand,2023-03-19
u003582,brand,2023-03-30
u003583,brand,2023-03-31
u003584,brand,2023-03-25
u003585,brand,2023-03-22
u003586,brand,2023-03-28
u003587,brand,2023-03-11
u003588,brand,2023-03-17
u003589,brand,2023-03-28
u003590,brand,2023-03-12
u003591,brand,2023-03-23
u003592,brand,2023-03-13
u003593,brand,2023-03-05
u003594,brand,2023-03-15
u003595,brand,2023-03-12
u003596,brand,2023-03-19
u003597,brand,2023-03-23
u003598,brand,2023-03-16
u003599,brand,2023-03-31
u003600,brand,2023-03-06
u003601,brand,2023-03-08
u003602,brand,2023-03-28
u003603,brand,2023-03-31
u003604,brand,2023-03-26
u003605,brand,2023-03-09
u003606,brand,2023-03-27
u003607,brand,2023-03-18
u003608,brand,2023-03-26
u003609,brand,2023-03-12
u003610,brand,2023-03-11
u003611,brand,2023-03-21
u003612,brand,2023-03-15
u003613,brand,2023-03-14
u003614,brand,2023-03-29
u003615,brand,2023-03-08
u003616,brand,2023-03-08
u003617,brand,2023-03-07
u003618,brand,2023-03-20
u003619,brand,2023-03-09
u003620,brand,2023-03-03
u003621,brand,2023-03-30
u003622,brand,2023-03-15
u003623,brand,2023-03-12
u003624,brand,2023-03-20
u003625,brand,2023-03-27
u003626,brand,2023-03-21
u003627,brand,2023-03-12
u003628,brand,2023-03-30
u003629,brand,2023-03-23
u003630,brand,2023-03-29
u003631,brand,2023-03-08
u003632,brand,2023-03-31
u003633,brand,2023-03-13
u003634,brand,2023-03-13
u003635,brand,2023-03-22
u003636,brand,2023-03-09
u003637,brand,2023-03-18
u003638,brand,2023-03-27
u003639,brand,2023-03-18
u003640,brand,2023-03-09
u003641,brand,2023-03-20
u003642,brand,2023-03-14
u003643,brand,2023-03-16
u003644,brand,2023-03-30
u003645,brand,2023-03-21
u003646,brand,2023-03-15
u003647,brand,2023-03-08
u003648,brand,2023-03-20
u003649,brand,2023-03-17
u003650,brand,2023-03-08
u003651,brand,2023-03-25
u003652,brand,2023-03-26
u003653,brand,2023-03-09
u003654,brand,2023-03-30
u003655,brand,2023-03-27
u003656,brand,2023-03-31
u003657,brand,2023-03-01
u003658,brand,2023-03-06
u003659,brand,2023-03-16
u003660,organic,2023-03-20
u003661,organic,2023-03-07
u003662,organic,2023-03-12
u003663,organic,2023-03-20
u003664,organic,2023-03-13
u003665,organic,2023-03-30
u003666,organic,2023-03-11
u003667,organic,2023-03-24
u003668,organic,2023-03-13
u003669,organic,2023-03-25
u003670,organic,2023-03-16
u003671,organic,2023-03-23
u003672,organic,2023-03-17
u003673,organic,2023-03-16
u003674,organic,2023-03-25
u003675,organic,2023-03-02
u003676,organic,2023-03-21
u003677,organic,2023-03-03
u003678,organic,2023-03-22
u003679,organic,2023-03-09
u003680,organic,2023-03-26
u003681,organic,2023-03-18
u003682,organic,2023-03-12
u003683,organic,2023-03-26
u003684,organic,2023-03-30
u003685,organic,2023-03-10
u003686,organic,2023-03-16
u003687,organic,2023-03-25
u003688,organic,2023-03-08
u003689,organic,2023-03-07
u003690,organic,2023-03-02
u003691,organic,2023-03-04
u003692,organic,2023-03-27
u003693,organic,2023-03-30
u003694,organic,2023-03-14
u003695,organic,2023-03-12
u003696,organic,2023-03-16
u003697,organic,2023-03-30
u003698,organic,2023-03-07
u003699,organic,2023-03-05
u003700,organic,2023-03-18
u003701,organic,2023-03-04
u003702,organic,2023-03-13
u003703,organic,2023-03-10
u003704,organic,2023-03-11
u003705,organic,2023-03-21
u003706,organic,2023-03-23
u003707,organic,2023-03-23
u003708,organic,2023-03-13
u003709,organic,2023-03-11
u003710,organic,2023-03-20
u003711,organic,2023-03-22
u003712,organic,2023-03-15
u003713,organic,2023-03-13
u003714,organic,2023-03-26
u003715,organic,2023-03-24
u003716,organic,2023-03-19
u003717,organic,2023-03-13
u003718,organic,2023-03-14
u003719,organic,2023-03-09
u003720,organic,2023-03-10
u003721,organic,2023-03-17
u003722,organic,2023-03-14
u003723,organic,2023-03-26
u003724,organic,2023-03-31
u003725,organic,2023-03-20
u003726,organic,2023-03-11
u003727,organic,2023-03-30
u003728,organic,2023-03-01
u003729,organic,2023-03-08
u003730,organic,2023-03-01
u003731,organic,2023-03-16
u003732,organic,2023-03-20
u003733,organic,2023-03-21
u003734,organic,2023-03-01
u003735,organic,2023-03-07
u003736,organic,2023-03-02
u003737,organic,2023-03-17
u003738,organic,2023-03-21
u003739,organic,2023-03-27
u003740,organic,2023-03-20
u003741,organic,2023-03-31
u003742,organic,2023-03-23
u003743,organic,2023-03-31
u003744,organic,2023-03-29
u003745,organic,2023-03-17
u003746,organic,2023-03-15
u003747,organic,2023-03-11
u003748,organic,2023-03-28
u003749,organic,2023-03-16
u003750,organic,2023-03-19
u003751,organic,2023-03-24
u003752,organic,2023-03-28
u003753,organic,2023-03-23
u003754,organic,2023-03-31
u003755,organic,2023-03-11
u003756,organic,2023-03-08
u003757,organic,2023-03-17
u003758,organic,2023-03-23
u003759,organic,2023-03-03
u003760,organic,2023-03-28
u003761,organic,2023-03-13
u003762,organic,2023-03-01
u003763,organic,2023-03-15
u003764,organic,2023-03-01
u003765,organic,2023-03-23
u003766,organic,2023-03-07
u003767,organic,2023-03-15
u003768,organic,2023-03-06
u003769,organic,2023-03-02
u003770,organic,2023-03-15
u003771,organic,2023-03-09
u003772,organic,2023-03-28
u003773,organic,2023-03-19
u003774,organic,2023-03-28
u003775,organic,2023-03-20
u003776,organic,2023-03-04
u003777,organic,2023-03-25
u003778,organic,2023-03-27
u003779,organic,2023-03-02
u003780,search,2023-04-30
u003781,search,2023-04-27
u003782,search,2023-04-26
u003783,search,2023-04-28
u003784,search,2023-04-19
u003785,search,2023-04-13
u003786,search,2023-04-24
u003787,search,2023-04-03
u003788,search,2023-04-18
u003789,search,2023-04-28
u003790,search,2023-04-17
u003791,search,2023-04-26
u003792,search,2023-04-01
u003793,search,2023-04-05
u003794,search,2023-04-11
u003795,search,2023-04-26
u003796,search,2023-04-07
u003797,search,2023-04-05
u003798,search,2023-04-02
u003799,search,2023-04-12
u003800,search,2023-04-05
u003801,search,2023-04-20
u003802,search,2023-04-13
u003803,search,2023-04-24
u003804,search,2023-04-30
u003805,search,2023-04-04
u003806,search,2023-04-25
u003807,search,2023-04-30
u003808,search,2023-04-10
u003809,search,2023-04-30
u003810,search,2023-04-01
u003811,search,2023-04-04
u003812,search,2023-04-23
u003813,search,2023-04-04
u003814,search,2023-04-26
u003815,search,2023-04-23
u003816,search,2023-04-04
u003817,search,2023-04-07
u003818,search,2023-04-27
u003819,search,2023-04-26
u003820,search,2023-04-22
u003821,search,2023-04-27
u003822,search,2023-04-29
u003823,search,2023-04-21
u003824,search,2023-04-23
u003825,search,2023-04-25
u003826,search,2023-04-02
u003827,search,2023-04-16
u003828,search,2023-04-05
u003829,search,2023-04-13
u003830,search,2023-04-04
u003831,search,2023-04-16
u003832,search,2023-04-12
u003833,search,2023-04-16
u003834,search,2023-04-26
u003835,search,2023-04-04
u003836,search,2023-04-06
u003837,search,2023-04-21
u003838,search,2023-04-21
u003839,search,2023-04-14
u003840,search,2023-04-21
u003841,search,2023-04-05
u003842,search,2023-04-28
u003843,search,2023-04-06
u003844,search,2023-04-29
u003845,search,2023-04-01
u003846,search,2023-04-30
u003847,search,2023-04-25
u003848,search,2023-04-27
u003849,search,2023-04-21
u003850,search,2023-04-28
u003851,search,2023-04-06
u003852,search,2023-04-01
u003853,search,2023-04-06
u003854,search,2023-04-19
u003855,search,2023-04-20
u003856,search,2023-04-01
u003857,search,2023-04-04
u003858,search,2023-04-10
u003859,search,2023-04-17
u003860,search,2023-04-27
u003861,search,2023-04-09
u003862,search,2023-04-25
u003863,search,2023-04-08
u003864,search,2023-04-30
u003865,search,2023-04-26
u003866,search,2023-04-26
u003867,search,2023-04-29
u003868,search,2023-04-07
u003869,search,2023-04-08
u003870,search,2023-04-12
u003871,search,2023-04-28
u003872,search,2023-04-20
u003873,search,2023-04-28
u003874,search,2023-04-05
u003875,search,2023-04-28
u003876,search,2023-04-27
u003877,search,2023-04-05
u003878,search,2023-04-03
u003879,search,2023-04-30
u003880,search,2023-04-03
u003881,search,2023-04-09
u003882,search,2023-04-27
u003883,search,2023-04-03
u003884,search,2023-04-25
u003885,search,2023-04-16
u003886,search,2023-04-12
u003887,search,2023-04-02
u003888,search,2023-04-14
u003889,search,2023-04-02
u003890,search,2023-04-10
u003891,search,2023-04-23
u003892,search,2023-04-27
u003893,search,2023-04-07
u003894,search,2023-04-30
u003895,search,2023-04-27
u003896,search,2023-04-07
u003897,search,2023-04-25
u003898,search,2023-04-16
u003899,search,2023-04-15
u003900,display,2023-04-08
u003901,display,2023-04-06
u003902,display,2023-04-29
u003903,display,2023-04-05
u003904,display,2023-04-09
u003905,display,2023-04-07
u003906,display,2023-04-12
u003907,display,2023-04-03
u003908,display,2023-04-12
u003909,display,2023-04-29
u003910,display,2023-04-11
u003911,display,2023-04-03
u003912,display,2023-04-02
u003913,display,2023-04-27
u003914,display,2023-04-14
u003915,display,2023-04-10
u003916,display,2023-04-26
u003917,display,2023-04-30
u003918,display,2023-04-14
u003919,display,2023-04-12
u003920,display,2023-04-26
u003921,display,2023-04-29
u003922,display,2023-04-27
u003923,display,2023-04-04
u003924,display,2023-04-19
u003925,display,2023-04-16
u003926,display,2023-04-14
u003927,display,2023-04-29
u003928,display,2023-04-18
u003929,display,2023-04-28
u003930,display,2023-04-14
u003931,display,2023-04-25
u003932,display,2023-04-16
u003933,display,2023-04-02
u003934,display,2023-04-21
u003935,display,2023-04-30
u003936,display,2023-04-15
u003937,display,2023-04-16
u003938,display,2023-04-26
u003939,display,2023-04-30
u003940,display,2023-04-30
u003941,display,2023-04-29
u003942,display,2023-04-21
u003943,display,2023-04-04
u003944,display,2023-04-27
u003945,display,2023-04-04
u003946,display,2023-04-06
u003947,display,2023-04-27
u003948,display,2023-04-11
u003949,display,2023-04-09
u003950,display,2023-04-22
u003951,display,2023-04-25
u003952,display,2023-04-10
u003953,display,2023-04-26
u003954,display,2023-04-16
u003955,display,2023-04-09
u003956,display,2023-04-29
u003957,display,2023-04-21
u003958,display,2023-04-01
u003959,display,2023-04-02
u003960,retargeting,2023-04-23
u003961,retargeting,2023-04-28
u003962,retargeting,2023-04-02
u003963,retargeting,2023-04-27
u003964,retargeting,2023-04-26
u003965,retargeting,2023-04-07
u003966,retargeting,2023-04-13
u003967,retargeting,2023-04-16
u003968,retargeting,2023-04-04
u003969,retargeting,2023-04-30
u003970,retargeting,2023-04-17
u003971,retargeting,2023-04-06
u003972,retargeting,2023-04-20
u003973,retargeting,2023-04-08
u003974,retargeting,2023-04-23
u003975,retargeting,2023-04-04
u003976,retargeting,2023-04-22
u003977,retargeting,2023-04-28
u003978,retargeting,2023-04-12
u003979,retargeting,2023-04-02
u003980,retargeting,2023-04-08
u003981,retargeting,2023-04-15
u003982,retargeting,2023-04-22
u003983,retargeting,2023-04-27
u003984,retargeting,2023-04-06
u003985,retargeting,2023-04-17
u003986,retargeting,2023-04-13
u003987,retargeting,2023-04-28
u003988,retargeting,2023-04-09
u003989,retargeting,2023-04-13
u003990,brand,2023-04-25
u003991,brand,2023-04-02
u003992,brand,2023-04-09
u003993,brand,2023-04-27
u003994,brand,2023-04-04
u003995,brand,2023-04-27
u003996,brand,2023-04-21
u003997,brand,2023-04-12
u003998,brand,2023-04-14
u003999,brand,2023-04-12
u004000,brand,2023-04-14
u004001,brand,2023-04-01
u004002,brand,2023-04-24
u004003,brand,2023-04-30
u004004,brand,2023-04-01
u004005,brand,2023-04-09
u004006,brand,2023-04-17
u004007,brand,2023-04-09
u004008,brand,2023-04-14
u004009,brand,2023-04-03
u004010,brand,2023-04-17
u004011,brand,2023-04-24
u004012,brand,2023-04-07
u004013,brand,2023-04-26
u004014,brand,2023-04-27
u004015,brand,2023-04-17
u004016,brand,2023-04-16
u004017,brand,2023-04-30
u004018,brand,2023-04-09
u004019,brand,2023-04-28
u004020,brand,2023-04-24
u004021,brand,2023-04-28
u004022,brand,2023-04-29
u004023,brand,2023-04-11
u004024,brand,2023-04-22
u004025,brand,2023-04-06
u004026,brand,2023-04-22
u004027,brand,2023-04-23
u004028,brand,2023-04-30
u004029,brand,2023-04-11
u004030,brand,2023-04-26
u004031,brand,2023-04-27
u004032,brand,2023-04-15
u004033,brand,2023-04-27
u004034,brand,2023-04-10
u004035,brand,2023-04-13
u004036,brand,2023-04-25
u004037,brand,2023-04-16
u004038,brand,2023-04-22
u004039,brand,2023-04-08
u004040,brand,2023-04-14
u004041,brand,2023-04-18
u004042,brand,2023-04-12
u004043,brand,2023-04-13
u004044,brand,2023-04-07
u004045,brand,2023-04-29
u004046,brand,2023-04-27
u004047,brand,2023-04-29
u004048,brand,2023-04-08
u004049,brand,2023-04-26
u004050,brand,2023-04-29
u004051,brand,2023-04-10
u004052,brand,2023-04-27
u004053,brand,2023-04-30
u004054,brand,2023-04-29
u004055,brand,2023-04-21
u004056,brand,2023-04-03
u004057,brand,2023-04-08
u004058,brand,2023-04-21
u004059,brand,2023-04-26
u004060,brand,2023-04-25
u004061,brand,2023-04-08
u004062,brand,2023-04-01
u004063,brand,2023-04-24
u004064,brand,2023-04-01
u004065,brand,2023-04-06
u004066,brand,2023-04-18
u004067,brand,2023-04-07
u004068,brand,2023-04-08
u004069,brand,2023-04-02
u004070,brand,2023-04-20
u004071,brand,2023-04-04
u004072,brand,2023-04-01
u004073,brand,2023-04-16
u004074,brand,2023-04-17
u004075,brand,2023-04-29
u004076,brand,2023-04-29
u004077,brand,2023-04-02
u004078,brand,2023-04-01
u004079,brand,2023-04-19
u004080,organic,2023-04-12
u004081,organic,2023-04-23
u004082,organic,2023-04-19
u004083,organic,2023-04-06
u004084,organic,2023-04-27
u004085,organic,2023-04-14
u004086,organic,2023-04-28
u004087,organic,2023-04-15
u004088,organic,2023-04-16
u004089,organic,2023-04-19
u004090,organic,2023-04-11
u004091,organic,2023-04-28
u004092,organic,2023-04-24
u004093,organic,2023-04-21
u004094,organic,2023-04-03
u004095,organic,2023-04-28
u004096,organic,2023-04-26
u004097,organic,2023-04-08
u004098,organic,2023-04-22
u004099,organic,2023-04-25
u004100,organic,2023-04-05
u004101,organic,2023-04-21
u004102,organic,2023-04-04
u004103,organic,2023-04-24
u004104,organic,2023-04-15
u004105,organic,2023-04-30
u004106,organic,2023-04-19
u004107,organic,2023-04-26
u004108,organic,2023-04-12
u004109,organic,2023-04-11
u004110,organic,2023-04-12
u004111,organic,2023-04-15
u004112,organic,2023-04-19
u004113,organic,2023-04-30
u004114,organic,2023-04-29
u004115,organic,2023-04-19
u004116,organic,2023-04-05
u004117,organic,2023-04-26
u004118,organic,2023-04-01
u004119,organic,2023-04-22
u004120,organic,2023-04-20
u004121,organic,2023-04-06
u004122,organic,2023-04-23
u004123,organic,2023-04-15
u004124,organic,2023-04-22
u004125,organic,2023-04-03
u004126,organic,2023-04-29
u004127,organic,2023-04-12
u004128,organic,2023-04-24
u004129,organic,2023-04-02
u004130,organic,2023-04-21
u004131,organic,2023-04-17
u004132,organic,2023-04-25
u004133,organic,2023-04-17
u004134,organic,2023-04-27
u004135,organic,2023-04-21
u004136,organic,2023-04-29
u004137,organic,2023-04-14
u004138,organic,2023-04-29
u004139,organic,2023-04-19
u004140,organic,2023-04-21
u004141,organic,2023-04-12
u004142,organic,2023-04-17
u004143,organic,2023-04-21
u004144,organic,2023-04-06
u004145,organic,2023-04-26
u004146,organic,2023-04-09
u004147,organic,2023-04-27
u004148,organic,2023-04-07
u004149,organic,2023-04-23
u004150,organic,2023-04-19
u004151,organic,2023-04-05
u004152,organic,2023-04-26
u004153,organic,2023-04-06
u004154,organic,2023-04-12
u004155,organic,2023-04-01
u004156,organic,2023-04-03
u004157,organic,2023-04-17
u004158,organic,2023-04-03
u004159,organic,2023-04-16
u004160,organic,2023-04-28
u004161,organic,2023-04-06
u004162,organic,2023-04-03
u004163,organic,2023-04-03
u004164,organic,2023-04-07
u004165,organic,2023-04-17
u004166,organic,2023-04-13
u004167,organic,2023-04-25
u004168,organic,2023-04-12
u004169,organic,2023-04-24
u004170,organic,2023-04-30
u004171,organic,2023-04-27
u004172,organic,2023-04-22
u004173,organic,2023-04-06
u004174,organic,2023-04-07
u004175,organic,2023-04-25
u004176,organic,2023-04-02
u004177,organic,2023-04-23
u004178,organic,2023-04-10
u004179,organic,2023-04-11
u004180,organic,2023-04-26
u004181,organic,2023-04-23
u004182,organic,2023-04-19
u004183,organic,2023-04-29
u004184,organic,2023-04-27
u004185,organic,2023-04-30
u004186,organic,2023-04-29
u004187,organic,2023-04-03
u004188,organic,2023-04-14
u004189,organic,2023-04-19
u004190,organic,2023-04-01
u004191,organic,2023-04-10
u004192,organic,2023-04-17
u004193,organic,2023-04-16
u004194,organic,2023-04-25
u004195,organic,2023-04-24
u004196,organic,2023-04-26
u004197,organic,2023-04-21
u004198,organic,2023-04-03
u004199,organic,2023-04-19
u004200,search,2023-05-27
u004201,search,2023-05-22
u004202,search,2023-05-10
u004203,search,2023-05-13
u004204,search,2023-05-13
u004205,search,2023-05-28
u004206,search,2023-05-16
u004207,search,2023-05-05
u004208,search,2023-05-21
u004209,search,2023-05-09
u004210,search,2023-05-21
u004211,search,2023-05-11
u004212,search,2023-05-11
u004213,search,2023-05-29
u004214,search,2023-05-12
u004215,search,2023-05-30
u004216,search,2023-05-23
u004217,search,2023-05-01
u004218,search,2023-05-02
u004219,search,2023-05-23
u004220,search,2023-05-08
u004221,search,2023-05-25
u004222,search,2023-05-27
u004223,search,2023-05-07
u004224,search,2023-05-25
u004225,search,2023-05-24
u004226,search,2023-05-26
u004227,search,2023-05-09
u004228,search,2023-05-08
u004229,search,2023-05-18
u004230,search,2023-05-26
u004231,search,2023-05-09
u004232,search,2023-05-14
u004233,search,2023-05-20
u004234,search,2023-05-20
u004235,search,2023-05-20
u004236,search,2023-05-24
u004237,search,2023-05-01
u004238,search,2023-05-04
u004239,search,2023-05-29
u004240,search,2023-05-30
u004241,search,2023-05-08
u004242,search,2023-05-15
u004243,search,2023-05-02
u004244,search,2023-05-23
u004245,search,2023-05-09
u004246,search,2023-05-31
u004247,search,2023-05-08
u004248,search,2023-05-26
u004249,search,2023-05-11
u004250,search,2023-05-07
u004251,search,2023-05-30
u004252,search,2023-05-15
u004253,search,2023-05-09
u004254,search,2023-05-22
u004255,search,2023-05-10
u004256,search,2023-05-30
u004257,search,2023-05-30
u004258,search,2023-05-27
u004259,search,2023-05-14
u004260,search,2023-05-24
u004261,search,2023-05-29
u004262,search,2023-05-25
u004263,search,2023-05-06
u004264,search,2023-05-16
u004265,search,2023-05-12
u004266,search,2023-05-18
u004267,search,2023-05-06
u004268,search,2023-05-09
u004269,search,2023-05-10
u004270,search,2023-05-31
u004271,search,2023-05-01
u004272,search,2023-05-25
u004273,search,2023-05-02
u004274,search,2023-05-03
u004275,search,2023-05-04
u004276,search,2023-05-21
u004277,search,2023-05-14
u004278,search,2023-05-22
u004279,search,2023-05-03
u004280,search,2023-05-05
u004281,search,2023-05-29
u004282,search,2023-05-27
u004283,search,2023-05-18
u004284,search,2023-05-06
u004285,search,2023-05-04
u004286,search,2023-05-19
u004287,search,2023-05-06
u004288,search,2023-05-23
u004289,search,2023-05-27
u004290,search,2023-05-09
u004291,search,2023-05-01
u004292,search,2023-05-23
u004293,search,2023-05-09
u004294,search,2023-05-10
u004295,search,2023-05-04
u004296,search,2023-05-02
u004297,search,2023-05-02
u004298,search,2023-05-20
u004299,search,2023-05-22
u004300,search,2023-05-30
u004301,search,2023-05-08
u004302,search,2023-05-31
u004303,search,2023-05-11
u004304,search,2023-05-16
u004305,search,2023-05-11
u004306,search,2023-05-06
u004307,search,2023-05-23
u004308,search,2023-05-04
u004309,search,2023-05-15
u004310,search,2023-05-29
u004311,search,2023-05-30
u004312,search,2023-05-21
u004313,search,2023-05-21
u004314,search,2023-05-21
u004315,search,2023-05-20
u004316,search,2023-05-13
u004317,search,2023-05-12
u004318,search,2023-05-07
u004319,search,2023-05-28
u004320,display,2023-05-24
u004321,display,2023-05-19
u004322,display,2023-05-08
u004323,display,2023-05-27
u004324,display,2023-05-10
u004325,display,2023-05-06
u004326,display,2023-05-17
u004327,display,2023-05-17
u004328,display,2023-05-22
u004329,display,2023-05-08
u004330,display,2023-05-17
u004331,display,2023-05-20
u004332,display,2023-05-23
u004333,display,2023-05-17
u004334,display,2023-05-08
u004335,display,2023-05-06
u004336,display,2023-05-24
u004337,display,2023-05-07
u004338,display,2023-05-10
u004339,display,2023-05-25
u004340,display,2023-05-18
u004341,display,2023-05-05
u004342,display,2023-05-19
u004343,display,2023-05-23
u004344,display,2023-05-30
u004345,display,2023-05-02
u004346,display,2023-05-02
u004347,display,2023-05-14
u004348,display,2023-05-11
u004349,display,2023-05-25
u004350,display,2023-05-15
u004351,display,2023-05-16
u004352,display,2023-05-16
u004353,display,2023-05-30
u004354,display,2023-05-31
u004355,display,2023-05-04
u004356,display,2023-05-10
u004357,display,2023-05-11
u004358,display,2023-05-01
u004359,display,2023-05-11
u004360,display,2023-05-20
u004361,display,2023-05-15
u004362,display,2023-05-19
u004363,display,2023-05-01
u004364,display,2023-05-14
u004365,display,2023-05-26
u004366,display,2023-05-25
u004367,display,2023-05-14
u004368,display,2023-05-15
u004369,display,2023-05-09
u004370,display,2023-05-17
u004371,display,2023-05-21
u004372,display,2023-05-27
u004373,display,2023-05-13
u004374,display,2023-05-14
u004375,display,2023-05-19
u004376,display,2023-05-15
u004377,display,2023-05-25
u004378,display,2023-05-03
u004379,display,2023-05-06
u004380,retargeting,2023-05-07
u004381,retargeting,2023-05-26
u004382,retargeting,2023-05-17
u004383,retargeting,2023-05-20
u004384,retargeting,2023-05-15
u004385,retargeting,2023-05-02
u004386,retargeting,2023-05-15
u004387,retargeting,2023-05-07
u004388,retargeting,2023-05-03
u004389,retargeting,2023-05-24
u004390,retargeting,2023-05-09
u004391,retargeting,2023-05-25
u004392,retargeting,2023-05-14
u004393,retargeting,2023-05-14
u004394,retargeting,2023-05-04
u004395,retargeting,2023-05-28
u004396,retargeting,2023-05-06
u004397,retargeting,2023-05-05
u004398,retargeting,2023-05-22
u004399,retargeting,2023-05-07
u004400,retargeting,2023-05-28
u004401,retargeting,2023-05-25
u004402,retargeting,2023-05-05
u004403,retargeting,2023-05-19
u004404,retargeting,2023-05-28
u004405,retargeting,2023-05-23
u004406,retargeting,2023-05-27
u004407,retargeting,2023-05-31
u004408,retargeting,2023-05-07
u004409,retargeting,2023-05-28
u004410,brand,2023-05-16
u004411,brand,2023-05-16
u004412,brand,2023-05-27
u004413,brand,2023-05-14
u004414,brand,2023-05-05
u004415,brand,2023-05-31
u004416,brand,2023-05-06
u004417,brand,2023-05-15
u004418,brand,2023-05-04
u004419,brand,2023-05-12
u004420,brand,2023-05-01
u004421,brand,2023-05-29
u004422,brand,2023-05-01
u004423,brand,2023-05-08
u004424,brand,2023-05-09
u004425,brand,2023-05-21
u004426,brand,2023-05-10
u004427,brand,2023-05-21
u004428,brand,2023-05-07
u004429,brand,2023-05-09
u004430,brand,2023-05-04
u004431,brand,2023-05-01
u004432,brand,2023-05-03
u004433,brand,2023-05-15
u004434,brand,2023-05-20
u004435,brand,2023-05-16
u004436,brand,2023-05-26
u004437,brand,2023-05-26
u004438,brand,2023-05-03
u004439,brand,2023-05-31
u004440,brand,2023-05-26
u004441,brand,2023-05-21
u004442,brand,2023-05-24
u004443,brand,2023-05-18
u004444,brand,2023-05-03
u004445,brand,2023-05-20
u004446,brand,2023-05-08
u004447,brand,2023-05-04
u004448,brand,2023-05-06
u004449,brand,2023-05-18
u004450,brand,2023-05-13
u004451,brand,2023-05-26
u004452,brand,2023-05-25
u004453,brand,2023-05-31
u004454,brand,2023-05-16
u004455,brand,2023-05-07
u004456,brand,2023-05-05
u004457,brand,2023-05-30
u004458,brand,2023-05-20
u004459,brand,2023-05-08
u004460,brand,2023-05-04
u004461,brand,2023-05-11
u004462,brand,2023-05-29
u004463,brand,2023-05-23
u004464,brand,2023-05-15
u004465,brand,2023-05-08
u004466,brand,2023-05-22
u004467,brand,2023-05-19
u004468,brand,2023-05-29
u004469,brand,2023-05-28
u004470,brand,2023-05-16
u004471,brand,2023-05-02
u004472,brand,2023-05-03
u004473,brand,2023-05-06
u004474,brand,2023-05-11
u004475,brand,2023-05-09
u004476,brand,2023-05-02
u004477,brand,2023-05-22
u004478,brand,2023-05-07
u004479,brand,2023-05-20
u004480,brand,2023-05-05
u004481,brand,2023-05-17
u004482,brand,2023-05-23
u004483,brand,2023-05-28
u004484,brand,2023-05-26
u004485,brand,2023-05-27
u004486,brand,2023-05-29
u004487,brand,2023-05-07
u004488,brand,2023-05-03
u004489,brand,2023-05-03
u004490,brand,2023-05-13
u004491,brand,2023-05-14
u004492,brand,2023-05-02
u004493,brand,2023-05-05
u004494,brand,2023-05-19
u004495,brand,2023-05-22
u004496,brand,2023-05-04
u004497,brand,2023-05-16
u004498,brand,2023-05-15
u004499,brand,2023-05-25
u004500,organic,2023-05-14
u004501,organic,2023-05-05
u004502,organic,2023-05-10
u004503,organic,2023-05-03
u004504,organic,2023-05-29
u004505,organic,2023-05-27
u004506,organic,2023-05-04
u004507,organic,2023-05-20
u004508,organic,2023-05-08
u004509,organic,2023-05-22
u004510,organic,2023-05-20
u004511,organic,2023-05-15
u004512,organic,2023-05-12
u004513,organic,2023-05-28
u004514,organic,2023-05-24
u004515,organic,2023-05-10
u004516,organic,2023-05-12
u004517,organic,2023-05-11
u004518,organic,2023-05-20
u004519,organic,2023-05-25
u004520,organic,2023-05-05
u004521,organic,2023-05-26
u004522,organic,2023-05-25
u004523,organic,2023-05-20
u004524,organic,2023-05-08
u004525,organic,2023-05-10
u004526,organic,2023-05-13
u004527,organic,2023-05-27
u004528,organic,2023-05-12
u004529,organic,2023-05-18
u004530,organic,2023-05-22
u004531,organic,2023-05-13
u004532,organic,2023-05-29
u004533,organic,2023-05-28
u004534,organic,2023-05-02
u004535,organic,2023-05-13
u004536,organic,2023-05-05
u004537,organic,2023-05-05
u004538,organic,2023-05-16
u004539,organic,2023-05-07
u004540,organic,2023-05-02
u004541,organic,2023-05-31
u004542,organic,2023-05-19
u004543,organic,2023-05-25
u004544,organic,2023-05-30
u004545,organic,2023-05-05
u004546,organic,2023-05-04
u004547,organic,2023-05-23
u004548,organic,2023-05-05
u004549,organic,2023-05-30
u004550,organic,2023-05-22
u004551,organic,2023-05-19
u004552,organic,2023-05-28
u004553,organic,2023-05-23
u004554,organic,2023-05-24
u004555,organic,2023-05-10
u004556,organic,2023-05-26
u004557,organic,2023-05-05
u004558,organic,2023-05-04
u004559,organic,2023-05-08
u004560,organic,2023-05-24
u004561,organic,2023-05-30
u004562,organic,2023-05-20
u004563,organic,2023-05-05
u004564,organic,2023-05-02
u004565,organic,2023-05-24
u004566,organic,2023-05-30
u004567,organic,2023-05-04
u004568,organic,2023-05-27
u004569,organic,2023-05-16
u004570,organic,2023-05-01
u004571,organic,2023-05-04
u004572,organic,2023-05-02
u004573,organic,2023-05-05
u004574,organic,2023-05-22
u004575,organic,2023-05-13
u004576,organic,2023-05-10
u004577,organic,2023-05-18
u004578,organic,2023-05-03
u004579,organic,2023-05-17
u004580,organic,2023-05-05
u004581,organic,2023-05-25
u004582,organic,2023-05-28
u004583,organic,2023-05-02
u004584,organic,2023-05-08
u004585,organic,2023-05-05
u004586,organic,2023-05-20
u004587,organic,2023-05-28
u004588,organic,2023-05-06
u004589,organic,2023-05-01
u004590,organic,2023-05-11
u004591,organic,2023-05-26
u004592,organic,2023-05-19
u004593,organic,2023-05-06
u004594,organic,2023-05-22
u004595,organic,2023-05-17
u004596,organic,2023-05-21
u004597,organic,2023-05-16
u004598,organic,2023-05-27
u004599,organic,2023-05-05
u004600,organic,2023-05-25
u004601,organic,2023-05-23
u004602,organic,2023-05-15
u004603,organic,2023-05-22
u004604,organic,2023-05-12
u004605,organic,2023-05-20
u004606,organic,2023-05-25
u004607,organic,2023-05-21
u004608,organic,2023-05-18
u004609,organic,2023-05-20
u004610,organic,2023-05-03
u004611,organic,2023-05-29
u004612,organic,2023-05-24
u004613,organic,2023-05-06
u004614,organic,2023-05-06
u004615,organic,2023-05-28
u004616,organic,2023-05-01
u004617,organic,2023-05-01
u004618,organic,2023-05-19
u004619,organic,2023-05-18
u004620,search,2023-06-02
u004621,search,2023-06-09
u004622,search,2023-06-28
u004623,search,2023-06-08
u004624,search,2023-06-15
u004625,search,2023-06-06
u004626,search,2023-06-28
u004627,search,2023-06-18
u004628,search,2023-06-25
u004629,search,2023-06-30
u004630,search,2023-06-14
u004631,search,2023-06-29
u004632,search,2023-06-03
u004633,search,2023-06-01
u004634,search,2023-06-02
u004635,search,2023-06-09
u004636,search,2023-06-14
u004637,search,2023-06-11
u004638,search,2023-06-19
u004639,search,2023-06-14
u004640,search,2023-06-16
u004641,search,2023-06-26
u004642,search,2023-06-04
u004643,search,2023-06-11
u004644,search,2023-06-28
u004645,search,2023-06-08
u004646,search,2023-06-22
u004647,search,2023-06-24
u004648,search,2023-06-30
u004649,search,2023-06-07
u004650,search,2023-06-10
u004651,search,2023-06-30
u004652,search,2023-06-05
u004653,search,2023-06-13
u004654,search,2023-06-29
u004655,search,2023-06-24
u004656,search,2023-06-24
u004657,search,2023-06-03
u004658,search,2023-06-21
u004659,search,2023-06-23
u004660,search,2023-06-06
u004661,search,2023-06-30
u004662,search,2023-06-19
u004663,search,2023-06-28
u004664,search,2023-06-24
u004665,search,2023-06-17
u004666,search,2023-06-17
u004667,search,2023-06-28
u004668,search,2023-06-30
u004669,search,2023-06-26
u004670,search,2023-06-25
u004671,search,2023-06-11
u004672,search,2023-06-09
u004673,search,2023-06-27
u004674,search,2023-06-15
u004675,search,2023-06-21
u004676,search,2023-06-14
u004677,search,2023-06-29
u004678,search,2023-06-04
u004679,search,2023-06-17
u004680,search,2023-06-27
u004681,search,2023-06-01
u004682,search,2023-06-07
u004683,search,2023-06-24
u004684,search,2023-06-13
u004685,search,2023-06-14
u004686,search,2023-06-11
u004687,search,2023-06-14
u004688,search,2023-06-30
u004689,search,2023-06-22
u004690,search,2023-06-30
u004691,search,2023-06-16
u004692,search,2023-06-22
u004693,search,2023-06-21
u004694,search,2023-06-04
u004695,search,2023-06-18
u004696,search,2023-06-07
u004697,search,2023-06-05
u004698,search,2023-06-20
u004699,search,2023-06-19
u004700,search,2023-06-23
u004701,search,2023-06-07
u004702,search,2023-06-05
u004703,search,2023-06-14
u004704,search,2023-06-03
u004705,search,2023-06-17
u004706,search,2023-06-12
u004707,search,2023-06-08
u004708,search,2023-06-02
u004709,search,2023-06-17
u004710,search,2023-06-11
u004711,search,2023-06-10
u004712,search,2023-06-17
u004713,search,2023-06-23
u004714,search,2023-06-18
u004715,search,2023-06-17
u004716,search,2023-06-28
u004717,search,2023-06-19
u004718,search,2023-06-28
u004719,search,2023-06-23
u004720,search,2023-06-14
u004721,search,2023-06-09
u004722,search,2023-06-08
u004723,search,2023-06-30
u004724,search,2023-06-09
u004725,search,2023-06-11
u004726,search,2023-06-28
u004727,search,2023-06-18
u004728,search,2023-06-07
u004729,search,2023-06-12
u004730,search,2023-06-03
u004731,search,2023-06-13
u004732,search,2023-06-12
u004733,search,2023-06-03
u004734,search,2023-06-14
u004735,search,2023-06-29
u004736,search,2023-06-15
u004737,search,2023-06-22
u004738,search,2023-06-08
u004739,search,2023-06-23
u004740,display,2023-06-11
u004741,display,2023-06-23
u004742,display,2023-06-08
u004743,display,2023-06-23
u004744,display,2023-06-01
u004745,display,2023-06-20
u004746,display,2023-06-28
u004747,display,2023-06-09
u004748,display,2023-06-15
u004749,display,2023-06-14
u004750,display,2023-06-05
u004751,display,2023-06-27
u004752,display,2023-06-27
u004753,display,2023-06-21
u004754,display,2023-06-16
u004755,display,2023-06-09
u004756,display,2023-06-22
u004757,display,2023-06-29
u004758,display,2023-06-25
u004759,display,2023-06-20
u004760,display,2023-06-23
u004761,display,2023-06-18
u004762,display,2023-06-27
u004763,display,2023-06-17
u004764,display,2023-06-20
u004765,display,2023-06-26
u004766,display,2023-06-30
u004767,display,2023-06-28
u004768,display,2023-06-15
u004769,display,2023-06-05
u004770,display,2023-06-22
u004771,display,2023-06-26
u004772,display,2023-06-03
u004773,display,2023-06-02
u004774,display,2023-06-15
u004775,display,2023-06-27
u004776,display,2023-06-02
u004777,display,2023-06-08
u004778,display,2023-06-26
u004779,display,2023-06-08
u004780,display,2023-06-03
u004781,display,2023-06-13
u004782,display,2023-06-21
u004783,display,2023-06-11
u004784,display,2023-06-22
u004785,display,2023-06-26
u004786,display,2023-06-10
u004787,display,2023-06-09
u004788,display,2023-06-15
u004789,display,2023-06-22
u004790,display,2023-06-13
u004791,display,2023-06-14
u004792,display,2023-06-29
u004793,display,2023-06-18
u004794,display,2023-06-04
u004795,display,2023-06-05
u004796,display,2023-06-27
u004797,display,2023-06-12
u004798,display,2023-06-10
u004799,display,2023-06-09
u004800,retargeting,2023-06-21
u004801,retargeting,2023-06-12
u004802,retargeting,2023-06-04
u004803,retargeting,2023-06-24
u004804,retargeting,2023-06-13
u004805,retargeting,2023-06-12
u004806,retargeting,2023-06-22
u004807,retargeting,2023-06-18
u004808,retargeting,2023-06-10
u004809,retargeting,2023-06-20
u004810,retargeting,2023-06-04
u004811,retargeting,2023-06-29
u004812,retargeting,2023-06-11
u004813,retargeting,2023-06-20
u004814,retargeting,2023-06-04
u004815,retargeting,2023-06-26
u004816,retargeting,2023-06-17
u004817,retargeting,2023-06-17
u004818,retargeting,2023-06-06
u004819,retargeting,2023-06-18
u004820,retargeting,2023-06-13
u004821,retargeting,2023-06-28
u004822,retargeting,2023-06-20
u004823,retargeting,2023-06-02
u004824,retargeting,2023-06-06
u004825,retargeting,2023-06-26
u004826,retargeting,2023-06-11
u004827,retargeting,2023-06-10
u004828,retargeting,2023-06-14
u004829,retargeting,2023-06-01
u004830,brand,2023-06-02
u004831,brand,2023-06-19
u004832,brand,2023-06-19
u004833,brand,2023-06-09
u004834,brand,2023-06-11
u004835,brand,2023-06-26
u004836,brand,2023-06-23
u004837,brand,2023-06-30
u004838,brand,2023-06-23
u004839,brand,2023-06-28
u004840,brand,2023-06-06
u004841,brand,2023-06-25
u004842,brand,2023-06-11
u004843,brand,2023-06-18
u004844,brand,2023-06-27
u004845,brand,2023-06-19
u004846,brand,2023-06-01
u004847,brand,2023-06-17
u004848,brand,2023-06-04
u004849,brand,2023-06-21
u004850,brand,2023-06-04
u004851,brand,2023-06-06
u004852,brand,2023-06-29
u004853,brand,2023-06-20
u004854,brand,2023-06-05
u004855,brand,2023-06-19
u004856,brand,2023-06-14
u004857,brand,2023-06-09
u004858,brand,2023-06-12
u004859,brand,2023-06-28
u004860,brand,2023-06-20
u004861,brand,2023-06-28
u004862,brand,2023-06-30
u004863,brand,2023-06-20
u004864,brand,2023-06-07
u004865,brand,2023-06-16
u004866,brand,2023-06-24
u004867,brand,2023-06-03
u004868,brand,2023-06-20
u004869,brand,2023-06-14
u004870,brand,2023-06-18
u004871,brand,2023-06-21
u004872,brand,2023-06-15
u004873,brand,2023-06-01
u004874,brand,2023-06-02
u004875,brand,2023-06-10
u004876,brand,2023-06-06
u004877,brand,2023-06-24
u004878,brand,2023-06-30
u004879,brand,2023-06-04
u004880,brand,2023-06-19
u004881,brand,2023-06-30
u004882,brand,2023-06-07
u004883,brand,2023-06-13
u004884,brand,2023-06-13
u004885,brand,2023-06-16
u004886,brand,2023-06-20
u004887,brand,2023-06-18
u004888,brand,2023-06-12
u004889,brand,2023-06-09
u004890,brand,2023-06-06
u004891,brand,2023-06-21
u004892,brand,2023-06-14
u004893,brand,2023-06-17
u004894,brand,2023-06-25
u004895,brand,2023-06-28
u004896,brand,2023-06-27
u004897,brand,2023-06-11
u004898,brand,2023-06-27
u004899,brand,2023-06-02
u004900,brand,2023-06-23
u004901,brand,2023-06-17
u004902,brand,2023-06-06
u004903,brand,2023-06-15
u004904,brand,2023-06-01
u004905,brand,2023-06-29
u004906,brand,2023-06-21
u004907,brand,2023-06-19
u004908,brand,2023-06-28
u004909,brand,2023-06-05
u004910,brand,2023-06-02
u004911,brand,2023-06-26
u004912,brand,2023-06-05
u004913,brand,2023-06-07
u004914,brand,2023-06-24
u004915,brand,2023-06-17
u004916,brand,2023-06-29
u004917,brand,2023-06-15
u004918,brand,2023-06-06
u004919,brand,2023-06-15
u004920,organic,2023-06-17
u004921,organic,2023-06-28
u004922,organic,2023-06-15
u004923,organic,2023-06-09
u004924,organic,2023-06-15
u004925,organic,2023-06-04
u004926,organic,2023-06-19
u004927,organic,2023-06-17
u004928,organic,2023-06-19
u004929,organic,2023-06-04
u004930,organic,2023-06-27
u004931,organic,2023-06-27
u004932,organic,2023-06-02
u004933,organic,2023-06-30
u004934,organic,2023-06-30
u004935,organic,2023-06-28
u004936,organic,2023-06-12
u004937,organic,2023-06-16
u004938,organic,2023-06-30
u004939,organic,2023-06-27
u004940,organic,2023-06-04
u004941,organic,2023-06-05
u004942,organic,2023-06-06
u004943,organic,2023-06-07
u004944,organic,2023-06-10
u004945,organic,2023-06-07
u004946,organic,2023-06-28
u004947,organic,2023-06-19
u004948,organic,2023-06-08
u004949,organic,2023-06-16
u004950,organic,2023-06-24
u004951,organic,2023-06-20
u004952,organic,2023-06-09
u004953,organic,2023-06-14
u004954,organic,2023-06-25
u004955,organic,2023-06-28
u004956,organic,2023-06-26
u004957,organic,2023-06-01
u004958,organic,2023-06-01
u004959,organic,2023-06-28
u004960,organic,2023-06-28
u004961,organic,2023-06-21
u004962,organic,2023-06-12
u004963,organic,2023-06-04
u004964,organic,2023-06-17
u004965,organic,2023-06-09
u004966,organic,2023-06-03
u004967,organic,2023-06-27
u004968,organic,2023-06-12
u004969,organic,2023-06-16
u004970,organic,2023-06-05
u004971,organic,2023-06-29
u004972,organic,2023-06-22
u004973,organic,2023-06-10
u004974,organic,2023-06-22
u004975,organic,2023-06-30
u004976,organic,2023-06-05
u004977,organic,2023-06-20
u004978,organic,2023-06-19
u004979,organic,2023-06-04
u004980,organic,2023-06-04
u004981,organic,2023-06-12
u004982,organic,2023-06-27
u004983,organic,2023-06-24
u004984,organic,2023-06-01
u004985,organic,2023-06-17
u004986,organic,2023-06-01
u004987,organic,2023-06-07
u004988,organic,2023-06-11
u004989,organic,2023-06-22
u004990,organic,2023-06-27
u004991,organic,2023-06-04
u004992,organic,2023-06-04
u004993,organic,2023-06-11
u004994,organic,2023-06-26
u004995,organic,2023-06-11
u004996,organic,2023-06-02
u004997,organic,2023-06-26
u004998,organic,2023-06-22
u004999,organic,2023-06-28
u005000,organic,2023-06-30
u005001,organic,2023-06-05
u005002,organic,2023-06-13
u005003,organic,2023-06-15
u005004,organic,2023-06-05
u005005,organic,2023-06-21
u005006,organic,2023-06-08
u005007,organic,2023-06-07
u005008,organic,2023-06-19
u005009,organic,2023-06-28
u005010,organic,2023-06-30
u005011,organic,2023-06-08
u005012,organic,2023-06-08
u005013,organic,2023-06-10
u005014,organic,2023-06-07
u005015,organic,2023-06-30
u005016,organic,2023-06-13
u005017,organic,2023-06-27
u005018,organic,2023-06-24
u005019,organic,2023-06-25
u005020,organic,2023-06-03
u005021,organic,2023-06-06
u005022,organic,2023-06-02
u005023,organic,2023-06-21
u005024,organic,2023-06-04
u005025,organic,2023-06-15
u005026,organic,2023-06-12
u005027,organic,2023-06-27
u005028,organic,2023-06-25
u005029,organic,2023-06-28
u005030,organic,2023-06-20
u005031,organic,2023-06-13
u005032,organic,2023-06-10
u005033,organic,2023-06-17
u005034,organic,2023-06-10
u005035,organic,2023-06-29
u005036,organic,2023-06-30
u005037,organic,2023-06-19
u005038,organic,2023-06-21
u005039,organic,2023-06-16
u005040,search,2023-07-23
u005041,search,2023-07-05
u005042,search,2023-07-13
u005043,search,2023-07-22
u005044,search,2023-07-25
u005045,search,2023-07-26
u005046,search,2023-07-21
u005047,search,2023-07-23
u005048,search,2023-07-16
u005049,search,2023-07-11
u005050,search,2023-07-05
u005051,search,2023-07-14
u005052,search,2023-07-17
u005053,search,2023-07-30
u005054,search,2023-07-29
u005055,search,2023-07-04
u005056,search,2023-07-03
u005057,search,2023-07-22
u005058,search,2023-07-06
u005059,search,2023-07-07
u005060,search,2023-07-27
u005061,search,2023-07-21
u005062,search,2023-07-18
u005063,search,2023-07-26
u005064,search,2023-07-17
u005065,search,2023-07-29
u005066,search,2023-07-21
u005067,search,2023-07-02
u005068,search,2023-07-29
u005069,search,2023-07-04
u005070,search,2023-07-07
u005071,search,2023-07-29
u005072,search,2023-07-23
u005073,search,2023-07-22
u005074,search,2023-07-24
u005075,search,2023-07-25
u005076,search,2023-07-29
u005077,search,2023-07-20
u005078,search,2023-07-25
u005079,search,2023-07-06
u005080,search,2023-07-20
u005081,search,2023-07-12
u005082,search,2023-07-18
u005083,search,2023-07-17
u005084,search,2023-07-26
u005085,search,2023-07-10
u005086,search,2023-07-29
u005087,search,2023-07-27
u005088,search,2023-07-07
u005089,search,2023-07-06
u005090,search,2023-07-08
u005091,search,2023-07-31
u005092,search,2023-07-02
u005093,search,2023-07-18
u005094,search,2023-07-04
u005095,search,2023-07-11
u005096,search,2023-07-05
u005097,search,2023-07-27
u005098,search,2023-07-25
u005099,search,2023-07-31
u005100,search,2023-07-20
u005101,search,2023-07-22
u005102,search,2023-07-30
u005103,search,2023-07-15
u005104,search,2023-07-21
u005105,search,2023-07-31
u005106,search,2023-07-04
u005107,search,2023-07-05
u005108,search,2023-07-01
u005109,search,2023-07-10
u005110,search,2023-07-29
u005111,search,2023-07-22
u005112,search,2023-07-28
u005113,search,2023-07-15
u005114,search,2023-07-01
u005115,search,2023-07-15
u005116,search,2023-07-31
u005117,search,2023-07-19
u005118,search,2023-07-06
u005119,search,2023-07-08
u005120,search,2023-07-03
u005121,search,2023-07-24
u005122,search,2023-07-22
u005123,search,2023-07-28
u005124,search,2023-07-24
u005125,search,2023-07-22
u005126,search,2023-07-12
u005127,search,2023-07-02
u005128,search,2023-07-27
u005129,search,2023-07-01
u005130,search,2023-07-09
u005131,search,2023-07-18
u005132,search,2023-07-10
u005133,search,2023-07-30
u005134,search,2023-07-19
u005135,search,2023-07-09
u005136,search,2023-07-15
u005137,search,2023-07-18
u005138,search,2023-07-27
u005139,search,2023-07-12
u005140,search,2023-07-03
u005141,search,2023-07-11
u005142,search,2023-07-02
u005143,search,2023-07-12
u005144,search,2023-07-28
u005145,search,2023-07-15
u005146,search,2023-07-15
u005147,search,2023-07-02
u005148,search,2023-07-25
u005149,search,2023-07-12
u005150,search,2023-07-12
u005151,search,2023-07-01
u005152,search,2023-07-07
u005153,search,2023-07-17
u005154,search,2023-07-17
u005155,search,2023-07-07
u005156,search,2023-07-01
u005157,search,2023-07-17
u005158,search,2023-07-22
u005159,search,2023-07-07
u005160,display,2023-07-29
u005161,display,2023-07-28
u005162,display,2023-07-12
u005163,display,2023-07-14
u005164,display,2023-07-05
u005165,display,2023-07-27
u005166,display,2023-07-07
u005167,display,2023-07-14
u005168,display,2023-07-24
u005169,display,2023-07-04
u005170,display,2023-07-05
u005171,display,2023-07-03
u005172,display,2023-07-12
u005173,display,2023-07-03
u005174,display,2023-07-09
u005175,display,2023-07-26
u005176,display,2023-07-08
u005177,display,2023-07-14
u005178,display,2023-07-29
u005179,display,2023-07-29
u005180,display,2023-07-09
u005181,display,2023-07-18
u005182,display,2023-07-27
u005183,display,2023-07-25
u005184,display,2023-07-28
u005185,display,2023-07-10
u005186,display,2023-07-05
u005187,display,2023-07-06
u005188,display,2023-07-28
u005189,display,2023-07-11
u005190,display,2023-07-29
u005191,display,2023-07-30
u005192,display,2023-07-05
u005193,display,2023-07-14
u005194,display,2023-07-09
u005195,display,2023-07-14
u005196,display,2023-07-02
u005197,display,2023-07-12
u005198,display,2023-07-10
u005199,display,2023-07-13
u005200,display,2023-07-04
u005201,display,2023-07-06
u005202,display,2023-07-09
u005203,display,2023-07-16
u005204,display,2023-07-16
u005205,display,2023-07-21
u005206,display,2023-07-23
u005207,display,2023-07-13
u005208,display,2023-07-05
u005209,display,2023-07-27
u005210,display,2023-07-22
u005211,display,2023-07-31
u005212,display,2023-07-10
u005213,display,2023-07-18
u005214,display,2023-07-04
u005215,display,2023-07-13
u005216,display,2023-07-12
u005217,display,2023-07-25
u005218,display,2023-07-09
u005219,display,2023-07-27
u005220,retargeting,2023-07-13
u005221,retargeting,2023-07-04
u005222,retargeting,2023-07-02
u005223,retargeting,2023-07-28
u005224,retargeting,2023-07-31
u005225,retargeting,2023-07-16
u005226,retargeting,2023-07-18
u005227,retargeting,2023-07-25
u005228,retargeting,2023-07-14
u005229,retargeting,2023-07-22
u005230,retargeting,2023-07-17
u005231,retargeting,2023-07-04
u005232,retargeting,2023-07-13
u005233,retargeting,2023-07-14
u005234,retargeting,2023-07-02
u005235,retargeting,2023-07-10
u005236,retargeting,2023-07-08
u005237,retargeting,2023-07-31
u005238,retargeting,2023-07-02
u005239,retargeting,2023-07-26
u005240,retargeting,2023-07-09
u005241,retargeting,2023-07-18
u005242,retargeting,2023-07-05
u005243,retargeting,2023-07-16
u005244,retargeting,2023-07-31
u005245,retargeting,2023-07-20
u005246,retargeting,2023-07-10
u005247,retargeting,2023-07-23
u005248,retargeting,2023-07-02
u005249,retargeting,2023-07-02
u005250,brand,2023-07-22
u005251,brand,2023-07-14
u005252,brand,2023-07-17
u005253,brand,2023-07-31
u005254,brand,2023-07-11
u005255,brand,2023-07-25
u005256,brand,2023-07-09
u005257,brand,2023-07-17
u005258,brand,2023-07-25
u005259,brand,2023-07-30
u005260,brand,2023-07-15
u005261,brand,2023-07-02
u005262,brand,2023-07-22
u005263,brand,2023-07-08
u005264,brand,2023-07-01
u005265,brand,2023-07-31
u005266,brand,2023-07-13
u005267,brand,2023-07-27
u005268,brand,2023-07-03
u005269,brand,2023-07-22
u005270,brand,2023-07-04
u005271,brand,2023-07-25
u005272,brand,2023-07-12
u005273,brand,2023-07-10
u005274,brand,2023-07-15
u005275,brand,2023-07-04
u005276,brand,2023-07-19
u005277,brand,2023-07-26
u005278,brand,2023-07-18
u005279,brand,2023-07-03
u005280,brand,2023-07-04
u005281,brand,2023-07-31
u005282,brand,2023-07-15
u005283,brand,2023-07-06
u005284,brand,2023-07-08
u005285,brand,2023-07-14
u005286,brand,2023-07-08
u005287,brand,2023-07-24
u005288,brand,2023-07-02
u005289,brand,2023-07-18
u005290,brand,2023-07-14
u005291,brand,2023-07-13
u005292,brand,2023-07-16
u005293,brand,2023-07-01
u005294,brand,2023-07-24
u005295,brand,2023-07-17
u005296,brand,2023-07-28
u005297,brand,2023-07-22
u005298,brand,2023-07-12
u005299,brand,2023-07-31
u005300,brand,2023-07-24
u005301,brand,2023-07-17
u005302,brand,2023-07-13
u005303,brand,2023-07-28
u005304,brand,2023-07-26
u005305,brand,2023-07-11
u005306,brand,2023-07-18
u005307,brand,2023-07-08
u005308,brand,2023-07-16
u005309,brand,2023-07-29
u005310,brand,2023-07-26
u005311,brand,2023-07-19
u005312,brand,2023-07-30
u005313,brand,2023-07-20
u005314,brand,2023-07-11
u005315,brand,2023-07-20
u005316,brand,2023-07-20
u005317,brand,2023-07-21
u005318,brand,2023-07-02
u005319,brand,2023-07-10
u005320,brand,2023-07-07
u005321,brand,2023-07-21
u005322,brand,2023-07-01
u005323,brand,2023-07-10
u005324,brand,2023-07-10
u005325,brand,2023-07-23
u005326,brand,2023-07-28
u005327,brand,2023-07-29
u005328,brand,2023-07-24
u005329,brand,2023-07-02
u005330,brand,2023-07-04
u005331,brand,2023-07-10
u005332,brand,2023-07-07
u005333,brand,2023-07-17
u005334,brand,2023-07-29
u005335,brand,2023-07-22
u005336,brand,2023-07-08
u005337,brand,2023-07-12
u005338,brand,2023-07-24
u005339,brand,2023-07-05
u005340,organic,2023-07-05
u005341,organic,2023-07-01
u005342,organic,2023-07-07
u005343,organic,2023-07-31
u005344,organic,2023-07-18
u005345,organic,2023-07-04
u005346,organic,2023-07-18
u005347,organic,2023-07-26
u005348,organic,2023-07-11
u005349,organic,2023-07-15
u005350,organic,2023-07-15
u005351,organic,2023-07-27
u005352,organic,2023-07-19
u005353,organic,2023-07-29
u005354,organic,2023-07-31
u005355,organic,2023-07-06
u005356,organic,2023-07-05
u005357,organic,2023-07-04
u005358,organic,2023-07-23
u005359,organic,2023-07-16
u005360,organic,2023-07-26
u005361,organic,2023-07-13
u005362,organic,2023-07-13
u005363,organic,2023-07-11
u005364,organic,2023-07-10
u005365,organic,2023-07-28
u005366,organic,2023-07-04
u005367,organic,2023-07-17
u005368,organic,2023-07-04
u005369,organic,2023-07-04
u005370,organic,2023-07-10
u005371,organic,2023-07-31
u005372,organic,2023-07-31
u005373,organic,2023-07-25
u005374,organic,2023-07-20
u005375,organic,2023-07-11
u005376,organic,2023-07-10
u005377,organic,2023-07-20
u005378,organic,2023-07-13
u005379,organic,2023-07-25
u005380,organic,2023-07-15
u005381,organic,2023-07-20
u005382,organic,2023-07-04
u005383,organic,2023-07-03
u005384,organic,2023-07-09
u005385,organic,2023-07-09
u005386,organic,2023-07-14
u005387,organic,2023-07-06
u005388,organic,2023-07-14
u005389,organic,2023-07-19
u005390,organic,2023-07-12
u005391,organic,2023-07-18
u005392,organic,2023-07-31
u005393,organic,2023-07-28
u005394,organic,2023-07-07
u005395,organic,2023-07-25
u005396,organic,2023-07-20
u005397,organic,2023-07-30
u005398,organic,2023-07-02
u005399,organic,2023-07-24
u005400,organic,2023-07-27
u005401,organic,2023-07-20
u005402,organic,2023-07-10
u005403,organic,2023-07-23
u005404,organic,2023-07-08
u005405,organic,2023-07-29
u005406,organic,2023-07-26
u005407,organic,2023-07-20
u005408,organic,2023-07-11
u005409,organic,2023-07-14
u005410,organic,2023-07-03
u005411,organic,2023-07-07
u005412,organic,2023-07-27
u005413,organic,2023-07-21
u005414,organic,2023-07-11
u005415,organic,2023-07-01
u005416,organic,2023-07-03
u005417,organic,2023-07-03
u005418,organic,2023-07-04
u005419,organic,2023-07-24
u005420,organic,2023-07-03
u005421,organic,2023-07-09
u005422,organic,2023-07-29
u005423,organic,2023-07-17
u005424,organic,2023-07-07
u005425,organic,2023-07-12
u005426,organic,2023-07-04
u005427,organic,2023-07-22
u005428,organic,2023-07-07
u005429,organic,2023-07-14
u005430,organic,2023-07-22
u005431,organic,2023-07-26
u005432,organic,2023-07-21
u005433,organic,2023-07-15
u005434,organic,2023-07-06
u005435,organic,2023-07-11
u005436,organic,2023-07-30
u005437,organic,2023-07-18
u005438,organic,2023-07-08
u005439,organic,2023-07-27
u005440,organic,2023-07-07
u005441,organic,2023-07-07
u005442,organic,2023-07-19
u005443,organic,2023-07-23
u005444,organic,2023-07-01
u005445,organic,2023-07-09
u005446,organic,2023-07-07
u005447,organic,2023-07-29
u005448,organic,2023-07-11
u005449,organic,2023-07-13
u005450,organic,2023-07-22
u005451,organic,2023-07-06
u005452,organic,2023-07-07
u005453,organic,2023-07-31
u005454,organic,2023-07-20
u005455,organic,2023-07-29
u005456,organic,2023-07-25
u005457,organic,2023-07-17
u005458,organic,2023-07-22
u005459,organic,2023-07-08
u005460,search,2023-08-11
u005461,search,2023-08-23
u005462,search,2023-08-23
u005463,search,2023-08-30
u005464,search,2023-08-01
u005465,search,2023-08-07
u005466,search,2023-08-11
u005467,search,2023-08-26
u005468,search,2023-08-06
u005469,search,2023-08-24
u005470,search,2023-08-15
u005471,search,2023-08-01
u005472,search,2023-08-22
u005473,search,2023-08-17
u005474,search,2023-08-24
u005475,search,2023-08-16
u005476,search,2023-08-27
u005477,search,2023-08-25
u005478,search,2023-08-21
u005479,search,2023-08-01
u005480,search,2023-08-23
u005481,search,2023-08-01
u005482,search,2023-08-16
u005483,search,2023-08-26
u005484,search,2023-08-05
u005485,search,2023-08-19
u005486,search,2023-08-25
u005487,search,2023-08-29
u005488,search,2023-08-18
u005489,search,2023-08-26
u005490,search,2023-08-29
u005491,search,2023-08-31
u005492,search,2023-08-23
u005493,search,2023-08-23
u005494,search,2023-08-14
u005495,search,2023-08-24
u005496,search,2023-08-04
u005497,search,2023-08-09
u005498,search,2023-08-05
u005499,search,2023-08-19
u005500,search,2023-08-15
u005501,search,2023-08-30
u005502,search,2023-08-12
u005503,search,2023-08-02
u005504,search,2023-08-12
u005505,search,2023-08-07
u005506,search,2023-08-23
u005507,search,2023-08-10
u005508,search,2023-08-23
u005509,search,2023-08-15
u005510,search,2023-08-07
u005511,search,2023-08-31
u005512,search,2023-08-13
u005513,search,2023-08-25
u005514,search,2023-08-29
u005515,search,2023-08-27
u005516,search,2023-08-31
u005517,search,2023-08-25
u005518,search,2023-08-01
u005519,search,2023-08-08
u005520,search,2023-08-09
u005521,search,2023-08-27
u005522,search,2023-08-05
u005523,search,2023-08-30
u005524,search,2023-08-28
u005525,search,2023-08-30
u005526,search,2023-08-20
u005527,search,2023-08-17
u005528,search,2023-08-26
u005529,search,2023-08-23
u005530,search,2023-08-01
u005531,search,2023-08-31
u005532,search,2023-08-09
u005533,search,2023-08-21
u005534,search,2023-08-30
u005535,search,2023-08-15
u005536,search,2023-08-09
u005537,search,2023-08-19
u005538,search,2023-08-31
u005539,search,2023-08-10
u005540,search,2023-08-01
u005541,search,2023-08-12
u005542,search,2023-08-28
u005543,search,2023-08-13
u005544,search,2023-08-15
u005545,search,2023-08-09
u005546,search,2023-08-21
u005547,search,2023-08-10
u005548,search,2023-08-12
u005549,search,2023-08-19
u005550,search,2023-08-03
u005551,search,2023-08-11
u005552,search,2023-08-02
u005553,search,2023-08-27
u005554,search,2023-08-07
u005555,search,2023-08-06
u005556,search,2023-08-19
u005557,search,2023-08-30
u005558,search,2023-08-22
u005559,search,2023-08-21
u005560,search,2023-08-10
u005561,search,2023-08-18
u005562,search,2023-08-01
u005563,search,2023-08-23
u005564,search,2023-08-18
u005565,search,2023-08-12
u005566,search,2023-08-16
u005567,search,2023-08-22
u005568,search,2023-08-25
u005569,search,2023-08-31
u005570,search,2023-08-06
u005571,search,2023-08-08
u005572,search,2023-08-11
u005573,search,2023-08-23
u005574,search,2023-08-14
u005575,search,2023-08-24
u005576,search,2023-08-27
u005577,search,2023-08-30
u005578,search,2023-08-31
u005579,search,2023-08-19
u005580,display,2023-08-08
u005581,display,2023-08-17
u005582,display,2023-08-22
u005583,display,2023-08-02
u005584,display,2023-08-31
u005585,display,2023-08-23
u005586,display,2023-08-17
u005587,display,2023-08-31
u005588,display,2023-08-12
u005589,display,2023-08-30
u005590,display,2023-08-10
u005591,display,2023-08-31
u005592,display,2023-08-22
u005593,display,2023-08-05
u005594,display,2023-08-17
u005595,display,2023-08-01
u005596,display,2023-08-19
u005597,display,2023-08-09
u005598,display,2023-08-19
u005599,display,2023-08-31
u005600,display,2023-08-24
u005601,display,2023-08-04
u005602,display,2023-08-13
u005603,display,2023-08-29
u005604,display,2023-08-23
u005605,display,2023-08-11
u005606,display,2023-08-29
u005607,display,2023-08-25
u005608,display,2023-08-03
u005609,display,2023-08-18
u005610,display,2023-08-16
u005611,display,2023-08-06
u005612,display,2023-08-08
u005613,display,2023-08-21
u005614,display,2023-08-02
u005615,display,2023-08-25
u005616,display,2023-08-24
u005617,display,2023-08-06
u005618,display,2023-08-11
u005619,display,2023-08-14
u005620,display,2023-08-18
u005621,display,2023-08-30
u005622,display,2023-08-25
u005623,display,2023-08-31
u005624,display,2023-08-17
u005625,display,2023-08-05
u005626,display,2023-08-19
u005627,display,2023-08-21
u005628,display,2023-08-01
u005629,display,2023-08-28
u005630,display,2023-08-03
u005631,display,2023-08-15
u005632,display,2023-08-11
u005633,display,2023-08-09
u005634,display,2023-08-13
u005635,display,2023-08-14
u005636,display,2023-08-03
u005637,display,2023-08-08
u005638,display,2023-08-04
u005639,display,2023-08-26
u005640,retargeting,2023-08-26
u005641,retargeting,2023-08-20
u005642,retargeting,2023-08-22
u005643,retargeting,2023-08-06
u005644,retargeting,2023-08-27
u005645,retargeting,2023-08-03
u005646,retargeting,2023-08-06
u005647,retargeting,2023-08-10
u005648,retargeting,2023-08-01
u005649,retargeting,2023-08-14
u005650,retargeting,2023-08-28
u005651,retargeting,2023-08-22
u005652,retargeting,2023-08-13
u005653,retargeting,2023-08-12
u005654,retargeting,2023-08-26
u005655,retargeting,2023-08-19
u005656,retargeting,2023-08-31
u005657,retargeting,2023-08-04
u005658,retargeting,2023-08-11
u005659,retargeting,2023-08-30
u005660,retargeting,2023-08-28
u005661,retargeting,2023-08-11
u005662,retargeting,2023-08-02
u005663,retargeting,2023-08-22
u005664,retargeting,2023-08-18
u005665,retargeting,2023-08-21
u005666,retargeting,2023-08-08
u005667,retargeting,2023-08-01
u005668,retargeting,2023-08-03
u005669,retargeting,2023-08-09
u005670,brand,2023-08-22
u005671,brand,2023-08-01
u005672,brand,2023-08-02
u005673,brand,2023-08-24
u005674,brand,2023-08-12
u005675,brand,2023-08-18
u005676,brand,2023-08-01
u005677,brand,2023-08-17
u005678,brand,2023-08-07
u005679,brand,2023-08-05
u005680,brand,2023-08-15
u005681,brand,2023-08-05
u005682,brand,2023-08-11
u005683,brand,2023-08-28
u005684,brand,2023-08-14
u005685,brand,2023-08-10
u005686,brand,2023-08-23
u005687,brand,2023-08-06
u005688,brand,2023-08-16
u005689,brand,2023-08-20
u005690,brand,2023-08-22
u005691,brand,2023-08-21
u005692,brand,2023-08-19
u005693,brand,2023-08-07
u005694,brand,2023-08-10
u005695,brand,2023-08-20
u005696,brand,2023-08-13
u005697,brand,2023-08-06
u005698,brand,2023-08-22
u005699,brand,2023-08-23
u005700,brand,2023-08-24
u005701,brand,2023-08-29
u005702,brand,2023-08-31
u005703,brand,2023-08-11
u005704,brand,2023-08-29
u005705,brand,2023-08-15
u005706,brand,2023-08-23
u005707,brand,2023-08-13
u005708,brand,2023-08-21
u005709,brand,2023-08-18
u005710,brand,2023-08-11
u005711,brand,2023-08-21
u005712,brand,2023-08-13
u005713,brand,2023-08-23
u005714,brand,2023-08-16
u005715,brand,2023-08-29
u005716,brand,2023-08-12
u005717,brand,2023-08-28
u005718,brand,2023-08-12
u005719,brand,2023-08-22
u005720,brand,2023-08-15
u005721,brand,2023-08-16
u005722,brand,2023-08-15
u005723,brand,2023-08-14
u005724,brand,2023-08-30
u005725,brand,2023-08-26
u005726,brand,2023-08-23
u005727,brand,2023-08-20
u005728,brand,2023-08-31
u005729,brand,2023-08-28
u005730,brand,2023-08-22
u005731,brand,2023-08-29
u005732,brand,2023-08-27
u005733,brand,2023-08-01
u005734,brand,2023-08-29
u005735,brand,2023-08-01
u005736,brand,2023-08-13
u005737,brand,2023-08-17
u005738,brand,2023-08-02
u005739,brand,2023-08-05
u005740,brand,2023-08-17
u005741,brand,2023-08-24
u005742,brand,2023-08-01
u005743,brand,2023-08-24
u005744,brand,2023-08-06
u005745,brand,2023-08-09
u005746,brand,2023-08-14
u005747,brand,2023-08-18
u005748,brand,2023-08-13
u005749,brand,2023-08-14
u005750,brand,2023-08-27
u005751,brand,2023-08-18
u005752,brand,2023-08-23
u005753,brand,2023-08-05
u005754,brand,2023-08-20
u005755,brand,2023-08-25
u005756,brand,2023-08-30
u005757,brand,2023-08-10
u005758,brand,2023-08-16
u005759,brand,2023-08-27
u005760,organic,2023-08-07
u005761,organic,2023-08-23
u005762,organic,2023-08-27
u005763,organic,2023-08-04
u005764,organic,2023-08-06
u005765,organic,2023-08-16
u005766,organic,2023-08-03
u005767,organic,2023-08-26
u005768,organic,2023-08-08
u005769,organic,2023-08-13
u005770,organic,2023-08-20
u005771,organic,2023-08-01
u005772,organic,2023-08-31
u005773,organic,2023-08-21
u005774,organic,2023-08-12
u005775,organic,2023-08-13
u005776,organic,2023-08-28
u005777,organic,2023-08-31
u005778,organic,2023-08-08
u005779,organic,2023-08-01
u005780,organic,2023-08-05
u005781,organic,2023-08-08
u005782,organic,2023-08-06
u005783,organic,2023-08-04
u005784,organic,2023-08-13
u005785,organic,2023-08-23
u005786,organic,2023-08-27
u005787,organic,2023-08-15
u005788,organic,2023-08-21
u005789,organic,2023-08-27
u005790,organic,2023-08-31
u005791,organic,2023-08-25
u005792,organic,2023-08-23
u005793,organic,2023-08-02
u005794,organic,2023-08-03
u005795,organic,2023-08-10
u005796,organic,2023-08-16
u005797,organic,2023-08-19
u005798,organic,2023-08-05
u005799,organic,2023-08-16
u005800,organic,2023-08-24
u005801,organic,2023-08-08
u005802,organic,2023-08-15
u005803,organic,2023-08-20
u005804,organic,2023-08-20
u005805,organic,2023-08-12
u005806,organic,2023-08-07
u005807,organic,2023-08-27
u005808,organic,2023-08-04
u005809,organic,2023-08-07
u005810,organic,2023-08-03
u005811,organic,2023-08-22
u005812,organic,2023-08-25
u005813,organic,2023-08-30
u005814,organic,2023-08-15
u005815,organic,2023-08-29
u005816,organic,2023-08-02
u005817,organic,2023-08-29
u005818,organic,2023-08-19
u005819,organic,2023-08-06
u005820,organic,2023-08-18
u005821,organic,2023-08-14
u005822,organic,2023-08-24
u005823,organic,2023-08-09
u005824,organic,2023-08-13
u005825,organic,2023-08-28
u005826,organic,2023-08-01
u005827,organic,2023-08-18
u005828,organic,2023-08-16
u005829,organic,2023-08-19
u005830,organic,2023-08-05
u005831,organic,2023-08-05
u005832,organic,2023-08-12
u005833,organic,2023-08-07
u005834,organic,2023-08-13
u005835,organic,2023-08-16
u005836,organic,2023-08-10
u005837,organic,2023-08-31
u005838,organic,2023-08-17
u005839,organic,2023-08-04
u005840,organic,2023-08-14
u005841,organic,2023-08-05
u005842,organic,2023-08-26
u005843,organic,2023-08-27
u005844,organic,2023-08-19
u005845,organic,2023-08-01
u005846,organic,2023-08-10
u005847,organic,2023-08-10
u005848,organic,2023-08-28
u005849,organic,2023-08-25
u005850,organic,2023-08-18
u005851,organic,2023-08-15
u005852,organic,2023-08-16
u005853,organic,2023-08-02
u005854,organic,2023-08-25
u005855,organic,2023-08-04
u005856,organic,2023-08-21
u005857,organic,2023-08-08
u005858,organic,2023-08-25
u005859,organic,2023-08-24
u005860,organic,2023-08-27
u005861,organic,2023-08-01
u005862,organic,2023-08-21
u005863,organic,2023-08-02
u005864,organic,2023-08-03
u005865,organic,2023-08-26
u005866,organic,2023-08-03
u005867,organic,2023-08-06
u005868,organic,2023-08-27
u005869,organic,2023-08-03
u005870,organic,2023-08-19
u005871,organic,2023-08-23
u005872,organic,2023-08-08
u005873,organic,2023-08-22
u005874,organic,2023-08-12
u005875,organic,2023-08-06
u005876,organic,2023-08-31
u005877,organic,2023-08-17
u005878,organic,2023-08-23
u005879,organic,2023-08-10
u005880,search,2023-09-13
u005881,search,2023-09-08
u005882,search,2023-09-29
u005883,search,2023-09-13
u005884,search,2023-09-16
u005885,search,2023-09-20
u005886,search,2023-09-03
u005887,search,2023-09-06
u005888,search,2023-09-25
u005889,search,2023-09-23
u005890,search,2023-09-22
u005891,search,2023-09-01
u005892,search,2023-09-27
u005893,search,2023-09-13
u005894,search,2023-09-05
u005895,search,2023-09-21
u005896,search,2023-09-29
u005897,search,2023-09-19
u005898,search,2023-09-25
u005899,search,2023-09-26
u005900,search,2023-09-13
u005901,search,2023-09-16
u005902,search,2023-09-25
u005903,search,2023-09-23
u005904,search,2023-09-17
u005905,search,2023-09-14
u005906,search,2023-09-03
u005907,search,2023-09-22
u005908,search,2023-09-29
u005909,search,2023-09-24
u005910,search,2023-09-21
u005911,search,2023-09-03
u005912,search,2023-09-24
u005913,search,2023-09-10
u005914,search,2023-09-26
u005915,search,2023-09-26
u005916,search,2023-09-27
u005917,search,2023-09-07
u005918,search,2023-09-24
u005919,search,2023-09-16
u005920,search,2023-09-29
u005921,search,2023-09-06
u005922,search,2023-09-18
u005923,search,2023-09-04
u005924,search,2023-09-08
u005925,search,2023-09-14
u005926,search,2023-09-18
u005927,search,2023-09-25
u005928,search,2023-09-09
u005929,search,2023-09-25
u005930,search,2023-09-11
u005931,search,2023-09-13
u005932,search,2023-09-19
u005933,search,2023-09-22
u005934,search,2023-09-11
u005935,search,2023-09-18
u005936,search,2023-09-14
u005937,search,2023-09-09
u005938,search,2023-09-16
u005939,search,2023-09-12
u005940,search,2023-09-27
u005941,search,2023-09-25
u005942,search,2023-09-10
u005943,search,2023-09-02
u005944,search,2023-09-06
u005945,search,2023-09-06
u005946,search,2023-09-01
u005947,search,2023-09-12
u005948,search,2023-09-14
u005949,search,2023-09-09
u005950,search,2023-09-29
u005951,search,2023-09-21
u005952,search,2023-09-17
u005953,search,2023-09-06
u005954,search,2023-09-12
u005955,search,2023-09-09
u005956,search,2023-09-09
u005957,search,2023-09-21
u005958,search,2023-09-07
u005959,search,2023-09-20
u005960,search,2023-09-22
u005961,search,2023-09-16
u005962,search,2023-09-01
u005963,search,2023-09-05
u005964,search,2023-09-06
u005965,search,2023-09-17
u005966,search,2023-09-23
u005967,search,2023-09-01
u005968,search,2023-09-25
u005969,search,2023-09-30
u005970,search,2023-09-23
u005971,search,2023-09-30
u005972,search,2023-09-21
u005973,search,2023-09-20
u005974,search,2023-09-09
u005975,search,2023-09-18
u005976,search,2023-09-03
u005977,search,2023-09-27
u005978,search,2023-09-01
u005979,search,2023-09-10
u005980,search,2023-09-18
u005981,search,2023-09-01
u005982,search,2023-09-22
u005983,search,2023-09-10
u005984,search,2023-09-15
u005985,search,2023-09-12
u005986,search,2023-09-19
u005987,search,2023-09-19
u005988,search,2023-09-08
u005989,search,2023-09-16
u005990,search,2023-09-04
u005991,search,2023-09-03
u005992,search,2023-09-22
u005993,search,2023-09-17
u005994,search,2023-09-01
u005995,search,2023-09-28
u005996,search,2023-09-02
u005997,search,2023-09-13
u005998,search,2023-09-20
u005999,search,2023-09-03
u006000,display,2023-09-02
u006001,display,2023-09-16
u006002,display,2023-09-03
u006003,display,2023-09-09
u006004,display,2023-09-22
u006005,display,2023-09-17
u006006,display,2023-09-14
u006007,display,2023-09-28
u006008,display,2023-09-13
u006009,display,2023-09-13
u006010,display,2023-09-19
u006011,display,2023-09-13
u006012,display,2023-09-23
u006013,display,2023-09-01
u006014,display,2023-09-06
u006015,display,2023-09-11
u006016,display,2023-09-22
u006017,display,2023-09-22
u006018,display,2023-09-24
u006019,display,2023-09-11
u006020,display,2023-09-24
u006021,display,2023-09-23
u006022,display,2023-09-27
u006023,display,2023-09-06
u006024,display,2023-09-15
u006025,display,2023-09-11
u006026,display,2023-09-18
u006027,display,2023-09-20
u006028,display,2023-09-04
u006029,display,2023-09-05
u006030,display,2023-09-22
u006031,display,2023-09-22
u006032,display,2023-09-13
u006033,display,2023-09-21
u006034,display,2023-09-06
u006035,display,2023-09-28
u006036,display,2023-09-11
u006037,display,2023-09-11
u006038,display,2023-09-09
u006039,display,2023-09-25
u006040,display,2023-09-30
u006041,display,2023-09-06
u006042,display,2023-09-30
u006043,display,2023-09-15
u006044,display,2023-09-06
u006045,display,2023-09-10
u006046,display,2023-09-18
u006047,display,2023-09-25
u006048,display,2023-09-06
u006049,display,2023-09-02
u006050,display,2023-09-14
u006051,display,2023-09-04
u006052,display,2023-09-12
u006053,display,2023-09-11
u006054,display,2023-09-25
u006055,display,2023-09-13
u006056,display,2023-09-30
u006057,display,2023-09-06
u006058,display,2023-09-01
u006059,display,2023-09-23
u006060,retargeting,2023-09-24
u006061,retargeting,2023-09-28
u006062,retargeting,2023-09-29
u006063,retargeting,2023-09-10
u006064,retargeting,2023-09-10
u006065,retargeting,2023-09-07
u006066,retargeting,2023-09-06
u006067,retargeting,2023-09-03
u006068,retargeting,2023-09-16
u006069,retargeting,2023-09-02
u006070,retargeting,2023-09-02
u006071,retargeting,2023-09-14
u006072,retargeting,2023-09-23
u006073,retargeting,2023-09-09
u006074,retargeting,2023-09-16
u006075,retargeting,2023-09-03
u006076,retargeting,2023-09-12
u006077,retargeting,2023-09-18
u006078,retargeting,2023-09-14
u006079,retargeting,2023-09-19
u006080,retargeting,2023-09-20
u006081,retargeting,2023-09-09
u006082,retargeting,2023-09-06
u006083,retargeting,2023-09-01
u006084,retargeting,2023-09-07
u006085,retargeting,2023-09-05
u006086,retargeting,2023-09-14
u006087,retargeting,2023-09-16
u006088,retargeting,2023-09-06
u006089,retargeting,2023-09-16
u006090,brand,2023-09-19
u006091,brand,2023-09-22
u006092,brand,2023-09-07
u006093,brand,2023-09-02
u006094,brand,2023-09-30
u006095,brand,2023-09-18
u006096,brand,2023-09-22
u006097,brand,2023-09-19
u006098,brand,2023-09-21
u006099,brand,2023-09-08
u006100,brand,2023-09-08
u006101,brand,2023-09-19
u006102,brand,2023-09-21
u006103,brand,2023-09-05
u006104,brand,2023-09-14
u006105,brand,2023-09-11
u006106,brand,2023-09-20
u006107,brand,2023-09-26
u006108,brand,2023-09-11
u006109,brand,2023-09-26
u006110,brand,2023-09-15
u006111,brand,2023-09-20
u006112,brand,2023-09-25
u006113,brand,2023-09-18
u006114,brand,2023-09-16
u006115,brand,2023-09-27
u006116,brand,2023-09-17
u006117,brand,2023-09-13
u006118,brand,2023-09-11
u006119,brand,2023-09-25
u006120,brand,2023-09-12
u006121,brand,2023-09-22
u006122,brand,2023-09-14
u006123,brand,2023-09-07
u006124,brand,2023-09-21
u006125,brand,2023-09-17
u006126,brand,2023-09-15
u006127,brand,2023-09-06
u006128,brand,2023-09-18
u006129,brand,2023-09-25
u006130,brand,2023-09-04
u006131,brand,2023-09-22
u006132,brand,2023-09-06
u006133,brand,2023-09-15
u006134,brand,2023-09-26
u006135,brand,2023-09-25
u006136,brand,2023-09-07
u006137,brand,2023-09-15
u006138,brand,2023-09-26
u006139,brand,2023-09-10
u006140,brand,2023-09-24
u006141,brand,2023-09-13
u006142,brand,2023-09-18
u006143,brand,2023-09-11
u006144,brand,2023-09-24
u006145,brand,2023-09-18
u006146,brand,2023-09-14
u006147,brand,2023-09-26
u006148,brand,2023-09-07
u006149,brand,2023-09-30
u006150,brand,2023-09-30
u006151,brand,2023-09-10
u006152,brand,2023-09-01
u006153,brand,2023-09-06
u006154,brand,2023-09-04
u006155,brand,2023-09-25
u006156,brand,2023-09-02
u006157,brand,2023-09-07
u006158,brand,2023-09-04
u006159,brand,2023-09-04
u006160,brand,2023-09-13
u006161,brand,2023-09-04
u006162,brand,2023-09-20
u006163,brand,2023-09-18
u006164,brand,2023-09-01
u006165,brand,2023-09-23
u006166,brand,2023-09-16
u006167,brand,2023-09-14
u006168,brand,2023-09-29
u006169,brand,2023-09-08
u006170,brand,2023-09-26
u006171,brand,2023-09-05
u006172,brand,2023-09-30
u006173,brand,2023-09-04
u006174,brand,2023-09-12
u006175,brand,2023-09-29
u006176,brand,2023-09-27
u006177,brand,2023-09-07
u006178,brand,2023-09-06
u006179,brand,2023-09-26
u006180,organic,2023-09-05
u006181,organic,2023-09-02
u006182,organic,2023-09-24
u006183,organic,2023-09-24
u006184,organic,2023-09-01
u006185,organic,2023-09-16
u006186,organic,2023-09-09
u006187,organic,2023-09-09
u006188,organic,2023-09-03
u006189,organic,2023-09-15
u006190,organic,2023-09-10
u006191,organic,2023-09-12
u006192,organic,2023-09-24
u006193,organic,2023-09-11
u006194,organic,2023-09-05
u006195,organic,2023-09-03
u006196,organic,2023-09-18
u006197,organic,2023-09-29
u006198,organic,2023-09-01
u006199,organic,2023-09-08
u006200,organic,2023-09-26
u006201,organic,2023-09-22
u006202,organic,2023-09-11
u006203,organic,2023-09-04
u006204,organic,2023-09-25
u006205,organic,2023-09-13
u006206,organic,2023-09-30
u006207,organic,2023-09-27
u006208,organic,2023-09-05
u006209,organic,2023-09-19
u006210,organic,2023-09-01
u006211,organic,2023-09-12
u006212,organic,2023-09-29
u006213,organic,2023-09-09
u006214,organic,2023-09-10
u006215,organic,2023-09-21
u006216,organic,2023-09-20
u006217,organic,2023-09-23
u006218,organic,2023-09-22
u006219,organic,2023-09-19
u006220,organic,2023-09-24
u006221,organic,2023-09-22
u006222,organic,2023-09-08
u006223,organic,2023-09-13
u006224,organic,2023-09-17
u006225,organic,2023-09-22
u006226,organic,2023-09-11
u006227,organic,2023-09-21
u006228,organic,2023-09-09
u006229,organic,2023-09-18
u006230,organic,2023-09-25
u006231,organic,2023-09-23
u006232,organic,2023-09-25
u006233,organic,2023-09-16
u006234,organic,2023-09-23
u006235,organic,2023-09-05
u006236,organic,2023-09-25
u006237,organic,2023-09-01
u006238,organic,2023-09-10
u006239,organic,2023-09-16
u006240,organic,2023-09-01
u006241,organic,2023-09-30
u006242,organic,2023-09-06
u006243,organic,2023-09-19
u006244,organic,2023-09-29
u006245,organic,2023-09-12
u006246,organic,2023-09-09
u006247,organic,2023-09-17
u006248,organic,2023-09-08
u006249,organic,2023-09-17
u006250,organic,2023-09-01
u006251,organic,2023-09-02
u006252,organic,2023-09-07
u006253,organic,2023-09-19
u006254,organic,2023-09-13
u006255,organic,2023-09-27
u006256,organic,2023-09-21
u006257,organic,2023-09-11
u006258,organic,2023-09-22
u006259,organic,2023-09-06
u006260,organic,2023-09-22
u006261,organic,2023-09-11
u006262,organic,2023-09-07
u006263,organic,2023-09-09
u006264,organic,2023-09-16
u006265,organic,2023-09-14
u006266,organic,2023-09-06
u006267,organic,2023-09-27
u006268,organic,2023-09-15
u006269,organic,2023-09-25
u006270,organic,2023-09-01
u006271,organic,2023-09-05
u006272,organic,2023-09-15
u006273,organic,2023-09-11
u006274,organic,2023-09-13
u006275,organic,2023-09-18
u006276,organic,2023-09-10
u006277,organic,2023-09-24
u006278,organic,2023-09-08
u006279,organic,2023-09-21
u006280,organic,2023-09-24
u006281,organic,2023-09-23
u006282,organic,2023-09-07
u006283,organic,2023-09-15
u006284,organic,2023-09-25
u006285,organic,2023-09-15
u006286,organic,2023-09-10
u006287,organic,2023-09-01
u006288,organic,2023-09-26
u006289,organic,2023-09-26
u006290,organic,2023-09-28
u006291,organic,2023-09-16
u006292,organic,2023-09-21
u006293,organic,2023-09-09
u006294,organic,2023-09-15
u006295,organic,2023-09-14
u006296,organic,2023-09-20
u006297,organic,2023-09-10
u006298,organic,2023-09-28
u006299,organic,2023-09-04
u006300,search,2023-10-18
u006301,search,2023-10-03
u006302,search,2023-10-22
u006303,search,2023-10-18
u006304,search,2023-10-26
u006305,search,2023-10-28
u006306,search,2023-10-26
u006307,search,2023-10-11
u006308,search,2023-10-06
u006309,search,2023-10-28
u006310,search,2023-10-23
u006311,search,2023-10-24
u006312,search,2023-10-10
u006313,search,2023-10-31
u006314,search,2023-10-21
u006315,search,2023-10-20
u006316,search,2023-10-01
u006317,search,2023-10-08
u006318,search,2023-10-25
u006319,search,2023-10-13
u006320,search,2023-10-07
u006321,search,2023-10-29
u006322,search,2023-10-01
u006323,search,2023-10-24
u006324,search,2023-10-28
u006325,search,2023-10-08
u006326,search,2023-10-02
u006327,search,2023-10-06
u006328,search,2023-10-19
u006329,search,2023-10-25
u006330,search,2023-10-11
u006331,search,2023-10-29
u006332,search,2023-10-16
u006333,search,2023-10-18
u006334,search,2023-10-20
u006335,search,2023-10-31
u006336,search,2023-10-17
u006337,search,2023-10-31
u006338,search,2023-10-17
u006339,search,2023-10-28
u006340,search,2023-10-29
u006341,search,2023-10-12
u006342,search,2023-10-21
u006343,search,2023-10-05
u006344,search,2023-10-08
u006345,search,2023-10-26
u006346,search,2023-10-30
u006347,search,2023-10-15
u006348,search,2023-10-02
u006349,search,2023-10-11
u006350,search,2023-10-30
u006351,search,2023-10-17
u006352,search,2023-10-08
u006353,search,2023-10-10
u006354,search,2023-10-12
u006355,search,2023-10-06
u006356,search,2023-10-30
u006357,search,2023-10-18
u006358,search,2023-10-27
u006359,search,2023-10-07
u006360,search,2023-10-07
u006361,search,2023-10-28
u006362,search,2023-10-05
u006363,search,2023-10-18
u006364,search,2023-10-11
u006365,search,2023-10-23
u006366,search,2023-10-29
u006367,search,2023-10-09
u006368,search,2023-10-12
u006369,search,2023-10-12
u006370,search,2023-10-27
u006371,search,2023-10-16
u006372,search,2023-10-28
u006373,search,2023-10-05
u006374,search,2023-10-31
u006375,search,2023-10-25
u006376,search,2023-10-27
u006377,search,2023-10-09
u006378,search,2023-10-01
u006379,search,2023-10-30
u006380,search,2023-10-23
u006381,search,2023-10-07
u006382,search,2023-10-27
u006383,search,2023-10-22
u006384,search,2023-10-26
u006385,search,2023-10-23
u006386,search,2023-10-10
u006387,search,2023-10-11
u006388,search,2023-10-14
u006389,search,2023-10-23
u006390,search,2023-10-05
u006391,search,2023-10-12
u006392,search,2023-10-15
u006393,search,2023-10-17
u006394,search,2023-10-09
u006395,search,2023-10-08
u006396,search,2023-10-09
u006397,search,2023-10-10
u006398,search,2023-10-24
u006399,search,2023-10-27
u006400,search,2023-10-13
u006401,search,2023-10-10
u006402,search,2023-10-15
u006403,search,2023-10-18
u006404,search,2023-10-26
u006405,search,2023-10-04
u006406,search,2023-10-14
u006407,search,2023-10-27
u006408,search,2023-10-16
u006409,search,2023-10-20
u006410,search,2023-10-31
u006411,search,2023-10-05
u006412,search,2023-10-29
u006413,search,2023-10-23
u006414,search,2023-10-16
u006415,search,2023-10-08
u006416,search,2023-10-21
u006417,search,2023-10-24
u006418,search,2023-10-14
u006419,search,2023-10-09
u006420,display,2023-10-06
u006421,display,2023-10-29
u006422,display,2023-10-22
u006423,display,2023-10-02
u006424,display,2023-10-13
u006425,display,2023-10-03
u006426,display,2023-10-18
u006427,display,2023-10-25
u006428,display,2023-10-21
u006429,display,2023-10-13
u006430,display,2023-10-07
u006431,display,2023-10-25
u006432,display,2023-10-30
u006433,display,2023-10-19
u006434,display,2023-10-24
u006435,display,2023-10-16
u006436,display,2023-10-22
u006437,display,2023-10-06
u006438,display,2023-10-30
u006439,display,2023-10-27
u006440,display,2023-10-04
u006441,display,2023-10-13
u006442,display,2023-10-29
u006443,display,2023-10-13
u006444,display,2023-10-14
u006445,display,2023-10-14
u006446,display,2023-10-10
u006447,display,2023-10-09
u006448,display,2023-10-30
u006449,display,2023-10-18
u006450,display,2023-10-15
u006451,display,2023-10-26
u006452,display,2023-10-24
u006453,display,2023-10-28
u006454,display,2023-10-16
u006455,display,2023-10-03
u006456,display,2023-10-04
u006457,display,2023-10-08
u006458,display,2023-10-25
u006459,display,2023-10-29
u006460,display,2023-10-05
u006461,display,2023-10-28
u006462,display,2023-10-05
u006463,display,2023-10-03
u006464,display,2023-10-15
u006465,display,2023-10-22
u006466,display,2023-10-04
u006467,display,2023-10-01
u006468,display,2023-10-12
u006469,display,2023-10-20
u006470,display,2023-10-26
u006471,display,2023-10-15
u006472,display,2023-10-14
u006473,display,2023-10-29
u006474,display,2023-10-03
u006475,display,2023-10-21
u006476,display,2023-10-02
u006477,display,2023-10-12
u006478,display,2023-10-25
u006479,display,2023-10-11
u006480,retargeting,2023-10-18
u006481,retargeting,2023-10-04
u006482,retargeting,2023-10-18
u006483,retargeting,2023-10-24
u006484,retargeting,2023-10-22
u006485,retargeting,2023-10-04
u006486,retargeting,2023-10-01
u006487,retargeting,2023-10-11
u006488,retargeting,2023-10-09
u006489,retargeting,2023-10-18
u006490,retargeting,2023-10-11
u006491,retargeting,2023-10-12
u006492,retargeting,2023-10-02
u006493,retargeting,2023-10-23
u006494,retargeting,2023-10-27
u006495,retargeting,2023-10-09
u006496,retargeting,2023-10-27
u006497,retargeting,2023-10-18
u006498,retargeting,2023-10-04
u006499,retargeting,2023-10-09
u006500,retargeting,2023-10-08
u006501,retargeting,2023-10-17
u006502,retargeting,2023-10-05
u006503,retargeting,2023-10-25
u006504,retargeting,2023-10-06
u006505,retargeting,2023-10-26
u006506,retargeting,2023-10-29
u006507,retargeting,2023-10-08
u006508,retargeting,2023-10-24
u006509,retargeting,2023-10-03
u006510,brand,2023-10-13
u006511,brand,2023-10-02
u006512,brand,2023-10-12
u006513,brand,2023-10-26
u006514,brand,2023-10-30
u006515,brand,2023-10-04
u006516,brand,2023-10-03
u006517,brand,2023-10-01
u006518,brand,2023-10-23
u006519,brand,2023-10-20
u006520,brand,2023-10-24
u006521,brand,2023-10-23
u006522,brand,2023-10-13
u006523,brand,2023-10-20
u006524,brand,2023-10-30
u006525,brand,2023-10-20
u006526,brand,2023-10-29
u006527,brand,2023-10-10
u006528,brand,2023-10-10
u006529,brand,2023-10-21
u006530,brand,2023-10-10
u006531,brand,2023-10-13
u006532,brand,2023-10-25
u006533,brand,2023-10-27
u006534,brand,2023-10-12
u006535,brand,2023-10-24
u006536,brand,2023-10-10
u006537,brand,2023-10-25
u006538,brand,2023-10-15
u006539,brand,2023-10-13
u006540,brand,2023-10-07
u006541,brand,2023-10-24
u006542,brand,2023-10-30
u006543,brand,2023-10-30
u006544,brand,2023-10-07
u006545,brand,2023-10-06
u006546,brand,2023-10-11
u006547,brand,2023-10-22
u006548,brand,2023-10-09
u006549,brand,2023-10-06
u006550,brand,2023-10-17
u006551,brand,2023-10-18
u006552,brand,2023-10-22
u006553,brand,2023-10-12
u006554,brand,2023-10-16
u006555,brand,2023-10-02
u006556,brand,2023-10-09
u006557,brand,2023-10-15
u006558,brand,2023-10-21
u006559,brand,2023-10-02
u006560,brand,2023-10-15
u006561,brand,2023-10-29
u006562,brand,2023-10-08
u006563,brand,2023-10-12
u006564,brand,2023-10-13
u006565,brand,2023-10-31
u006566,brand,2023-10-04
u006567,brand,2023-10-21
u006568,brand,2023-10-28
u006569,brand,2023-10-03
u006570,brand,2023-10-01
u006571,brand,2023-10-10
u006572,brand,2023-10-05
u006573,brand,2023-10-30
u006574,brand,2023-10-08
u006575,brand,2023-10-13
u006576,brand,2023-10-12
u006577,brand,2023-10-19
u006578,brand,2023-10-14
u006579,brand,2023-10-28
u006580,brand,2023-10-10
u006581,brand,2023-10-27
u006582,brand,2023-10-05
u006583,brand,2023-10-17
u006584,brand,2023-10-22
u006585,brand,2023-10-08
u006586,brand,2023-10-23
u006587,brand,2023-10-01
u006588,brand,2023-10-20
u006589,brand,2023-10-18
u006590,brand,2023-10-29
u006591,brand,2023-10-29
u006592,brand,2023-10-24
u006593,brand,2023-10-21
u006594,brand,2023-10-11
u006595,brand,2023-10-04
u006596,brand,2023-10-06
u006597,brand,2023-10-04
u006598,brand,2023-10-26
u006599,brand,2023-10-06
u006600,organic,2023-10-08
u006601,organic,2023-10-19
u006602,organic,2023-10-09
u006603,organic,2023-10-16
u006604,organic,2023-10-08
u006605,organic,2023-10-20
u006606,organic,2023-10-23
u006607,organic,2023-10-13
u006608,organic,2023-10-11
u006609,organic,2023-10-28
u006610,organic,2023-10-25
u006611,organic,2023-10-25
u006612,organic,2023-10-25
u006613,organic,2023-10-28
u006614,organic,2023-10-09
u006615,organic,2023-10-21
u006616,organic,2023-10-22
u006617,organic,2023-10-18
u006618,organic,2023-10-02
u006619,organic,2023-10-20
u006620,organic,2023-10-17
u006621,organic,2023-10-27
u006622,organic,2023-10-19
u006623,organic,2023-10-15
u006624,organic,2023-10-06
u006625,organic,2023-10-06
u006626,organic,2023-10-21
u006627,organic,2023-10-12
u006628,organic,2023-10-31
u006629,organic,2023-10-25
u006630,organic,2023-10-29
u006631,organic,2023-10-18
u006632,organic,2023-10-18
u006633,organic,2023-10-26
u006634,organic,2023-10-21
u006635,organic,2023-10-03
u006636,organic,2023-10-25
u006637,organic,2023-10-13
u006638,organic,2023-10-03
u006639,organic,2023-10-30
u006640,organic,2023-10-30
u006641,organic,2023-10-28
u006642,organic,2023-10-07
u006643,organic,2023-10-09
u006644,organic,2023-10-03
u006645,organic,2023-10-06
u006646,organic,2023-10-28
u006647,organic,2023-10-04
u006648,organic,2023-10-18
u006649,organic,2023-10-07
u006650,organic,2023-10-02
u006651,organic,2023-10-16
u006652,organic,2023-10-22
u006653,organic,2023-10-04
u006654,organic,2023-10-09
u006655,organic,2023-10-12
u006656,organic,2023-10-25
u006657,organic,2023-10-06
u006658,organic,2023-10-26
u006659,organic,2023-10-09
u006660,organic,2023-10-09
u006661,organic,2023-10-14
u006662,organic,2023-10-26
u006663,organic,2023-10-29
u006664,organic,2023-10-31
u006665,organic,2023-10-08
u006666,organic,2023-10-11
u006667,organic,2023-10-08
u006668,organic,2023-10-24
u006669,organic,2023-10-25
u006670,organic,2023-10-28
u006671,organic,2023-10-28
u006672,organic,2023-10-19
u006673,organic,2023-10-02
u006674,organic,2023-10-29
u006675,organic,2023-10-23
u006676,organic,2023-10-02
u006677,organic,2023-10-16
u006678,organic,2023-10-10
u006679,organic,2023-10-15
u006680,organic,2023-10-12
u006681,organic,2023-10-17
u006682,organic,2023-10-25
u006683,organic,2023-10-29
u006684,organic,2023-10-22
u006685,organic,2023-10-21
u006686,organic,2023-10-08
u006687,organic,2023-10-11
u006688,organic,2023-10-31
u006689,organic,2023-10-03
u006690,organic,2023-10-23
u006691,organic,2023-10-01
u006692,organic,2023-10-04
u006693,organic,2023-10-18
u006694,organic,2023-10-01
u006695,organic,2023-10-23
u006696,organic,2023-10-22
u006697,organic,2023-10-06
u006698,organic,2023-10-08
u006699,organic,2023-10-30
u006700,organic,2023-10-28
u006701,organic,2023-10-07
u006702,organic,2023-10-31
u006703,organic,2023-10-16
u006704,organic,2023-10-10
u006705,organic,2023-10-11
u006706,organic,2023-10-24
u006707,organic,2023-10-27
u006708,organic,2023-10-31
u006709,organic,2023-10-22
u006710,organic,2023-10-09
u006711,organic,2023-10-18
u006712,organic,2023-10-01
u006713,organic,2023-10-27
u006714,organic,2023-10-01
u006715,organic,2023-10-13
u006716,organic,2023-10-14
u006717,organic,2023-10-21
u006718,organic,2023-10-04
u006719,organic,2023-10-14
u006720,search,2023-11-23
u006721,search,2023-11-03
u006722,search,2023-11-27
u006723,search,2023-11-13
u006724,search,2023-11-27
u006725,search,2023-11-02
u006726,search,2023-11-28
u006727,search,2023-11-11
u006728,search,2023-11-20
u006729,search,2023-11-22
u006730,search,2023-11-10
u006731,search,2023-11-23
u006732,search,2023-11-18
u006733,search,2023-11-02
u006734,search,2023-11-27
u006735,search,2023-11-20
u006736,search,2023-11-30
u006737,search,2023-11-08
u006738,search,2023-11-22
u006739,search,2023-11-09
u006740,search,2023-11-21
u006741,search,2023-11-06
u006742,search,2023-11-20
u006743,search,2023-11-12
u006744,search,2023-11-26
u006745,search,2023-11-07
u006746,search,2023-11-14
u006747,search,2023-11-17
u006748,search,2023-11-12
u006749,search,2023-11-03
u006750,search,2023-11-21
u006751,search,2023-11-28
u006752,search,2023-11-01
u006753,search,2023-11-26
u006754,search,2023-11-13
u006755,search,2023-11-19
u006756,search,2023-11-20
u006757,search,2023-11-09
u006758,search,2023-11-13
u006759,search,2023-11-22
u006760,search,2023-11-09
u006761,search,2023-11-01
u006762,search,2023-11-15
u006763,search,2023-11-23
u006764,search,2023-11-19
u006765,search,2023-11-03
u006766,search,2023-11-28
u006767,search,2023-11-07
u006768,search,2023-11-16
u006769,search,2023-11-13
u006770,search,2023-11-22
u006771,search,2023-11-19
u006772,search,2023-11-08
u006773,search,2023-11-09
u006774,search,2023-11-23
u006775,search,2023-11-05
u006776,search,2023-11-21
u006777,search,2023-11-02
u006778,search,2023-11-02
u006779,search,2023-11-11
u006780,search,2023-11-10
u006781,search,2023-11-12
u006782,search,2023-11-01
u006783,search,2023-11-09
u006784,search,2023-11-05
u006785,search,2023-11-29
u006786,search,2023-11-08
u006787,search,2023-11-02
u006788,search,2023-11-16
u006789,search,2023-11-01
u006790,search,2023-11-15
u006791,search,2023-11-25
u006792,search,2023-11-21
u006793,search,2023-11-12
u006794,search,2023-11-29
u006795,search,2023-11-24
u006796,search,2023-11-01
u006797,search,2023-11-25
u006798,search,2023-11-03
u006799,search,2023-11-09
u006800,search,2023-11-03
u006801,search,2023-11-25
u006802,search,2023-11-04
u006803,search,2023-11-15
u006804,search,2023-11-18
u006805,search,2023-11-15
u006806,search,2023-11-23
u006807,search,2023-11-22
u006808,search,2023-11-30
u006809,search,2023-11-13
u006810,search,2023-11-06
u006811,search,2023-11-01
u006812,search,2023-11-29
u006813,search,2023-11-18
u006814,search,2023-11-05
u006815,search,2023-11-06
u006816,search,2023-11-05
u006817,search,2023-11-16
u006818,search,2023-11-07
u006819,search,2023-11-08
u006820,search,2023-11-26
u006821,search,2023-11-08
u006822,search,2023-11-29
u006823,search,2023-11-14
u006824,search,2023-11-13
u006825,search,2023-11-16
u006826,search,2023-11-06
u006827,search,2023-11-20
u006828,search,2023-11-16
u006829,search,2023-11-13
u006830,search,2023-11-09
u006831,search,2023-11-26
u006832,search,2023-11-05
u006833,search,2023-11-01
u006834,search,2023-11-23
u006835,search,2023-11-07
u006836,search,2023-11-17
u006837,search,2023-11-22
u006838,search,2023-11-02
u006839,search,2023-11-15
u006840,display,2023-11-10
u006841,display,2023-11-02
u006842,display,2023-11-02
u006843,display,2023-11-27
u006844,display,2023-11-26
u006845,display,2023-11-16
u006846,display,2023-11-27
u006847,display,2023-11-25
u006848,display,2023-11-02
u006849,display,2023-11-29
u006850,display,2023-11-02
u006851,display,2023-11-11
u006852,display,2023-11-02
u006853,display,2023-11-04
u006854,display,2023-11-17
u006855,display,2023-11-09
u006856,display,2023-11-07
u006857,display,2023-11-08
u006858,display,2023-11-08
u006859,display,2023-11-15
u006860,display,2023-11-28
u006861,display,2023-11-05
u006862,display,2023-11-08
u006863,display,2023-11-10
u006864,display,2023-11-04
u006865,display,2023-11-28
u006866,display,2023-11-03
u006867,display,2023-11-13
u006868,display,2023-11-14
u006869,display,2023-11-09
u006870,display,2023-11-21
u006871,display,2023-11-02
u006872,display,2023-11-20
u006873,display,2023-11-13
u006874,display,2023-11-15
u006875,display,2023-11-27
u006876,display,2023-11-17
u006877,display,2023-11-10
u006878,display,2023-11-10
u006879,display,2023-11-20
u006880,display,2023-11-28
u006881,display,2023-11-09
u006882,display,2023-11-12
u006883,display,2023-11-06
u006884,display,2023-11-09
u006885,display,2023-11-21
u006886,display,2023-11-17
u006887,display,2023-11-07
u006888,display,2023-11-18
u006889,display,2023-11-27
u006890,display,2023-11-09
u006891,display,2023-11-15
u006892,display,2023-11-03
u006893,display,2023-11-20
u006894,display,2023-11-20
u006895,display,2023-11-04
u006896,display,2023-11-06
u006897,display,2023-11-16
u006898,display,2023-11-03
u006899,display,2023-11-25
u006900,retargeting,2023-11-13
u006901,retargeting,2023-11-13
u006902,retargeting,2023-11-25
u006903,retargeting,2023-11-11
u006904,retargeting,2023-11-04
u006905,retargeting,2023-11-23
u006906,retargeting,2023-11-30
u006907,retargeting,2023-11-16
u006908,retargeting,2023-11-21
u006909,retargeting,2023-11-13
u006910,retargeting,2023-11-18
u006911,retargeting,2023-11-11
u006912,retargeting,2023-11-08
u006913,retargeting,2023-11-10
u006914,retargeting,2023-11-04
u006915,retargeting,2023-11-04
u006916,retargeting,2023-11-30
u006917,retargeting,2023-11-14
u006918,retargeting,2023-11-17
u006919,retargeting,2023-11-05
u006920,retargeting,2023-11-19
u006921,retargeting,2023-11-22
u006922,retargeting,2023-11-08
u006923,retargeting,2023-11-08
u006924,retargeting,2023-11-16
u006925,retargeting,2023-11-15
u006926,retargeting,2023-11-30
u006927,retargeting,2023-11-24
u006928,retargeting,2023-11-30
u006929,retargeting,2023-11-18
u006930,brand,2023-11-06
u006931,brand,2023-11-12
u006932,brand,2023-11-11
u006933,brand,2023-11-07
u006934,brand,2023-11-30
u006935,brand,2023-11-01
u006936,brand,2023-11-19
u006937,brand,2023-11-30
u006938,brand,2023-11-26
u006939,brand,2023-11-29
u006940,brand,2023-11-17
u006941,brand,2023-11-09
u006942,brand,2023-11-07
u006943,brand,2023-11-25
u006944,brand,2023-11-26
u006945,brand,2023-11-09
u006946,brand,2023-11-25
u006947,brand,2023-11-03
u006948,brand,2023-11-13
u006949,brand,2023-11-13
u006950,brand,2023-11-04
u006951,brand,2023-11-25
u006952,brand,2023-11-23
u006953,brand,2023-11-10
u006954,brand,2023-11-24
u006955,brand,2023-11-03
u006956,brand,2023-11-14
u006957,brand,2023-11-13
u006958,brand,2023-11-07
u006959,brand,2023-11-10
u006960,brand,2023-11-10
u006961,brand,2023-11-03
u006962,brand,2023-11-06
u006963,brand,2023-11-15
u006964,brand,2023-11-07
u006965,brand,2023-11-12
u006966,brand,2023-11-30
u006967,brand,2023-11-28
u006968,brand,2023-11-21
u006969,brand,2023-11-14
u006970,brand,2023-11-04
u006971,brand,2023-11-29
u006972,brand,2023-11-26
u006973,brand,2023-11-10
u006974,brand,2023-11-04
u006975,brand,2023-11-19
u006976,brand,2023-11-27
u006977,brand,2023-11-07
u006978,brand,2023-11-26
u006979,brand,2023-11-04
u006980,brand,2023-11-20
u006981,brand,2023-11-27
u006982,brand,2023-11-20
u006983,brand,2023-11-16
u006984,brand,2023-11-25
u006985,brand,2023-11-27
u006986,brand,2023-11-10
u006987,brand,2023-11-02
u006988,brand,2023-11-26
u006989,brand,2023-11-30
u006990,brand,2023-11-07
u006991,brand,2023-11-21
u006992,brand,2023-11-20
u006993,brand,2023-11-02
u006994,brand,2023-11-12
u006995,brand,2023-11-22
u006996,brand,2023-11-18
u006997,brand,2023-11-01
u006998,brand,2023-11-01
u006999,brand,2023-11-05
u007000,brand,2023-11-17
u007001,brand,2023-11-17
u007002,brand,2023-11-10
u007003,brand,2023-11-27
u007004,brand,2023-11-04
u007005,brand,2023-11-03
u007006,brand,2023-11-05
u007007,brand,2023-11-25
u007008,brand,2023-11-02
u007009,brand,2023-11-11
u007010,brand,2023-11-18
u007011,brand,2023-11-15
u007012,brand,2023-11-05
u007013,brand,2023-11-22
u007014,brand,2023-11-10
u007015,brand,2023-11-08
u007016,brand,2023-11-05
u007017,brand,2023-11-25
u007018,brand,2023-11-26
u007019,brand,2023-11-30
u007020,organic,2023-11-26
u007021,organic,2023-11-10
u007022,organic,2023-11-30
u007023,organic,2023-11-16
u007024,organic,2023-11-24
u007025,organic,2023-11-16
u007026,organic,2023-11-05
u007027,organic,2023-11-22
u007028,organic,2023-11-08
u007029,organic,2023-11-23
u007030,organic,2023-11-09
u007031,organic,2023-11-09
u007032,organic,2023-11-20
u007033,organic,2023-11-29
u007034,organic,2023-11-15
u007035,organic,2023-11-09
u007036,organic,2023-11-20
u007037,organic,2023-11-24
u007038,organic,2023-11-18
u007039,organic,2023-11-03
u007040,organic,2023-11-07
u007041,organic,2023-11-23
u007042,organic,2023-11-17
u007043,organic,2023-11-23
u007044,organic,2023-11-18
u007045,organic,2023-11-22
u007046,organic,2023-11-19
u007047,organic,2023-11-17
u007048,organic,2023-11-16
u007049,organic,2023-11-24
u007050,organic,2023-11-08
u007051,organic,2023-11-19
u007052,organic,2023-11-04
u007053,organic,2023-11-02
u007054,organic,2023-11-03
u007055,organic,2023-11-02
u007056,organic,2023-11-01
u007057,organic,2023-11-21
u007058,organic,2023-11-14
u007059,organic,2023-11-12
u007060,organic,2023-11-17
u007061,organic,2023-11-01
u007062,organic,2023-11-24
u007063,organic,2023-11-26
u007064,organic,2023-11-23
u007065,organic,2023-11-12
u007066,organic,2023-11-09
u007067,organic,2023-11-04
u007068,organic,2023-11-11
u007069,organic,2023-11-29
u007070,organic,2023-11-19
u007071,organic,2023-11-16
u007072,organic,2023-11-23
u007073,organic,2023-11-28
u007074,organic,2023-11-28
u007075,organic,2023-11-10
u007076,organic,2023-11-20
u007077,organic,2023-11-02
u007078,organic,2023-11-30
u007079,organic,2023-11-24
u007080,organic,2023-11-17
u007081,organic,2023-11-20
u007082,organic,2023-11-23
u007083,organic,2023-11-30
u007084,organic,2023-11-24
u007085,organic,2023-11-18
u007086,organic,2023-11-24
u007087,organic,2023-11-28
u007088,organic,2023-11-28
u007089,organic,2023-11-28
u007090,organic,2023-11-11
u007091,organic,2023-11-04
u007092,organic,2023-11-03
u007093,organic,2023-11-06
u007094,organic,2023-11-08
u007095,organic,2023-11-30
u007096,organic,2023-11-25
u007097,organic,2023-11-12
u007098,organic,2023-11-01
u007099,organic,2023-11-10
u007100,organic,2023-11-22
u007101,organic,2023-11-23
u007102,organic,2023-11-19
u007103,organic,2023-11-21
u007104,organic,2023-11-20
u007105,organic,2023-11-23
u007106,organic,2023-11-11
u007107,organic,2023-11-06
u007108,organic,2023-11-07
u007109,organic,2023-11-13
u007110,organic,2023-11-03
u007111,organic,2023-11-03
u007112,organic,2023-11-25
u007113,organic,2023-11-24
u007114,organic,2023-11-23
u007115,organic,2023-11-17
u007116,organic,2023-11-04
u007117,organic,2023-11-23
u007118,organic,2023-11-14
u007119,organic,2023-11-08
u007120,organic,2023-11-09
u007121,organic,2023-11-05
u007122,organic,2023-11-13
u007123,organic,2023-11-19
u007124,organic,2023-11-02
u007125,organic,2023-11-02
u007126,organic,2023-11-28
u007127,organic,2023-11-12
u007128,organic,2023-11-15
u007129,organic,2023-11-13
u007130,organic,2023-11-23
u007131,organic,2023-11-28
u007132,organic,2023-11-30
u007133,organic,2023-11-06
u007134,organic,2023-11-25
u007135,organic,2023-11-17
u007136,organic,2023-11-09
u007137,organic,2023-11-16
u007138,organic,2023-11-19
u007139,organic,2023-11-13
u007140,search,2023-12-30
u007141,search,2023-12-12
u007142,search,2023-12-11
u007143,search,2023-12-30
u007144,search,2023-12-25
u007145,search,2023-12-12
u007146,search,2023-12-11
u007147,search,2023-12-27
u007148,search,2023-12-17
u007149,search,2023-12-02
u007150,search,2023-12-09
u007151,search,2023-12-24
u007152,search,2023-12-19
u007153,search,2023-12-02
u007154,search,2023-12-19
u007155,search,2023-12-10
u007156,search,2023-12-03
u007157,search,2023-12-17
u007158,search,2023-12-12
u007159,search,2023-12-05
u007160,search,2023-12-05
u007161,search,2023-12-07
u007162,search,2023-12-28
u007163,search,2023-12-25
u007164,search,2023-12-06
u007165,search,2023-12-26
u007166,search,2023-12-31
u007167,search,2023-12-28
u007168,search,2023-12-02
u007169,search,2023-12-25
u007170,search,2023-12-17
u007171,search,2023-12-08
u007172,search,2023-12-08
u007173,search,2023-12-19
u007174,search,2023-12-13
u007175,search,2023-12-01
u007176,search,2023-12-30
u007177,search,2023-12-24
u007178,search,2023-12-01
u007179,search,2023-12-17
u007180,search,2023-12-08
u007181,search,2023-12-10
u007182,search,2023-12-28
u007183,search,2023-12-02
u007184,search,2023-12-07
u007185,search,2023-12-19
u007186,search,2023-12-17
u007187,search,2023-12-17
u007188,search,2023-12-22
u007189,search,2023-12-24
u007190,search,2023-12-30
u007191,search,2023-12-11
u007192,search,2023-12-31
u007193,search,2023-12-07
u007194,search,2023-12-08
u007195,search,2023-12-05
u007196,search,2023-12-23
u007197,search,2023-12-04
u007198,search,2023-12-19
u007199,search,2023-12-29
u007200,search,2023-12-17
u007201,search,2023-12-24
u007202,search,2023-12-28
u007203,search,2023-12-13
u007204,search,2023-12-20
u007205,search,2023-12-15
u007206,search,2023-12-15
u007207,search,2023-12-23
u007208,search,2023-12-30
u007209,search,2023-12-07
u007210,search,2023-12-01
u007211,search,2023-12-17
u007212,search,2023-12-27
u007213,search,2023-12-26
u007214,search,2023-12-04
u007215,search,2023-12-21
u007216,search,2023-12-15
u007217,search,2023-12-31
u007218,search,2023-12-31
u007219,search,2023-12-24
u007220,search,2023-12-14
u007221,search,2023-12-05
u007222,search,2023-12-25
u007223,search,2023-12-20
u007224,search,2023-12-12
u007225,search,2023-12-14
u007226,search,2023-12-01
u007227,search,2023-12-07
u007228,search,2023-12-19
u007229,search,2023-12-25
u007230,search,2023-12-22
u007231,search,2023-12-19
u007232,search,2023-12-30
u007233,search,2023-12-18
u007234,search,2023-12-09
u007235,search,2023-12-20
u007236,search,2023-12-10
u007237,search,2023-12-07
u007238,search,2023-12-12
u007239,search,2023-12-28
u007240,search,2023-12-25
u007241,search,2023-12-21
u007242,search,2023-12-07
u007243,search,2023-12-09
u007244,search,2023-12-07
u007245,search,2023-12-27
u007246,search,2023-12-29
u007247,search,2023-12-15
u007248,search,2023-12-02
u007249,search,2023-12-24
u007250,search,2023-12-17
u007251,search,2023-12-08
u007252,search,2023-12-23
u007253,search,2023-12-28
u007254,search,2023-12-25
u007255,search,2023-12-23
u007256,search,2023-12-27
u007257,search,2023-12-01
u007258,search,2023-12-14
u007259,search,2023-12-20
u007260,display,2023-12-03
u007261,display,2023-12-05
u007262,display,2023-12-16
u007263,display,2023-12-12
u007264,display,2023-12-19
u007265,display,2023-12-13
u007266,display,2023-12-28
u007267,display,2023-12-14
u007268,display,2023-12-18
u007269,display,2023-12-08
u007270,display,2023-12-09
u007271,display,2023-12-20
u007272,display,2023-12-08
u007273,display,2023-12-11
u007274,display,2023-12-07
u007275,display,2023-12-05
u007276,display,2023-12-11
u007277,display,2023-12-21
u007278,display,2023-12-31
u007279,display,2023-12-04
u007280,display,2023-12-12
u007281,display,2023-12-18
u007282,display,2023-12-01
u007283,display,2023-12-06
u007284,display,2023-12-15
u007285,display,2023-12-31
u007286,display,2023-12-14
u007287,display,2023-12-05
u007288,display,2023-12-15
u007289,display,2023-12-20
u007290,display,2023-12-26
u007291,display,2023-12-12
u007292,display,2023-12-11
u007293,display,2023-12-29
u007294,display,2023-12-08
u007295,display,2023-12-28
u007296,display,2023-12-30
u007297,display,2023-12-15
u007298,display,2023-12-20
u007299,display,2023-12-22
u007300,display,2023-12-12
u007301,display,2023-12-14
u007302,display,2023-12-28
u007303,display,2023-12-30
u007304,display,2023-12-19
u007305,display,2023-12-28
u007306,display,2023-12-03
u007307,display,2023-12-27
u007308,display,2023-12-22
u007309,display,2023-12-28
u007310,display,2023-12-05
u007311,display,2023-12-29
u007312,display,2023-12-21
u007313,display,2023-12-09
u007314,display,2023-12-04
u007315,display,2023-12-23
u007316,display,2023-12-12
u007317,display,2023-12-18
u007318,display,2023-12-10
u007319,display,2023-12-31
u007320,retargeting,2023-12-13
u007321,retargeting,2023-12-31
u007322,retargeting,2023-12-05
u007323,retargeting,2023-12-07
u007324,retargeting,2023-12-27
u007325,retargeting,2023-12-12
u007326,retargeting,2023-12-22
u007327,retargeting,2023-12-01
u007328,retargeting,2023-12-05
u007329,retargeting,2023-12-11
u007330,retargeting,2023-12-05
u007331,retargeting,2023-12-27
u007332,retargeting,2023-12-06
u007333,retargeting,2023-12-03
u007334,retargeting,2023-12-02
u007335,retargeting,2023-12-10
u007336,retargeting,2023-12-10
u007337,retargeting,2023-12-31
u007338,retargeting,2023-12-26
u007339,retargeting,2023-12-07
u007340,retargeting,2023-12-10
u007341,retargeting,2023-12-10
u007342,retargeting,2023-12-18
u007343,retargeting,2023-12-13
u007344,retargeting,2023-12-13
u007345,retargeting,2023-12-12
u007346,retargeting,2023-12-11
u007347,retargeting,2023-12-23
u007348,retargeting,2023-12-23
u007349,retargeting,2023-12-05
u007350,brand,2023-12-07
u007351,brand,2023-12-11
u007352,brand,2023-12-23
u007353,brand,2023-12-24
u007354,brand,2023-12-30
u007355,brand,2023-12-27
u007356,brand,2023-12-26
u007357,brand,2023-12-18
u007358,brand,2023-12-25
u007359,brand,2023-12-01
u007360,brand,2023-12-27
u007361,brand,2023-12-20
u007362,brand,2023-12-03
u007363,brand,2023-12-03
u007364,brand,2023-12-06
u007365,brand,2023-12-21
u007366,brand,2023-12-15
u007367,brand,2023-12-01
u007368,brand,2023-12-09
u007369,brand,2023-12-14
u007370,brand,2023-12-08
u007371,brand,2023-12-18
u007372,brand,2023-12-06
u007373,brand,2023-12-08
u007374,brand,2023-12-06
u007375,brand,2023-12-25
u007376,brand,2023-12-07
u007377,brand,2023-12-10
u007378,brand,2023-12-08
u007379,brand,2023-12-04
u007380,brand,2023-12-14
u007381,brand,2023-12-03
u007382,brand,2023-12-24
u007383,brand,2023-12-27
u007384,brand,2023-12-27
u007385,brand,2023-12-04
u007386,brand,2023-12-12
u007387,brand,2023-12-08
u007388,brand,2023-12-30
u007389,brand,2023-12-07
u007390,brand,2023-12-03
u007391,brand,2023-12-24
u007392,brand,2023-12-20
u007393,brand,2023-12-28
u007394,brand,2023-12-27
u007395,brand,2023-12-26
u007396,brand,2023-12-17
u007397,brand,2023-12-15
u007398,brand,2023-12-30
u007399,brand,2023-12-22
u007400,brand,2023-12-18
u007401,brand,2023-12-21
u007402,brand,2023-12-30
u007403,brand,2023-12-11
u007404,brand,2023-12-21
u007405,brand,2023-12-30
u007406,brand,2023-12-02
u007407,brand,2023-12-08
u007408,brand,2023-12-25
u007409,brand,2023-12-10
u007410,brand,2023-12-12
u007411,brand,2023-12-21
u007412,brand,2023-12-26
u007413,brand,2023-12-26
u007414,brand,2023-12-06
u007415,brand,2023-12-28
u007416,brand,2023-12-05
u007417,brand,2023-12-07
u007418,brand,2023-12-13
u007419,brand,2023-12-06
u007420,brand,2023-12-10
u007421,brand,2023-12-29
u007422,brand,2023-12-16
u007423,brand,2023-12-10
u007424,brand,2023-12-19
u007425,brand,2023-12-12
u007426,brand,2023-12-13
u007427,brand,2023-12-20
u007428,brand,2023-12-30
u007429,brand,2023-12-15
u007430,brand,2023-12-08
u007431,brand,2023-12-24
u007432,brand,2023-12-06
u007433,brand,2023-12-29
u007434,brand,2023-12-18
u007435,brand,2023-12-19
u007436,brand,2023-12-07
u007437,brand,2023-12-14
u007438,brand,2023-12-23
u007439,brand,2023-12-07
u007440,organic,2023-12-27
u007441,organic,2023-12-11
u007442,organic,2023-12-17
u007443,organic,2023-12-08
u007444,organic,2023-12-28
u007445,organic,2023-12-11
u007446,organic,2023-12-17
u007447,organic,2023-12-28
u007448,organic,2023-12-13
u007449,organic,2023-12-21
u007450,organic,2023-12-28
u007451,organic,2023-12-22
u007452,organic,2023-12-15
u007453,organic,2023-12-02
u007454,organic,2023-12-04
u007455,organic,2023-12-03
u007456,organic,2023-12-08
u007457,organic,2023-12-27
u007458,organic,2023-12-18
u007459,organic,2023-12-16
u007460,organic,2023-12-09
u007461,organic,2023-12-10
u007462,organic,2023-12-18
u007463,organic,2023-12-16
u007464,organic,2023-12-11
u007465,organic,2023-12-28
u007466,organic,2023-12-12
u007467,organic,2023-12-05
u007468,organic,2023-12-09
u007469,organic,2023-12-11
u007470,organic,2023-12-17
u007471,organic,2023-12-01
u007472,organic,2023-12-31
u007473,organic,2023-12-03
u007474,organic,2023-12-05
u007475,organic,2023-12-16
u007476,organic,2023-12-08
u007477,organic,2023-12-29
u007478,organic,2023-12-10
u007479,organic,2023-12-27
u007480,organic,2023-12-25
u007481,organic,2023-12-08
u007482,organic,2023-12-12
u007483,organic,2023-12-21
u007484,organic,2023-12-28
u007485,organic,2023-12-19
u007486,organic,2023-12-16
u007487,organic,2023-12-03
u007488,organic,2023-12-03
u007489,organic,2023-12-16
u007490,organic,2023-12-13
u007491,organic,2023-12-12
u007492,organic,2023-12-15
u007493,organic,2023-12-21
u007494,organic,2023-12-10
u007495,organic,2023-12-06
u007496,organic,2023-12-08
u007497,organic,2023-12-14
u007498,organic,2023-12-11
u007499,organic,2023-12-09
u007500,organic,2023-12-17
u007501,organic,2023-12-31
u007502,organic,2023-12-29
u007503,organic,2023-12-09
u007504,organic,2023-12-15
u007505,organic,2023-12-21
u007506,organic,2023-12-09
u007507,organic,2023-12-20
u007508,organic,2023-12-08
u007509,organic,2023-12-24
u007510,organic,2023-12-12
u007511,organic,2023-12-21
u007512,organic,2023-12-13
u007513,organic,2023-12-17
u007514,organic,2023-12-31
u007515,organic,2023-12-28
u007516,organic,2023-12-31
u007517,organic,2023-12-09
u007518,organic,2023-12-05
u007519,organic,2023-12-19
u007520,organic,2023-12-19
u007521,organic,2023-12-05
u007522,organic,2023-12-03
u007523,organic,2023-12-08
u007524,organic,2023-12-29
u007525,organic,2023-12-04
u007526,organic,2023-12-19
u007527,organic,2023-12-07
u007528,organic,2023-12-07
u007529,organic,2023-12-27
u007530,organic,2023-12-19
u007531,organic,2023-12-13
u007532,organic,2023-12-04
u007533,organic,2023-12-08
u007534,organic,2023-12-30
u007535,organic,2023-12-23
u007536,organic,2023-12-25
u007537,organic,2023-12-23
u007538,organic,2023-12-03
u007539,organic,2023-12-04
u007540,organic,2023-12-22
u007541,organic,2023-12-13
u007542,organic,2023-12-17
u007543,organic,2023-12-18
u007544,organic,2023-12-04
u007545,organic,2023-12-07
u007546,organic,2023-12-28
u007547,organic,2023-12-29
u007548,organic,2023-12-01
u007549,organic,2023-12-22
u007550,organic,2023-12-16
u007551,organic,2023-12-18
u007552,organic,2023-12-20
u007553,organic,2023-12-06
u007554,organic,2023-12-03
u007555,organic,2023-12-01
u007556,organic,2023-12-25
u007557,organic,2023-12-25
u007558,organic,2023-12-14
u007559,organic,2023-12-17
u007560,search,2024-01-01
u007561,search,2024-01-21
u007562,search,2024-01-01
u007563,search,2024-01-02
u007564,search,2024-01-08
u007565,search,2024-01-01
u007566,search,2024-01-12
u007567,search,2024-01-27
u007568,search,2024-01-25
u007569,search,2024-01-30
u007570,search,2024-01-12
u007571,search,2024-01-30
u007572,search,2024-01-30
u007573,search,2024-01-02
u007574,search,2024-01-13
u007575,search,2024-01-09
u007576,search,2024-01-15
u007577,search,2024-01-12
u007578,search,2024-01-13
u007579,search,2024-01-16
u007580,search,2024-01-06
u007581,search,2024-01-22
u007582,search,2024-01-16
u007583,search,2024-01-17
u007584,search,2024-01-13
u007585,search,2024-01-23
u007586,search,2024-01-24
u007587,search,2024-01-06
u007588,search,2024-01-27
u007589,search,2024-01-16
u007590,search,2024-01-02
u007591,search,2024-01-22
u007592,search,2024-01-10
u007593,search,2024-01-08
u007594,search,2024-01-25
u007595,search,2024-01-13
u007596,search,2024-01-19
u007597,search,2024-01-27
u007598,search,2024-01-31
u007599,search,2024-01-28
u007600,search,2024-01-17
u007601,search,2024-01-11
u007602,search,2024-01-15
u007603,search,2024-01-08
u007604,search,2024-01-15
u007605,search,2024-01-29
u007606,search,2024-01-10
u007607,search,2024-01-24
u007608,search,2024-01-30
u007609,search,2024-01-25
u007610,search,2024-01-10
u007611,search,2024-01-01
u007612,search,2024-01-17
u007613,search,2024-01-05
u007614,search,2024-01-05
u007615,search,2024-01-24
u007616,search,2024-01-23
u007617,search,2024-01-01
u007618,search,2024-01-16
u007619,search,2024-01-04
u007620,search,2024-01-02
u007621,search,2024-01-10
u007622,search,2024-01-12
u007623,search,2024-01-04
u007624,search,2024-01-22
u007625,search,2024-01-29
u007626,search,2024-01-31
u007627,search,2024-01-18
u007628,search,2024-01-16
u007629,search,2024-01-19
u007630,search,2024-01-14
u007631,search,2024-01-23
u007632,search,2024-01-23
u007633,search,2024-01-29
u007634,search,2024-01-02
u007635,search,2024-01-24
u007636,search,2024-01-15
u007637,search,2024-01-25
u007638,search,2024-01-27
u007639,search,2024-01-23
u007640,search,2024-01-18
u007641,search,2024-01-01
u007642,search,2024-01-27
u007643,search,2024-01-15
u007644,search,2024-01-19
u007645,search,2024-01-23
u007646,search,2024-01-17
u007647,search,2024-01-28
u007648,search,2024-01-03
u007649,search,2024-01-30
u007650,search,2024-01-11
u007651,search,2024-01-01
u007652,search,2024-01-24
u007653,search,2024-01-26
u007654,search,2024-01-31
u007655,search,2024-01-21
u007656,search,2024-01-15
u007657,search,2024-01-31
u007658,search,2024-01-20
u007659,search,2024-01-19
u007660,search,2024-01-18
u007661,search,2024-01-21
u007662,search,2024-01-05
u007663,search,2024-01-29
u007664,search,2024-01-19
u007665,search,2024-01-04
u007666,search,2024-01-26
u007667,search,2024-01-20
u007668,search,2024-01-02
u007669,search,2024-01-01
u007670,search,2024-01-23
u007671,search,2024-01-30
u007672,search,2024-01-11
u007673,search,2024-01-06
u007674,search,2024-01-31
u007675,search,2024-01-10
u007676,search,2024-01-07
u007677,search,2024-01-25
u007678,search,2024-01-15
u007679,search,2024-01-15
u007680,display,2024-01-11
u007681,display,2024-01-14
u007682,display,2024-01-20
u007683,display,2024-01-30
u007684,display,2024-01-24
u007685,display,2024-01-24
u007686,display,2024-01-21
u007687,display,2024-01-08
u007688,display,2024-01-25
u007689,display,2024-01-29
u007690,display,2024-01-12
u007691,display,2024-01-26
u007692,display,2024-01-15
u007693,display,2024-01-05
u007694,display,2024-01-11
u007695,display,2024-01-17
u007696,display,2024-01-27
u007697,display,2024-01-26
u007698,display,2024-01-08
u007699,display,2024-01-18
u007700,display,2024-01-04
u007701,display,2024-01-25
u007702,display,2024-01-22
u007703,display,2024-01-03
u007704,display,2024-01-12
u007705,display,2024-01-18
u007706,display,2024-01-02
u007707,display,2024-01-29
u007708,display,2024-01-22
u007709,display,2024-01-07
u007710,display,2024-01-19
u007711,display,2024-01-23
u007712,display,2024-01-10
u007713,display,2024-01-30
u007714,display,2024-01-29
u007715,display,2024-01-02
u007716,display,2024-01-16
u007717,display,2024-01-29
u007718,display,2024-01-17
u007719,display,2024-01-13
u007720,display,2024-01-26
u007721,display,2024-01-08
u007722,display,2024-01-03
u007723,display,2024-01-12
u007724,display,2024-01-12
u007725,display,2024-01-31
u007726,display,2024-01-29
u007727,display,2024-01-28
u007728,display,2024-01-13
u007729,display,2024-01-25
u007730,display,2024-01-23
u007731,display,2024-01-08
u007732,display,2024-01-06
u007733,display,2024-01-06
u007734,display,2024-01-12
u007735,display,2024-01-15
u007736,display,2024-01-27
u007737,display,2024-01-06
u007738,display,2024-01-16
u007739,display,2024-01-17
u007740,retargeting,2024-01-30
u007741,retargeting,2024-01-06
u007742,retargeting,2024-01-30
u007743,retargeting,2024-01-30
u007744,retargeting,2024-01-30
u007745,retargeting,2024-01-24
u007746,retargeting,2024-01-16
u007747,retargeting,2024-01-04
u007748,retargeting,2024-01-29
u007749,retargeting,2024-01-10
u007750,retargeting,2024-01-24
u007751,retargeting,2024-01-23
u007752,retargeting,2024-01-17
u007753,retargeting,2024-01-11
u007754,retargeting,2024-01-15
u007755,retargeting,2024-01-31
u007756,retargeting,2024-01-06
u007757,retargeting,2024-01-23
u007758,retargeting,2024-01-21
u007759,retargeting,2024-01-14
u007760,retargeting,2024-01-29
u007761,retargeting,2024-01-14
u007762,retargeting,2024-01-10
u007763,retargeting,2024-01-18
u007764,retargeting,2024-01-01
u007765,retargeting,2024-01-10
u007766,retargeting,2024-01-07
u007767,retargeting,2024-01-22
u007768,retargeting,2024-01-13
u007769,retargeting,2024-01-21
u007770,brand,2024-01-20
u007771,brand,2024-01-14
u007772,brand,2024-01-08
u007773,brand,2024-01-30
u007774,brand,2024-01-01
u007775,brand,2024-01-02
u007776,brand,2024-01-13
u007777,brand,2024-01-19
u007778,brand,2024-01-13
u007779,brand,2024-01-10
u007780,brand,2024-01-17
u007781,brand,2024-01-08
u007782,brand,2024-01-25
u007783,brand,2024-01-23
u007784,brand,2024-01-21
u007785,brand,2024-01-01
u007786,brand,2024-01-22
u007787,brand,2024-01-18
u007788,brand,2024-01-04
u007789,brand,2024-01-14
u007790,brand,2024-01-07
u007791,brand,2024-01-08
u007792,brand,2024-01-26
u007793,brand,2024-01-09
u007794,brand,2024-01-19
u007795,brand,2024-01-28
u007796,brand,2024-01-22
u007797,brand,2024-01-30
u007798,brand,2024-01-13
u007799,brand,2024-01-16
u007800,brand,2024-01-22
u007801,brand,2024-01-03
u007802,brand,2024-01-19
u007803,brand,2024-01-09
u007804,brand,2024-01-20
u007805,brand,2024-01-21
u007806,brand,2024-01-30
u007807,brand,2024-01-05
u007808,brand,2024-01-17
u007809,brand,2024-01-14
u007810,brand,2024-01-18
u007811,brand,2024-01-23
u007812,brand,2024-01-05
u007813,brand,2024-01-29
u007814,brand,2024-01-28
u007815,brand,2024-01-28
u007816,brand,2024-01-03
u007817,brand,2024-01-21
u007818,brand,2024-01-14
u007819,brand,2024-01-17
u007820,brand,2024-01-05
u007821,brand,2024-01-11
u007822,brand,2024-01-17
u007823,brand,2024-01-31
u007824,brand,2024-01-04
u007825,brand,2024-01-07
u007826,brand,2024-01-15
u007827,brand,2024-01-22
u007828,brand,2024-01-09
u007829,brand,2024-01-10
u007830,brand,2024-01-30
u007831,brand,2024-01-02
u007832,brand,2024-01-03
u007833,brand,2024-01-04
u007834,brand,2024-01-20
u007835,brand,2024-01-11
u007836,brand,2024-01-03
u007837,brand,2024-01-12
u007838,brand,2024-01-23
u007839,brand,2024-01-29
u007840,brand,2024-01-21
u007841,brand,2024-01-18
u007842,brand,2024-01-15
u007843,brand,2024-01-25
u007844,brand,2024-01-29
u007845,brand,2024-01-22
u007846,brand,2024-01-30
u007847,brand,2024-01-13
u007848,brand,2024-01-17
u007849,brand,2024-01-08
u007850,brand,2024-01-10
u007851,brand,2024-01-03
u007852,brand,2024-01-24
u007853,brand,2024-01-25
u007854,brand,2024-01-07
u007855,brand,2024-01-26
u007856,brand,2024-01-15
u007857,brand,2024-01-06
u007858,brand,2024-01-04
u007859,brand,2024-01-18
u007860,organic,2024-01-19
u007861,organic,2024-01-10
u007862,organic,2024-01-26
u007863,organic,2024-01-20
u007864,organic,2024-01-13
u007865,organic,2024-01-13
u007866,organic,2024-01-05
u007867,organic,2024-01-03
u007868,organic,2024-01-22
u007869,organic,2024-01-09
u007870,organic,2024-01-06
u007871,organic,2024-01-30
u007872,organic,2024-01-21
u007873,organic,2024-01-08
u007874,organic,2024-01-01
u007875,organic,2024-01-15
u007876,organic,2024-01-26
u007877,organic,2024-01-01
u007878,organic,2024-01-02
u007879,organic,2024-01-20
u007880,organic,2024-01-18
u007881,organic,2024-01-30
u007882,organic,2024-01-20
u007883,organic,2024-01-10
u007884,organic,2024-01-31
u007885,organic,2024-01-12
u007886,organic,2024-01-11
u007887,organic,2024-01-04
u007888,organic,2024-01-10
u007889,organic,2024-01-30
u007890,organic,2024-01-31
u007891,organic,2024-01-29
u007892,organic,2024-01-01
u007893,organic,2024-01-25
u007894,organic,2024-01-13
u007895,organic,2024-01-23
u007896,organic,2024-01-03
u007897,organic,2024-01-23
u007898,organic,2024-01-30
u007899,organic,2024-01-07
u007900,organic,2024-01-17
u007901,organic,2024-01-29
u007902,organic,2024-01-17
u007903,organic,2024-01-22
u007904,organic,2024-01-31
u007905,organic,2024-01-22
u007906,organic,2024-01-15
u007907,organic,2024-01-11
u007908,organic,2024-01-25
u007909,organic,2024-01-07
u007910,organic,2024-01-23
u007911,organic,2024-01-20
u007912,organic,2024-01-26
u007913,organic,2024-01-19
u007914,organic,2024-01-05
u007915,organic,2024-01-31
u007916,organic,2024-01-08
u007917,organic,2024-01-10
u007918,organic,2024-01-05
u007919,organic,2024-01-01
u007920,organic,2024-01-09
u007921,organic,2024-01-13
u007922,organic,2024-01-27
u007923,organic,2024-01-12
u007924,organic,2024-01-15
u007925,organic,2024-01-15
u007926,organic,2024-01-13
u007927,organic,2024-01-12
u007928,organic,2024-01-08
u007929,organic,2024-01-19
u007930,organic,2024-01-29
u007931,organic,2024-01-31
u007932,organic,2024-01-30
u007933,organic,2024-01-18
u007934,organic,2024-01-05
u007935,organic,2024-01-28
u007936,organic,2024-01-24
u007937,organic,2024-01-06
u007938,organic,2024-01-22
u007939,organic,2024-01-06
u007940,organic,2024-01-03
u007941,organic,2024-01-23
u007942,organic,2024-01-31
u007943,organic,2024-01-02
u007944,organic,2024-01-07
u007945,organic,2024-01-20
u007946,organic,2024-01-16
u007947,organic,2024-01-01
u007948,organic,2024-01-01
u007949,organic,2024-01-07
u007950,organic,2024-01-22
u007951,organic,2024-01-31
u007952,organic,2024-01-01
u007953,organic,2024-01-05
u007954,organic,2024-01-12
u007955,organic,2024-01-09
u007956,organic,2024-01-30
u007957,organic,2024-01-15
u007958,organic,2024-01-26
u007959,organic,2024-01-23
u007960,organic,2024-01-14
u007961,organic,2024-01-10
u007962,organic,2024-01-10
u007963,organic,2024-01-29
u007964,organic,2024-01-14
u007965,organic,2024-01-31
u007966,organic,2024-01-30
u007967,organic,2024-01-21
u007968,organic,2024-01-29
u007969,organic,2024-01-20
u007970,organic,2024-01-31
u007971,organic,2024-01-18
u007972,organic,2024-01-18
u007973,organic,2024-01-22
u007974,organic,2024-01-07
u007975,organic,2024-01-17
u007976,organic,2024-01-30
u007977,organic,2024-01-21
u007978,organic,2024-01-29
u007979,organic,2024-01-13
u007980,search,2024-02-02
u007981,search,2024-02-09
u007982,search,2024-02-08
u007983,search,2024-02-09
u007984,search,2024-02-01
u007985,search,2024-02-18
u007986,search,2024-02-25
u007987,search,2024-02-19
u007988,search,2024-02-21
u007989,search,2024-02-27
u007990,search,2024-02-20
u007991,search,2024-02-20
u007992,search,2024-02-02
u007993,search,2024-02-27
u007994,search,2024-02-08
u007995,search,2024-02-28
u007996,search,2024-02-28
u007997,search,2024-02-22
u007998,search,2024-02-26
u007999,search,2024-02-03
u008000,search,2024-02-15
u008001,search,2024-02-03
u008002,search,2024-02-20
u008003,search,2024-02-22
u008004,search,2024-02-15
u008005,search,2024-02-09
u008006,search,2024-02-04
u008007,search,2024-02-13
u008008,search,2024-02-18
u008009,search,2024-02-23
u008010,search,2024-02-28
u008011,search,2024-02-02
u008012,search,2024-02-02
u008013,search,2024-02-02
u008014,search,2024-02-17
u008015,search,2024-02-04
u008016,search,2024-02-26
u008017,search,2024-02-17
u008018,search,2024-02-13
u008019,search,2024-02-01
u008020,search,2024-02-22
u008021,search,2024-02-06
u008022,search,2024-02-15
u008023,search,2024-02-24
u008024,search,2024-02-28
u008025,search,2024-02-16
u008026,search,2024-02-12
u008027,search,2024-02-14
u008028,search,2024-02-12
u008029,search,2024-02-12
u008030,search,2024-02-07
u008031,search,2024-02-02
u008032,search,2024-02-04
u008033,search,2024-02-04
u008034,search,2024-02-29
u008035,search,2024-02-11
u008036,search,2024-02-16
u008037,search,2024-02-23
u008038,search,2024-02-07
u008039,search,2024-02-18
u008040,search,2024-02-08
u008041,search,2024-02-09
u008042,search,2024-02-25
u008043,search,2024-02-03
u008044,search,2024-02-05
u008045,search,2024-02-27
u008046,search,2024-02-29
u008047,search,2024-02-15
u008048,search,2024-02-25
u008049,search,2024-02-19
u008050,search,2024-02-04
u008051,search,2024-02-20
u008052,search,2024-02-27
u008053,search,2024-02-19
u008054,search,2024-02-04
u008055,search,2024-02-28
u008056,search,2024-02-12
u008057,search,2024-02-12
u008058,search,2024-02-16
u008059,search,2024-02-07
u008060,search,2024-02-04
u008061,search,2024-02-22
u008062,search,2024-02-12
u008063,search,2024-02-09
u008064,search,2024-02-27
u008065,search,2024-02-17
u008066,search,2024-02-04
u008067,search,2024-02-11
u008068,search,2024-02-28
u008069,search,2024-02-08
u008070,search,2024-02-26
u008071,search,2024-02-28
u008072,search,2024-02-23
u008073,search,2024-02-07
u008074,search,2024-02-26
u008075,search,2024-02-20
u008076,search,2024-02-29
u008077,search,2024-02-11
u008078,search,2024-02-13
u008079,search,2024-02-26
u008080,search,2024-02-11
u008081,search,2024-02-20
u008082,search,2024-02-26
u008083,search,2024-02-03
u008084,search,2024-02-11
u008085,search,2024-02-23
u008086,search,2024-02-02
u008087,search,2024-02-01
u008088,search,2024-02-15
u008089,search,2024-02-25
u008090,search,2024-02-17
u008091,search,2024-02-01
u008092,search,2024-02-22
u008093,search,2024-02-13
u008094,search,2024-02-10
u008095,search,2024-02-05
u008096,search,2024-02-20
u008097,search,2024-02-04
u008098,search,2024-02-12
u008099,search,2024-02-03
u008100,display,2024-02-07
u008101,display,2024-02-18
u008102,display,2024-02-01
u008103,display,2024-02-08
u008104,display,2024-02-19
u008105,display,2024-02-04
u008106,display,2024-02-15
u008107,display,2024-02-06
u008108,display,2024-02-26
u008109,display,2024-02-21
u008110,display,2024-02-05
u008111,display,2024-02-26
u008112,display,2024-02-12
u008113,display,2024-02-01
u008114,display,2024-02-06
u008115,display,2024-02-08
u008116,display,2024-02-04
u008117,display,2024-02-10
u008118,display,2024-02-24
u008119,display,2024-02-26
u008120,display,2024-02-07
u008121,display,2024-02-25
u008122,display,2024-02-05
u008123,display,2024-02-16
u008124,display,2024-02-09
u008125,display,2024-02-03
u008126,display,2024-02-05
u008127,display,2024-02-05
u008128,display,2024-02-29
u008129,display,2024-02-27
u008130,display,2024-02-01
u008131,display,2024-02-27
u008132,display,2024-02-26
u008133,display,2024-02-23
u008134,display,2024-02-19
u008135,display,2024-02-21
u008136,display,2024-02-01
u008137,display,2024-02-02
u008138,display,2024-02-09
u008139,display,2024-02-09
u008140,display,2024-02-25
u008141,display,2024-02-19
u008142,display,2024-02-21
u008143,display,2024-02-14
u008144,display,2024-02-25
u008145,display,2024-02-14
u008146,display,2024-02-29
u008147,display,2024-02-01
u008148,display,2024-02-16
u008149,display,2024-02-26
u008150,display,2024-02-15
u008151,display,2024-02-23
u008152,display,2024-02-21
u008153,display,2024-02-09
u008154,display,2024-02-21
u008155,display,2024-02-08
u008156,display,2024-02-04
u008157,display,2024-02-05
u008158,display,2024-02-07
u008159,display,2024-02-05
u008160,retargeting,2024-02-10
u008161,retargeting,2024-02-22
u008162,retargeting,2024-02-13
u008163,retargeting,2024-02-13
u008164,retargeting,2024-02-13
u008165,retargeting,2024-02-21
u008166,retargeting,2024-02-23
u008167,retargeting,2024-02-13
u008168,retargeting,2024-02-15
u008169,retargeting,2024-02-17
u008170,retargeting,2024-02-23
u008171,retargeting,2024-02-14
u008172,retargeting,2024-02-02
u008173,retargeting,2024-02-01
u008174,retargeting,2024-02-13
u008175,retargeting,2024-02-19
u008176,retargeting,2024-02-14
u008177,retargeting,2024-02-02
u008178,retargeting,2024-02-11
u008179,retargeting,2024-02-02
u008180,retargeting,2024-02-20
u008181,retargeting,2024-02-09
u008182,retargeting,2024-02-04
u008183,retargeting,2024-02-26
u008184,retargeting,2024-02-23
u008185,retargeting,2024-02-15
u008186,retargeting,2024-02-22
u008187,retargeting,2024-02-06
u008188,retargeting,2024-02-16
u008189,retargeting,2024-02-02
u008190,brand,2024-02-26
u008191,brand,2024-02-19
u008192,brand,2024-02-14
u008193,brand,2024-02-10
u008194,brand,2024-02-26
u008195,brand,2024-02-24
u008196,brand,2024-02-24
u008197,brand,2024-02-12
u008198,brand,2024-02-28
u008199,brand,2024-02-16
u008200,brand,2024-02-27
u008201,brand,2024-02-08
u008202,brand,2024-02-01
u008203,brand,2024-02-12
u008204,brand,2024-02-10
u008205,brand,2024-02-08
u008206,brand,2024-02-14
u008207,brand,2024-02-29
u008208,brand,2024-02-04
u008209,brand,2024-02-11
u008210,brand,2024-02-23
u008211,brand,2024-02-03
u008212,brand,2024-02-19
u008213,brand,2024-02-25
u008214,brand,2024-02-01
u008215,brand,2024-02-05
u008216,brand,2024-02-16
u008217,brand,2024-02-15
u008218,brand,2024-02-21
u008219,brand,2024-02-26
u008220,brand,2024-02-20
u008221,brand,2024-02-03
u008222,brand,2024-02-25
u008223,brand,2024-02-12
u008224,brand,2024-02-24
u008225,brand,2024-02-11
u008226,brand,2024-02-25
u008227,brand,2024-02-26
u008228,brand,2024-02-29
u008229,brand,2024-02-08
u008230,brand,2024-02-20
u008231,brand,2024-02-19
u008232,brand,2024-02-27
u008233,brand,2024-02-26
u008234,brand,2024-02-19
u008235,brand,2024-02-20
u008236,brand,2024-02-23
u008237,brand,2024-02-15
u008238,brand,2024-02-18
u008239,brand,2024-02-12
u008240,brand,2024-02-16
u008241,brand,2024-02-21
u008242,brand,2024-02-27
u008243,brand,2024-02-06
u008244,brand,2024-02-15
u008245,brand,2024-02-29
u008246,brand,2024-02-28
u008247,brand,2024-02-07
u008248,brand,2024-02-16
u008249,brand,2024-02-15
u008250,brand,2024-02-11
u008251,brand,2024-02-16
u008252,brand,2024-02-23
u008253,brand,2024-02-05
u008254,brand,2024-02-05
u008255,brand,2024-02-22
u008256,brand,2024-02-11
u008257,brand,2024-02-05
u008258,brand,2024-02-03
u008259,brand,2024-02-15
u008260,brand,2024-02-18
u008261,brand,2024-02-28
u008262,brand,2024-02-28
u008263,brand,2024-02-13
u008264,brand,2024-02-03
u008265,brand,2024-02-10
u008266,brand,2024-02-07
u008267,brand,2024-02-19
u008268,brand,2024-02-26
u008269,brand,2024-02-19
u008270,brand,2024-02-11
u008271,brand,2024-02-08
u008272,brand,2024-02-29
u008273,brand,2024-02-11
u008274,brand,2024-02-24
u008275,brand,2024-02-13
u008276,brand,2024-02-27
u008277,brand,2024-02-10
u008278,brand,2024-02-22
u008279,brand,2024-02-11
u008280,organic,2024-02-17
u008281,organic,2024-02-03
u008282,organic,2024-02-26
u008283,organic,2024-02-10
u008284,organic,2024-02-16
u008285,organic,2024-02-17
u008286,organic,2024-02-10
u008287,organic,2024-02-06
u008288,organic,2024-02-19
u008289,organic,2024-02-25
u008290,organic,2024-02-18
u008291,organic,2024-02-21
u008292,organic,2024-02-23
u008293,organic,2024-02-23
u008294,organic,2024-02-13
u008295,organic,2024-02-10
u008296,organic,2024-02-19
u008297,organic,2024-02-27
u008298,organic,2024-02-18
u008299,organic,2024-02-04
u008300,organic,2024-02-18
u008301,organic,2024-02-24
u008302,organic,2024-02-08
u008303,organic,2024-02-10
u008304,organic,2024-02-25
u008305,organic,2024-02-09
u008306,organic,2024-02-09
u008307,organic,2024-02-02
u008308,organic,2024-02-10
u008309,organic,2024-02-05
u008310,organic,2024-02-17
u008311,organic,2024-02-03
u008312,organic,2024-02-13
u008313,organic,2024-02-10
u008314,organic,2024-02-28
u008315,organic,2024-02-13
u008316,organic,2024-02-27
u008317,organic,2024-02-27
u008318,organic,2024-02-27
u008319,organic,2024-02-02
u008320,organic,2024-02-05
u008321,organic,2024-02-28
u008322,organic,2024-02-29
u008323,organic,2024-02-13
u008324,organic,2024-02-10
u008325,organic,2024-02-05
u008326,organic,2024-02-21
u008327,organic,2024-02-15
u008328,organic,2024-02-23
u008329,organic,2024-02-07
u008330,organic,2024-02-16
u008331,organic,2024-02-10
u008332,organic,2024-02-12
u008333,organic,2024-02-22
u008334,organic,2024-02-06
u008335,organic,2024-02-10
u008336,organic,2024-02-05
u008337,organic,2024-02-18
u008338,organic,2024-02-20
u008339,organic,2024-02-03
u008340,organic,2024-02-06
u008341,organic,2024-02-18
u008342,organic,2024-02-09
u008343,organic,2024-02-06
u008344,organic,2024-02-01
u008345,organic,2024-02-14
u008346,organic,2024-02-10
u008347,organic,2024-02-12
u008348,organic,2024-02-19
u008349,organic,2024-02-14
u008350,organic,2024-02-15
u008351,organic,2024-02-15
u008352,organic,2024-02-08
u008353,organic,2024-02-11
u008354,organic,2024-02-01
u008355,organic,2024-02-15
u008356,organic,2024-02-24
u008357,organic,2024-02-21
u008358,organic,2024-02-17
u008359,organic,2024-02-21
u008360,organic,2024-02-24
u008361,organic,2024-02-25
u008362,organic,2024-02-13
u008363,organic,2024-02-22
u008364,organic,2024-02-11
u008365,organic,2024-02-12
u008366,organic,2024-02-03
u008367,organic,2024-02-15
u008368,organic,2024-02-04
u008369,organic,2024-02-25
u008370,organic,2024-02-22
u008371,organic,2024-02-20
u008372,organic,2024-02-10
u008373,organic,2024-02-09
u008374,organic,2024-02-16
u008375,organic,2024-02-28
u008376,organic,2024-02-29
u008377,organic,2024-02-02
u008378,organic,2024-02-27
u008379,organic,2024-02-12
u008380,organic,2024-02-02
u008381,organic,2024-02-13
u008382,organic,2024-02-02
u008383,organic,2024-02-08
u008384,organic,2024-02-28
u008385,organic,2024-02-29
u008386,organic,2024-02-04
u008387,organic,2024-02-08
u008388,organic,2024-02-15
u008389,organic,2024-02-21
u008390,organic,2024-02-09
u008391,organic,2024-02-29
u008392,organic,2024-02-07
u008393,organic,2024-02-09
u008394,organic,2024-02-02
u008395,organic,2024-02-10
u008396,organic,2024-02-08
u008397,organic,2024-02-25
u008398,organic,2024-02-23
u008399,organic,2024-02-26
u008400,search,2024-03-14
u008401,search,2024-03-29
u008402,search,2024-03-05
u008403,search,2024-03-04
u008404,search,2024-03-30
u008405,search,2024-03-15
u008406,search,2024-03-26
u008407,search,2024-03-10
u008408,search,2024-03-08
u008409,search,2024-03-04
u008410,search,2024-03-05
u008411,search,2024-03-04
u008412,search,2024-03-02
u008413,search,2024-03-18
u008414,search,2024-03-16
u008415,search,2024-03-17
u008416,search,2024-03-28
u008417,search,2024-03-09
u008418,search,2024-03-14
u008419,search,2024-03-09
u008420,search,2024-03-27
u008421,search,2024-03-10
u008422,search,2024-03-05
u008423,search,2024-03-27
u008424,search,2024-03-13
u008425,search,2024-03-21
u008426,search,2024-03-21
u008427,search,2024-03-28
u008428,search,2024-03-02
u008429,search,2024-03-12
u008430,search,2024-03-13
u008431,search,2024-03-17
u008432,search,2024-03-13
u008433,search,2024-03-11
u008434,search,2024-03-27
u008435,search,2024-03-19
u008436,search,2024-03-10
u008437,search,2024-03-19
u008438,search,2024-03-09
u008439,search,2024-03-31
u008440,search,2024-03-31
u008441,search,2024-03-06
u008442,search,2024-03-26
u008443,search,2024-03-01
u008444,search,2024-03-26
u008445,search,2024-03-17
u008446,search,2024-03-04
u008447,search,2024-03-13
u008448,search,2024-03-29
u008449,search,2024-03-12
u008450,search,2024-03-23
u008451,search,2024-03-29
u008452,search,2024-03-11
u008453,search,2024-03-29
u008454,search,2024-03-07
u008455,search,2024-03-11
u008456,search,2024-03-29
u008457,search,2024-03-23
u008458,search,2024-03-10
u008459,search,2024-03-10
u008460,search,2024-03-02
u008461,search,2024-03-23
u008462,search,2024-03-11
u008463,search,2024-03-11
u008464,search,2024-03-06
u008465,search,2024-03-06
u008466,search,2024-03-17
u008467,search,2024-03-06
u008468,search,2024-03-20
u008469,search,2024-03-18
u008470,search,2024-03-15
u008471,search,2024-03-10
u008472,search,2024-03-10
u008473,search,2024-03-14
u008474,search,2024-03-03
u008475,search,2024-03-13
u008476,search,2024-03-29
u008477,search,2024-03-07
u008478,search,2024-03-06
u008479,search,2024-03-26
u008480,search,2024-03-25
u008481,search,2024-03-09
u008482,search,2024-03-21
u008483,search,2024-03-19
u008484,search,2024-03-30
u008485,search,2024-03-01
u008486,search,2024-03-04
u008487,search,2024-03-08
u008488,search,2024-03-13
u008489,search,2024-03-12
u008490,search,2024-03-26
u008491,search,2024-03-18
u008492,search,2024-03-20
u008493,search,2024-03-09
u008494,search,2024-03-23
u008495,search,2024-03-12
u008496,search,2024-03-23
u008497,search,2024-03-31
u008498,search,2024-03-31
u008499,search,2024-03-24
u008500,search,2024-03-03
u008501,search,2024-03-06
u008502,search,2024-03-24
u008503,search,2024-03-18
u008504,search,2024-03-08
u008505,search,2024-03-18
u008506,search,2024-03-15
u008507,search,2024-03-12
u008508,search,2024-03-14
u008509,search,2024-03-30
u008510,search,2024-03-21
u008511,search,2024-03-10
u008512,search,2024-03-01
u008513,search,2024-03-01
u008514,search,2024-03-14
u008515,search,2024-03-16
u008516,search,2024-03-19
u008517,search,2024-03-31
u008518,search,2024-03-07
u008519,search,2024-03-13
u008520,display,2024-03-10
u008521,display,2024-03-29
u008522,display,2024-03-19
u008523,display,2024-03-19
u008524,display,2024-03-01
u008525,display,2024-03-30
u008526,display,2024-03-23
u008527,display,2024-03-26
u008528,display,2024-03-22
u008529,display,2024-03-07
u008530,display,2024-03-24
u008531,display,2024-03-07
u008532,display,2024-03-17
u008533,display,2024-03-11
u008534,display,2024-03-07
u008535,display,2024-03-30
u008536,display,2024-03-07
u008537,display,2024-03-24
u008538,display,2024-03-19
u008539,display,2024-03-14
u008540,display,2024-03-08
u008541,display,2024-03-02
u008542,display,2024-03-23
u008543,display,2024-03-11
u008544,display,2024-03-11
u008545,display,2024-03-10
u008546,display,2024-03-28
u008547,display,2024-03-03
u008548,display,2024-03-13
u008549,display,2024-03-09
u008550,display,2024-03-21
u008551,display,2024-03-18
u008552,display,2024-03-27
u008553,display,2024-03-29
u008554,display,2024-03-18
u008555,display,2024-03-26
u008556,display,2024-03-07
u008557,display,2024-03-17
u008558,display,2024-03-06
u008559,display,2024-03-26
u008560,display,2024-03-21
u008561,display,2024-03-09
u008562,display,2024-03-31
u008563,display,2024-03-30
u008564,display,2024-03-25
u008565,display,2024-03-11
u008566,display,2024-03-08
u008567,display,2024-03-13
u008568,display,2024-03-14
u008569,display,2024-03-17
u008570,display,2024-03-12
u008571,display,2024-03-21
u008572,display,2024-03-09
u008573,display,2024-03-30
u008574,display,2024-03-21
u008575,display,2024-03-02
u008576,display,2024-03-16
u008577,display,2024-03-02
u008578,display,2024-03-26
u008579,display,2024-03-06
u008580,retargeting,2024-03-20
u008581,retargeting,2024-03-24
u008582,retargeting,2024-03-01
u008583,retargeting,2024-03-07
u008584,retargeting,2024-03-10
u008585,retargeting,2024-03-23
u008586,retargeting,2024-03-07
u008587,retargeting,2024-03-30
u008588,retargeting,2024-03-07
u008589,retargeting,2024-03-28
u008590,retargeting,2024-03-30
u008591,retargeting,2024-03-19
u008592,retargeting,2024-03-20
u008593,retargeting,2024-03-23
u008594,retargeting,2024-03-20
u008595,retargeting,2024-03-03
u008596,retargeting,2024-03-03
u008597,retargeting,2024-03-18
u008598,retargeting,2024-03-12
u008599,retargeting,2024-03-06
u008600,retargeting,2024-03-02
u008601,retargeting,2024-03-12
u008602,retargeting,2024-03-14
u008603,retargeting,2024-03-03
u008604,retargeting,2024-03-17
u008605,retargeting,2024-03-01
u008606,retargeting,2024-03-16
u008607,retargeting,2024-03-03
u008608,retargeting,2024-03-23
u008609,retargeting,2024-03-20
u008610,brand,2024-03-23
u008611,brand,2024-03-07
u008612,brand,2024-03-31
u008613,brand,2024-03-26
u008614,brand,2024-03-04
u008615,brand,2024-03-12
u008616,brand,2024-03-20
u008617,brand,2024-03-15
u008618,brand,2024-03-03
u008619,brand,2024-03-31
u008620,brand,2024-03-30
u008621,brand,2024-03-12
u008622,brand,2024-03-14
u008623,brand,2024-03-04
u008624,brand,2024-03-15
u008625,brand,2024-03-13
u008626,brand,2024-03-28
u008627,brand,2024-03-18
u008628,brand,2024-03-24
u008629,brand,2024-03-10
u008630,brand,2024-03-03
u008631,brand,2024-03-14
u008632,brand,2024-03-26
u008633,brand,2024-03-22
u008634,brand,2024-03-04
u008635,brand,2024-03-27
u008636,brand,2024-03-04
u008637,brand,2024-03-04
u008638,brand,2024-03-22
u008639,brand,2024-03-30
u008640,brand,2024-03-17
u008641,brand,2024-03-04
u008642,brand,2024-03-06
u008643,brand,2024-03-29
u008644,brand,2024-03-06
u008645,brand,2024-03-27
u008646,brand,2024-03-17
u008647,brand,2024-03-18
u008648,brand,2024-03-12
u008649,brand,2024-03-31
u008650,brand,2024-03-04
u008651,brand,2024-03-09
u008652,brand,2024-03-22
u008653,brand,2024-03-09
u008654,brand,2024-03-15
u008655,brand,2024-03-25
u008656,brand,2024-03-01
u008657,brand,2024-03-23
u008658,brand,2024-03-18
u008659,brand,2024-03-18
u008660,brand,2024-03-21
u008661,brand,2024-03-08
u008662,brand,2024-03-31
u008663,brand,2024-03-15
u008664,brand,2024-03-27
u008665,brand,2024-03-01
u008666,brand,2024-03-07
u008667,brand,2024-03-26
u008668,brand,2024-03-23
u008669,brand,2024-03-09
u008670,brand,2024-03-04
u008671,brand,2024-03-06
u008672,brand,2024-03-25
u008673,brand,2024-03-28
u008674,brand,2024-03-23
u008675,brand,2024-03-22
u008676,brand,2024-03-26
u008677,brand,2024-03-18
u008678,brand,2024-03-28
u008679,brand,2024-03-31
u008680,brand,2024-03-25
u008681,brand,2024-03-01
u008682,brand,2024-03-06
u008683,brand,2024-03-24
u008684,brand,2024-03-21
u008685,brand,2024-03-29
u008686,brand,2024-03-18
u008687,brand,2024-03-04
u008688,brand,2024-03-17
u008689,brand,2024-03-23
u008690,brand,2024-03-28
u008691,brand,2024-03-04
u008692,brand,2024-03-14
u008693,brand,2024-03-15
u008694,brand,2024-03-07
u008695,brand,2024-03-19
u008696,brand,2024-03-22
u008697,brand,2024-03-01
u008698,brand,2024-03-12
u008699,brand,2024-03-22
u008700,organic,2024-03-26
u008701,organic,2024-03-23
u008702,organic,2024-03-26
u008703,organic,2024-03-23
u008704,organic,2024-03-31
u008705,organic,2024-03-20
u008706,organic,2024-03-07
u008707,organic,2024-03-23
u008708,organic,2024-03-20
u008709,organic,2024-03-14
u008710,organic,2024-03-30
u008711,organic,2024-03-16
u008712,organic,2024-03-09
u008713,organic,2024-03-04
u008714,organic,2024-03-16
u008715,organic,2024-03-29
u008716,organic,2024-03-31
u008717,organic,2024-03-26
u008718,organic,2024-03-18
u008719,organic,2024-03-01
u008720,organic,2024-03-02
u008721,organic,2024-03-31
u008722,organic,2024-03-16
u008723,organic,2024-03-22
u008724,organic,2024-03-01
u008725,organic,2024-03-29
u008726,organic,2024-03-09
u008727,organic,2024-03-22
u008728,organic,2024-03-08
u008729,organic,2024-03-20
u008730,organic,2024-03-16
u008731,organic,2024-03-12
u008732,organic,2024-03-19
u008733,organic,2024-03-08
u008734,organic,2024-03-11
u008735,organic,2024-03-18
u008736,organic,2024-03-26
u008737,organic,2024-03-30
u008738,organic,2024-03-18
u008739,organic,2024-03-02
u008740,organic,2024-03-04
u008741,organic,2024-03-14
u008742,organic,2024-03-13
u008743,organic,2024-03-17
u008744,organic,2024-03-24
u008745,organic,2024-03-11
u008746,organic,2024-03-25
u008747,organic,2024-03-05
u008748,organic,2024-03-30
u008749,organic,2024-03-16
u008750,organic,2024-03-13
u008751,organic,2024-03-07
u008752,organic,2024-03-05
u008753,organic,2024-03-01
u008754,organic,2024-03-17
u008755,organic,2024-03-11
u008756,organic,2024-03-04
u008757,organic,2024-03-12
u008758,organic,2024-03-25
u008759,organic,2024-03-26
u008760,organic,2024-03-11
u008761,organic,2024-03-23
u008762,organic,2024-03-30
u008763,organic,2024-03-24
u008764,organic,2024-03-04
u008765,organic,2024-03-09
u008766,organic,2024-03-01
u008767,organic,2024-03-18
u008768,organic,2024-03-20
u008769,organic,2024-03-06
u008770,organic,2024-03-04
u008771,organic,2024-03-18
u008772,organic,2024-03-17
u008773,organic,2024-03-01
u008774,organic,2024-03-21
u008775,organic,2024-03-10
u008776,organic,2024-03-24
u008777,organic,2024-03-21
u008778,organic,2024-03-11
u008779,organic,2024-03-03
u008780,organic,2024-03-12
u008781,organic,2024-03-16
u008782,organic,2024-03-16
u008783,organic,2024-03-16
u008784,organic,2024-03-18
u008785,organic,2024-03-27
u008786,organic,2024-03-07
u008787,organic,2024-03-24
u008788,organic,2024-03-27
u008789,organic,2024-03-25
u008790,organic,2024-03-17
u008791,organic,2024-03-01
u008792,organic,2024-03-25
u008793,organic,2024-03-24
u008794,organic,2024-03-11
u008795,organic,2024-03-02
u008796,organic,2024-03-28
u008797,organic,2024-03-05
u008798,organic,2024-03-16
u008799,organic,2024-03-09
u008800,organic,2024-03-20
u008801,organic,2024-03-12
u008802,organic,2024-03-14
u008803,organic,2024-03-19
u008804,organic,2024-03-15
u008805,organic,2024-03-02
u008806,organic,2024-03-25
u008807,organic,2024-03-04
u008808,organic,2024-03-25
u008809,organic,2024-03-26
u008810,organic,2024-03-19
u008811,organic,2024-03-09
u008812,organic,2024-03-23
u008813,organic,2024-03-01
u008814,organic,2024-03-01
u008815,organic,2024-03-08
u008816,organic,2024-03-30
u008817,organic,2024-03-02
u008818,organic,2024-03-10
u008819,organic,2024-03-04
u008820,search,2024-04-12
u008821,search,2024-04-11
u008822,search,2024-04-29
u008823,search,2024-04-20
u008824,search,2024-04-27
u008825,search,2024-04-25
u008826,search,2024-04-19
u008827,search,2024-04-06
u008828,search,2024-04-08
u008829,search,2024-04-22
u008830,search,2024-04-18
u008831,search,2024-04-30
u008832,search,2024-04-01
u008833,search,2024-04-04
u008834,search,2024-04-25
u008835,search,2024-04-20
u008836,search,2024-04-26
u008837,search,2024-04-11
u008838,search,2024-04-11
u008839,search,2024-04-05
u008840,search,2024-04-18
u008841,search,2024-04-11
u008842,search,2024-04-23
u008843,search,2024-04-24
u008844,search,2024-04-16
u008845,search,2024-04-17
u008846,search,2024-04-04
u008847,search,2024-04-29
u008848,search,2024-04-11
u008849,search,2024-04-26
u008850,search,2024-04-14
u008851,search,2024-04-10
u008852,search,2024-04-17
u008853,search,2024-04-11
u008854,search,2024-04-30
u008855,search,2024-04-15
u008856,search,2024-04-14
u008857,search,2024-04-10
u008858,search,2024-04-12
u008859,search,2024-04-27
u008860,search,2024-04-22
u008861,search,2024-04-08
u008862,search,2024-04-04
u008863,search,2024-04-24
u008864,search,2024-04-01
u008865,search,2024-04-17
u008866,search,2024-04-14
u008867,search,2024-04-22
u008868,search,2024-04-22
u008869,search,2024-04-05
u008870,search,2024-04-17
u008871,search,2024-04-23
u008872,search,2024-04-25
u008873,search,2024-04-02
u008874,search,2024-04-01
u008875,search,2024-04-08
u008876,search,2024-04-03
u008877,search,2024-04-11
u008878,search,2024-04-29
u008879,search,2024-04-06
u008880,search,2024-04-21
u008881,search,2024-04-19
u008882,search,2024-04-08
u008883,search,2024-04-18
u008884,search,2024-04-20
u008885,search,2024-04-14
u008886,search,2024-04-22
u008887,search,2024-04-14
u008888,search,2024-04-22
u008889,search,2024-04-02
u008890,search,2024-04-30
u008891,search,2024-04-27
u008892,search,2024-04-25
u008893,search,2024-04-02
u008894,search,2024-04-25
u008895,search,2024-04-02
u008896,search,2024-04-25
u008897,search,2024-04-15
u008898,search,2024-04-22
u008899,search,2024-04-26
u008900,search,2024-04-01
u008901,search,2024-04-16
u008902,search,2024-04-28
u008903,search,2024-04-24
u008904,search,2024-04-22
u008905,search,2024-04-01
u008906,search,2024-04-21
u008907,search,2024-04-01
u008908,search,2024-04-13
u008909,search,2024-04-20
u008910,search,2024-04-28
u008911,search,2024-04-25
u008912,search,2024-04-21
u008913,search,2024-04-06
u008914,search,2024-04-20
u008915,search,2024-04-02
u008916,search,2024-04-04
u008917,search,2024-04-24
u008918,search,2024-04-14
u008919,search,2024-04-18
u008920,search,2024-04-08
u008921,search,2024-04-03
u008922,search,2024-04-04
u008923,search,2024-04-07
u008924,search,2024-04-10
u008925,search,2024-04-15
u008926,search,2024-04-15
u008927,search,2024-04-25
u008928,search,2024-04-21
u008929,search,2024-04-13
u008930,search,2024-04-15
u008931,search,2024-04-07
u008932,search,2024-04-28
u008933,search,2024-04-11
u008934,search,2024-04-23
u008935,search,2024-04-03
u008936,search,2024-04-07
u008937,search,2024-04-18
u008938,search,2024-04-04
u008939,search,2024-04-24
u008940,display,2024-04-07
u008941,display,2024-04-30
u008942,display,2024-04-15
u008943,display,2024-04-01
u008944,display,2024-04-07
u008945,display,2024-04-20
u008946,display,2024-04-03
u008947,display,2024-04-16
u008948,display,2024-04-19
u008949,display,2024-04-11
u008950,display,2024-04-19
u008951,display,2024-04-04
u008952,display,2024-04-25
u008953,display,2024-04-06
u008954,display,2024-04-15
u008955,display,2024-04-27
u008956,display,2024-04-29
u008957,display,2024-04-22
u008958,display,2024-04-07
u008959,display,2024-04-19
u008960,display,2024-04-27
u008961,display,2024-04-27
u008962,display,2024-04-26
u008963,display,2024-04-03
u008964,display,2024-04-10
u008965,display,2024-04-13
u008966,display,2024-04-03
u008967,display,2024-04-13
u008968,display,2024-04-25
u008969,display,2024-04-07
u008970,display,2024-04-09
u008971,display,2024-04-29
u008972,display,2024-04-25
u008973,display,2024-04-15
u008974,display,2024-04-20
u008975,display,2024-04-19
u008976,display,2024-04-09
u008977,display,2024-04-18
u008978,display,2024-04-03
u008979,display,2024-04-29
u008980,display,2024-04-03
u008981,display,2024-04-04
u008982,display,2024-04-13
u008983,display,2024-04-02
u008984,display,2024-04-19
u008985,display,2024-04-09
u008986,display,2024-04-12
u008987,display,2024-04-22
u008988,display,2024-04-19
u008989,display,2024-04-12
u008990,display,2024-04-05
u008991,display,2024-04-01
u008992,display,2024-04-03
u008993,display,2024-04-19
u008994,display,2024-04-07
u008995,display,2024-04-16
u008996,display,2024-04-02
u008997,display,2024-04-05
u008998,display,2024-04-24
u008999,display,2024-04-09
u009000,retargeting,2024-04-16
u009001,retargeting,2024-04-20
u009002,retargeting,2024-04-03
u009003,retargeting,2024-04-10
u009004,retargeting,2024-04-06
u009005,retargeting,2024-04-09
u009006,retargeting,2024-04-11
u009007,retargeting,2024-04-03
u009008,retargeting,2024-04-30
u009009,retargeting,2024-04-26
u009010,retargeting,2024-04-17
u009011,retargeting,2024-04-16
u009012,retargeting,2024-04-09
u009013,retargeting,2024-04-21
u009014,retargeting,2024-04-01
u009015,retargeting,2024-04-04
u009016,retargeting,2024-04-02
u009017,retargeting,2024-04-07
u009018,retargeting,2024-04-26
u009019,retargeting,2024-04-18
u009020,retargeting,2024-04-09
u009021,retargeting,2024-04-06
u009022,retargeting,2024-04-23
u009023,retargeting,2024-04-10
u009024,retargeting,2024-04-28
u009025,retargeting,2024-04-01
u009026,retargeting,2024-04-12
u009027,retargeting,2024-04-16
u009028,retargeting,2024-04-20
u009029,retargeting,2024-04-21
u009030,brand,2024-04-15
u009031,brand,2024-04-30
u009032,brand,2024-04-12
u009033,brand,2024-04-10
u009034,brand,2024-04-28
u009035,brand,2024-04-11
u009036,brand,2024-04-18
u009037,brand,2024-04-23
u009038,brand,2024-04-24
u009039,brand,2024-04-04
u009040,brand,2024-04-08
u009041,brand,2024-04-07
u009042,brand,2024-04-07
u009043,brand,2024-04-28
u009044,brand,2024-04-22
u009045,brand,2024-04-01
u009046,brand,2024-04-27
u009047,brand,2024-04-14
u009048,brand,2024-04-01
u009049,brand,2024-04-18
u009050,brand,2024-04-29
u009051,brand,2024-04-13
u009052,brand,2024-04-22
u009053,brand,2024-04-26
u009054,brand,2024-04-18
u009055,brand,2024-04-17
u009056,brand,2024-04-19
u009057,brand,2024-04-15
u009058,brand,2024-04-08
u009059,brand,2024-04-09
u009060,brand,2024-04-19
u009061,brand,2024-04-18
u009062,brand,2024-04-18
u009063,brand,2024-04-25
u009064,brand,2024-04-20
u009065,brand,2024-04-23
u009066,brand,2024-04-20
u009067,brand,2024-04-09
u009068,brand,2024-04-21
u009069,brand,2024-04-14
u009070,brand,2024-04-30
u009071,brand,2024-04-29
u009072,brand,2024-04-21
u009073,brand,2024-04-27
u009074,brand,2024-04-22
u009075,brand,2024-04-03
u009076,brand,2024-04-17
u009077,brand,2024-04-24
u009078,brand,2024-04-23
u009079,brand,2024-04-17
u009080,brand,2024-04-27
u009081,brand,2024-04-02
u009082,brand,2024-04-18
u009083,brand,2024-04-24
u009084,brand,2024-04-10
u009085,brand,2024-04-14
u009086,brand,2024-04-30
u009087,brand,2024-04-26
u009088,brand,2024-04-22
u009089,brand,2024-04-25
u009090,brand,2024-04-09
u009091,brand,2024-04-19
u009092,brand,2024-04-10
u009093,brand,2024-04-03
u009094,brand,2024-04-10
u009095,brand,2024-04-05
u009096,brand,2024-04-14
u009097,brand,2024-04-09
u009098,brand,2024-04-06
u009099,brand,2024-04-05
u009100,brand,2024-04-30
u009101,brand,2024-04-18
u009102,brand,2024-04-24
u009103,brand,2024-04-20
u009104,brand,2024-04-13
u009105,brand,2024-04-24
u009106,brand,2024-04-13
u009107,brand,2024-04-25
u009108,brand,2024-04-12
u009109,brand,2024-04-10
u009110,brand,2024-04-27
u009111,brand,2024-04-05
u009112,brand,2024-04-20
u009113,brand,2024-04-06
u009114,brand,2024-04-14
u009115,brand,2024-04-28
u009116,brand,2024-04-13
u009117,brand,2024-04-29
u009118,brand,2024-04-25
u009119,brand,2024-04-05
u009120,organic,2024-04-08
u009121,organic,2024-04-25
u009122,organic,2024-04-30
u009123,organic,2024-04-22
u009124,organic,2024-04-02
u009125,organic,2024-04-23
u009126,organic,2024-04-29
u009127,organic,2024-04-12
u009128,organic,2024-04-15
u009129,organic,2024-04-20
u009130,organic,2024-04-29
u009131,organic,2024-04-27
u009132,organic,2024-04-08
u009133,organic,2024-04-27
u009134,organic,2024-04-29
u009135,organic,2024-04-15
u009136,organic,2024-04-30
u009137,organic,2024-04-27
u009138,organic,2024-04-29
u009139,organic,2024-04-03
u009140,organic,2024-04-08
u009141,organic,2024-04-06
u009142,organic,2024-04-23
u009143,organic,2024-04-16
u009144,organic,2024-04-20
u009145,organic,2024-04-23
u009146,organic,2024-04-14
u009147,organic,2024-04-05
u009148,organic,2024-04-11
u009149,organic,2024-04-26
u009150,organic,2024-04-01
u009151,organic,2024-04-24
u009152,organic,2024-04-13
u009153,organic,2024-04-18
u009154,organic,2024-04-23
u009155,organic,2024-04-16
u009156,organic,2024-04-24
u009157,organic,2024-04-30
u009158,organic,2024-04-29
u009159,organic,2024-04-15
u009160,organic,2024-04-23
u009161,organic,2024-04-25
u009162,organic,2024-04-22
u009163,organic,2024-04-21
u009164,organic,2024-04-25
u009165,organic,2024-04-15
u009166,organic,2024-04-28
u009167,organic,2024-04-10
u009168,organic,2024-04-25
u009169,organic,2024-04-19
u009170,organic,2024-04-01
u009171,organic,2024-04-11
u009172,organic,2024-04-08
u009173,organic,2024-04-14
u009174,organic,2024-04-21
u009175,organic,2024-04-30
u009176,organic,2024-04-04
u009177,organic,2024-04-17
u009178,organic,2024-04-01
u009179,organic,2024-04-21
u009180,organic,2024-04-06
u009181,organic,2024-04-11
u009182,organic,2024-04-20
u009183,organic,2024-04-23
u009184,organic,2024-04-11
u009185,organic,2024-04-24
u009186,organic,2024-04-14
u009187,organic,2024-04-02
u009188,organic,2024-04-14
u009189,organic,2024-04-11
u009190,organic,2024-04-10
u009191,organic,2024-04-10
u009192,organic,2024-04-06
u009193,organic,2024-04-29
u009194,organic,2024-04-24
u009195,organic,2024-04-28
u009196,organic,2024-04-08
u009197,organic,2024-04-07
u009198,organic,2024-04-17
u009199,organic,2024-04-04
u009200,organic,2024-04-14
u009201,organic,2024-04-20
u009202,organic,2024-04-24
u009203,organic,2024-04-14
u009204,organic,2024-04-20
u009205,organic,2024-04-18
u009206,organic,2024-04-04
u009207,organic,2024-04-29
u009208,organic,2024-04-16
u009209,organic,2024-04-06
u009210,organic,2024-04-25
u009211,organic,2024-04-05
u009212,organic,2024-04-27
u009213,organic,2024-04-30
u009214,organic,2024-04-28
u009215,organic,2024-04-19
u009216,organic,2024-04-09
u009217,organic,2024-04-28
u009218,organic,2024-04-06
u009219,organic,2024-04-29
u009220,organic,2024-04-21
u009221,organic,2024-04-05
u009222,organic,2024-04-29
u009223,organic,2024-04-20
u009224,organic,2024-04-26
u009225,organic,2024-04-29
u009226,organic,2024-04-19
u009227,organic,2024-04-29
u009228,organic,2024-04-30
u009229,organic,2024-04-09
u009230,organic,2024-04-20
u009231,organic,2024-04-27
u009232,organic,2024-04-19
u009233,organic,2024-04-12
u009234,organic,2024-04-04
u009235,organic,2024-04-02
u009236,organic,2024-04-18
u009237,organic,2024-04-02
u009238,organic,2024-04-09
u009239,organic,2024-04-15
u009240,search,2024-05-22
u009241,search,2024-05-16
u009242,search,2024-05-09
u009243,search,2024-05-13
u009244,search,2024-05-26
u009245,search,2024-05-13
u009246,search,2024-05-09
u009247,search,2024-05-14
u009248,search,2024-05-04
u009249,search,2024-05-02
u009250,search,2024-05-10
u009251,search,2024-05-03
u009252,search,2024-05-14
u009253,search,2024-05-05
u009254,search,2024-05-28
u009255,search,2024-05-13
u009256,search,2024-05-19
u009257,search,2024-05-11
u009258,search,2024-05-13
u009259,search,2024-05-03
u009260,search,2024-05-28
u009261,search,2024-05-20
u009262,search,2024-05-18
u009263,search,2024-05-13
u009264,search,2024-05-25
u009265,search,2024-05-28
u009266,search,2024-05-29
u009267,search,2024-05-20
u009268,search,2024-05-14
u009269,search,2024-05-18
u009270,search,2024-05-07
u009271,search,2024-05-09
u009272,search,2024-05-23
u009273,search,2024-05-10
u009274,search,2024-05-13
u009275,search,2024-05-10
u009276,search,2024-05-27
u009277,search,2024-05-23
u009278,search,2024-05-23
u009279,search,2024-05-03
u009280,search,2024-05-05
u009281,search,2024-05-21
u009282,search,2024-05-17
u009283,search,2024-05-09
u009284,search,2024-05-08
u009285,search,2024-05-31
u009286,search,2024-05-11
u009287,search,2024-05-09
u009288,search,2024-05-09
u009289,search,2024-05-01
u009290,search,2024-05-27
u009291,search,2024-05-07
u009292,search,2024-05-04
u009293,search,2024-05-29
u009294,search,2024-05-04
u009295,search,2024-05-21
u009296,search,2024-05-05
u009297,search,2024-05-31
u009298,search,2024-05-14
u009299,search,2024-05-14
u009300,search,2024-05-18
u009301,search,2024-05-24
u009302,search,2024-05-24
u009303,search,2024-05-26
u009304,search,2024-05-02
u009305,search,2024-05-28
u009306,search,2024-05-27
u009307,search,2024-05-18
u009308,search,2024-05-02
u009309,search,2024-05-28
u009310,search,2024-05-31
u009311,search,2024-05-20
u009312,search,2024-05-31
u009313,search,2024-05-05
u009314,search,2024-05-02
u009315,search,2024-05-19
u009316,search,2024-05-12
u009317,search,2024-05-26
u009318,search,2024-05-15
u009319,search,2024-05-17
u009320,search,2024-05-15
u009321,search,2024-05-23
u009322,search,2024-05-26
u009323,search,2024-05-14
u009324,search,2024-05-03
u009325,search,2024-05-10
u009326,search,2024-05-06
u009327,search,2024-05-07
u009328,search,2024-05-10
u009329,search,2024-05-17
u009330,search,2024-05-07
u009331,search,2024-05-23
u009332,search,2024-05-04
u009333,search,2024-05-09
u009334,search,2024-05-27
u009335,search,2024-05-20
u009336,search,2024-05-09
u009337,search,2024-05-30
u009338,search,2024-05-14
u009339,search,2024-05-03
u009340,search,2024-05-14
u009341,search,2024-05-04
u009342,search,2024-05-11
u009343,search,2024-05-10
u009344,search,2024-05-07
u009345,search,2024-05-11
u009346,search,2024-05-09
u009347,search,2024-05-08
u009348,search,2024-05-19
u009349,search,2024-05-26
u009350,search,2024-05-13
u009351,search,2024-05-29
u009352,search,2024-05-20
u009353,search,2024-05-27
u009354,search,2024-05-16
u009355,search,2024-05-28
u009356,search,2024-05-09
u009357,search,2024-05-07
u009358,search,2024-05-11
u009359,search,2024-05-19
u009360,display,2024-05-15
u009361,display,2024-05-04
u009362,display,2024-05-30
u009363,display,2024-05-16
u009364,display,2024-05-12
u009365,display,2024-05-28
u009366,display,2024-05-04
u009367,display,2024-05-23
u009368,display,2024-05-21
u009369,display,2024-05-23
u009370,display,2024-05-29
u009371,display,2024-05-15
u009372,display,2024-05-16
u009373,display,2024-05-31
u009374,display,2024-05-29
u009375,display,2024-05-09
u009376,display,2024-05-15
u009377,display,2024-05-08
u009378,display,2024-05-20
u009379,display,2024-05-08
u009380,display,2024-05-16
u009381,display,2024-05-05
u009382,display,2024-05-30
u009383,display,2024-05-17
u009384,display,2024-05-12
u009385,display,2024-05-04
u009386,display,2024-05-12
u009387,display,2024-05-08
u009388,display,2024-05-29
u009389,display,2024-05-29
u009390,display,2024-05-04
u009391,display,2024-05-24
u009392,display,2024-05-14
u009393,display,2024-05-04
u009394,display,2024-05-29
u009395,display,2024-05-07
u009396,display,2024-05-14
u009397,display,2024-05-17
u009398,display,2024-05-12
u009399,display,2024-05-17
u009400,display,2024-05-05
u009401,display,2024-05-22
u009402,display,2024-05-04
u009403,display,2024-05-31
u009404,display,2024-05-12
u009405,display,2024-05-16
u009406,display,2024-05-23
u009407,display,2024-05-01
u009408,display,2024-05-07
u009409,display,2024-05-04
u009410,display,2024-05-15
u009411,display,2024-05-14
u009412,display,2024-05-25
u009413,display,2024-05-10
u009414,display,2024-05-17
u009415,display,2024-05-06
u009416,display,2024-05-15
u009417,display,2024-05-12
u009418,display,2024-05-30
u009419,display,2024-05-27
u009420,retargeting,2024-05-23
u009421,retargeting,2024-05-28
u009422,retargeting,2024-05-02
u009423,retargeting,2024-05-20
u009424,retargeting,2024-05-25
u009425,retargeting,2024-05-21
u009426,retargeting,2024-05-06
u009427,retargeting,2024-05-12
u009428,retargeting,2024-05-24
u009429,retargeting,2024-05-16
u009430,retargeting,2024-05-17
u009431,retargeting,2024-05-14
u009432,retargeting,2024-05-20
u009433,retargeting,2024-05-24
u009434,retargeting,2024-05-30
u009435,retargeting,2024-05-16
u009436,retargeting,2024-05-23
u009437,retargeting,2024-05-02
u009438,retargeting,2024-05-10
u009439,retargeting,2024-05-07
u009440,retargeting,2024-05-23
u009441,retargeting,2024-05-09
u009442,retargeting,2024-05-14
u009443,retargeting,2024-05-06
u009444,retargeting,2024-05-19
u009445,retargeting,2024-05-20
u009446,retargeting,2024-05-16
u009447,retargeting,2024-05-26
u009448,retargeting,2024-05-17
u009449,retargeting,2024-05-30
u009450,brand,2024-05-21
u009451,brand,2024-05-09
u009452,brand,2024-05-11
u009453,brand,2024-05-13
u009454,brand,2024-05-01
u009455,brand,2024-05-26
u009456,brand,2024-05-13
u009457,brand,2024-05-02
u009458,brand,2024-05-04
u009459,brand,2024-05-29
u009460,brand,2024-05-06
u009461,brand,2024-05-15
u009462,brand,2024-05-16
u009463,brand,2024-05-22
u009464,brand,2024-05-02
u009465,brand,2024-05-14
u009466,brand,2024-05-29
u009467,brand,2024-05-18
u009468,brand,2024-05-10
u009469,brand,2024-05-23
u009470,brand,2024-05-17
u009471,brand,2024-05-26
u009472,brand,2024-05-10
u009473,brand,2024-05-03
u009474,brand,2024-05-05
u009475,brand,2024-05-10
u009476,brand,2024-05-14
u009477,brand,2024-05-22
u009478,brand,2024-05-31
u009479,brand,2024-05-06
u009480,brand,2024-05-02
u009481,brand,2024-05-22
u009482,brand,2024-05-15
u009483,brand,2024-05-06
u009484,brand,2024-05-26
u009485,brand,2024-05-29
u009486,brand,2024-05-07
u009487,brand,2024-05-31
u009488,brand,2024-05-18
u009489,brand,2024-05-12
u009490,brand,2024-05-31
u009491,brand,2024-05-08
u009492,brand,2024-05-23
u009493,brand,2024-05-02
u009494,brand,2024-05-20
u009495,brand,2024-05-20
u009496,brand,2024-05-04
u009497,brand,2024-05-13
u009498,brand,2024-05-13
u009499,brand,2024-05-13
u009500,brand,2024-05-31
u009501,brand,2024-05-10
u009502,brand,2024-05-23
u009503,brand,2024-05-08
u009504,brand,2024-05-04
u009505,brand,2024-05-07
u009506,brand,2024-05-25
u009507,brand,2024-05-09
u009508,brand,2024-05-18
u009509,brand,2024-05-10
u009510,brand,2024-05-13
u009511,brand,2024-05-29
u009512,brand,2024-05-30
u009513,brand,2024-05-20
u009514,brand,2024-05-07
u009515,brand,2024-05-23
u009516,brand,2024-05-26
u009517,brand,2024-05-08
u009518,brand,2024-05-31
u009519,brand,2024-05-02
u009520,brand,2024-05-11
u009521,brand,2024-05-07
u009522,brand,2024-05-15
u009523,brand,2024-05-09
u009524,brand,2024-05-08
u009525,brand,2024-05-24
u009526,brand,2024-05-20
u009527,brand,2024-05-20
u009528,brand,2024-05-31
u009529,brand,2024-05-21
u009530,brand,2024-05-08
u009531,brand,2024-05-19
u009532,brand,2024-05-07
u009533,brand,2024-05-01
u009534,brand,2024-05-21
u009535,brand,2024-05-18
u009536,brand,2024-05-12
u009537,brand,2024-05-28
u009538,brand,2024-05-25
u009539,brand,2024-05-07
u009540,organic,2024-05-19
u009541,organic,2024-05-20
u009542,organic,2024-05-16
u009543,organic,2024-05-15
u009544,organic,2024-05-29
u009545,organic,2024-05-22
u009546,organic,2024-05-30
u009547,organic,2024-05-23
u009548,organic,2024-05-06
u009549,organic,2024-05-26
u009550,organic,2024-05-17
u009551,organic,2024-05-28
u009552,organic,2024-05-15
u009553,organic,2024-05-15
u009554,organic,2024-05-15
u009555,organic,2024-05-06
u009556,organic,2024-05-02
u009557,organic,2024-05-07
u009558,organic,2024-05-03
u009559,organic,2024-05-20
u009560,organic,2024-05-14
u009561,organic,2024-05-27
u009562,organic,2024-05-21
u009563,organic,2024-05-05
u009564,organic,2024-05-14
u009565,organic,2024-05-18
u009566,organic,2024-05-17
u009567,organic,2024-05-22
u009568,organic,2024-05-06
u009569,organic,2024-05-13
u009570,organic,2024-05-23
u009571,organic,2024-05-03
u009572,organic,2024-05-01
u009573,organic,2024-05-24
u009574,organic,2024-05-27
u009575,organic,2024-05-01
u009576,organic,2024-05-02
u009577,organic,2024-05-07
u009578,organic,2024-05-25
u009579,organic,2024-05-04
u009580,organic,2024-05-10
u009581,organic,2024-05-02
u009582,organic,2024-05-04
u009583,organic,2024-05-12
u009584,organic,2024-05-31
u009585,organic,2024-05-19
u009586,organic,2024-05-28
u009587,organic,2024-05-24
u009588,organic,2024-05-10
u009589,organic,2024-05-07
u009590,organic,2024-05-14
u009591,organic,2024-05-20
u009592,organic,2024-05-25
u009593,organic,2024-05-02
u009594,organic,2024-05-17
u009595,organic,2024-05-06
u009596,organic,2024-05-07
u009597,organic,2024-05-04
u009598,organic,2024-05-25
u009599,organic,2024-05-27
u009600,organic,2024-05-11
u009601,organic,2024-05-14
u009602,organic,2024-05-04
u009603,organic,2024-05-01
u009604,organic,2024-05-02
u009605,organic,2024-05-16
u009606,organic,2024-05-04
u009607,organic,2024-05-25
u009608,organic,2024-05-19
u009609,organic,2024-05-07
u009610,organic,2024-05-10
u009611,organic,2024-05-11
u009612,organic,2024-05-29
u009613,organic,2024-05-26
u009614,organic,2024-05-23
u009615,organic,2024-05-14
u009616,organic,2024-05-17
u009617,organic,2024-05-30
u009618,organic,2024-05-14
u009619,organic,2024-05-08
u009620,organic,2024-05-28
u009621,organic,2024-05-10
u009622,organic,2024-05-02
u009623,organic,2024-05-12
u009624,organic,2024-05-03
u009625,organic,2024-05-29
u009626,organic,2024-05-13
u009627,organic,2024-05-03
u009628,organic,2024-05-09
u009629,organic,2024-05-23
u009630,organic,2024-05-26
u009631,organic,2024-05-06
u009632,organic,2024-05-12
u009633,organic,2024-05-01
u009634,organic,2024-05-04
u009635,organic,2024-05-08
u009636,organic,2024-05-14
u009637,organic,2024-05-12
u009638,organic,2024-05-14
u009639,organic,2024-05-09
u009640,organic,2024-05-05
u009641,organic,2024-05-18
u009642,organic,2024-05-17
u009643,organic,2024-05-27
u009644,organic,2024-05-27
u009645,organic,2024-05-02
u009646,organic,2024-05-11
u009647,organic,2024-05-07
u009648,organic,2024-05-22
u009649,organic,2024-05-10
u009650,organic,2024-05-04
u009651,organic,2024-05-09
u009652,organic,2024-05-11
u009653,organic,2024-05-11
u009654,organic,2024-05-29
u009655,organic,2024-05-08
u009656,organic,2024-05-10
u009657,organic,2024-05-06
u009658,organic,2024-05-06
u009659,organic,2024-05-25
u009660,search,2024-06-20
u009661,search,2024-06-25
u009662,search,2024-06-10
u009663,search,2024-06-28
u009664,search,2024-06-03
u009665,search,2024-06-19
u009666,search,2024-06-07
u009667,search,2024-06-22
u009668,search,2024-06-14
u009669,search,2024-06-24
u009670,search,2024-06-09
u009671,search,2024-06-21
u009672,search,2024-06-20
u009673,search,2024-06-15
u009674,search,2024-06-29
u009675,search,2024-06-27
u009676,search,2024-06-19
u009677,search,2024-06-19
u009678,search,2024-06-12
u009679,search,2024-06-16
u009680,search,2024-06-08
u009681,search,2024-06-21
u009682,search,2024-06-25
u009683,search,2024-06-13
u009684,search,2024-06-16
u009685,search,2024-06-29
u009686,search,2024-06-20
u009687,search,2024-06-09
u009688,search,2024-06-14
u009689,search,2024-06-23
u009690,search,2024-06-27
u009691,search,2024-06-28
u009692,search,2024-06-09
u009693,search,2024-06-06
u009694,search,2024-06-21
u009695,search,2024-06-11
u009696,search,2024-06-28
u009697,search,2024-06-24
u009698,search,2024-06-12
u009699,search,2024-06-28
u009700,search,2024-06-30
u009701,search,2024-06-06
u009702,search,2024-06-09
u009703,search,2024-06-01
u009704,search,2024-06-10
u009705,search,2024-06-16
u009706,search,2024-06-02
u009707,search,2024-06-24
u009708,search,2024-06-26
u009709,search,2024-06-25
u009710,search,2024-06-11
u009711,search,2024-06-28
u009712,search,2024-06-16
u009713,search,2024-06-26
u009714,search,2024-06-18
u009715,search,2024-06-17
u009716,search,2024-06-15
u009717,search,2024-06-22
u009718,search,2024-06-28
u009719,search,2024-06-02
u009720,search,2024-06-17
u009721,search,2024-06-20
u009722,search,2024-06-15
u009723,search,2024-06-10
u009724,search,2024-06-01
u009725,search,2024-06-23
u009726,search,2024-06-16
u009727,search,2024-06-07
u009728,search,2024-06-04
u009729,search,2024-06-09
u009730,search,2024-06-21
u009731,search,2024-06-01
u009732,search,2024-06-20
u009733,search,2024-06-26
u009734,search,2024-06-01
u009735,search,2024-06-29
u009736,search,2024-06-26
u009737,search,2024-06-22
u009738,search,2024-06-06
u009739,search,2024-06-07
u009740,search,2024-06-22
u009741,search,2024-06-01
u009742,search,2024-06-01
u009743,search,2024-06-23
u009744,search,2024-06-07
u009745,search,2024-06-06
u009746,search,2024-06-22
u009747,search,2024-06-21
u009748,search,2024-06-23
u009749,search,2024-06-06
u009750,search,2024-06-10
u009751,search,2024-06-27
u009752,search,2024-06-09
u009753,search,2024-06-04
u009754,search,2024-06-06
u009755,search,2024-06-10
u009756,search,2024-06-12
u009757,search,2024-06-12
u009758,search,2024-06-07
u009759,search,2024-06-29
u009760,search,2024-06-17
u009761,search,2024-06-19
u009762,search,2024-06-25
u009763,search,2024-06-15
u009764,search,2024-06-06
u009765,search,2024-06-25
u009766,search,2024-06-10
u009767,search,2024-06-15
u009768,search,2024-06-12
u009769,search,2024-06-02
u009770,search,2024-06-24
u009771,search,2024-06-23
u009772,search,2024-06-24
u009773,search,2024-06-08
u009774,search,2024-06-07
u009775,search,2024-06-20
u009776,search,2024-06-29
u009777,search,2024-06-26
u009778,search,2024-06-09
u009779,search,2024-06-15
u009780,display,2024-06-23
u009781,display,2024-06-01
u009782,display,2024-06-28
u009783,display,2024-06-03
u009784,display,2024-06-28
u009785,display,2024-06-19
u009786,display,2024-06-25
u009787,display,2024-06-14
u009788,display,2024-06-09
u009789,display,2024-06-28
u009790,display,2024-06-20
u009791,display,2024-06-10
u009792,display,2024-06-29
u009793,display,2024-06-17
u009794,display,2024-06-13
u009795,display,2024-06-03
u009796,display,2024-06-03
u009797,display,2024-06-22
u009798,display,2024-06-24
u009799,display,2024-06-28
u009800,display,2024-06-07
u009801,display,2024-06-20
u009802,display,2024-06-25
u009803,display,2024-06-04
u009804,display,2024-06-10
u009805,display,2024-06-17
u009806,display,2024-06-01
u009807,display,2024-06-28
u009808,display,2024-06-09
u009809,display,2024-06-15
u009810,display,2024-06-18
u009811,display,2024-06-03
u009812,display,2024-06-30
u009813,display,2024-06-17
u009814,display,2024-06-20
u009815,display,2024-06-20
u009816,display,2024-06-15
u009817,display,2024-06-04
u009818,display,2024-06-12
u009819,display,2024-06-01
u009820,display,2024-06-20
u009821,display,2024-06-17
u009822,display,2024-06-06
u009823,display,2024-06-13
u009824,display,2024-06-14
u009825,display,2024-06-06
u009826,display,2024-06-10
u009827,display,2024-06-23
u009828,display,2024-06-23
u009829,display,2024-06-29
u009830,display,2024-06-27
u009831,display,2024-06-06
u009832,display,2024-06-13
u009833,display,2024-06-12
u009834,display,2024-06-29
u009835,display,2024-06-26
u009836,display,2024-06-26
u009837,display,2024-06-09
u009838,display,2024-06-14
u009839,display,2024-06-26
u009840,retargeting,2024-06-22
u009841,retargeting,2024-06-21
u009842,retargeting,2024-06-27
u009843,retargeting,2024-06-03
u009844,retargeting,2024-06-17
u009845,retargeting,2024-06-14
u009846,retargeting,2024-06-16
u009847,retargeting,2024-06-28
u009848,retargeting,2024-06-30
u009849,retargeting,2024-06-14
u009850,retargeting,2024-06-06
u009851,retargeting,2024-06-21
u009852,retargeting,2024-06-24
u009853,retargeting,2024-06-02
u009854,retargeting,2024-06-17
u009855,retargeting,2024-06-01
u009856,retargeting,2024-06-27
u009857,retargeting,2024-06-18
u009858,retargeting,2024-06-21
u009859,retargeting,2024-06-01
u009860,retargeting,2024-06-25
u009861,retargeting,2024-06-15
u009862,retargeting,2024-06-19
u009863,retargeting,2024-06-15
u009864,retargeting,2024-06-18
u009865,retargeting,2024-06-22
u009866,retargeting,2024-06-10
u009867,retargeting,2024-06-09
u009868,retargeting,2024-06-06
u009869,retargeting,2024-06-13
u009870,brand,2024-06-04
u009871,brand,2024-06-01
u009872,brand,2024-06-07
u009873,brand,2024-06-22
u009874,brand,2024-06-02
u009875,brand,2024-06-03
u009876,brand,2024-06-26
u009877,brand,2024-06-23
u009878,brand,2024-06-08
u009879,brand,2024-06-09
u009880,brand,2024-06-05
u009881,brand,2024-06-09
u009882,brand,2024-06-07
u009883,brand,2024-06-16
u009884,brand,2024-06-08
u009885,brand,2024-06-21
u009886,brand,2024-06-13
u009887,brand,2024-06-29
u009888,brand,2024-06-07
u009889,brand,2024-06-29
u009890,brand,2024-06-21
u009891,brand,2024-06-02
u009892,brand,2024-06-05
u009893,brand,2024-06-28
u009894,brand,2024-06-14
u009895,brand,2024-06-17
u009896,brand,2024-06-09
u009897,brand,2024-06-21
u009898,brand,2024-06-21
u009899,brand,2024-06-28
u009900,brand,2024-06-25
u009901,brand,2024-06-03
u009902,brand,2024-06-20
u009903,brand,2024-06-28
u009904,brand,2024-06-19
u009905,brand,2024-06-16
u009906,brand,2024-06-27
u009907,brand,2024-06-10
u009908,brand,2024-06-16
u009909,brand,2024-06-02
u009910,brand,2024-06-05
u009911,brand,2024-06-12
u009912,brand,2024-06-20
u009913,brand,2024-06-16
u009914,brand,2024-06-24
u009915,brand,2024-06-20
u009916,brand,2024-06-21
u009917,brand,2024-06-13
u009918,brand,2024-06-12
u009919,brand,2024-06-11
u009920,brand,2024-06-11
u009921,brand,2024-06-25
u009922,brand,2024-06-27
u009923,brand,2024-06-18
u009924,brand,2024-06-19
u009925,brand,2024-06-25
u009926,brand,2024-06-26
u009927,brand,2024-06-10
u009928,brand,2024-06-30
u009929,brand,2024-06-04
u009930,brand,2024-06-07
u009931,brand,2024-06-13
u009932,brand,2024-06-30
u009933,brand,2024-06-20
u009934,brand,2024-06-30
u009935,brand,2024-06-25
u009936,brand,2024-06-26
u009937,brand,2024-06-16
u009938,brand,2024-06-25
u009939,brand,2024-06-26
u009940,brand,2024-06-28
u009941,brand,2024-06-29
u009942,brand,2024-06-08
u009943,brand,2024-06-02
u009944,brand,2024-06-19
u009945,brand,2024-06-02
u009946,brand,2024-06-19
u009947,brand,2024-06-07
u009948,brand,2024-06-26
u009949,brand,2024-06-01
u009950,brand,2024-06-25
u009951,brand,2024-06-21
u009952,brand,2024-06-15
u009953,brand,2024-06-04
u009954,brand,2024-06-03
u009955,brand,2024-06-10
u009956,brand,2024-06-28
u009957,brand,2024-06-05
u009958,brand,2024-06-08
u009959,brand,2024-06-08
u009960,organic,2024-06-12
u009961,organic,2024-06-25
u009962,organic,2024-06-25
u009963,organic,2024-06-06
u009964,organic,2024-06-15
u009965,organic,2024-06-03
u009966,organic,2024-06-21
u009967,organic,2024-06-27
u009968,organic,2024-06-30
u009969,organic,2024-06-04
u009970,organic,2024-06-17
u009971,organic,2024-06-17
u009972,organic,2024-06-04
u009973,organic,2024-06-03
u009974,organic,2024-06-14
u009975,organic,2024-06-29
u009976,organic,2024-06-12
u009977,organic,2024-06-16
u009978,organic,2024-06-15
u009979,organic,2024-06-19
u009980,organic,2024-06-20
u009981,organic,2024-06-07
u009982,organic,2024-06-05
u009983,organic,2024-06-30
u009984,organic,2024-06-12
u009985,organic,2024-06-08
u009986,organic,2024-06-18
u009987,organic,2024-06-04
u009988,organic,2024-06-06
u009989,organic,2024-06-14
u009990,organic,2024-06-08
u009991,organic,2024-06-17
u009992,organic,2024-06-05
u009993,organic,2024-06-28
u009994,organic,2024-06-18
u009995,organic,2024-06-12
u009996,organic,2024-06-06
u009997,organic,2024-06-14
u009998,organic,2024-06-15
u009999,organic,2024-06-08
u010000,organic,2024-06-19
u010001,organic,2024-06-07
u010002,organic,2024-06-13
u010003,organic,2024-06-18
u010004,organic,2024-06-07
u010005,organic,2024-06-27
u010006,organic,2024-06-05
u010007,organic,2024-06-14
u010008,organic,2024-06-23
u010009,organic,2024-06-23
u010010,organic,2024-06-19
u010011,organic,2024-06-04
u010012,organic,2024-06-13
u010013,organic,2024-06-24
u010014,organic,2024-06-15
u010015,organic,2024-06-20
u010016,organic,2024-06-07
u010017,organic,2024-06-05
u010018,organic,2024-06-24
u010019,organic,2024-06-09
u010020,organic,2024-06-08
u010021,organic,2024-06-02
u010022,organic,2024-06-08
u010023,organic,2024-06-28
u010024,organic,2024-06-14
u010025,organic,2024-06-04
u010026,organic,2024-06-29
u010027,organic,2024-06-14
u010028,organic,2024-06-13
u010029,organic,2024-06-19
u010030,organic,2024-06-06
u010031,organic,2024-06-09
u010032,organic,2024-06-10
u010033,organic,2024-06-15
u010034,organic,2024-06-09
u010035,organic,2024-06-01
u010036,organic,2024-06-23
u010037,organic,2024-06-12
u010038,organic,2024-06-12
u010039,organic,2024-06-18
u010040,organic,2024-06-09
u010041,organic,2024-06-11
u010042,organic,2024-06-06
u010043,organic,2024-06-15
u010044,organic,2024-06-23
u010045,organic,2024-06-30
u010046,organic,2024-06-20
u010047,organic,2024-06-14
u010048,organic,2024-06-27
u010049,organic,2024-06-29
u010050,organic,2024-06-24
u010051,organic,2024-06-12
u010052,organic,2024-06-05
u010053,organic,2024-06-23
u010054,organic,2024-06-23
u010055,organic,2024-06-21
u010056,organic,2024-06-27
u010057,organic,2024-06-19
u010058,organic,2024-06-30
u010059,organic,2024-06-21
u010060,organic,2024-06-17
u010061,organic,2024-06-22
u010062,organic,2024-06-29
u010063,organic,2024-06-22
u010064,organic,2024-06-13
u010065,organic,2024-06-17
u010066,organic,2024-06-07
u010067,organic,2024-06-05
u010068,organic,2024-06-23
u010069,organic,2024-06-17
u010070,organic,2024-06-20
u010071,organic,2024-06-06
u010072,organic,2024-06-19
u010073,organic,2024-06-12
u010074,organic,2024-06-16
u010075,organic,2024-06-14
u010076,organic,2024-06-08
u010077,organic,2024-06-19
u010078,organic,2024-06-07
u010079,organic,2024-06-07
u010080,search,2024-07-24
u010081,search,2024-07-12
u010082,search,2024-07-17
u010083,search,2024-07-15
u010084,search,2024-07-04
u010085,search,2024-07-01
u010086,search,2024-07-18
u010087,search,2024-07-06
u010088,search,2024-07-03
u010089,search,2024-07-24
u010090,search,2024-07-12
u010091,search,2024-07-24
u010092,search,2024-07-22
u010093,search,2024-07-28
u010094,search,2024-07-28
u010095,search,2024-07-12
u010096,search,2024-07-23
u010097,search,2024-07-31
u010098,search,2024-07-16
u010099,search,2024-07-11
u010100,search,2024-07-03
u010101,search,2024-07-11
u010102,search,2024-07-01
u010103,search,2024-07-05
u010104,search,2024-07-30
u010105,search,2024-07-25
u010106,search,2024-07-01
u010107,search,2024-07-19
u010108,search,2024-07-07
u010109,search,2024-07-22
u010110,search,2024-07-27
u010111,search,2024-07-06
u010112,search,2024-07-21
u010113,search,2024-07-26
u010114,search,2024-07-01
u010115,search,2024-07-15
u010116,search,2024-07-06
u010117,search,2024-07-13
u010118,search,2024-07-09
u010119,search,2024-07-16
u010120,search,2024-07-23
u010121,search,2024-07-25
u010122,search,2024-07-03
u010123,search,2024-07-28
u010124,search,2024-07-11
u010125,search,2024-07-13
u010126,search,2024-07-14
u010127,search,2024-07-04
u010128,search,2024-07-21
u010129,search,2024-07-10
u010130,search,2024-07-06
u010131,search,2024-07-10
u010132,search,2024-07-18
u010133,search,2024-07-26
u010134,search,2024-07-19
u010135,search,2024-07-24
u010136,search,2024-07-10
u010137,search,2024-07-05
u010138,search,2024-07-29
u010139,search,2024-07-19
u010140,search,2024-07-09
u010141,search,2024-07-29
u010142,search,2024-07-24
u010143,search,2024-07-26
u010144,search,2024-07-17
u010145,search,2024-07-26
u010146,search,2024-07-25
u010147,search,2024-07-21
u010148,search,2024-07-28
u010149,search,2024-07-27
u010150,search,2024-07-23
u010151,search,2024-07-27
u010152,search,2024-07-15
u010153,search,2024-07-31
u010154,search,2024-07-24
u010155,search,2024-07-15
u010156,search,2024-07-05
u010157,search,2024-07-05
u010158,search,2024-07-27
u010159,search,2024-07-05
u010160,search,2024-07-22
u010161,search,2024-07-14
u010162,search,2024-07-06
u010163,search,2024-07-06
u010164,search,2024-07-31
u010165,search,2024-07-02
u010166,search,2024-07-03
u010167,search,2024-07-16
u010168,search,2024-07-19
u010169,search,2024-07-22
u010170,search,2024-07-28
u010171,search,2024-07-12
u010172,search,2024-07-08
u010173,search,2024-07-16
u010174,search,2024-07-14
u010175,search,2024-07-17
u010176,search,2024-07-19
u010177,search,2024-07-05
u010178,search,2024-07-28
u010179,search,2024-07-15
u010180,search,2024-07-20
u010181,search,2024-07-29
u010182,search,2024-07-13
u010183,search,2024-07-21
u010184,search,2024-07-07
u010185,search,2024-07-27
u010186,search,2024-07-09
u010187,search,2024-07-09
u010188,search,2024-07-30
u010189,search,2024-07-21
u010190,search,2024-07-19
u010191,search,2024-07-16
u010192,search,2024-07-18
u010193,search,2024-07-25
u010194,search,2024-07-17
u010195,search,2024-07-26
u010196,search,2024-07-16
u010197,search,2024-07-11
u010198,search,2024-07-07
u010199,search,2024-07-10
u010200,display,2024-07-31
u010201,display,2024-07-31
u010202,display,2024-07-26
u010203,display,2024-07-20
u010204,display,2024-07-09
u010205,display,2024-07-21
u010206,display,2024-07-17
u010207,display,2024-07-05
u010208,display,2024-07-12
u010209,display,2024-07-10
u010210,display,2024-07-02
u010211,display,2024-07-18
u010212,display,2024-07-17
u010213,display,2024-07-08
u010214,display,2024-07-21
u010215,display,2024-07-09
u010216,display,2024-07-03
u010217,display,2024-07-04
u010218,display,2024-07-04
u010219,display,2024-07-30
u010220,display,2024-07-28
u010221,display,2024-07-31
u010222,display,2024-07-29
u010223,display,2024-07-15
u010224,display,2024-07-05
u010225,display,2024-07-24
u010226,display,2024-07-19
u010227,display,2024-07-10
u010228,display,2024-07-13
u010229,display,2024-07-05
u010230,display,2024-07-01
u010231,display,2024-07-24
u010232,display,2024-07-14
u010233,display,2024-07-14
u010234,display,2024-07-21
u010235,display,2024-07-02
u010236,display,2024-07-23
u010237,display,2024-07-09
u010238,display,2024-07-05
u010239,display,2024-07-21
u010240,display,2024-07-05
u010241,display,2024-07-24
u010242,display,2024-07-17
u010243,display,2024-07-24
u010244,display,2024-07-19
u010245,display,2024-07-10
u010246,display,2024-07-25
u010247,display,2024-07-08
u010248,display,2024-07-08
u010249,display,2024-07-17
u010250,display,2024-07-11
u010251,display,2024-07-09
u010252,display,2024-07-05
u010253,display,2024-07-16
u010254,display,2024-07-14
u010255,display,2024-07-25
u010256,display,2024-07-24
u010257,display,2024-07-16
u010258,display,2024-07-18
u010259,display,2024-07-20
u010260,retargeting,2024-07-10
u010261,retargeting,2024-07-27
u010262,retargeting,2024-07-29
u010263,retargeting,2024-07-02
u010264,retargeting,2024-07-26
u010265,retargeting,2024-07-06
u010266,retargeting,2024-07-25
u010267,retargeting,2024-07-01
u010268,retargeting,2024-07-17
u010269,retargeting,2024-07-27
u010270,retargeting,2024-07-20
u010271,retargeting,2024-07-17
u010272,retargeting,2024-07-10
u010273,retargeting,2024-07-31
u010274,retargeting,2024-07-01
u010275,retargeting,2024-07-14
u010276,retargeting,2024-07-30
u010277,retargeting,2024-07-03
u010278,retargeting,2024-07-31
u010279,retargeting,2024-07-21
u010280,retargeting,2024-07-23
u010281,retargeting,2024-07-03
u010282,retargeting,2024-07-05
u010283,retargeting,2024-07-29
u010284,retargeting,2024-07-12
u010285,retargeting,2024-07-16
u010286,retargeting,2024-07-04
u010287,retargeting,2024-07-18
u010288,retargeting,2024-07-10
u010289,retargeting,2024-07-04
u010290,brand,2024-07-25
u010291,brand,2024-07-29
u010292,brand,2024-07-24
u010293,brand,2024-07-16
u010294,brand,2024-07-04
u010295,brand,2024-07-22
u010296,brand,2024-07-23
u010297,brand,2024-07-18
u010298,brand,2024-07-19
u010299,brand,2024-07-07
u010300,brand,2024-07-03
u010301,brand,2024-07-22
u010302,brand,2024-07-09
u010303,brand,2024-07-23
u010304,brand,2024-07-19
u010305,brand,2024-07-04
u010306,brand,2024-07-21
u010307,brand,2024-07-07
u010308,brand,2024-07-06
u010309,brand,2024-07-04
u010310,brand,2024-07-23
u010311,brand,2024-07-11
u010312,brand,2024-07-08
u010313,brand,2024-07-11
u010314,brand,2024-07-29
u010315,brand,2024-07-09
u010316,brand,2024-07-04
u010317,brand,2024-07-23
u010318,brand,2024-07-09
u010319,brand,2024-07-25
u010320,brand,2024-07-10
u010321,brand,2024-07-03
u010322,brand,2024-07-22
u010323,brand,2024-07-17
u010324,brand,2024-07-04
u010325,brand,2024-07-22
u010326,brand,2024-07-02
u010327,brand,2024-07-12
u010328,brand,2024-07-10
u010329,brand,2024-07-10
u010330,brand,2024-07-19
u010331,brand,2024-07-03
u010332,brand,2024-07-19
u010333,brand,2024-07-27
u010334,brand,2024-07-16
u010335,brand,2024-07-25
u010336,brand,2024-07-28
u010337,brand,2024-07-16
u010338,brand,2024-07-30
u010339,brand,2024-07-28
u010340,brand,2024-07-11
u010341,brand,2024-07-12
u010342,brand,2024-07-19
u010343,brand,2024-07-09
u010344,brand,2024-07-03
u010345,brand,2024-07-23
u010346,brand,2024-07-31
u010347,brand,2024-07-19
u010348,brand,2024-07-05
u010349,brand,2024-07-26
u010350,brand,2024-07-30
u010351,brand,2024-07-03
u010352,brand,2024-07-25
u010353,brand,2024-07-19
u010354,brand,2024-07-14
u010355,brand,2024-07-05
u010356,brand,2024-07-23
u010357,brand,2024-07-18
u010358,brand,2024-07-12
u010359,brand,2024-07-02
u010360,brand,2024-07-16
u010361,brand,2024-07-23
u010362,brand,2024-07-18
u010363,brand,2024-07-30
u010364,brand,2024-07-05
u010365,brand,2024-07-19
u010366,brand,2024-07-20
u010367,brand,2024-07-04
u010368,brand,2024-07-31
u010369,brand,2024-07-12
u010370,brand,2024-07-30
u010371,brand,2024-07-22
u010372,brand,2024-07-31
u010373,brand,2024-07-04
u010374,brand,2024-07-30
u010375,brand,2024-07-07
u010376,brand,2024-07-26
u010377,brand,2024-07-12
u010378,brand,2024-07-31
u010379,brand,2024-07-11
u010380,organic,2024-07-03
u010381,organic,2024-07-18
u010382,organic,2024-07-22
u010383,organic,2024-07-10
u010384,organic,2024-07-20
u010385,organic,2024-07-27
u010386,organic,2024-07-31
u010387,organic,2024-07-01
u010388,organic,2024-07-15
u010389,organic,2024-07-06
u010390,organic,2024-07-31
u010391,organic,2024-07-24
u010392,organic,2024-07-29
u010393,organic,2024-07-21
u010394,organic,2024-07-24
u010395,organic,2024-07-17
u010396,organic,2024-07-28
u010397,organic,2024-07-10
u010398,organic,2024-07-13
u010399,organic,2024-07-19
u010400,organic,2024-07-15
u010401,organic,2024-07-02
u010402,organic,2024-07-30
u010403,organic,2024-07-28
u010404,organic,2024-07-10
u010405,organic,2024-07-31
u010406,organic,2024-07-06
u010407,organic,2024-07-05
u010408,organic,2024-07-30
u010409,organic,2024-07-15
u010410,organic,2024-07-19
u010411,organic,2024-07-24
u010412,organic,2024-07-15
u010413,organic,2024-07-27
u010414,organic,2024-07-11
u010415,organic,2024-07-21
u010416,organic,2024-07-19
u010417,organic,2024-07-10
u010418,organic,2024-07-04
u010419,organic,2024-07-19
u010420,organic,2024-07-18
u010421,organic,2024-07-11
u010422,organic,2024-07-22
u010423,organic,2024-07-04
u010424,organic,2024-07-11
u010425,organic,2024-07-10
u010426,organic,2024-07-06
u010427,organic,2024-07-26
u010428,organic,2024-07-15
u010429,organic,2024-07-01
u010430,organic,2024-07-08
u010431,organic,2024-07-20
u010432,organic,2024-07-26
u010433,organic,2024-07-03
u010434,organic,2024-07-09
u010435,organic,2024-07-16
u010436,organic,2024-07-26
u010437,organic,2024-07-03
u010438,organic,2024-07-07
u010439,organic,2024-07-21
u010440,organic,2024-07-01
u010441,organic,2024-07-04
u010442,organic,2024-07-16
u010443,organic,2024-07-23
u010444,organic,2024-07-28
u010445,organic,2024-07-30
u010446,organic,2024-07-07
u010447,organic,2024-07-14
u010448,organic,2024-07-27
u010449,organic,2024-07-08
u010450,organic,2024-07-16
u010451,organic,2024-07-25
u010452,organic,2024-07-02
u010453,organic,2024-07-14
u010454,organic,2024-07-21
u010455,organic,2024-07-18
u010456,organic,2024-07-24
u010457,organic,2024-07-27
u010458,organic,2024-07-22
u010459,organic,2024-07-20
u010460,organic,2024-07-07
u010461,organic,2024-07-02
u010462,organic,2024-07-20
u010463,organic,2024-07-08
u010464,organic,2024-07-12
u010465,organic,2024-07-29
u010466,organic,2024-07-20
u010467,organic,2024-07-27
u010468,organic,2024-07-18
u010469,organic,2024-07-11
u010470,organic,2024-07-24
u010471,organic,2024-07-11
u010472,organic,2024-07-11
u010473,organic,2024-07-02
u010474,organic,2024-07-13
u010475,organic,2024-07-27
u010476,organic,2024-07-01
u010477,organic,2024-07-09
u010478,organic,2024-07-14
u010479,organic,2024-07-16
u010480,organic,2024-07-16
u010481,organic,2024-07-16
u010482,organic,2024-07-22
u010483,organic,2024-07-11
u010484,organic,2024-07-24
u010485,organic,2024-07-04
u010486,organic,2024-07-07
u010487,organic,2024-07-12
u010488,organic,2024-07-24
u010489,organic,2024-07-06
u010490,organic,2024-07-27
u010491,organic,2024-07-23
u010492,organic,2024-07-31
u010493,organic,2024-07-09
u010494,organic,2024-07-09
u010495,organic,2024-07-22
u010496,organic,2024-07-18
u010497,organic,2024-07-21
u010498,organic,2024-07-13
u010499,organic,2024-07-04
u010500,search,2024-08-29
u010501,search,2024-08-15
u010502,search,2024-08-19
u010503,search,2024-08-05
u010504,search,2024-08-22
u010505,search,2024-08-04
u010506,search,2024-08-06
u010507,search,2024-08-05
u010508,search,2024-08-17
u010509,search,2024-08-21
u010510,search,2024-08-05
u010511,search,2024-08-31
u010512,search,2024-08-26
u010513,search,2024-08-27
u010514,search,2024-08-21
u010515,search,2024-08-11
u010516,search,2024-08-14
u010517,search,2024-08-23
u010518,search,2024-08-16
u010519,search,2024-08-11
u010520,search,2024-08-17
u010521,search,2024-08-24
u010522,search,2024-08-11
u010523,search,2024-08-25
u010524,search,2024-08-13
u010525,search,2024-08-20
u010526,search,2024-08-24
u010527,search,2024-08-02
u010528,search,2024-08-27
u010529,search,2024-08-04
u010530,search,2024-08-15
u010531,search,2024-08-20
u010532,search,2024-08-23
u010533,search,2024-08-16
u010534,search,2024-08-07
u010535,search,2024-08-15
u010536,search,2024-08-27
u010537,search,2024-08-20
u010538,search,2024-08-31
u010539,search,2024-08-16
u010540,search,2024-08-17
u010541,search,2024-08-20
u010542,search,2024-08-03
u010543,search,2024-08-05
u010544,search,2024-08-18
u010545,search,2024-08-05
u010546,search,2024-08-09
u010547,search,2024-08-05
u010548,search,2024-08-03
u010549,search,2024-08-17
u010550,search,2024-08-29
u010551,search,2024-08-25
u010552,search,2024-08-14
u010553,search,2024-08-08
u010554,search,2024-08-04
u010555,search,2024-08-22
u010556,search,2024-08-14
u010557,search,2024-08-25
u010558,search,2024-08-17
u010559,search,2024-08-15
u010560,search,2024-08-22
u010561,search,2024-08-23
u010562,search,2024-08-12
u010563,search,2024-08-12
u010564,search,2024-08-10
u010565,search,2024-08-01
u010566,search,2024-08-06
u010567,search,2024-08-21
u010568,search,2024-08-31
u010569,search,2024-08-06
u010570,search,2024-08-03
u010571,search,2024-08-15
u010572,search,2024-08-26
u010573,search,2024-08-13
u010574,search,2024-08-11
u010575,search,2024-08-23
u010576,search,2024-08-31
u010577,search,2024-08-23
u010578,search,2024-08-27
u010579,search,2024-08-07
u010580,search,2024-08-29
u010581,search,2024-08-13
u010582,search,2024-08-28
u010583,search,2024-08-10
u010584,search,2024-08-10
u010585,search,2024-08-05
u010586,search,2024-08-27
u010587,search,2024-08-19
u010588,search,2024-08-14
u010589,search,2024-08-11
u010590,search,2024-08-30
u010591,search,2024-08-26
u010592,search,2024-08-20
u010593,search,2024-08-30
u010594,search,2024-08-28
u010595,search,2024-08-11
u010596,search,2024-08-23
u010597,search,2024-08-11
u010598,search,2024-08-23
u010599,search,2024-08-29
u010600,search,2024-08-08
u010601,search,2024-08-14
u010602,search,2024-08-14
u010603,search,2024-08-25
u010604,search,2024-08-08
u010605,search,2024-08-08
u010606,search,2024-08-09
u010607,search,2024-08-12
u010608,search,2024-08-08
u010609,search,2024-08-14
u010610,search,2024-08-19
u010611,search,2024-08-19
u010612,search,2024-08-01
u010613,search,2024-08-12
u010614,search,2024-08-21
u010615,search,2024-08-01
u010616,search,2024-08-11
u010617,search,2024-08-26
u010618,search,2024-08-18
u010619,search,2024-08-09
u010620,display,2024-08-21
u010621,display,2024-08-15
u010622,display,2024-08-29
u010623,display,2024-08-08
u010624,display,2024-08-05
u010625,display,2024-08-02
u010626,display,2024-08-15
u010627,display,2024-08-04
u010628,display,2024-08-24
u010629,display,2024-08-24
u010630,display,2024-08-26
u010631,display,2024-08-08
u010632,display,2024-08-21
u010633,display,2024-08-05
u010634,display,2024-08-18
u010635,display,2024-08-18
u010636,display,2024-08-11
u010637,display,2024-08-23
u010638,display,2024-08-07
u010639,display,2024-08-09
u010640,display,2024-08-01
u010641,display,2024-08-02
u010642,display,2024-08-26
u010643,display,2024-08-27
u010644,display,2024-08-07
u010645,display,2024-08-30
u010646,display,2024-08-31
u010647,display,2024-08-25
u010648,display,2024-08-26
u010649,display,2024-08-20
u010650,display,2024-08-03
u010651,display,2024-08-18
u010652,display,2024-08-05
u010653,display,2024-08-10
u010654,display,2024-08-29
u010655,display,2024-08-23
u010656,display,2024-08-15
u010657,display,2024-08-15
u010658,display,2024-08-29
u010659,display,2024-08-28
u010660,display,2024-08-11
u010661,display,2024-08-16
u010662,display,2024-08-19
u010663,display,2024-08-04
u010664,display,2024-08-03
u010665,display,2024-08-07
u010666,display,2024-08-02
u010667,display,2024-08-16
u010668,display,2024-08-24
u010669,display,2024-08-27
u010670,display,2024-08-21
u010671,display,2024-08-17
u010672,display,2024-08-09
u010673,display,2024-08-06
u010674,display,2024-08-21
u010675,display,2024-08-28
u010676,display,2024-08-29
u010677,display,2024-08-30
u010678,display,2024-08-29
u010679,display,2024-08-30
u010680,retargeting,2024-08-16
u010681,retargeting,2024-08-13
u010682,retargeting,2024-08-01
u010683,retargeting,2024-08-19
u010684,retargeting,2024-08-18
u010685,retargeting,2024-08-28
u010686,retargeting,2024-08-09
u010687,retargeting,2024-08-19
u010688,retargeting,2024-08-05
u010689,retargeting,2024-08-20
u010690,retargeting,2024-08-04
u010691,retargeting,2024-08-19
u010692,retargeting,2024-08-21
u010693,retargeting,2024-08-11
u010694,retargeting,2024-08-27
u010695,retargeting,2024-08-02
u010696,retargeting,2024-08-06
u010697,retargeting,2024-08-05
u010698,retargeting,2024-08-13
u010699,retargeting,2024-08-10
u010700,retargeting,2024-08-25
u010701,retargeting,2024-08-12
u010702,retargeting,2024-08-05
u010703,retargeting,2024-08-17
u010704,retargeting,2024-08-19
u010705,retargeting,2024-08-01
u010706,retargeting,2024-08-03
u010707,retargeting,2024-08-25
u010708,retargeting,2024-08-16
u010709,retargeting,2024-08-04
u010710,brand,2024-08-22
u010711,brand,2024-08-03
u010712,brand,2024-08-12
u010713,brand,2024-08-18
u010714,brand,2024-08-09
u010715,brand,2024-08-05
u010716,brand,2024-08-16
u010717,brand,2024-08-18
u010718,brand,2024-08-28
u010719,brand,2024-08-19
u010720,brand,2024-08-07
u010721,brand,2024-08-14
u010722,brand,2024-08-23
u010723,brand,2024-08-04
u010724,brand,2024-08-03
u010725,brand,2024-08-16
u010726,brand,2024-08-06
u010727,brand,2024-08-17
u010728,brand,2024-08-09
u010729,brand,2024-08-31
u010730,brand,2024-08-27
u010731,brand,2024-08-15
u010732,brand,2024-08-01
u010733,brand,2024-08-26
u010734,brand,2024-08-26
u010735,brand,2024-08-15
u010736,brand,2024-08-03
u010737,brand,2024-08-17
u010738,brand,2024-08-24
u010739,brand,2024-08-24
u010740,brand,2024-08-02
u010741,brand,2024-08-04
u010742,brand,2024-08-09
u010743,brand,2024-08-10
u010744,brand,2024-08-08
u010745,brand,2024-08-20
u010746,brand,2024-08-04
u010747,brand,2024-08-18
u010748,brand,2024-08-23
u010749,brand,2024-08-08
u010750,brand,2024-08-22
u010751,brand,2024-08-05
u010752,brand,2024-08-25
u010753,brand,2024-08-14
u010754,brand,2024-08-13
u010755,brand,2024-08-02
u010756,brand,2024-08-04
u010757,brand,2024-08-29
u010758,brand,2024-08-16
u010759,brand,2024-08-16
u010760,brand,2024-08-29
u010761,brand,2024-08-21
u010762,brand,2024-08-04
u010763,brand,2024-08-15
u010764,brand,2024-08-13
u010765,brand,2024-08-09
u010766,brand,2024-08-01
u010767,brand,2024-08-18
u010768,brand,2024-08-01
u010769,brand,2024-08-15
u010770,brand,2024-08-03
u010771,brand,2024-08-30
u010772,brand,2024-08-31
u010773,brand,2024-08-06
u010774,brand,2024-08-21
u010775,brand,2024-08-03
u010776,brand,2024-08-30
u010777,brand,2024-08-12
u010778,brand,2024-08-10
u010779,brand,2024-08-01
u010780,brand,2024-08-23
u010781,brand,2024-08-16
u010782,brand,2024-08-25
u010783,brand,2024-08-07
u010784,brand,2024-08-29
u010785,brand,2024-08-08
u010786,brand,2024-08-09
u010787,brand,2024-08-21
u010788,brand,2024-08-02
u010789,brand,2024-08-27
u010790,brand,2024-08-23
u010791,brand,2024-08-13
u010792,brand,2024-08-26
u010793,brand,2024-08-19
u010794,brand,2024-08-15
u010795,brand,2024-08-23
u010796,brand,2024-08-15
u010797,brand,2024-08-19
u010798,brand,2024-08-26
u010799,brand,2024-08-07
u010800,organic,2024-08-23
u010801,organic,2024-08-12
u010802,organic,2024-08-16
u010803,organic,2024-08-09
u010804,organic,2024-08-18
u010805,organic,2024-08-23
u010806,organic,2024-08-17
u010807,organic,2024-08-22
u010808,organic,2024-08-14
u010809,organic,2024-08-16
u010810,organic,2024-08-21
u010811,organic,2024-08-15
u010812,organic,2024-08-27
u010813,organic,2024-08-16
u010814,organic,2024-08-11
u010815,organic,2024-08-17
u010816,organic,2024-08-21
u010817,organic,2024-08-26
u010818,organic,2024-08-29
u010819,organic,2024-08-14
u010820,organic,2024-08-04
u010821,organic,2024-08-22
u010822,organic,2024-08-26
u010823,organic,2024-08-15
u010824,organic,2024-08-12
u010825,organic,2024-08-09
u010826,organic,2024-08-21
u010827,organic,2024-08-28
u010828,organic,2024-08-05
u010829,organic,2024-08-28
u010830,organic,2024-08-18
u010831,organic,2024-08-29
u010832,organic,2024-08-10
u010833,organic,2024-08-29
u010834,organic,2024-08-05
u010835,organic,2024-08-15
u010836,organic,2024-08-29
u010837,organic,2024-08-20
u010838,organic,2024-08-13
u010839,organic,2024-08-30
u010840,organic,2024-08-04
u010841,organic,2024-08-13
u010842,organic,2024-08-07
u010843,organic,2024-08-23
u010844,organic,2024-08-23
u010845,organic,2024-08-10
u010846,organic,2024-08-02
u010847,organic,2024-08-29
u010848,organic,2024-08-06
u010849,organic,2024-08-24
u010850,organic,2024-08-22
u010851,organic,2024-08-25
u010852,organic,2024-08-06
u010853,organic,2024-08-14
u010854,organic,2024-08-07
u010855,organic,2024-08-01
u010856,organic,2024-08-20
u010857,organic,2024-08-27
u010858,organic,2024-08-10
u010859,organic,2024-08-03
u010860,organic,2024-08-27
u010861,organic,2024-08-21
u010862,organic,2024-08-02
u010863,organic,2024-08-15
u010864,organic,2024-08-21
u010865,organic,2024-08-08
u010866,organic,2024-08-23
u010867,organic,2024-08-03
u010868,organic,2024-08-29
u010869,organic,2024-08-11
u010870,organic,2024-08-03
u010871,organic,2024-08-29
u010872,organic,2024-08-07
u010873,organic,2024-08-20
u010874,organic,2024-08-18
u010875,organic,2024-08-08
u010876,organic,2024-08-26
u010877,organic,2024-08-26
u010878,organic,2024-08-15
u010879,organic,2024-08-20
u010880,organic,2024-08-07
u010881,organic,2024-08-12
u010882,organic,2024-08-06
u010883,organic,2024-08-20
u010884,organic,2024-08-06
u010885,organic,2024-08-24
u010886,organic,2024-08-31
u010887,organic,2024-08-22
u010888,organic,2024-08-08
u010889,organic,2024-08-24
u010890,organic,2024-08-05
u010891,organic,2024-08-20
u010892,organic,2024-08-23
u010893,organic,2024-08-05
u010894,organic,2024-08-02
u010895,organic,2024-08-08
u010896,organic,2024-08-22
u010897,organic,2024-08-24
u010898,organic,2024-08-03
u010899,organic,2024-08-12
u010900,organic,2024-08-20
u010901,organic,2024-08-24
u010902,organic,2024-08-13
u010903,organic,2024-08-30
u010904,organic,2024-08-23
u010905,organic,2024-08-06
u010906,organic,2024-08-02
u010907,organic,2024-08-31
u010908,organic,2024-08-06
u010909,organic,2024-08-26
u010910,organic,2024-08-18
u010911,organic,2024-08-22
u010912,organic,2024-08-06
u010913,organic,2024-08-19
u010914,organic,2024-08-01
u010915,organic,2024-08-11
u010916,organic,2024-08-27
u010917,organic,2024-08-02
u010918,organic,2024-08-22
u010919,organic,2024-08-19
u010920,search,2024-09-13
u010921,search,2024-09-01
u010922,search,2024-09-13
u010923,search,2024-09-20
u010924,search,2024-09-27
u010925,search,2024-09-14
u010926,search,2024-09-19
u010927,search,2024-09-23
u010928,search,2024-09-09
u010929,search,2024-09-29
u010930,search,2024-09-27
u010931,search,2024-09-02
u010932,search,2024-09-05
u010933,search,2024-09-13
u010934,search,2024-09-26
u010935,search,2024-09-23
u010936,search,2024-09-11
u010937,search,2024-09-07
u010938,search,2024-09-16
u010939,search,2024-09-03
u010940,search,2024-09-27
u010941,search,2024-09-21
u010942,search,2024-09-19
u010943,search,2024-09-07
u010944,search,2024-09-24
u010945,search,2024-09-15
u010946,search,2024-09-29
u010947,search,2024-09-09
u010948,search,2024-09-20
u010949,search,2024-09-07
u010950,search,2024-09-10
u010951,search,2024-09-01
u010952,search,2024-09-28
u010953,search,2024-09-08
u010954,search,2024-09-23
u010955,search,2024-09-14
u010956,search,2024-09-30
u010957,search,2024-09-29
u010958,search,2024-09-13
u010959,search,2024-09-26
u010960,search,2024-09-11
u010961,search,2024-09-11
u010962,search,2024-09-18
u010963,search,2024-09-17
u010964,search,2024-09-13
u010965,search,2024-09-04
u010966,search,2024-09-06
u010967,search,2024-09-01
u010968,search,2024-09-02
u010969,search,2024-09-16
u010970,search,2024-09-08
u010971,search,2024-09-27
u010972,search,2024-09-27
u010973,search,2024-09-27
u010974,search,2024-09-11
u010975,search,2024-09-19
u010976,search,2024-09-17
u010977,search,2024-09-28
u010978,search,2024-09-10
u010979,search,2024-09-03
u010980,search,2024-09-10
u010981,search,2024-09-15
u010982,search,2024-09-07
u010983,search,2024-09-11
u010984,search,2024-09-27
u010985,search,2024-09-16
u010986,search,2024-09-28
u010987,search,2024-09-23
u010988,search,2024-09-02
u010989,search,2024-09-30
u010990,search,2024-09-05
u010991,search,2024-09-27
u010992,search,2024-09-27
u010993,search,2024-09-30
u010994,search,2024-09-21
u010995,search,2024-09-05
u010996,search,2024-09-28
u010997,search,2024-09-03
u010998,search,2024-09-10
u010999,search,2024-09-19
u011000,search,2024-09-12
u011001,search,2024-09-05
u011002,search,2024-09-28
u011003,search,2024-09-12
u011004,search,2024-09-04
u011005,search,2024-09-14
u011006,search,2024-09-24
u011007,search,2024-09-08
u011008,search,2024-09-26
u011009,search,2024-09-14
u011010,search,2024-09-20
u011011,search,2024-09-30
u011012,search,2024-09-01
u011013,search,2024-09-04
u011014,search,2024-09-16
u011015,search,2024-09-03
u011016,search,2024-09-28
u011017,search,2024-09-10
u011018,search,2024-09-21
u011019,search,2024-09-25
u011020,search,2024-09-03
u011021,search,2024-09-24
u011022,search,2024-09-06
u011023,search,2024-09-01
u011024,search,2024-09-14
u011025,search,2024-09-24
u011026,search,2024-09-11
u011027,search,2024-09-19
u011028,search,2024-09-07
u011029,search,2024-09-24
u011030,search,2024-09-25
u011031,search,2024-09-06
u011032,search,2024-09-06
u011033,search,2024-09-05
u011034,search,2024-09-25
u011035,search,2024-09-12
u011036,search,2024-09-13
u011037,search,2024-09-10
u011038,search,2024-09-13
u011039,search,2024-09-03
u011040,display,2024-09-26
u011041,display,2024-09-15
u011042,display,2024-09-08
u011043,display,2024-09-23
u011044,display,2024-09-24
u011045,display,2024-09-11
u011046,display,2024-09-03
u011047,display,2024-09-07
u011048,display,2024-09-11
u011049,display,2024-09-04
u011050,display,2024-09-23
u011051,display,2024-09-16
u011052,display,2024-09-08
u011053,display,2024-09-30
u011054,display,2024-09-07
u011055,display,2024-09-02
u011056,display,2024-09-09
u011057,display,2024-09-20
u011058,display,2024-09-30
u011059,display,2024-09-20
u011060,display,2024-09-20
u011061,display,2024-09-11
u011062,display,2024-09-19
u011063,display,2024-09-05
u011064,display,2024-09-19
u011065,display,2024-09-06
u011066,display,2024-09-14
u011067,display,2024-09-17
u011068,display,2024-09-10
u011069,display,2024-09-13
u011070,display,2024-09-14
u011071,display,2024-09-01
u011072,display,2024-09-10
u011073,display,2024-09-30
u011074,display,2024-09-30
u011075,display,2024-09-06
u011076,display,2024-09-04
u011077,display,2024-09-12
u011078,display,2024-09-03
u011079,display,2024-09-20
u011080,display,2024-09-20
u011081,display,2024-09-22
u011082,display,2024-09-04
u011083,display,2024-09-14
u011084,display,2024-09-20
u011085,display,2024-09-14
u011086,display,2024-09-03
u011087,display,2024-09-30
u011088,display,2024-09-24
u011089,display,2024-09-15
u011090,display,2024-09-08
u011091,display,2024-09-01
u011092,display,2024-09-18
u011093,display,2024-09-25
u011094,display,2024-09-18
u011095,display,2024-09-26
u011096,display,2024-09-01
u011097,display,2024-09-14
u011098,display,2024-09-10
u011099,display,2024-09-18
u011100,retargeting,2024-09-22
u011101,retargeting,2024-09-22
u011102,retargeting,2024-09-02
u011103,retargeting,2024-09-02
u011104,retargeting,2024-09-29
u011105,retargeting,2024-09-15
u011106,retargeting,2024-09-20
u011107,retargeting,2024-09-22
u011108,retargeting,2024-09-05
u011109,retargeting,2024-09-09
u011110,retargeting,2024-09-25
u011111,retargeting,2024-09-14
u011112,retargeting,2024-09-15
u011113,retargeting,2024-09-28
u011114,retargeting,2024-09-17
u011115,retargeting,2024-09-30
u011116,retargeting,2024-09-15
u011117,retargeting,2024-09-20
u011118,retargeting,2024-09-02
u011119,retargeting,2024-09-05
u011120,retargeting,2024-09-28
u011121,retargeting,2024-09-07
u011122,retargeting,2024-09-29
u011123,retargeting,2024-09-10
u011124,retargeting,2024-09-05
u011125,retargeting,2024-09-19
u011126,retargeting,2024-09-10
u011127,retargeting,2024-09-27
u011128,retargeting,2024-09-05
u011129,retargeting,2024-09-06
u011130,brand,2024-09-24
u011131,brand,2024-09-26
u011132,brand,2024-09-17
u011133,brand,2024-09-30
u011134,brand,2024-09-06
u011135,brand,2024-09-12
u011136,brand,2024-09-10
u011137,brand,2024-09-08
u011138,brand,2024-09-13
u011139,brand,2024-09-02
u011140,brand,2024-09-15
u011141,brand,2024-09-29
u011142,brand,2024-09-24
u011143,brand,2024-09-03
u011144,brand,2024-09-08
u011145,brand,2024-09-03
u011146,brand,2024-09-09
u011147,brand,2024-09-14
u011148,brand,2024-09-23
u011149,brand,2024-09-28
u011150,brand,2024-09-16
u011151,brand,2024-09-15
u011152,brand,2024-09-12
u011153,brand,2024-09-06
u011154,brand,2024-09-01
u011155,brand,2024-09-21
u011156,brand,2024-09-11
u011157,brand,2024-09-06
u011158,brand,2024-09-16
u011159,brand,2024-09-30
u011160,brand,2024-09-19
u011161,brand,2024-09-14
u011162,brand,2024-09-04
u011163,brand,2024-09-20
u011164,brand,2024-09-14
u011165,brand,2024-09-28
u011166,brand,2024-09-28
u011167,brand,2024-09-25
u011168,brand,2024-09-08
u011169,brand,2024-09-16
u011170,brand,2024-09-16
u011171,brand,2024-09-12
u011172,brand,2024-09-21
u011173,brand,2024-09-13
u011174,brand,2024-09-22
u011175,brand,2024-09-25
u011176,brand,2024-09-02
u011177,brand,2024-09-02
u011178,brand,2024-09-25
u011179,brand,2024-09-06
u011180,brand,2024-09-07
u011181,brand,2024-09-10
u011182,brand,2024-09-27
u011183,brand,2024-09-09
u011184,brand,2024-09-17
u011185,brand,2024-09-02
u011186,brand,2024-09-21
u011187,brand,2024-09-30
u011188,brand,2024-09-12
u011189,brand,2024-09-05
u011190,brand,2024-09-07
u011191,brand,2024-09-20
u011192,brand,2024-09-16
u011193,brand,2024-09-12
u011194,brand,2024-09-17
u011195,brand,2024-09-30
u011196,brand,2024-09-25
u011197,brand,2024-09-18
u011198,brand,2024-09-20
u011199,brand,2024-09-11
u011200,brand,2024-09-06
u011201,brand,2024-09-25
u011202,brand,2024-09-20
u011203,brand,2024-09-22
u011204,brand,2024-09-21
u011205,brand,2024-09-09
u011206,brand,2024-09-01
u011207,brand,2024-09-18
u011208,brand,2024-09-21
u011209,brand,2024-09-24
u011210,brand,2024-09-18
u011211,brand,2024-09-07
u011212,brand,2024-09-17
u011213,brand,2024-09-13
u011214,brand,2024-09-13
u011215,brand,2024-09-20
u011216,brand,2024-09-15
u011217,brand,2024-09-27
u011218,brand,2024-09-20
u011219,brand,2024-09-25
u011220,organic,2024-09-13
u011221,organic,2024-09-04
u011222,organic,2024-09-22
u011223,organic,2024-09-03
u011224,organic,2024-09-24
u011225,organic,2024-09-19
u011226,organic,2024-09-22
u011227,organic,2024-09-02
u011228,organic,2024-09-10
u011229,organic,2024-09-16
u011230,organic,2024-09-30
u011231,organic,2024-09-15
u011232,organic,2024-09-17
u011233,organic,2024-09-10
u011234,organic,2024-09-23
u011235,organic,2024-09-06
u011236,organic,2024-09-22
u011237,organic,2024-09-29
u011238,organic,2024-09-02
u011239,organic,2024-09-02
u011240,organic,2024-09-30
u011241,organic,2024-09-22
u011242,organic,2024-09-08
u011243,organic,2024-09-24
u011244,organic,2024-09-08
u011245,organic,2024-09-13
u011246,organic,2024-09-09
u011247,organic,2024-09-11
u011248,organic,2024-09-10
u011249,organic,2024-09-24
u011250,organic,2024-09-11
u011251,organic,2024-09-11
u011252,organic,2024-09-17
u011253,organic,2024-09-29
u011254,organic,2024-09-03
u011255,organic,2024-09-01
u011256,organic,2024-09-11
u011257,organic,2024-09-13
u011258,organic,2024-09-26
u011259,organic,2024-09-21
u011260,organic,2024-09-07
u011261,organic,2024-09-13
u011262,organic,2024-09-05
u011263,organic,2024-09-24
u011264,organic,2024-09-06
u011265,organic,2024-09-05
u011266,organic,2024-09-28
u011267,organic,2024-09-21
u011268,organic,2024-09-03
u011269,organic,2024-09-24
u011270,organic,2024-09-13
u011271,organic,2024-09-30
u011272,organic,2024-09-18
u011273,organic,2024-09-13
u011274,organic,2024-09-05
u011275,organic,2024-09-08
u011276,organic,2024-09-16
u011277,organic,2024-09-30
u011278,organic,2024-09-29
u011279,organic,2024-09-09
u011280,organic,2024-09-21
u011281,organic,2024-09-25
u011282,organic,2024-09-28
u011283,organic,2024-09-21
u011284,organic,2024-09-09
u011285,organic,2024-09-03
u011286,organic,2024-09-20
u011287,organic,2024-09-01
u011288,organic,2024-09-09
u011289,organic,2024-09-15
u011290,organic,2024-09-01
u011291,organic,2024-09-20
u011292,organic,2024-09-01
u011293,organic,2024-09-05
u011294,organic,2024-09-08
u011295,organic,2024-09-11
u011296,organic,2024-09-10
u011297,organic,2024-09-17
u011298,organic,2024-09-16
u011299,organic,2024-09-18
u011300,organic,2024-09-15
u011301,organic,2024-09-15
u011302,organic,2024-09-06
u011303,organic,2024-09-06
u011304,organic,2024-09-07
u011305,organic,2024-09-13
u011306,organic,2024-09-29
u011307,organic,2024-09-14
u011308,organic,2024-09-09
u011309,organic,2024-09-29
u011310,organic,2024-09-27
u011311,organic,2024-09-08
u011312,organic,2024-09-12
u011313,organic,2024-09-19
u011314,organic,2024-09-15
u011315,organic,2024-09-01
u011316,organic,2024-09-26
u011317,organic,2024-09-14
u011318,organic,2024-09-18
u011319,organic,2024-09-23
u011320,organic,2024-09-24
u011321,organic,2024-09-17
u011322,organic,2024-09-25
u011323,organic,2024-09-17
u011324,organic,2024-09-27
u011325,organic,2024-09-23
u011326,organic,2024-09-16
u011327,organic,2024-09-12
u011328,organic,2024-09-10
u011329,organic,2024-09-12
u011330,organic,2024-09-15
u011331,organic,2024-09-24
u011332,organic,2024-09-14
u011333,organic,2024-09-16
u011334,organic,2024-09-06
u011335,organic,2024-09-05
u011336,organic,2024-09-21
u011337,organic,2024-09-04
u011338,organic,2024-09-27
u011339,organic,2024-09-01
u011340,search,2024-10-25
u011341,search,2024-10-11
u011342,search,2024-10-28
u011343,search,2024-10-08
u011344,search,2024-10-18
u011345,search,2024-10-11
u011346,search,2024-10-14
u011347,search,2024-10-07
u011348,search,2024-10-01
u011349,search,2024-10-22
u011350,search,2024-10-08
u011351,search,2024-10-25
u011352,search,2024-10-12
u011353,search,2024-10-12
u011354,search,2024-10-10
u011355,search,2024-10-03
u011356,search,2024-10-11
u011357,search,2024-10-21
u011358,search,2024-10-25
u011359,search,2024-10-30
u011360,search,2024-10-07
u011361,search,2024-10-12
u011362,search,2024-10-27
u011363,search,2024-10-31
u011364,search,2024-10-02
u011365,search,2024-10-25
u011366,search,2024-10-17
u011367,search,2024-10-09
u011368,search,2024-10-06
u011369,search,2024-10-04
u011370,search,2024-10-02
u011371,search,2024-10-07
u011372,search,2024-10-03
u011373,search,2024-10-09
u011374,search,2024-10-08
u011375,search,2024-10-11
u011376,search,2024-10-25
u011377,search,2024-10-05
u011378,search,2024-10-18
u011379,search,2024-10-09
u011380,search,2024-10-02
u011381,search,2024-10-13
u011382,search,2024-10-02
u011383,search,2024-10-14
u011384,search,2024-10-08
u011385,search,2024-10-04
u011386,search,2024-10-19
u011387,search,2024-10-15
u011388,search,2024-10-27
u011389,search,2024-10-26
u011390,search,2024-10-04
u011391,search,2024-10-23
u011392,search,2024-10-16
u011393,search,2024-10-30
u011394,search,2024-10-09
u011395,search,2024-10-05
u011396,search,2024-10-15
u011397,search,2024-10-04
u011398,search,2024-10-16
u011399,search,2024-10-16
u011400,search,2024-10-21
u011401,search,2024-10-24
u011402,search,2024-10-31
u011403,search,2024-10-13
u011404,search,2024-10-02
u011405,search,2024-10-22
u011406,search,2024-10-14
u011407,search,2024-10-16
u011408,search,2024-10-04
u011409,search,2024-10-24
u011410,search,2024-10-15
u011411,search,2024-10-07
u011412,search,2024-10-23
u011413,search,2024-10-02
u011414,search,2024-10-06
u011415,search,2024-10-10
u011416,search,2024-10-15
u011417,search,2024-10-19
u011418,search,2024-10-03
u011419,search,2024-10-21
u011420,search,2024-10-19
u011421,search,2024-10-08
u011422,search,2024-10-14
u011423,search,2024-10-20
u011424,search,2024-10-18
u011425,search,2024-10-23
u011426,search,2024-10-27
u011427,search,2024-10-29
u011428,search,2024-10-14
u011429,search,2024-10-26
u011430,search,2024-10-21
u011431,search,2024-10-26
u011432,search,2024-10-02
u011433,search,2024-10-17
u011434,search,2024-10-22
u011435,search,2024-10-27
u011436,search,2024-10-03
u011437,search,2024-10-06
u011438,search,2024-10-19
u011439,search,2024-10-11
u011440,search,2024-10-12
u011441,search,2024-10-13
u011442,search,2024-10-25
u011443,search,2024-10-18
u011444,search,2024-10-26
u011445,search,2024-10-01
u011446,search,2024-10-11
u011447,search,2024-10-23
u011448,search,2024-10-08
u011449,search,2024-10-16
u011450,search,2024-10-17
u011451,search,2024-10-19
u011452,search,2024-10-06
u011453,search,2024-10-24
u011454,search,2024-10-24
u011455,search,2024-10-02
u011456,search,2024-10-01
u011457,search,2024-10-09
u011458,search,2024-10-27
u011459,search,2024-10-04
u011460,display,2024-10-08
u011461,display,2024-10-18
u011462,display,2024-10-13
u011463,display,2024-10-10
u011464,display,2024-10-01
u011465,display,2024-10-06
u011466,display,2024-10-11
u011467,display,2024-10-02
u011468,display,2024-10-23
u011469,display,2024-10-19
u011470,display,2024-10-06
u011471,display,2024-10-15
u011472,display,2024-10-27
u011473,display,2024-10-24
u011474,display,2024-10-01
u011475,display,2024-10-21
u011476,display,2024-10-15
u011477,display,2024-10-15
u011478,display,2024-10-22
u011479,display,2024-10-03
u011480,display,2024-10-27
u011481,display,2024-10-24
u011482,display,2024-10-08
u011483,display,2024-10-07
u011484,display,2024-10-31
u011485,display,2024-10-31
u011486,display,2024-10-15
u011487,display,2024-10-07
u011488,display,2024-10-19
u011489,display,2024-10-30
u011490,display,2024-10-08
u011491,display,2024-10-27
u011492,display,2024-10-29
u011493,display,2024-10-20
u011494,display,2024-10-20
u011495,display,2024-10-29
u011496,display,2024-10-17
u011497,display,2024-10-18
u011498,display,2024-10-28
u011499,display,2024-10-09
u011500,display,2024-10-23
u011501,display,2024-10-11
u011502,display,2024-10-18
u011503,display,2024-10-23
u011504,display,2024-10-13
u011505,display,2024-10-15
u011506,display,2024-10-14
u011507,display,2024-10-24
u011508,display,2024-10-02
u011509,display,2024-10-06
u011510,display,2024-10-27
u011511,display,2024-10-10
u011512,display,2024-10-31
u011513,display,2024-10-15
u011514,display,2024-10-20
u011515,display,2024-10-28
u011516,display,2024-10-05
u011517,display,2024-10-21
u011518,display,2024-10-03
u011519,display,2024-10-21
u011520,retargeting,2024-10-23
u011521,retargeting,2024-10-02
u011522,retargeting,2024-10-05
u011523,retargeting,2024-10-15
u011524,retargeting,2024-10-20
u011525,retargeting,2024-10-01
u011526,retargeting,2024-10-12
u011527,retargeting,2024-10-01
u011528,retargeting,2024-10-30
u011529,retargeting,2024-10-05
u011530,retargeting,2024-10-14
u011531,retargeting,2024-10-03
u011532,retargeting,2024-10-14
u011533,retargeting,2024-10-24
u011534,retargeting,2024-10-30
u011535,retargeting,2024-10-23
u011536,retargeting,2024-10-25
u011537,retargeting,2024-10-25
u011538,retargeting,2024-10-07
u011539,retargeting,2024-10-19
u011540,retargeting,2024-10-28
u011541,retargeting,2024-10-04
u011542,retargeting,2024-10-26
u011543,retargeting,2024-10-13
u011544,retargeting,2024-10-02
u011545,retargeting,2024-10-19
u011546,retargeting,2024-10-06
u011547,retargeting,2024-10-11
u011548,retargeting,2024-10-06
u011549,retargeting,2024-10-21
u011550,brand,2024-10-20
u011551,brand,2024-10-31
u011552,brand,2024-10-05
u011553,brand,2024-10-15
u011554,brand,2024-10-20
u011555,brand,2024-10-22
u011556,brand,2024-10-07
u011557,brand,2024-10-31
u011558,brand,2024-10-16
u011559,brand,2024-10-21
u011560,brand,2024-10-02
u011561,brand,2024-10-20
u011562,brand,2024-10-20
u011563,brand,2024-10-18
u011564,brand,2024-10-20
u011565,brand,2024-10-26
u011566,brand,2024-10-28
u011567,brand,2024-10-09
u011568,brand,2024-10-10
u011569,brand,2024-10-10
u011570,brand,2024-10-21
u011571,brand,2024-10-18
u011572,brand,2024-10-21
u011573,brand,2024-10-30
u011574,brand,2024-10-28
u011575,brand,2024-10-11
u011576,brand,2024-10-19
u011577,brand,2024-10-13
u011578,brand,2024-10-05
u011579,brand,2024-10-07
u011580,brand,2024-10-29
u011581,brand,2024-10-08
u011582,brand,2024-10-20
u011583,brand,2024-10-14
u011584,brand,2024-10-31
u011585,brand,2024-10-27
u011586,brand,2024-10-22
u011587,brand,2024-10-31
u011588,brand,2024-10-17
u011589,brand,2024-10-31
u011590,brand,2024-10-26
u011591,brand,2024-10-09
u011592,brand,2024-10-12
u011593,brand,2024-10-14
u011594,brand,2024-10-15
u011595,brand,2024-10-17
u011596,brand,2024-10-29
u011597,brand,2024-10-15
u011598,brand,2024-10-21
u011599,brand,2024-10-29
u011600,brand,2024-10-24
u011601,brand,2024-10-31
u011602,brand,2024-10-04
u011603,brand,2024-10-13
u011604,brand,2024-10-02
u011605,brand,2024-10-07
u011606,brand,2024-10-08
u011607,brand,2024-10-02
u011608,brand,2024-10-21
u011609,brand,2024-10-02
u011610,brand,2024-10-18
u011611,brand,2024-10-19
u011612,brand,2024-10-30
u011613,brand,2024-10-16
u011614,brand,2024-10-20
u011615,brand,2024-10-30
u011616,brand,2024-10-06
u011617,brand,2024-10-21
u011618,brand,2024-10-05
u011619,brand,2024-10-12
u011620,brand,2024-10-11
u011621,brand,2024-10-21
u011622,brand,2024-10-25
u011623,brand,2024-10-01
u011624,brand,2024-10-12
u011625,brand,2024-10-26
u011626,brand,2024-10-02
u011627,brand,2024-10-04
u011628,brand,2024-10-10
u011629,brand,2024-10-09
u011630,brand,2024-10-22
u011631,brand,2024-10-22
u011632,brand,2024-10-01
u011633,brand,2024-10-27
u011634,brand,2024-10-11
u011635,brand,2024-10-26
u011636,brand,2024-10-19
u011637,brand,2024-10-05
u011638,brand,2024-10-24
u011639,brand,2024-10-15
u011640,organic,2024-10-22
u011641,organic,2024-10-02
u011642,organic,2024-10-19
u011643,organic,2024-10-21
u011644,organic,2024-10-24
u011645,organic,2024-10-26
u011646,organic,2024-10-22
u011647,organic,2024-10-21
u011648,organic,2024-10-04
u011649,organic,2024-10-25
u011650,organic,2024-10-14
u011651,organic,2024-10-19
u011652,organic,2024-10-26
u011653,organic,2024-10-21
u011654,organic,2024-10-01
u011655,organic,2024-10-16
u011656,organic,2024-10-10
u011657,organic,2024-10-23
u011658,organic,2024-10-23
u011659,organic,2024-10-18
u011660,organic,2024-10-14
u011661,organic,2024-10-17
u011662,organic,2024-10-18
u011663,organic,2024-10-21
u011664,organic,2024-10-02
u011665,organic,2024-10-17
u011666,organic,2024-10-16
u011667,organic,2024-10-01
u011668,organic,2024-10-11
u011669,organic,2024-10-08
u011670,organic,2024-10-09
u011671,organic,2024-10-11
u011672,organic,2024-10-01
u011673,organic,2024-10-11
u011674,organic,2024-10-17
u011675,organic,2024-10-08
u011676,organic,2024-10-31
u011677,organic,2024-10-26
u011678,organic,2024-10-27
u011679,organic,2024-10-07
u011680,organic,2024-10-28
u011681,organic,2024-10-28
u011682,organic,2024-10-04
u011683,organic,2024-10-17
u011684,organic,2024-10-30
u011685,organic,2024-10-05
u011686,organic,2024-10-26
u011687,organic,2024-10-10
u011688,organic,2024-10-27
u011689,organic,2024-10-26
u011690,organic,2024-10-17
u011691,organic,2024-10-14
u011692,organic,2024-10-04
u011693,organic,2024-10-03
u011694,organic,2024-10-22
u011695,organic,2024-10-27
u011696,organic,2024-10-14
u011697,organic,2024-10-22
u011698,organic,2024-10-28
u011699,organic,2024-10-24
u011700,organic,2024-10-27
u011701,organic,2024-10-11
u011702,organic,2024-10-12
u011703,organic,2024-10-10
u011704,organic,2024-10-17
u011705,organic,2024-10-05
u011706,organic,2024-10-01
u011707,organic,2024-10-04
u011708,organic,2024-10-07
u011709,organic,2024-10-01
u011710,organic,2024-10-31
u011711,organic,2024-10-04
u011712,organic,2024-10-01
u011713,organic,2024-10-20
u011714,organic,2024-10-17
u011715,organic,2024-10-19
u011716,organic,2024-10-28
u011717,organic,2024-10-06
u011718,organic,2024-10-01
u011719,organic,2024-10-16
u011720,organic,2024-10-22
u011721,organic,2024-10-10
u011722,organic,2024-10-08
u011723,organic,2024-10-01
u011724,organic,2024-10-26
u011725,organic,2024-10-23
u011726,organic,2024-10-26
u011727,organic,2024-10-10
u011728,organic,2024-10-21
u011729,organic,2024-10-07
u011730,organic,2024-10-13
u011731,organic,2024-10-21
u011732,organic,2024-10-19
u011733,organic,2024-10-28
u011734,organic,2024-10-02
u011735,organic,2024-10-10
u011736,organic,2024-10-13
u011737,organic,2024-10-13
u011738,organic,2024-10-06
u011739,organic,2024-10-26
u011740,organic,2024-10-10
u011741,organic,2024-10-12
u011742,organic,2024-10-04
u011743,organic,2024-10-09
u011744,organic,2024-10-28
u011745,organic,2024-10-26
u011746,organic,2024-10-25
u011747,organic,2024-10-19
u011748,organic,2024-10-26
u011749,organic,2024-10-02
u011750,organic,2024-10-21
u011751,organic,2024-10-25
u011752,organic,2024-10-02
u011753,organic,2024-10-25
u011754,organic,2024-10-19
u011755,organic,2024-10-03
u011756,organic,2024-10-16
u011757,organic,2024-10-13
u011758,organic,2024-10-12
u011759,organic,2024-10-23
u011760,search,2024-11-16
u011761,search,2024-11-29
u011762,search,2024-11-30
u011763,search,2024-11-12
u011764,search,2024-11-15
u011765,search,2024-11-08
u011766,search,2024-11-08
u011767,search,2024-11-08
u011768,search,2024-11-03
u011769,search,2024-11-07
u011770,search,2024-11-15
u011771,search,2024-11-29
u011772,search,2024-11-05
u011773,search,2024-11-08
u011774,search,2024-11-14
u011775,search,2024-11-17
u011776,search,2024-11-08
u011777,search,2024-11-13
u011778,search,2024-11-27
u011779,search,2024-11-10
u011780,search,2024-11-20
u011781,search,2024-11-22
u011782,search,2024-11-19
u011783,search,2024-11-30
u011784,search,2024-11-03
u011785,search,2024-11-12
u011786,search,2024-11-19
u011787,search,2024-11-27
u011788,search,2024-11-22
u011789,search,2024-11-17
u011790,search,2024-11-05
u011791,search,2024-11-02
u011792,search,2024-11-21
u011793,search,2024-11-05
u011794,search,2024-11-12
u011795,search,2024-11-03
u011796,search,2024-11-03
u011797,search,2024-11-19
u011798,search,2024-11-22
u011799,search,2024-11-30
u011800,search,2024-11-14
u011801,search,2024-11-13
u011802,search,2024-11-06
u011803,search,2024-11-12
u011804,search,2024-11-08
u011805,search,2024-11-29
u011806,search,2024-11-02
u011807,search,2024-11-26
u011808,search,2024-11-27
u011809,search,2024-11-03
u011810,search,2024-11-09
u011811,search,2024-11-22
u011812,search,2024-11-02
u011813,search,2024-11-16
u011814,search,2024-11-05
u011815,search,2024-11-12
u011816,search,2024-11-08
u011817,search,2024-11-12
u011818,search,2024-11-24
u011819,search,2024-11-02
u011820,search,2024-11-07
u011821,search,2024-11-07
u011822,search,2024-11-30
u011823,search,2024-11-06
u011824,search,2024-11-19
u011825,search,2024-11-02
u011826,search,2024-11-27
u011827,search,2024-11-14
u011828,search,2024-11-20
u011829,search,2024-11-16
u011830,search,2024-11-09
u011831,search,2024-11-15
u011832,search,2024-11-12
u011833,search,2024-11-17
u011834,search,2024-11-02
u011835,search,2024-11-24
u011836,search,2024-11-10
u011837,search,2024-11-19
u011838,search,2024-11-14
u011839,search,2024-11-11
u011840,search,2024-11-09
u011841,search,2024-11-27
u011842,search,2024-11-30
u011843,search,2024-11-29
u011844,search,2024-11-28
u011845,search,2024-11-23
u011846,search,2024-11-07
u011847,search,2024-11-12
u011848,search,2024-11-07
u011849,search,2024-11-23
u011850,search,2024-11-17
u011851,search,2024-11-13
u011852,search,2024-11-02
u011853,search,2024-11-02
u011854,search,2024-11-21
u011855,search,2024-11-02
u011856,search,2024-11-09
u011857,search,2024-11-01
u011858,search,2024-11-25
u011859,search,2024-11-06
u011860,search,2024-11-29
u011861,search,2024-11-22
u011862,search,2024-11-29
u011863,search,2024-11-13
u011864,search,2024-11-01
u011865,search,2024-11-23
u011866,search,2024-11-03
u011867,search,2024-11-19
u011868,search,2024-11-29
u011869,search,2024-11-05
u011870,search,2024-11-14
u011871,search,2024-11-14
u011872,search,2024-11-12
u011873,search,2024-11-28
u011874,search,2024-11-07
u011875,search,2024-11-23
u011876,search,2024-11-20
u011877,search,2024-11-24
u011878,search,2024-11-15
u011879,search,2024-11-16
u011880,display,2024-11-06
u011881,display,2024-11-18
u011882,display,2024-11-17
u011883,display,2024-11-28
u011884,display,2024-11-14
u011885,display,2024-11-24
u011886,display,2024-11-16
u011887,display,2024-11-28
u011888,display,2024-11-14
u011889,display,2024-11-09
u011890,display,2024-11-03
u011891,display,2024-11-13
u011892,display,2024-11-15
u011893,display,2024-11-25
u011894,display,2024-11-09
u011895,display,2024-11-07
u011896,display,2024-11-14
u011897,display,2024-11-03
u011898,display,2024-11-10
u011899,display,2024-11-23
u011900,display,2024-11-04
u011901,display,2024-11-27
u011902,display,2024-11-30
u011903,display,2024-11-07
u011904,display,2024-11-25
u011905,display,2024-11-05
u011906,display,2024-11-06
u011907,display,2024-11-16
u011908,display,2024-11-20
u011909,display,2024-11-26
u011910,display,2024-11-11
u011911,display,2024-11-13
u011912,display,2024-11-30
u011913,display,2024-11-21
u011914,display,2024-11-06
u011915,display,2024-11-30
u011916,display,2024-11-21
u011917,display,2024-11-03
u011918,display,2024-11-30
u011919,display,2024-11-03
u011920,display,2024-11-29
u011921,display,2024-11-10
u011922,display,2024-11-04
u011923,display,2024-11-18
u011924,display,2024-11-15
u011925,display,2024-11-27
u011926,display,2024-11-20
u011927,display,2024-11-10
u011928,display,2024-11-13
u011929,display,2024-11-26
u011930,display,2024-11-28
u011931,display,2024-11-11
u011932,display,2024-11-17
u011933,display,2024-11-24
u011934,display,2024-11-07
u011935,display,2024-11-05
u011936,display,2024-11-19
u011937,display,2024-11-12
u011938,display,2024-11-06
u011939,display,2024-11-27
u011940,retargeting,2024-11-18
u011941,retargeting,2024-11-04
u011942,retargeting,2024-11-03
u011943,retargeting,2024-11-03
u011944,retargeting,2024-11-11
u011945,retargeting,2024-11-18
u011946,retargeting,2024-11-09
u011947,retargeting,2024-11-10
u011948,retargeting,2024-11-08
u011949,retargeting,2024-11-17
u011950,retargeting,2024-11-28
u011951,retargeting,2024-11-24
u011952,retargeting,2024-11-06
u011953,retargeting,2024-11-28
u011954,retargeting,2024-11-07
u011955,retargeting,2024-11-10
u011956,retargeting,2024-11-04
u011957,retargeting,2024-11-08
u011958,retargeting,2024-11-12
u011959,retargeting,2024-11-10
u011960,retargeting,2024-11-04
u011961,retargeting,2024-11-12
u011962,retargeting,2024-11-08
u011963,retargeting,2024-11-26
u011964,retargeting,2024-11-18
u011965,retargeting,2024-11-29
u011966,retargeting,2024-11-12
u011967,retargeting,2024-11-08
u011968,retargeting,2024-11-12
u011969,retargeting,2024-11-28
u011970,brand,2024-11-11
u011971,brand,2024-11-17
u011972,brand,2024-11-11
u011973,brand,2024-11-25
u011974,brand,2024-11-23
u011975,brand,2024-11-23
u011976,brand,2024-11-10
u011977,brand,2024-11-20
u011978,brand,2024-11-09
u011979,brand,2024-11-17
u011980,brand,2024-11-09
u011981,brand,2024-11-28
u011982,brand,2024-11-06
u011983,brand,2024-11-20
u011984,brand,2024-11-14
u011985,brand,2024-11-05
u011986,brand,2024-11-09
u011987,brand,2024-11-23
u011988,brand,2024-11-16
u011989,brand,2024-11-16
u011990,brand,2024-11-30
u011991,brand,2024-11-01
u011992,brand,2024-11-02
u011993,brand,2024-11-30
u011994,brand,2024-11-29
u011995,brand,2024-11-15
u011996,brand,2024-11-06
u011997,brand,2024-11-23
u011998,brand,2024-11-14
u011999,brand,2024-11-25
u012000,brand,2024-11-17
u012001,brand,2024-11-13
u012002,brand,2024-11-03
u012003,brand,2024-11-30
u012004,brand,2024-11-13
u012005,brand,2024-11-18
u012006,brand,2024-11-23
u012007,brand,2024-11-03
u012008,brand,2024-11-12
u012009,brand,2024-11-28
u012010,brand,2024-11-18
u012011,brand,2024-11-10
u012012,brand,2024-11-02
u012013,brand,2024-11-13
u012014,brand,2024-11-02
u012015,brand,2024-11-23
u012016,brand,2024-11-03
u012017,brand,2024-11-17
u012018,brand,2024-11-17
u012019,brand,2024-11-10
u012020,brand,2024-11-26
u012021,brand,2024-11-20
u012022,brand,2024-11-23
u012023,brand,2024-11-14
u012024,brand,2024-11-08
u012025,brand,2024-11-21
u012026,brand,2024-11-16
u012027,brand,2024-11-09
u012028,brand,2024-11-17
u012029,brand,2024-11-28
u012030,brand,2024-11-16
u012031,brand,2024-11-09
u012032,brand,2024-11-14
u012033,brand,2024-11-16
u012034,brand,2024-11-11
u012035,brand,2024-11-16
u012036,brand,2024-11-27
u012037,brand,2024-11-20
u012038,brand,2024-11-30
u012039,brand,2024-11-24
u012040,brand,2024-11-26
u012041,brand,2024-11-23
u012042,brand,2024-11-21
u012043,brand,2024-11-10
u012044,brand,2024-11-03
u012045,brand,2024-11-02
u012046,brand,2024-11-16
u012047,brand,2024-11-29
u012048,brand,2024-11-15
u012049,brand,2024-11-09
u012050,brand,2024-11-29
u012051,brand,2024-11-16
u012052,brand,2024-11-27
u012053,brand,2024-11-28
u012054,brand,2024-11-08
u012055,brand,2024-11-03
u012056,brand,2024-11-03
u012057,brand,2024-11-20
u012058,brand,2024-11-03
u012059,brand,2024-11-23
u012060,organic,2024-11-28
u012061,organic,2024-11-28
u012062,organic,2024-11-25
u012063,organic,2024-11-09
u012064,organic,2024-11-29
u012065,organic,2024-11-23
u012066,organic,2024-11-19
u012067,organic,2024-11-01
u012068,organic,2024-11-14
u012069,organic,2024-11-14
u012070,organic,2024-11-23
u012071,organic,2024-11-01
u012072,organic,2024-11-18
u012073,organic,2024-11-23
u012074,organic,2024-11-29
u012075,organic,2024-11-22
u012076,organic,2024-11-13
u012077,organic,2024-11-06
u012078,organic,2024-11-12
u012079,organic,2024-11-09
u012080,organic,2024-11-30
u012081,organic,2024-11-24
u012082,organic,2024-11-22
u012083,organic,2024-11-17
u012084,organic,2024-11-08
u012085,organic,2024-11-18
u012086,organic,2024-11-08
u012087,organic,2024-11-28
u012088,organic,2024-11-23
u012089,organic,2024-11-20
u012090,organic,2024-11-01
u012091,organic,2024-11-02
u012092,organic,2024-11-29
u012093,organic,2024-11-08
u012094,organic,2024-11-21
u012095,organic,2024-11-10
u012096,organic,2024-11-04
u012097,organic,2024-11-15
u012098,organic,2024-11-07
u012099,organic,2024-11-03
u012100,organic,2024-11-16
u012101,organic,2024-11-13
u012102,organic,2024-11-10
u012103,organic,2024-11-03
u012104,organic,2024-11-28
u012105,organic,2024-11-29
u012106,organic,2024-11-01
u012107,organic,2024-11-04
u012108,organic,2024-11-15
u012109,organic,2024-11-14
u012110,organic,2024-11-19
u012111,organic,2024-11-30
u012112,organic,2024-11-29
u012113,organic,2024-11-21
u012114,organic,2024-11-04
u012115,organic,2024-11-19
u012116,organic,2024-11-27
u012117,organic,2024-11-22
u012118,organic,2024-11-07
u012119,organic,2024-11-03
u012120,organic,2024-11-07
u012121,organic,2024-11-02
u012122,organic,2024-11-03
u012123,organic,2024-11-27
u012124,organic,2024-11-18
u012125,organic,2024-11-24
u012126,organic,2024-11-24
u012127,organic,2024-11-04
u012128,organic,2024-11-07
u012129,organic,2024-11-07
u012130,organic,2024-11-10
u012131,organic,2024-11-24
u012132,organic,2024-11-18
u012133,organic,2024-11-18
u012134,organic,2024-11-02
u012135,organic,2024-11-08
u012136,organic,2024-11-18
u012137,organic,2024-11-22
u012138,organic,2024-11-30
u012139,organic,2024-11-16
u012140,organic,2024-11-15
u012141,organic,2024-11-27
u012142,organic,2024-11-07
u012143,organic,2024-11-07
u012144,organic,2024-11-06
u012145,organic,2024-11-12
u012146,organic,2024-11-01
u012147,organic,2024-11-18
u012148,organic,2024-11-16
u012149,organic,2024-11-02
u012150,organic,2024-11-04
u012151,organic,2024-11-22
u012152,organic,2024-11-22
u012153,organic,2024-11-04
u012154,organic,2024-11-14
u012155,organic,2024-11-21
u012156,organic,2024-11-25
u012157,organic,2024-11-02
u012158,organic,2024-11-09
u012159,organic,2024-11-04
u012160,organic,2024-11-28
u012161,organic,2024-11-25
u012162,organic,2024-11-17
u012163,organic,2024-11-19
u012164,organic,2024-11-24
u012165,organic,2024-11-01
u012166,organic,2024-11-30
u012167,organic,2024-11-22
u012168,organic,2024-11-13
u012169,organic,2024-11-25
u012170,organic,2024-11-24
u012171,organic,2024-11-09
u012172,organic,2024-11-19
u012173,organic,2024-11-28
u012174,organic,2024-11-11
u012175,organic,2024-11-20
u012176,organic,2024-11-16
u012177,organic,2024-11-13
u012178,organic,2024-11-19
u012179,organic,2024-11-18
u012180,search,2024-12-06
u012181,search,2024-12-17
u012182,search,2024-12-13
u012183,search,2024-12-16
u012184,search,2024-12-13
u012185,search,2024-12-12
u012186,search,2024-12-05
u012187,search,2024-12-29
u012188,search,2024-12-06
u012189,search,2024-12-17
u012190,search,2024-12-01
u012191,search,2024-12-08
u012192,search,2024-12-24
u012193,search,2024-12-08
u012194,search,2024-12-29
u012195,search,2024-12-12
u012196,search,2024-12-01
u012197,search,2024-12-11
u012198,search,2024-12-02
u012199,search,2024-12-18
u012200,search,2024-12-11
u012201,search,2024-12-03
u012202,search,2024-12-17
u012203,search,2024-12-12
u012204,search,2024-12-02
u012205,search,2024-12-27
u012206,search,2024-12-23
u012207,search,2024-12-13
u012208,search,2024-12-08
u012209,search,2024-12-04
u012210,search,2024-12-07
u012211,search,2024-12-14
u012212,search,2024-12-22
u012213,search,2024-12-06
u012214,search,2024-12-08
u012215,search,2024-12-25
u012216,search,2024-12-11
u012217,search,2024-12-07
u012218,search,2024-12-21
u012219,search,2024-12-01
u012220,search,2024-12-04
u012221,search,2024-12-14
u012222,search,2024-12-25
u012223,search,2024-12-23
u012224,search,2024-12-31
u012225,search,2024-12-24
u012226,search,2024-12-05
u012227,search,2024-12-10
u012228,search,2024-12-06
u012229,search,2024-12-24
u012230,search,2024-12-10
u012231,search,2024-12-14
u012232,search,2024-12-22
u012233,search,2024-12-11
u012234,search,2024-12-04
u012235,search,2024-12-04
u012236,search,2024-12-17
u012237,search,2024-12-28
u012238,search,2024-12-28
u012239,search,2024-12-22
u012240,search,2024-12-19
u012241,search,2024-12-14
u012242,search,2024-12-08
u012243,search,2024-12-08
u012244,search,2024-12-03
u012245,search,2024-12-10
u012246,search,2024-12-19
u012247,search,2024-12-18
u012248,search,2024-12-31
u012249,search,2024-12-09
u012250,search,2024-12-06
u012251,search,2024-12-17
u012252,search,2024-12-06
u012253,search,2024-12-08
u012254,search,2024-12-19
u012255,search,2024-12-28
u012256,search,2024-12-06
u012257,search,2024-12-15
u012258,search,2024-12-04
u012259,search,2024-12-09
u012260,search,2024-12-19
u012261,search,2024-12-13
u012262,search,2024-12-31
u012263,search,2024-12-18
u012264,search,2024-12-27
u012265,search,2024-12-14
u012266,search,2024-12-08
u012267,search,2024-12-06
u012268,search,2024-12-10
u012269,search,2024-12-23
u012270,search,2024-12-21
u012271,search,2024-12-31
u012272,search,2024-12-21
u012273,search,2024-12-02
u012274,search,2024-12-21
u012275,search,2024-12-08
u012276,search,2024-12-14
u012277,search,2024-12-22
u012278,search,2024-12-13
u012279,search,2024-12-13
u012280,search,2024-12-12
u012281,search,2024-12-12
u012282,search,2024-12-19
u012283,search,2024-12-03
u012284,search,2024-12-27
u012285,search,2024-12-22
u012286,search,2024-12-14
u012287,search,2024-12-20
u012288,search,2024-12-30
u012289,search,2024-12-28
u012290,search,2024-12-13
u012291,search,2024-12-26
u012292,search,2024-12-22
u012293,search,2024-12-25
u012294,search,2024-12-18
u012295,search,2024-12-02
u012296,search,2024-12-16
u012297,search,2024-12-29
u012298,search,2024-12-12
u012299,search,2024-12-10
u012300,display,2024-12-16
u012301,display,2024-12-09
u012302,display,2024-12-24
u012303,display,2024-12-07
u012304,display,2024-12-23
u012305,display,2024-12-11
u012306,display,2024-12-25
u012307,display,2024-12-01
u012308,display,2024-12-18
u012309,display,2024-12-05
u012310,display,2024-12-08
u012311,display,2024-12-13
u012312,display,2024-12-25
u012313,display,2024-12-05
u012314,display,2024-12-28
u012315,display,2024-12-14
u012316,display,2024-12-13
u012317,display,2024-12-14
u012318,display,2024-12-14
u012319,display,2024-12-26
u012320,display,2024-12-27
u012321,display,2024-12-25
u012322,display,2024-12-17
u012323,display,2024-12-05
u012324,display,2024-12-13
u012325,display,2024-12-26
u012326,display,2024-12-22
u012327,display,2024-12-14
u012328,display,2024-12-20
u012329,display,2024-12-14
u012330,display,2024-12-06
u012331,display,2024-12-18
u012332,display,2024-12-02
u012333,display,2024-12-27
u012334,display,2024-12-26
u012335,display,2024-12-29
u012336,display,2024-12-10
u012337,display,2024-12-22
u012338,display,2024-12-19
u012339,display,2024-12-08
u012340,display,2024-12-31
u012341,display,2024-12-30
u012342,display,2024-12-01
u012343,display,2024-12-14
u012344,display,2024-12-09
u012345,display,2024-12-27
u012346,display,2024-12-02
u012347,display,2024-12-28
u012348,display,2024-12-30
u012349,display,2024-12-17
u012350,display,2024-12-03
u012351,display,2024-12-29
u012352,display,2024-12-26
u012353,display,2024-12-27
u012354,display,2024-12-24
u012355,display,2024-12-24
u012356,display,2024-12-20
u012357,display,2024-12-15
u012358,display,2024-12-26
u012359,display,2024-12-14
u012360,retargeting,2024-12-03
u012361,retargeting,2024-12-23
u012362,retargeting,2024-12-03
u012363,retargeting,2024-12-03
u012364,retargeting,2024-12-24
u012365,retargeting,2024-12-03
u012366,retargeting,2024-12-19
u012367,retargeting,2024-12-14
u012368,retargeting,2024-12-17
u012369,retargeting,2024-12-14
u012370,retargeting,2024-12-24
u012371,retargeting,2024-12-25
u012372,retargeting,2024-12-04
u012373,retargeting,2024-12-29
u012374,retargeting,2024-12-01
u012375,retargeting,2024-12-25
u012376,retargeting,2024-12-27
u012377,retargeting,2024-12-27
u012378,retargeting,2024-12-25
u012379,retargeting,2024-12-25
u012380,retargeting,2024-12-26
u012381,retargeting,2024-12-20
u012382,retargeting,2024-12-21
u012383,retargeting,2024-12-11
u012384,retargeting,2024-12-25
u012385,retargeting,2024-12-15
u012386,retargeting,2024-12-30
u012387,retargeting,2024-12-03
u012388,retargeting,2024-12-17
u012389,retargeting,2024-12-08
u012390,brand,2024-12-24
u012391,brand,2024-12-23
u012392,brand,2024-12-24
u012393,brand,2024-12-27
u012394,brand,2024-12-06
u012395,brand,2024-12-17
u012396,brand,2024-12-17
u012397,brand,2024-12-18
u012398,brand,2024-12-02
u012399,brand,2024-12-26
u012400,brand,2024-12-11
u012401,brand,2024-12-31
u012402,brand,2024-12-06
u012403,brand,2024-12-02
u012404,brand,2024-12-19
u012405,brand,2024-12-04
u012406,brand,2024-12-31
u012407,brand,2024-12-26
u012408,brand,2024-12-17
u012409,brand,2024-12-15
u012410,brand,2024-12-04
u012411,brand,2024-12-15
u012412,brand,2024-12-12
u012413,brand,2024-12-15
u012414,brand,2024-12-03
u012415,brand,2024-12-27
u012416,brand,2024-12-10
u012417,brand,2024-12-29
u012418,brand,2024-12-27
u012419,brand,2024-12-23
u012420,brand,2024-12-01
u012421,brand,2024-12-30
u012422,brand,2024-12-21
u012423,brand,2024-12-28
u012424,brand,2024-12-17
u012425,brand,2024-12-28
u012426,brand,2024-12-26
u012427,brand,2024-12-22
u012428,brand,2024-12-03
u012429,brand,2024-12-15
u012430,brand,2024-12-16
u012431,brand,2024-12-31
u012432,brand,2024-12-22
u012433,brand,2024-12-29
u012434,brand,2024-12-29
u012435,brand,2024-12-26
u012436,brand,2024-12-24
u012437,brand,2024-12-23
u012438,brand,2024-12-30
u012439,brand,2024-12-13
u012440,brand,2024-12-09
u012441,brand,2024-12-01
u012442,brand,2024-12-30
u012443,brand,2024-12-02
u012444,brand,2024-12-29
u012445,brand,2024-12-27
u012446,brand,2024-12-24
u012447,brand,2024-12-24
u012448,brand,2024-12-07
u012449,brand,2024-12-26
u012450,brand,2024-12-10
u012451,brand,2024-12-20
u012452,brand,2024-12-15
u012453,brand,2024-12-03
u012454,brand,2024-12-14
u012455,brand,2024-12-18
u012456,brand,2024-12-16
u012457,brand,2024-12-26
u012458,brand,2024-12-20
u012459,brand,2024-12-21
u012460,brand,2024-12-08
u012461,brand,2024-12-09
u012462,brand,2024-12-20
u012463,brand,2024-12-07
u012464,brand,2024-12-05
u012465,brand,2024-12-09
u012466,brand,2024-12-28
u012467,brand,2024-12-28
u012468,brand,2024-12-28
u012469,brand,2024-12-22
u012470,brand,2024-12-24
u012471,brand,2024-12-25
u012472,brand,2024-12-18
u012473,brand,2024-12-22
u012474,brand,2024-12-16
u012475,brand,2024-12-27
u012476,brand,2024-12-07
u012477,brand,2024-12-28
u012478,brand,2024-12-27
u012479,brand,2024-12-03
u012480,organic,2024-12-24
u012481,organic,2024-12-01
u012482,organic,2024-12-23
u012483,organic,2024-12-26
u012484,organic,2024-12-10
u012485,organic,2024-12-16
u012486,organic,2024-12-25
u012487,organic,2024-12-20
u012488,organic,2024-12-17
u012489,organic,2024-12-23
u012490,organic,2024-12-13
u012491,organic,2024-12-13
u012492,organic,2024-12-30
u012493,organic,2024-12-20
u012494,organic,2024-12-10
u012495,organic,2024-12-21
u012496,organic,2024-12-09
u012497,organic,2024-12-25
u012498,organic,2024-12-13
u012499,organic,2024-12-01
u012500,organic,2024-12-19
u012501,organic,2024-12-28
u012502,organic,2024-12-10
u012503,organic,2024-12-04
u012504,organic,2024-12-02
u012505,organic,2024-12-01
u012506,organic,2024-12-18
u012507,organic,2024-12-25
u012508,organic,2024-12-18
u012509,organic,2024-12-06
u012510,organic,2024-12-19
u012511,organic,2024-12-10
u012512,organic,2024-12-10
u012513,organic,2024-12-18
u012514,organic,2024-12-01
u012515,organic,2024-12-03
u012516,organic,2024-12-30
u012517,organic,2024-12-14
u012518,organic,2024-12-22
u012519,organic,2024-12-26
u012520,organic,2024-12-18
u012521,organic,2024-12-13
u012522,organic,2024-12-14
u012523,organic,2024-12-04
u012524,organic,2024-12-12
u012525,organic,2024-12-23
u012526,organic,2024-12-04
u012527,organic,2024-12-22
u012528,organic,2024-12-16
u012529,organic,2024-12-13
u012530,organic,2024-12-02
u012531,organic,2024-12-27
u012532,organic,2024-12-09
u012533,organic,2024-12-03
u012534,organic,2024-12-10
u012535,organic,2024-12-13
u012536,organic,2024-12-19
u012537,organic,2024-12-19
u012538,organic,2024-12-29
u012539,organic,2024-12-07
u012540,organic,2024-12-20
u012541,organic,2024-12-31
u012542,organic,2024-12-25
u012543,organic,2024-12-05
u012544,organic,2024-12-04
u012545,organic,2024-12-31
u012546,organic,2024-12-24
u012547,organic,2024-12-14
u012548,organic,2024-12-13
u012549,organic,2024-12-01
u012550,organic,2024-12-29
u012551,organic,2024-12-15
u012552,organic,2024-12-28
u012553,organic,2024-12-14
u012554,organic,2024-12-06
u012555,organic,2024-12-22
u012556,organic,2024-12-01
u012557,organic,2024-12-23
u012558,organic,2024-12-15
u012559,organic,2024-12-26
u012560,organic,2024-12-09
u012561,organic,2024-12-05
u012562,organic,2024-12-04
u012563,organic,2024-12-28
u012564,organic,2024-12-13
u012565,organic,2024-12-02
u012566,organic,2024-12-21
u012567,organic,2024-12-12
u012568,organic,2024-12-02
u012569,organic,2024-12-05
u012570,organic,2024-12-05
u012571,organic,2024-12-11
u012572,organic,2024-12-31
u012573,organic,2024-12-16
u012574,organic,2024-12-30
u012575,organic,2024-12-26
u012576,organic,2024-12-14
u012577,organic,2024-12-07
u012578,organic,2024-12-25
u012579,organic,2024-12-12
u012580,organic,2024-12-02
u012581,organic,2024-12-10
u012582,organic,2024-12-25
u012583,organic,2024-12-26
u012584,organic,2024-12-22
u012585,organic,2024-12-06
u012586,organic,2024-12-20
u012587,organic,2024-12-26
u012588,organic,2024-12-24
u012589,organic,2024-12-18
u012590,organic,2024-12-28
u012591,organic,2024-12-07
u012592,organic,2024-12-15
u012593,organic,2024-12-01
u012594,organic,2024-12-07
u012595,organic,2024-12-03
u012596,organic,2024-12-25
u012597,organic,2024-12-21
u012598,organic,2024-12-23
u012599,organic,2024-12-31
u012600,search,2025-01-01
u012601,search,2025-01-05
u012602,search,2025-01-31
u012603,search,2025-01-24
u012604,search,2025-01-21
u012605,search,2025-01-04
u012606,search,2025-01-14
u012607,search,2025-01-28
u012608,search,2025-01-03
u012609,search,2025-01-31
u012610,search,2025-01-31
u012611,search,2025-01-29
u012612,search,2025-01-28
u012613,search,2025-01-04
u012614,search,2025-01-07
u012615,search,2025-01-24
u012616,search,2025-01-19
u012617,search,2025-01-03
u012618,search,2025-01-19
u012619,search,2025-01-07
u012620,search,2025-01-31
u012621,search,2025-01-20
u012622,search,2025-01-30
u012623,search,2025-01-21
u012624,search,2025-01-10
u012625,search,2025-01-23
u012626,search,2025-01-02
u012627,search,2025-01-07
u012628,search,2025-01-28
u012629,search,2025-01-19
u012630,search,2025-01-06
u012631,search,2025-01-13
u012632,search,2025-01-31
u012633,search,2025-01-04
u012634,search,2025-01-08
u012635,search,2025-01-24
u012636,search,2025-01-18
u012637,search,2025-01-22
u012638,search,2025-01-07
u012639,search,2025-01-12
u012640,search,2025-01-30
u012641,search,2025-01-29
u012642,search,2025-01-22
u012643,search,2025-01-01
u012644,search,2025-01-23
u012645,search,2025-01-01
u012646,search,2025-01-12
u012647,search,2025-01-17
u012648,search,2025-01-24
u012649,search,2025-01-11
u012650,search,2025-01-31
u012651,search,2025-01-10
u012652,search,2025-01-12
u012653,search,2025-01-20
u012654,search,2025-01-23
u012655,search,2025-01-15
u012656,search,2025-01-16
u012657,search,2025-01-01
u012658,search,2025-01-03
u012659,search,2025-01-31
u012660,search,2025-01-31
u012661,search,2025-01-02
u012662,search,2025-01-25
u012663,search,2025-01-06
u012664,search,2025-01-29
u012665,search,2025-01-27
u012666,search,2025-01-17
u012667,search,2025-01-16
u012668,search,2025-01-21
u012669,search,2025-01-25
u012670,search,2025-01-23
u012671,search,2025-01-10
u012672,search,2025-01-15
u012673,search,2025-01-26
u012674,search,2025-01-16
u012675,search,2025-01-17
u012676,search,2025-01-23
u012677,search,2025-01-19
u012678,search,2025-01-21
u012679,search,2025-01-05
u012680,search,2025-01-30
u012681,search,2025-01-15
u012682,search,2025-01-10
u012683,search,2025-01-22
u012684,search,2025-01-06
u012685,search,2025-01-05
u012686,search,2025-01-05
u012687,search,2025-01-22
u012688,search,2025-01-18
u012689,search,2025-01-08
u012690,search,2025-01-08
u012691,search,2025-01-19
u012692,search,2025-01-26
u012693,search,2025-01-21
u012694,search,2025-01-18
u012695,search,2025-01-17
u012696,search,2025-01-05
u012697,search,2025-01-29
u012698,search,2025-01-21
u012699,search,2025-01-13
u012700,search,2025-01-31
u012701,search,2025-01-30
u012702,search,2025-01-19
u012703,search,2025-01-06
u012704,search,2025-01-06
u012705,search,2025-01-18
u012706,search,2025-01-16
u012707,search,2025-01-19
u012708,search,2025-01-15
u012709,search,2025-01-09
u012710,search,2025-01-14
u012711,search,2025-01-29
u012712,search,2025-01-03
u012713,search,2025-01-10
u012714,search,2025-01-05
u012715,search,2025-01-07
u012716,search,2025-01-11
u012717,search,2025-01-12
u012718,search,2025-01-11
u012719,search,2025-01-10
u012720,search,2025-01-11
u012721,search,2025-01-17
u012722,search,2025-01-02
u012723,search,2025-01-27
u012724,search,2025-01-14
u012725,search,2025-01-09
u012726,search,2025-01-26
u012727,search,2025-01-09
u012728,search,2025-01-26
u012729,search,2025-01-05
u012730,search,2025-01-31
u012731,search,2025-01-08
u012732,search,2025-01-23
u012733,search,2025-01-31
u012734,search,2025-01-18
u012735,search,2025-01-21
u012736,search,2025-01-01
u012737,search,2025-01-25
u012738,search,2025-01-30
u012739,search,2025-01-22
u012740,search,2025-01-15
u012741,search,2025-01-12
u012742,search,2025-01-09
u012743,search,2025-01-29
u012744,search,2025-01-12
u012745,search,2025-01-02
u012746,search,2025-01-15
u012747,search,2025-01-06
u012748,search,2025-01-14
u012749,search,2025-01-14
u012750,search,2025-01-01
u012751,search,2025-01-17
u012752,search,2025-01-19
u012753,search,2025-01-12
u012754,search,2025-01-14
u012755,search,2025-01-21
u012756,search,2025-01-27
u012757,search,2025-01-02
u012758,search,2025-01-14
u012759,search,2025-01-20
u012760,search,2025-01-07
u012761,search,2025-01-29
u012762,search,2025-01-26
u012763,search,2025-01-01
u012764,search,2025-01-01
u012765,search,2025-01-11
u012766,search,2025-01-16
u012767,search,2025-01-19
u012768,search,2025-01-07
u012769,search,2025-01-09
u012770,search,2025-01-16
u012771,search,2025-01-07
u012772,search,2025-01-26
u012773,search,2025-01-06
u012774,search,2025-01-11
u012775,search,2025-01-23
u012776,search,2025-01-08
u012777,search,2025-01-04
u012778,search,2025-01-14
u012779,search,2025-01-13
u012780,search,2025-01-25
u012781,search,2025-01-18
u012782,search,2025-01-03
u012783,search,2025-01-21
u012784,search,2025-01-12
u012785,search,2025-01-21
u012786,search,2025-01-27
u012787,search,2025-01-05
u012788,search,2025-01-24
u012789,search,2025-01-25
u012790,search,2025-01-14
u012791,search,2025-01-02
u012792,search,2025-01-19
u012793,search,2025-01-18
u012794,search,2025-01-10
u012795,search,2025-01-23
u012796,search,2025-01-19
u012797,search,2025-01-24
u012798,search,2025-01-01
u012799,search,2025-01-07
u012800,search,2025-01-29
u012801,search,2025-01-09
u012802,search,2025-01-28
u012803,search,2025-01-02
u012804,search,2025-01-29
u012805,search,2025-01-28
u012806,search,2025-01-08
u012807,search,2025-01-24
u012808,search,2025-01-23
u012809,search,2025-01-15
u012810,search,2025-01-07
u012811,search,2025-01-12
u012812,search,2025-01-28
u012813,search,2025-01-24
u012814,search,2025-01-09
u012815,search,2025-01-05
u012816,search,2025-01-31
u012817,search,2025-01-25
u012818,search,2025-01-12
u012819,search,2025-01-22
u012820,search,2025-01-16
u012821,search,2025-01-01
u012822,search,2025-01-21
u012823,search,2025-01-16
u012824,search,2025-01-07
u012825,search,2025-01-19
u012826,search,2025-01-25
u012827,search,2025-01-06
u012828,search,2025-01-24
u012829,search,2025-01-07
u012830,search,2025-01-26
u012831,search,2025-01-02
u012832,search,2025-01-03
u012833,search,2025-01-14
u012834,search,2025-01-23
u012835,search,2025-01-28
u012836,search,2025-01-07
u012837,search,2025-01-02
u012838,search,2025-01-01
u012839,search,2025-01-30
u012840,search,2025-01-03
u012841,search,2025-01-13
u012842,search,2025-01-27
u012843,search,2025-01-26
u012844,search,2025-01-26
u012845,search,2025-01-23
u012846,search,2025-01-02
u012847,search,2025-01-29
u012848,search,2025-01-08
u012849,search,2025-01-27
u012850,search,2025-01-17
u012851,search,2025-01-09
u012852,search,2025-01-27
u012853,search,2025-01-20
u012854,search,2025-01-12
u012855,search,2025-01-13
u012856,search,2025-01-01
u012857,search,2025-01-14
u012858,search,2025-01-12
u012859,search,2025-01-10
u012860,search,2025-01-09
u012861,search,2025-01-14
u012862,search,2025-01-29
u012863,search,2025-01-29
u012864,search,2025-01-06
u012865,search,2025-01-25
u012866,search,2025-01-23
u012867,search,2025-01-18
u012868,search,2025-01-24
u012869,search,2025-01-17
u012870,search,2025-01-02
u012871,search,2025-01-12
u012872,search,2025-01-10
u012873,search,2025-01-20
u012874,search,2025-01-08
u012875,search,2025-01-28
u012876,search,2025-01-22
u012877,search,2025-01-23
u012878,search,2025-01-27
u012879,search,2025-01-01
u012880,search,2025-01-12
u012881,search,2025-01-31
u012882,search,2025-01-08
u012883,search,2025-01-24
u012884,search,2025-01-19
u012885,search,2025-01-07
u012886,search,2025-01-17
u012887,search,2025-01-27
u012888,search,2025-01-26
u012889,search,2025-01-29
u012890,search,2025-01-13
u012891,search,2025-01-09
u012892,search,2025-01-25
u012893,search,2025-01-25
u012894,search,2025-01-22
u012895,search,2025-01-08
u012896,search,2025-01-24
u012897,search,2025-01-29
u012898,search,2025-01-15
u012899,search,2025-01-04
u012900,search,2025-01-31
u012901,search,2025-01-10
u012902,search,2025-01-09
u012903,search,2025-01-01
u012904,search,2025-01-22
u012905,search,2025-01-21
u012906,search,2025-01-10
u012907,search,2025-01-04
u012908,search,2025-01-09
u012909,search,2025-01-12
u012910,search,2025-01-20
u012911,search,2025-01-31
u012912,search,2025-01-10
u012913,search,2025-01-22
u012914,search,2025-01-19
u012915,search,2025-01-02
u012916,search,2025-01-03
u012917,search,2025-01-04
u012918,search,2025-01-03
u012919,search,2025-01-17
u012920,search,2025-01-13
u012921,search,2025-01-23
u012922,search,2025-01-21
u012923,search,2025-01-04
u012924,search,2025-01-23
u012925,search,2025-01-23
u012926,search,2025-01-13
u012927,search,2025-01-13
u012928,search,2025-01-20
u012929,search,2025-01-02
u012930,search,2025-01-21
u012931,search,2025-01-26
u012932,search,2025-01-14
u012933,search,2025-01-02
u012934,search,2025-01-12
u012935,search,2025-01-01
u012936,search,2025-01-15
u012937,search,2025-01-01
u012938,search,2025-01-01
u012939,search,2025-01-10
u012940,search,2025-01-06
u012941,search,2025-01-01
u012942,search,2025-01-19
u012943,search,2025-01-23
u012944,search,2025-01-27
u012945,search,2025-01-18
u012946,search,2025-01-03
u012947,search,2025-01-06
u012948,search,2025-01-18
u012949,search,2025-01-28
u012950,search,2025-01-18
u012951,search,2025-01-28
u012952,search,2025-01-22
u012953,search,2025-01-02
u012954,search,2025-01-30
u012955,search,2025-01-07
u012956,search,2025-01-02
u012957,search,2025-01-16
u012958,search,2025-01-15
u012959,search,2025-01-07
u012960,display,2025-01-07
u012961,display,2025-01-19
u012962,display,2025-01-20
u012963,display,2025-01-17
u012964,display,2025-01-07
u012965,display,2025-01-15
u012966,display,2025-01-27
u012967,display,2025-01-28
u012968,display,2025-01-23
u012969,display,2025-01-27
u012970,display,2025-01-25
u012971,display,2025-01-16
u012972,display,2025-01-05
u012973,display,2025-01-01
u012974,display,2025-01-29
u012975,display,2025-01-18
u012976,display,2025-01-09
u012977,display,2025-01-20
u012978,display,2025-01-07
u012979,display,2025-01-15
u012980,display,2025-01-30
u012981,display,2025-01-11
u012982,display,2025-01-25
u012983,display,2025-01-08
u012984,display,2025-01-04
u012985,display,2025-01-23
u012986,display,2025-01-27
u012987,display,2025-01-05
u012988,display,2025-01-02
u012989,display,2025-01-08
u012990,display,2025-01-01
u012991,display,2025-01-15
u012992,display,2025-01-25
u012993,display,2025-01-03
u012994,display,2025-01-31
u012995,display,2025-01-20
u012996,display,2025-01-08
u012997,display,2025-01-02
u012998,display,2025-01-20
u012999,display,2025-01-14
u013000,display,2025-01-21
u013001,display,2025-01-07
u013002,display,2025-01-20
u013003,display,2025-01-31
u013004,display,2025-01-02
u013005,display,2025-01-02
u013006,display,2025-01-03
u013007,display,2025-01-17
u013008,display,2025-01-03
u013009,display,2025-01-01
u013010,display,2025-01-05
u013011,display,2025-01-20
u013012,display,2025-01-24
u013013,display,2025-01-24
u013014,display,2025-01-28
u013015,display,2025-01-29
u013016,display,2025-01-11
u013017,display,2025-01-27
u013018,display,2025-01-18
u013019,display,2025-01-25
u013020,display,2025-01-14
u013021,display,2025-01-11
u013022,display,2025-01-28
u013023,display,2025-01-09
u013024,display,2025-01-12
u013025,display,2025-01-31
u013026,display,2025-01-15
u013027,display,2025-01-22
u013028,display,2025-01-18
u013029,display,2025-01-22
u013030,display,2025-01-08
u013031,display,2025-01-03
u013032,display,2025-01-19
u013033,display,2025-01-24
u013034,display,2025-01-01
u013035,display,2025-01-31
u013036,display,2025-01-30
u013037,display,2025-01-03
u013038,display,2025-01-30
u013039,display,2025-01-17
u013040,display,2025-01-24
u013041,display,2025-01-24
u013042,display,2025-01-01
u013043,display,2025-01-09
u013044,display,2025-01-31
u013045,display,2025-01-04
u013046,display,2025-01-11
u013047,display,2025-01-09
u013048,display,2025-01-27
u013049,display,2025-01-22
u013050,display,2025-01-14
u013051,display,2025-01-20
u013052,display,2025-01-24
u013053,display,2025-01-08
u013054,display,2025-01-18
u013055,display,2025-01-01
u013056,display,2025-01-02
u013057,display,2025-01-14
u013058,display,2025-01-12
u013059,display,2025-01-18
u013060,display,2025-01-21
u013061,display,2025-01-20
u013062,display,2025-01-09
u013063,display,2025-01-25
u013064,display,2025-01-03
u013065,display,2025-01-28
u013066,display,2025-01-09
u013067,display,2025-01-25
u013068,display,2025-01-03
u013069,display,2025-01-12
u013070,display,2025-01-01
u013071,display,2025-01-08
u013072,display,2025-01-23
u013073,display,2025-01-25
u013074,display,2025-01-04
u013075,display,2025-01-04
u013076,display,2025-01-22
u013077,display,2025-01-26
u013078,display,2025-01-24
u013079,display,2025-01-07
u013080,display,2025-01-08
u013081,display,2025-01-29
u013082,display,2025-01-20
u013083,display,2025-01-10
u013084,display,2025-01-29
u013085,display,2025-01-09
u013086,display,2025-01-13
u013087,display,2025-01-04
u013088,display,2025-01-05
u013089,display,2025-01-05
u013090,display,2025-01-14
u013091,display,2025-01-26
u013092,display,2025-01-16
u013093,display,2025-01-28
u013094,display,2025-01-05
u013095,display,2025-01-26
u013096,display,2025-01-06
u013097,display,2025-01-26
u013098,display,2025-01-20
u013099,display,2025-01-08
u013100,display,2025-01-21
u013101,display,2025-01-31
u013102,display,2025-01-29
u013103,display,2025-01-31
u013104,display,2025-01-23
u013105,display,2025-01-06
u013106,display,2025-01-08
u013107,display,2025-01-01
u013108,display,2025-01-26
u013109,display,2025-01-04
u013110,display,2025-01-14
u013111,display,2025-01-01
u013112,display,2025-01-10
u013113,display,2025-01-16
u013114,display,2025-01-06
u013115,display,2025-01-24
u013116,display,2025-01-11
u013117,display,2025-01-03
u013118,display,2025-01-05
u013119,display,2025-01-25
u013120,display,2025-01-21
u013121,display,2025-01-21
u013122,display,2025-01-08
u013123,display,2025-01-14
u013124,display,2025-01-16
u013125,display,2025-01-09
u013126,display,2025-01-04
u013127,display,2025-01-25
u013128,display,2025-01-17
u013129,display,2025-01-07
u013130,display,2025-01-29
u013131,display,2025-01-09
u013132,display,2025-01-28
u013133,display,2025-01-19
u013134,display,2025-01-02
u013135,display,2025-01-25
u013136,display,2025-01-24
u013137,display,2025-01-29
u013138,display,2025-01-28
u013139,display,2025-01-06
u013140,retargeting,2025-01-04
u013141,retargeting,2025-01-17
u013142,retargeting,2025-01-07
u013143,retargeting,2025-01-01
u013144,retargeting,2025-01-11
u013145,retargeting,2025-01-31
u013146,retargeting,2025-01-21
u013147,retargeting,2025-01-24
u013148,retargeting,2025-01-31
u013149,retargeting,2025-01-20
u013150,retargeting,2025-01-03
u013151,retargeting,2025-01-24
u013152,retargeting,2025-01-24
u013153,retargeting,2025-01-24
u013154,retargeting,2025-01-18
u013155,retargeting,2025-01-19
u013156,retargeting,2025-01-30
u013157,retargeting,2025-01-26
u013158,retargeting,2025-01-22
u013159,retargeting,2025-01-07
u013160,retargeting,2025-01-27
u013161,retargeting,2025-01-27
u013162,retargeting,2025-01-31
u013163,retargeting,2025-01-31
u013164,retargeting,2025-01-17
u013165,retargeting,2025-01-15
u013166,retargeting,2025-01-24
u013167,retargeting,2025-01-13
u013168,retargeting,2025-01-04
u013169,retargeting,2025-01-21
u013170,retargeting,2025-01-15
u013171,retargeting,2025-01-11
u013172,retargeting,2025-01-29
u013173,retargeting,2025-01-25
u013174,retargeting,2025-01-03
u013175,retargeting,2025-01-17
u013176,retargeting,2025-01-08
u013177,retargeting,2025-01-01
u013178,retargeting,2025-01-26
u013179,retargeting,2025-01-16
u013180,retargeting,2025-01-26
u013181,retargeting,2025-01-12
u013182,retargeting,2025-01-25
u013183,retargeting,2025-01-12
u013184,retargeting,2025-01-28
u013185,retargeting,2025-01-27
u013186,retargeting,2025-01-07
u013187,retargeting,2025-01-12
u013188,retargeting,2025-01-12
u013189,retargeting,2025-01-31
u013190,retargeting,2025-01-15
u013191,retargeting,2025-01-18
u013192,retargeting,2025-01-18
u013193,retargeting,2025-01-12
u013194,retargeting,2025-01-02
u013195,retargeting,2025-01-15
u013196,retargeting,2025-01-03
u013197,retargeting,2025-01-12
u013198,retargeting,2025-01-12
u013199,retargeting,2025-01-16
u013200,retargeting,2025-01-02
u013201,retargeting,2025-01-06
u013202,retargeting,2025-01-19
u013203,retargeting,2025-01-03
u013204,retargeting,2025-01-27
u013205,retargeting,2025-01-18
u013206,retargeting,2025-01-15
u013207,retargeting,2025-01-19
u013208,retargeting,2025-01-19
u013209,retargeting,2025-01-07
u013210,retargeting,2025-01-22
u013211,retargeting,2025-01-09
u013212,retargeting,2025-01-09
u013213,retargeting,2025-01-29
u013214,retargeting,2025-01-12
u013215,retargeting,2025-01-02
u013216,retargeting,2025-01-10
u013217,retargeting,2025-01-08
u013218,retargeting,2025-01-20
u013219,retargeting,2025-01-28
u013220,retargeting,2025-01-01
u013221,retargeting,2025-01-29
u013222,retargeting,2025-01-20
u013223,retargeting,2025-01-22
u013224,retargeting,2025-01-21
u013225,retargeting,2025-01-11
u013226,retargeting,2025-01-10
u013227,retargeting,2025-01-23
u013228,retargeting,2025-01-08
u013229,retargeting,2025-01-17
u013230,brand,2025-01-23
u013231,brand,2025-01-25
u013232,brand,2025-01-01
u013233,brand,2025-01-10
u013234,brand,2025-01-25
u013235,brand,2025-01-13
u013236,brand,2025-01-31
u013237,brand,2025-01-07
u013238,brand,2025-01-02
u013239,brand,2025-01-09
u013240,brand,2025-01-24
u013241,brand,2025-01-26
u013242,brand,2025-01-28
u013243,brand,2025-01-15
u013244,brand,2025-01-16
u013245,brand,2025-01-10
u013246,brand,2025-01-06
u013247,brand,2025-01-16
u013248,brand,2025-01-21
u013249,brand,2025-01-28
u013250,brand,2025-01-13
u013251,brand,2025-01-13
u013252,brand,2025-01-26
u013253,brand,2025-01-24
u013254,brand,2025-01-04
u013255,brand,2025-01-06
u013256,brand,2025-01-21
u013257,brand,2025-01-25
u013258,brand,2025-01-10
u013259,brand,2025-01-08
u013260,brand,2025-01-12
u013261,brand,2025-01-30
u013262,brand,2025-01-20
u013263,brand,2025-01-31
u013264,brand,2025-01-03
u013265,brand,2025-01-08
u013266,brand,2025-01-27
u013267,brand,2025-01-18
u013268,brand,2025-01-07
u013269,brand,2025-01-17
u013270,brand,2025-01-02
u013271,brand,2025-01-05
u013272,brand,2025-01-24
u013273,brand,2025-01-14
u013274,brand,2025-01-27
u013275,brand,2025-01-01
u013276,brand,2025-01-18
u013277,brand,2025-01-13
u013278,brand,2025-01-13
u013279,brand,2025-01-11
u013280,brand,2025-01-13
u013281,brand,2025-01-03
u013282,brand,2025-01-04
u013283,brand,2025-01-18
u013284,brand,2025-01-24
u013285,brand,2025-01-07
u013286,brand,2025-01-23
u013287,brand,2025-01-22
u013288,brand,2025-01-01
u013289,brand,2025-01-08
u013290,brand,2025-01-05
u013291,brand,2025-01-01
u013292,brand,2025-01-09
u013293,brand,2025-01-13
u013294,brand,2025-01-16
u013295,brand,2025-01-04
u013296,brand,2025-01-22
u013297,brand,2025-01-01
u013298,brand,2025-01-14
u013299,brand,2025-01-20
u013300,brand,2025-01-12
u013301,brand,2025-01-15
u013302,brand,2025-01-25
u013303,brand,2025-01-22
u013304,brand,2025-01-24
u013305,brand,2025-01-27
u013306,brand,2025-01-25
u013307,brand,2025-01-01
u013308,brand,2025-01-23
u013309,brand,2025-01-03
u013310,brand,2025-01-19
u013311,brand,2025-01-17
u013312,brand,2025-01-22
u013313,brand,2025-01-09
u013314,brand,2025-01-26
u013315,brand,2025-01-08
u013316,brand,2025-01-03
u013317,brand,2025-01-06
u013318,brand,2025-01-09
u013319,brand,2025-01-01
u013320,brand,2025-01-06
u013321,brand,2025-01-27
u013322,brand,2025-01-12
u013323,brand,2025-01-27
u013324,brand,2025-01-21
u013325,brand,2025-01-14
u013326,brand,2025-01-16
u013327,brand,2025-01-20
u013328,brand,2025-01-06
u013329,brand,2025-01-14
u013330,brand,2025-01-23
u013331,brand,2025-01-07
u013332,brand,2025-01-28
u013333,brand,2025-01-02
u013334,brand,2025-01-04
u013335,brand,2025-01-30
u013336,brand,2025-01-07
u013337,brand,2025-01-26
u013338,brand,2025-01-13
u013339,brand,2025-01-26
u013340,brand,2025-01-18
u013341,brand,2025-01-05
u013342,brand,2025-01-23
u013343,brand,2025-01-13
u013344,brand,2025-01-05
u013345,brand,2025-01-18
u013346,brand,2025-01-24
u013347,brand,2025-01-19
u013348,brand,2025-01-27
u013349,brand,2025-01-20
u013350,brand,2025-01-23
u013351,brand,2025-01-05
u013352,brand,2025-01-20
u013353,brand,2025-01-16
u013354,brand,2025-01-20
u013355,brand,2025-01-27
u013356,brand,2025-01-01
u013357,brand,2025-01-13
u013358,brand,2025-01-09
u013359,brand,2025-01-29
u013360,brand,2025-01-29
u013361,brand,2025-01-08
u013362,brand,2025-01-12
u013363,brand,2025-01-03
u013364,brand,2025-01-16
u013365,brand,2025-01-29
u013366,brand,2025-01-08
u013367,brand,2025-01-15
u013368,brand,2025-01-08
u013369,brand,2025-01-28
u013370,brand,2025-01-04
u013371,brand,2025-01-26
u013372,brand,2025-01-03
u013373,brand,2025-01-24
u013374,brand,2025-01-24
u013375,brand,2025-01-03
u013376,brand,2025-01-05
u013377,brand,2025-01-10
u013378,brand,2025-01-27
u013379,brand,2025-01-04
u013380,brand,2025-01-05
u013381,brand,2025-01-22
u013382,brand,2025-01-17
u013383,brand,2025-01-22
u013384,brand,2025-01-30
u013385,brand,2025-01-27
u013386,brand,2025-01-29
u013387,brand,2025-01-28
u013388,brand,2025-01-20
u013389,brand,2025-01-23
u013390,brand,2025-01-18
u013391,brand,2025-01-09
u013392,brand,2025-01-06
u013393,brand,2025-01-31
u013394,brand,2025-01-16
u013395,brand,2025-01-11
u013396,brand,2025-01-22
u013397,brand,2025-01-10
u013398,brand,2025-01-27
u013399,brand,2025-01-04
u013400,brand,2025-01-29
u013401,brand,2025-01-12
u013402,brand,2025-01-22
u013403,brand,2025-01-08
u013404,brand,2025-01-18
u013405,brand,2025-01-15
u013406,brand,2025-01-21
u013407,brand,2025-01-07
u013408,brand,2025-01-22
u013409,brand,2025-01-10
u013410,brand,2025-01-02
u013411,brand,2025-01-05
u013412,brand,2025-01-27
u013413,brand,2025-01-31
u013414,brand,2025-01-09
u013415,brand,2025-01-07
u013416,brand,2025-01-30
u013417,brand,2025-01-14
u013418,brand,2025-01-16
u013419,brand,2025-01-28
u013420,brand,2025-01-12
u013421,brand,2025-01-06
u013422,brand,2025-01-23
u013423,brand,2025-01-06
u013424,brand,2025-01-18
u013425,brand,2025-01-24
u013426,brand,2025-01-22
u013427,brand,2025-01-13
u013428,brand,2025-01-30
u013429,brand,2025-01-16
u013430,brand,2025-01-06
u013431,brand,2025-01-18
u013432,brand,2025-01-13
u013433,brand,2025-01-31
u013434,brand,2025-01-24
u013435,brand,2025-01-07
u013436,brand,2025-01-27
u013437,brand,2025-01-19
u013438,brand,2025-01-11
u013439,brand,2025-01-29
u013440,brand,2025-01-26
u013441,brand,2025-01-20
u013442,brand,2025-01-13
u013443,brand,2025-01-02
u013444,brand,2025-01-21
u013445,brand,2025-01-24
u013446,brand,2025-01-03
u013447,brand,2025-01-24
u013448,brand,2025-01-25
u013449,brand,2025-01-31
u013450,brand,2025-01-23
u013451,brand,2025-01-12
u013452,brand,2025-01-08
u013453,brand,2025-01-05
u013454,brand,2025-01-22
u013455,brand,2025-01-19
u013456,brand,2025-01-11
u013457,brand,2025-01-27
u013458,brand,2025-01-21
u013459,brand,2025-01-15
u013460,brand,2025-01-24
u013461,brand,2025-01-14
u013462,brand,2025-01-17
u013463,brand,2025-01-27
u013464,brand,2025-01-02
u013465,brand,2025-01-22
u013466,brand,2025-01-10
u013467,brand,2025-01-23
u013468,brand,2025-01-23
u013469,brand,2025-01-17
u013470,brand,2025-01-30
u013471,brand,2025-01-16
u013472,brand,2025-01-17
u013473,brand,2025-01-24
u013474,brand,2025-01-02
u013475,brand,2025-01-31
u013476,brand,2025-01-21
u013477,brand,2025-01-31
u013478,brand,2025-01-02
u013479,brand,2025-01-11
u013480,brand,2025-01-19
u013481,brand,2025-01-04
u013482,brand,2025-01-10
u013483,brand,2025-01-03
u013484,brand,2025-01-17
u013485,brand,2025-01-30
u013486,brand,2025-01-13
u013487,brand,2025-01-01
u013488,brand,2025-01-03
u013489,brand,2025-01-25
u013490,brand,2025-01-24
u013491,brand,2025-01-25
u013492,brand,2025-01-16
u013493,brand,2025-01-17
u013494,brand,2025-01-09
u013495,brand,2025-01-23
u013496,brand,2025-01-14
u013497,brand,2025-01-17
u013498,brand,2025-01-22
u013499,brand,2025-01-05
u013500,organic,2025-01-06
u013501,organic,2025-01-11
u013502,organic,2025-01-28
u013503,organic,2025-01-27
u013504,organic,2025-01-27
u013505,organic,2025-01-25
u013506,organic,2025-01-12
u013507,organic,2025-01-16
u013508,organic,2025-01-12
u013509,organic,2025-01-10
u013510,organic,2025-01-21
u013511,organic,2025-01-22
u013512,organic,2025-01-14
u013513,organic,2025-01-20
u013514,organic,2025-01-24
u013515,organic,2025-01-01
u013516,organic,2025-01-24
u013517,organic,2025-01-01
u013518,organic,2025-01-16
u013519,organic,2025-01-23
u013520,organic,2025-01-07
u013521,organic,2025-01-17
u013522,organic,2025-01-05
u013523,organic,2025-01-17
u013524,organic,2025-01-03
u013525,organic,2025-01-28
u013526,organic,2025-01-22
u013527,organic,2025-01-01
u013528,organic,2025-01-23
u013529,organic,2025-01-20
u013530,organic,2025-01-08
u013531,organic,2025-01-23
u013532,organic,2025-01-23
u013533,organic,2025-01-27
u013534,organic,2025-01-14
u013535,organic,2025-01-02
u013536,organic,2025-01-17
u013537,organic,2025-01-18
u013538,organic,2025-01-01
u013539,organic,2025-01-30
u013540,organic,2025-01-25
u013541,organic,2025-01-11
u013542,organic,2025-01-15
u013543,organic,2025-01-27
u013544,organic,2025-01-03
u013545,organic,2025-01-09
u013546,organic,2025-01-22
u013547,organic,2025-01-15
u013548,organic,2025-01-14
u013549,organic,2025-01-05
u013550,organic,2025-01-13
u013551,organic,2025-01-27
u013552,organic,2025-01-29
u013553,organic,2025-01-10
u013554,organic,2025-01-14
u013555,organic,2025-01-03
u013556,organic,2025-01-23
u013557,organic,2025-01-22
u013558,organic,2025-01-24
u013559,organic,2025-01-01
u013560,organic,2025-01-24
u013561,organic,2025-01-26
u013562,organic,2025-01-02
u013563,organic,2025-01-20
u013564,organic,2025-01-07
u013565,organic,2025-01-07
u013566,organic,2025-01-26
u013567,organic,2025-01-23
u013568,organic,2025-01-02
u013569,organic,2025-01-04
u013570,organic,2025-01-31
u013571,organic,2025-01-19
u013572,organic,2025-01-19
u013573,organic,2025-01-09
u013574,organic,2025-01-05
u013575,organic,2025-01-13
u013576,organic,2025-01-18
u013577,organic,2025-01-01
u013578,organic,2025-01-27
u013579,organic,2025-01-18
u013580,organic,2025-01-20
u013581,organic,2025-01-14
u013582,organic,2025-01-29
u013583,organic,2025-01-13
u013584,organic,2025-01-26
u013585,organic,2025-01-02
u013586,organic,2025-01-04
u013587,organic,2025-01-10
u013588,organic,2025-01-14
u013589,organic,2025-01-01
u013590,organic,2025-01-01
u013591,organic,2025-01-15
u013592,organic,2025-01-23
u013593,organic,2025-01-02
u013594,organic,2025-01-27
u013595,organic,2025-01-06
u013596,organic,2025-01-27
u013597,organic,2025-01-07
u013598,organic,2025-01-01
u013599,organic,2025-01-24
u013600,organic,2025-01-05
u013601,organic,2025-01-14
u013602,organic,2025-01-13
u013603,organic,2025-01-12
u013604,organic,2025-01-19
u013605,organic,2025-01-24
u013606,organic,2025-01-28
u013607,organic,2025-01-24
u013608,organic,2025-01-26
u013609,organic,2025-01-19
u013610,organic,2025-01-12
u013611,organic,2025-01-05
u013612,organic,2025-01-01
u013613,organic,2025-01-18
u013614,organic,2025-01-27
u013615,organic,2025-01-20
u013616,organic,2025-01-12
u013617,organic,2025-01-21
u013618,organic,2025-01-15
u013619,organic,2025-01-24
u013620,organic,2025-01-20
u013621,organic,2025-01-06
u013622,organic,2025-01-05
u013623,organic,2025-01-11
u013624,organic,2025-01-12
u013625,organic,2025-01-18
u013626,organic,2025-01-10
u013627,organic,2025-01-29
u013628,organic,2025-01-28
u013629,organic,2025-01-03
u013630,organic,2025-01-05
u013631,organic,2025-01-20
u013632,organic,2025-01-24
u013633,organic,2025-01-04
u013634,organic,2025-01-21
u013635,organic,2025-01-18
u013636,organic,2025-01-28
u013637,organic,2025-01-25
u013638,organic,2025-01-27
u013639,organic,2025-01-29
u013640,organic,2025-01-14
u013641,organic,2025-01-12
u013642,organic,2025-01-04
u013643,organic,2025-01-07
u013644,organic,2025-01-07
u013645,organic,2025-01-30
u013646,organic,2025-01-01
u013647,organic,2025-01-09
u013648,organic,2025-01-28
u013649,organic,2025-01-24
u013650,organic,2025-01-14
u013651,organic,2025-01-09
u013652,organic,2025-01-04
u013653,organic,2025-01-15
u013654,organic,2025-01-18
u013655,organic,2025-01-01
u013656,organic,2025-01-17
u013657,organic,2025-01-06
u013658,organic,2025-01-30
u013659,organic,2025-01-20
u013660,organic,2025-01-17
u013661,organic,2025-01-17
u013662,organic,2025-01-23
u013663,organic,2025-01-02
u013664,organic,2025-01-13
u013665,organic,2025-01-24
u013666,organic,2025-01-05
u013667,organic,2025-01-27
u013668,organic,2025-01-09
u013669,organic,2025-01-10
u013670,organic,2025-01-07
u013671,organic,2025-01-30
u013672,organic,2025-01-19
u013673,organic,2025-01-20
u013674,organic,2025-01-23
u013675,organic,2025-01-13
u013676,organic,2025-01-25
u013677,organic,2025-01-10
u013678,organic,2025-01-27
u013679,organic,2025-01-29
u013680,organic,2025-01-24
u013681,organic,2025-01-22
u013682,organic,2025-01-13
u013683,organic,2025-01-26
u013684,organic,2025-01-12
u013685,organic,2025-01-08
u013686,organic,2025-01-06
u013687,organic,2025-01-09
u013688,organic,2025-01-11
u013689,organic,2025-01-23
u013690,organic,2025-01-18
u013691,organic,2025-01-31
u013692,organic,2025-01-18
u013693,organic,2025-01-06
u013694,organic,2025-01-26
u013695,organic,2025-01-31
u013696,organic,2025-01-18
u013697,organic,2025-01-18
u013698,organic,2025-01-15
u013699,organic,2025-01-28
u013700,organic,2025-01-01
u013701,organic,2025-01-31
u013702,organic,2025-01-09
u013703,organic,2025-01-12
u013704,organic,2025-01-04
u013705,organic,2025-01-04
u013706,organic,2025-01-13
u013707,organic,2025-01-06
u013708,organic,2025-01-09
u013709,organic,2025-01-16
u013710,organic,2025-01-09
u013711,organic,2025-01-20
u013712,organic,2025-01-11
u013713,organic,2025-01-12
u013714,organic,2025-01-21
u013715,organic,2025-01-04
u013716,organic,2025-01-24
u013717,organic,2025-01-01
u013718,organic,2025-01-24
u013719,organic,2025-01-19
u013720,organic,2025-01-12
u013721,organic,2025-01-22
u013722,organic,2025-01-13
u013723,organic,2025-01-11
u013724,organic,2025-01-31
u013725,organic,2025-01-14
u013726,organic,2025-01-28
u013727,organic,2025-01-21
u013728,organic,2025-01-24
u013729,organic,2025-01-25
u013730,organic,2025-01-17
u013731,organic,2025-01-02
u013732,organic,2025-01-07
u013733,organic,2025-01-25
u013734,organic,2025-01-14
u013735,organic,2025-01-14
u013736,organic,2025-01-13
u013737,organic,2025-01-09
u013738,organic,2025-01-07
u013739,organic,2025-01-31
u013740,organic,2025-01-26
u013741,organic,2025-01-24
u013742,organic,2025-01-18
u013743,organic,2025-01-06
u013744,organic,2025-01-02
u013745,organic,2025-01-30
u013746,organic,2025-01-05
u013747,organic,2025-01-22
u013748,organic,2025-01-01
u013749,organic,2025-01-03
u013750,organic,2025-01-08
u013751,organic,2025-01-29
u013752,organic,2025-01-13
u013753,organic,2025-01-29
u013754,organic,2025-01-29
u013755,organic,2025-01-29
u013756,organic,2025-01-30
u013757,organic,2025-01-25
u013758,organic,2025-01-23
u013759,organic,2025-01-18
u013760,organic,2025-01-06
u013761,organic,2025-01-23
u013762,organic,2025-01-18
u013763,organic,2025-01-29
u013764,organic,2025-01-23
u013765,organic,2025-01-18
u013766,organic,2025-01-28
u013767,organic,2025-01-31
u013768,organic,2025-01-16
u013769,organic,2025-01-09
u013770,organic,2025-01-04
u013771,organic,2025-01-18
u013772,organic,2025-01-08
u013773,organic,2025-01-17
u013774,organic,2025-01-07
u013775,organic,2025-01-15
u013776,organic,2025-01-07
u013777,organic,2025-01-11
u013778,organic,2025-01-14
u013779,organic,2025-01-12
u013780,organic,2025-01-25
u013781,organic,2025-01-08
u013782,organic,2025-01-19
u013783,organic,2025-01-04
u013784,organic,2025-01-30
u013785,organic,2025-01-26
u013786,organic,2025-01-02
u013787,organic,2025-01-06
u013788,organic,2025-01-06
u013789,organic,2025-01-29
u013790,organic,2025-01-29
u013791,organic,2025-01-21
u013792,organic,2025-01-31
u013793,organic,2025-01-06
u013794,organic,2025-01-08
u013795,organic,2025-01-16
u013796,organic,2025-01-21
u013797,organic,2025-01-02
u013798,organic,2025-01-22
u013799,organic,2025-01-09
u013800,organic,2025-01-01
u013801,organic,2025-01-13
u013802,organic,2025-01-09
u013803,organic,2025-01-05
u013804,organic,2025-01-31
u013805,organic,2025-01-07
u013806,organic,2025-01-11
u013807,organic,2025-01-22
u013808,organic,2025-01-11
u013809,organic,2025-01-01
u013810,organic,2025-01-29
u013811,organic,2025-01-02
u013812,organic,2025-01-17
u013813,organic,2025-01-03
u013814,organic,2025-01-06
u013815,search,2025-02-21
u013816,search,2025-02-22
u013817,search,2025-02-25
u013818,search,2025-02-06
u013819,search,2025-02-06
u013820,search,2025-02-09
u013821,search,2025-02-08
u013822,search,2025-02-03
u013823,search,2025-02-18
u013824,search,2025-02-12
u013825,search,2025-02-01
u013826,search,2025-02-09
u013827,search,2025-02-27
u013828,search,2025-02-18
u013829,search,2025-02-23
u013830,search,2025-02-02
u013831,search,2025-02-17
u013832,search,2025-02-11
u013833,search,2025-02-20
u013834,search,2025-02-28
u013835,search,2025-02-16
u013836,search,2025-02-23
u013837,search,2025-02-07
u013838,search,2025-02-07
u013839,search,2025-02-07
u013840,search,2025-02-27
u013841,search,2025-02-18
u013842,search,2025-02-19
u013843,search,2025-02-26
u013844,search,2025-02-08
u013845,search,2025-02-11
u013846,search,2025-02-08
u013847,search,2025-02-07
u013848,search,2025-02-28
u013849,search,2025-02-18
u013850,search,2025-02-28
u013851,search,2025-02-23
u013852,search,2025-02-10
u013853,search,2025-02-05
u013854,search,2025-02-19
u013855,search,2025-02-28
u013856,search,2025-02-21
u013857,search,2025-02-05
u013858,search,2025-02-18
u013859,search,2025-02-17
u013860,search,2025-02-11
u013861,search,2025-02-11
u013862,search,2025-02-12
u013863,search,2025-02-26
u013864,search,2025-02-28
u013865,search,2025-02-06
u013866,search,2025-02-27
u013867,search,2025-02-23
u013868,search,2025-02-01
u013869,search,2025-02-01
u013870,search,2025-02-23
u013871,search,2025-02-06
u013872,search,2025-02-08
u013873,search,2025-02-08
u013874,search,2025-02-27
u013875,search,2025-02-09
u013876,search,2025-02-20
u013877,search,2025-02-11
u013878,search,2025-02-17
u013879,search,2025-02-25
u013880,search,2025-02-25
u013881,search,2025-02-22
u013882,search,2025-02-19
u013883,search,2025-02-01
u013884,search,2025-02-12
u013885,search,2025-02-15
u013886,search,2025-02-25
u013887,search,2025-02-13
u013888,search,2025-02-12
u013889,search,2025-02-25
u013890,search,2025-02-27
u013891,search,2025-02-21
u013892,search,2025-02-03
u013893,search,2025-02-13
u013894,search,2025-02-22
u013895,search,2025-02-17
u013896,search,2025-02-22
u013897,search,2025-02-10
u013898,search,2025-02-03
u013899,search,2025-02-26
u013900,search,2025-02-21
u013901,search,2025-02-10
u013902,search,2025-02-07
u013903,search,2025-02-01
u013904,search,2025-02-25
u013905,search,2025-02-23
u013906,search,2025-02-11
u013907,search,2025-02-26
u013908,search,2025-02-20
u013909,search,2025-02-04
u013910,search,2025-02-01
u013911,search,2025-02-25
u013912,search,2025-02-26
u013913,search,2025-02-24
u013914,search,2025-02-21
u013915,search,2025-02-27
u013916,search,2025-02-07
u013917,search,2025-02-01
u013918,search,2025-02-26
u013919,search,2025-02-04
u013920,search,2025-02-24
u013921,search,2025-02-19
u013922,search,2025-02-19
u013923,search,2025-02-09
u013924,search,2025-02-06
u013925,search,2025-02-28
u013926,search,2025-02-23
u013927,search,2025-02-28
u013928,search,2025-02-16
u013929,search,2025-02-16
u013930,search,2025-02-04
u013931,search,2025-02-25
u013932,search,2025-02-07
u013933,search,2025-02-05
u013934,search,2025-02-18
u013935,search,2025-02-06
u013936,search,2025-02-04
u013937,search,2025-02-27
u013938,search,2025-02-12
u013939,search,2025-02-27
u013940,search,2025-02-19
u013941,search,2025-02-27
u013942,search,2025-02-09
u013943,search,2025-02-27
u013944,search,2025-02-02
u013945,search,2025-02-09
u013946,search,2025-02-02
u013947,search,2025-02-02
u013948,search,2025-02-01
u013949,search,2025-02-27
u013950,search,2025-02-18
u013951,search,2025-02-13
u013952,search,2025-02-15
u013953,search,2025-02-03
u013954,search,2025-02-02
u013955,search,2025-02-08
u013956,search,2025-02-17
u013957,search,2025-02-21
u013958,search,2025-02-28
u013959,search,2025-02-26
u013960,search,2025-02-20
u013961,search,2025-02-22
u013962,search,2025-02-16
u013963,search,2025-02-15
u013964,search,2025-02-10
u013965,search,2025-02-13
u013966,search,2025-02-28
u013967,search,2025-02-01
u013968,search,2025-02-03
u013969,search,2025-02-03
u013970,search,2025-02-20
u013971,search,2025-02-06
u013972,search,2025-02-10
u013973,search,2025-02-04
u013974,search,2025-02-18
u013975,search,2025-02-07
u013976,search,2025-02-07
u013977,search,2025-02-21
u013978,search,2025-02-08
u013979,search,2025-02-22
u013980,search,2025-02-25
u013981,search,2025-02-21
u013982,search,2025-02-21
u013983,search,2025-02-27
u013984,search,2025-02-17
u013985,search,2025-02-05
u013986,search,2025-02-09
u013987,search,2025-02-06
u013988,search,2025-02-20
u013989,search,2025-02-25
u013990,search,2025-02-27
u013991,search,2025-02-28
u013992,search,2025-02-11
u013993,search,2025-02-03
u013994,search,2025-02-28
u013995,search,2025-02-03
u013996,search,2025-02-15
u013997,search,2025-02-09
u013998,search,2025-02-02
u013999,search,2025-02-17
u014000,search,2025-02-25
u014001,search,2025-02-01
u014002,search,2025-02-05
u014003,search,2025-02-25
u014004,search,2025-02-22
u014005,search,2025-02-21
u014006,search,2025-02-16
u014007,search,2025-02-11
u014008,search,2025-02-17
u014009,search,2025-02-08
u014010,search,2025-02-15
u014011,search,2025-02-24
u014012,search,2025-02-20
u014013,search,2025-02-01
u014014,search,2025-02-26
u014015,search,2025-02-28
u014016,search,2025-02-27
u014017,search,2025-02-09
u014018,search,2025-02-12
u014019,search,2025-02-13
u014020,search,2025-02-09
u014021,search,2025-02-18
u014022,search,2025-02-05
u014023,search,2025-02-16
u014024,search,2025-02-22
u014025,search,2025-02-19
u014026,search,2025-02-27
u014027,search,2025-02-27
u014028,search,2025-02-15
u014029,search,2025-02-16
u014030,search,2025-02-17
u014031,search,2025-02-17
u014032,search,2025-02-14
u014033,search,2025-02-09
u014034,search,2025-02-27
u014035,search,2025-02-24
u014036,search,2025-02-26
u014037,search,2025-02-15
u014038,search,2025-02-26
u014039,search,2025-02-17
u014040,search,2025-02-21
u014041,search,2025-02-24
u014042,search,2025-02-26
u014043,search,2025-02-05
u014044,search,2025-02-06
u014045,search,2025-02-10
u014046,search,2025-02-22
u014047,search,2025-02-16
u014048,search,2025-02-27
u014049,search,2025-02-15
u014050,search,2025-02-03
u014051,search,2025-02-10
u014052,search,2025-02-02
u014053,search,2025-02-21
u014054,search,2025-02-25
u014055,search,2025-02-20
u014056,search,2025-02-11
u014057,search,2025-02-03
u014058,search,2025-02-09
u014059,search,2025-02-19
u014060,search,2025-02-08
u014061,search,2025-02-18
u014062,search,2025-02-03
u014063,search,2025-02-05
u014064,search,2025-02-01
u014065,search,2025-02-18
u014066,search,2025-02-07
u014067,search,2025-02-15
u014068,search,2025-02-26
u014069,search,2025-02-22
u014070,search,2025-02-14
u014071,search,2025-02-23
u014072,search,2025-02-08
u014073,search,2025-02-23
u014074,search,2025-02-04
u014075,search,2025-02-25
u014076,search,2025-02-28
u014077,search,2025-02-05
u014078,search,2025-02-13
u014079,search,2025-02-04
u014080,search,2025-02-28
u014081,search,2025-02-16
u014082,search,2025-02-28
u014083,search,2025-02-23
u014084,search,2025-02-23
u014085,search,2025-02-24
u014086,search,2025-02-21
u014087,search,2025-02-11
u014088,search,2025-02-24
u014089,search,2025-02-01
u014090,search,2025-02-27
u014091,search,2025-02-09
u014092,search,2025-02-07
u014093,search,2025-02-15
u014094,search,2025-02-25
u014095,search,2025-02-28
u014096,search,2025-02-24
u014097,search,2025-02-03
u014098,search,2025-02-25
u014099,search,2025-02-22
u014100,search,2025-02-08
u014101,search,2025-02-23
u014102,search,2025-02-27
u014103,search,2025-02-28
u014104,search,2025-02-19
u014105,search,2025-02-19
u014106,search,2025-02-07
u014107,search,2025-02-03
u014108,search,2025-02-27
u014109,search,2025-02-26
u014110,search,2025-02-03
u014111,search,2025-02-08
u014112,search,2025-02-09
u014113,search,2025-02-25
u014114,search,2025-02-22
u014115,search,2025-02-04
u014116,search,2025-02-21
u014117,search,2025-02-26
u014118,search,2025-02-09
u014119,search,2025-02-18
u014120,search,2025-02-16
u014121,search,2025-02-15
u014122,search,2025-02-02
u014123,search,2025-02-27
u014124,search,2025-02-28
u014125,search,2025-02-05
u014126,search,2025-02-27
u014127,search,2025-02-24
u014128,search,2025-02-21
u014129,search,2025-02-13
u014130,search,2025-02-23
u014131,search,2025-02-01
u014132,search,2025-02-04
u014133,search,2025-02-08
u014134,search,2025-02-28
u014135,search,2025-02-07
u014136,search,2025-02-24
u014137,search,2025-02-01
u014138,search,2025-02-18
u014139,search,2025-02-17
u014140,search,2025-02-24
u014141,search,2025-02-15
u014142,search,2025-02-12
u014143,search,2025-02-12
u014144,search,2025-02-15
u014145,search,2025-02-10
u014146,search,2025-02-28
u014147,search,2025-02-26
u014148,search,2025-02-16
u014149,search,2025-02-25
u014150,search,2025-02-28
u014151,search,2025-02-08
u014152,search,2025-02-12
u014153,search,2025-02-23
u014154,search,2025-02-27
u014155,search,2025-02-02
u014156,search,2025-02-03
u014157,search,2025-02-10
u014158,search,2025-02-10
u014159,search,2025-02-25
u014160,search,2025-02-18
u014161,search,2025-02-23
u014162,search,2025-02-05
u014163,search,2025-02-07
u014164,search,2025-02-23
u014165,search,2025-02-19
u014166,search,2025-02-16
u014167,search,2025-02-02
u014168,search,2025-02-07
u014169,search,2025-02-07
u014170,search,2025-02-09
u014171,search,2025-02-03
u014172,search,2025-02-05
u014173,search,2025-02-10
u014174,search,2025-02-26
u014175,search,2025-02-28
u014176,search,2025-02-10
u014177,search,2025-02-18
u014178,search,2025-02-03
u014179,search,2025-02-20
u014180,search,2025-02-01
u014181,search,2025-02-01
u014182,search,2025-02-02
u014183,search,2025-02-06
u014184,search,2025-02-26
u014185,search,2025-02-26
u014186,search,2025-02-26
u014187,search,2025-02-28
u014188,search,2025-02-19
u014189,search,2025-02-04
u014190,search,2025-02-10
u014191,search,2025-02-23
u014192,search,2025-02-09
u014193,search,2025-02-15
u014194,search,2025-02-10
u014195,search,2025-02-06
u014196,search,2025-02-15
u014197,search,2025-02-19
u014198,search,2025-02-24
u014199,search,2025-02-24
u014200,search,2025-02-21
u014201,search,2025-02-12
u014202,search,2025-02-06
u014203,search,2025-02-14
u014204,search,2025-02-11
u014205,search,2025-02-18
u014206,search,2025-02-06
u014207,search,2025-02-26
u014208,search,2025-02-10
u014209,search,2025-02-26
u014210,search,2025-02-17
u014211,search,2025-02-11
u014212,search,2025-02-04
u014213,search,2025-02-09
u014214,search,2025-02-22
u014215,display,2025-02-01
u014216,display,2025-02-10
u014217,display,2025-02-04
u014218,display,2025-02-12
u014219,display,2025-02-23
u014220,display,2025-02-06
u014221,display,2025-02-16
u014222,display,2025-02-05
u014223,display,2025-02-16
u014224,display,2025-02-23
u014225,display,2025-02-22
u014226,display,2025-02-14
u014227,display,2025-02-16
u014228,display,2025-02-06
u014229,display,2025-02-07
u014230,display,2025-02-07
u014231,display,2025-02-17
u014232,display,2025-02-20
u014233,display,2025-02-12
u014234,display,2025-02-11
u014235,display,2025-02-04
u014236,display,2025-02-07
u014237,display,2025-02-04
u014238,display,2025-02-06
u014239,display,2025-02-10
u014240,display,2025-02-27
u014241,display,2025-02-23
u014242,display,2025-02-20
u014243,display,2025-02-22
u014244,display,2025-02-04
u014245,display,2025-02-07
u014246,display,2025-02-21
u014247,display,2025-02-24
u014248,display,2025-02-28
u014249,display,2025-02-07
u014250,display,2025-02-05
u014251,display,2025-02-06
u014252,display,2025-02-05
u014253,display,2025-02-10
u014254,display,2025-02-24
u014255,display,2025-02-03
u014256,display,2025-02-25
u014257,display,2025-02-21
u014258,display,2025-02-06
u014259,display,2025-02-15
u014260,display,2025-02-19
u014261,display,2025-02-13
u014262,display,2025-02-01
u014263,display,2025-02-23
u014264,display,2025-02-09
u014265,display,2025-02-13
u014266,display,2025-02-19
u014267,display,2025-02-24
u014268,display,2025-02-19
u014269,display,2025-02-05
u014270,display,2025-02-08
u014271,display,2025-02-15
u014272,display,2025-02-20
u014273,display,2025-02-23
u014274,display,2025-02-02
u014275,display,2025-02-11
u014276,display,2025-02-20
u014277,display,2025-02-07
u014278,display,2025-02-28
u014279,display,2025-02-24
u014280,display,2025-02-11
u014281,display,2025-02-07
u014282,display,2025-02-25
u014283,display,2025-02-10
u014284,display,2025-02-09
u014285,display,2025-02-12
u014286,display,2025-02-07
u014287,display,2025-02-16
u014288,display,2025-02-13
u014289,display,2025-02-24
u014290,display,2025-02-18
u014291,display,2025-02-18
u014292,display,2025-02-25
u014293,display,2025-02-01
u014294,display,2025-02-22
u014295,display,2025-02-18
u014296,display,2025-02-14
u014297,display,2025-02-18
u014298,display,2025-02-24
u014299,display,2025-02-23
u014300,display,2025-02-01
u014301,display,2025-02-21
u014302,display,2025-02-20
u014303,display,2025-02-03
u014304,display,2025-02-04
u014305,display,2025-02-03
u014306,display,2025-02-11
u014307,display,2025-02-15
u014308,display,2025-02-28
u014309,display,2025-02-28
u014310,display,2025-02-18
u014311,display,2025-02-20
u014312,display,2025-02-14
u014313,display,2025-02-10
u014314,display,2025-02-25
u014315,display,2025-02-08
u014316,display,2025-02-08
u014317,display,2025-02-06
u014318,display,2025-02-08
u014319,display,2025-02-11
u014320,display,2025-02-11
u014321,display,2025-02-05
u014322,display,2025-02-03
u014323,display,2025-02-26
u014324,display,2025-02-17
u014325,display,2025-02-10
u014326,display,2025-02-25
u014327,display,2025-02-25
u014328,display,2025-02-18
u014329,display,2025-02-22
u014330,display,2025-02-05
u014331,display,2025-02-20
u014332,display,2025-02-12
u014333,display,2025-02-11
u014334,display,2025-02-10
u014335,display,2025-02-18
u014336,display,2025-02-18
u014337,display,2025-02-19
u014338,display,2025-02-05
u014339,display,2025-02-10
u014340,display,2025-02-14
u014341,display,2025-02-07
u014342,display,2025-02-14
u014343,display,2025-02-24
u014344,display,2025-02-13
u014345,display,2025-02-10
u014346,display,2025-02-26
u014347,display,2025-02-17
u014348,display,2025-02-19
u014349,display,2025-02-22
u014350,display,2025-02-07
u014351,display,2025-02-24
u014352,display,2025-02-22
u014353,display,2025-02-01
u014354,display,2025-02-16
u014355,display,2025-02-06
u014356,display,2025-02-27
u014357,display,2025-02-05
u014358,display,2025-02-26
u014359,display,2025-02-23
u014360,display,2025-02-15
u014361,display,2025-02-02
u014362,display,2025-02-06
u014363,display,2025-02-12
u014364,display,2025-02-27
u014365,display,2025-02-26
u014366,display,2025-02-01
u014367,display,2025-02-05
u014368,display,2025-02-14
u014369,display,2025-02-17
u014370,display,2025-02-09
u014371,display,2025-02-21
u014372,display,2025-02-11
u014373,display,2025-02-14
u014374,display,2025-02-26
u014375,display,2025-02-07
u014376,display,2025-02-22
u014377,display,2025-02-12
u014378,display,2025-02-01
u014379,display,2025-02-12
u014380,display,2025-02-05
u014381,display,2025-02-13
u014382,display,2025-02-25
u014383,display,2025-02-24
u014384,display,2025-02-05
u014385,display,2025-02-18
u014386,display,2025-02-05
u014387,display,2025-02-02
u014388,display,2025-02-24
u014389,display,2025-02-17
u014390,display,2025-02-26
u014391,display,2025-02-07
u014392,display,2025-02-19
u014393,display,2025-02-26
u014394,display,2025-02-22
u014395,display,2025-02-25
u014396,display,2025-02-11
u014397,display,2025-02-28
u014398,display,2025-02-21
u014399,display,2025-02-20
u014400,display,2025-02-10
u014401,display,2025-02-02
u014402,display,2025-02-01
u014403,display,2025-02-16
u014404,display,2025-02-06
u014405,display,2025-02-08
u014406,display,2025-02-15
u014407,display,2025-02-24
u014408,display,2025-02-23
u014409,display,2025-02-07
u014410,display,2025-02-25
u014411,display,2025-02-22
u014412,display,2025-02-18
u014413,display,2025-02-18
u014414,display,2025-02-26
u014415,retargeting,2025-02-24
u014416,retargeting,2025-02-15
u014417,retargeting,2025-02-05
u014418,retargeting,2025-02-18
u014419,retargeting,2025-02-22
u014420,retargeting,2025-02-05
u014421,retargeting,2025-02-13
u014422,retargeting,2025-02-14
u014423,retargeting,2025-02-23
u014424,retargeting,2025-02-12
u014425,retargeting,2025-02-22
u014426,retargeting,2025-02-16
u014427,retargeting,2025-02-01
u014428,retargeting,2025-02-15
u014429,retargeting,2025-02-06
u014430,retargeting,2025-02-05
u014431,retargeting,2025-02-20
u014432,retargeting,2025-02-11
u014433,retargeting,2025-02-06
u014434,retargeting,2025-02-10
u014435,retargeting,2025-02-27
u014436,retargeting,2025-02-02
u014437,retargeting,2025-02-25
u014438,retargeting,2025-02-23
u014439,retargeting,2025-02-08
u014440,retargeting,2025-02-01
u014441,retargeting,2025-02-20
u014442,retargeting,2025-02-07
u014443,retargeting,2025-02-12
u014444,retargeting,2025-02-21
u014445,retargeting,2025-02-05
u014446,retargeting,2025-02-09
u014447,retargeting,2025-02-25
u014448,retargeting,2025-02-13
u014449,retargeting,2025-02-01
u014450,retargeting,2025-02-04
u014451,retargeting,2025-02-09
u014452,retargeting,2025-02-24
u014453,retargeting,2025-02-03
u014454,retargeting,2025-02-19
u014455,retargeting,2025-02-08
u014456,retargeting,2025-02-20
u014457,retargeting,2025-02-18
u014458,retargeting,2025-02-06
u014459,retargeting,2025-02-04
u014460,retargeting,2025-02-21
u014461,retargeting,2025-02-06
u014462,retargeting,2025-02-14
u014463,retargeting,2025-02-03
u014464,retargeting,2025-02-20
u014465,retargeting,2025-02-23
u014466,retargeting,2025-02-09
u014467,retargeting,2025-02-27
u014468,retargeting,2025-02-07
u014469,retargeting,2025-02-28
u014470,retargeting,2025-02-19
u014471,retargeting,2025-02-27
u014472,retargeting,2025-02-11
u014473,retargeting,2025-02-05
u014474,retargeting,2025-02-03
u014475,retargeting,2025-02-11
u014476,retargeting,2025-02-25
u014477,retargeting,2025-02-05
u014478,retargeting,2025-02-16
u014479,retargeting,2025-02-12
u014480,retargeting,2025-02-20
u014481,retargeting,2025-02-07
u014482,retargeting,2025-02-21
u014483,retargeting,2025-02-24
u014484,retargeting,2025-02-14
u014485,retargeting,2025-02-09
u014486,retargeting,2025-02-09
u014487,retargeting,2025-02-16
u014488,retargeting,2025-02-06
u014489,retargeting,2025-02-19
u014490,retargeting,2025-02-12
u014491,retargeting,2025-02-12
u014492,retargeting,2025-02-02
u014493,retargeting,2025-02-27
u014494,retargeting,2025-02-24
u014495,retargeting,2025-02-25
u014496,retargeting,2025-02-05
u014497,retargeting,2025-02-25
u014498,retargeting,2025-02-12
u014499,retargeting,2025-02-12
u014500,retargeting,2025-02-04
u014501,retargeting,2025-02-18
u014502,retargeting,2025-02-02
u014503,retargeting,2025-02-07
u014504,retargeting,2025-02-28
u014505,retargeting,2025-02-11
u014506,retargeting,2025-02-13
u014507,retargeting,2025-02-28
u014508,retargeting,2025-02-19
u014509,retargeting,2025-02-21
u014510,retargeting,2025-02-19
u014511,retargeting,2025-02-03
u014512,retargeting,2025-02-25
u014513,retargeting,2025-02-01
u014514,retargeting,2025-02-01
u014515,brand,2025-02-18
u014516,brand,2025-02-04
u014517,brand,2025-02-16
u014518,brand,2025-02-13
u014519,brand,2025-02-08
u014520,brand,2025-02-05
u014521,brand,2025-02-20
u014522,brand,2025-02-09
u014523,brand,2025-02-23
u014524,brand,2025-02-27
u014525,brand,2025-02-09
u014526,brand,2025-02-10
u014527,brand,2025-02-10
u014528,brand,2025-02-16
u014529,brand,2025-02-23
u014530,brand,2025-02-06
u014531,brand,2025-02-13
u014532,brand,2025-02-12
u014533,brand,2025-02-08
u014534,brand,2025-02-13
u014535,brand,2025-02-26
u014536,brand,2025-02-07
u014537,brand,2025-02-12
u014538,brand,2025-02-02
u014539,brand,2025-02-02
u014540,brand,2025-02-13
u014541,brand,2025-02-28
u014542,brand,2025-02-05
u014543,brand,2025-02-24
u014544,brand,2025-02-27
u014545,brand,2025-02-06
u014546,brand,2025-02-26
u014547,brand,2025-02-14
u014548,brand,2025-02-05
u014549,brand,2025-02-20
u014550,brand,2025-02-01
u014551,brand,2025-02-26
u014552,brand,2025-02-02
u014553,brand,2025-02-16
u014554,brand,2025-02-04
u014555,brand,2025-02-10
u014556,brand,2025-02-28
u014557,brand,2025-02-10
u014558,brand,2025-02-16
u014559,brand,2025-02-10
u014560,brand,2025-02-09
u014561,brand,2025-02-13
u014562,brand,2025-02-21
u014563,brand,2025-02-11
u014564,brand,2025-02-07
u014565,brand,2025-02-21
u014566,brand,2025-02-13
u014567,brand,2025-02-26
u014568,brand,2025-02-04
u014569,brand,2025-02-08
u014570,brand,2025-02-26
u014571,brand,2025-02-13
u014572,brand,2025-02-11
u014573,brand,2025-02-21
u014574,brand,2025-02-09
u014575,brand,2025-02-14
u014576,brand,2025-02-21
u014577,brand,2025-02-13
u014578,brand,2025-02-02
u014579,brand,2025-02-12
u014580,brand,2025-02-02
u014581,brand,2025-02-13
u014582,brand,2025-02-11
u014583,brand,2025-02-23
u014584,brand,2025-02-17
u014585,brand,2025-02-15
u014586,brand,2025-02-18
u014587,brand,2025-02-26
u014588,brand,2025-02-11
u014589,brand,2025-02-10
u014590,brand,2025-02-24
u014591,brand,2025-02-13
u014592,brand,2025-02-10
u014593,brand,2025-02-16
u014594,brand,2025-02-08
u014595,brand,2025-02-13
u014596,brand,2025-02-13
u014597,brand,2025-02-15
u014598,brand,2025-02-21
u014599,brand,2025-02-14
u014600,brand,2025-02-27
u014601,brand,2025-02-22
u014602,brand,2025-02-26
u014603,brand,2025-02-19
u014604,brand,2025-02-13
u014605,brand,2025-02-19
u014606,brand,2025-02-01
u014607,brand,2025-02-03
u014608,brand,2025-02-07
u014609,brand,2025-02-04
u014610,brand,2025-02-11
u014611,brand,2025-02-28
u014612,brand,2025-02-06
u014613,brand,2025-02-24
u014614,brand,2025-02-03
u014615,brand,2025-02-20
u014616,brand,2025-02-28
u014617,brand,2025-02-23
u014618,brand,2025-02-21
u014619,brand,2025-02-03
u014620,brand,2025-02-03
u014621,brand,2025-02-08
u014622,brand,2025-02-22
u014623,brand,2025-02-16
u014624,brand,2025-02-02
u014625,brand,2025-02-01
u014626,brand,2025-02-16
u014627,brand,2025-02-05
u014628,brand,2025-02-11
u014629,brand,2025-02-26
u014630,brand,2025-02-07
u014631,brand,2025-02-09
u014632,brand,2025-02-12
u014633,brand,2025-02-24
u014634,brand,2025-02-12
u014635,brand,2025-02-25
u014636,brand,2025-02-05
u014637,brand,2025-02-09
u014638,brand,2025-02-12
u014639,brand,2025-02-06
u014640,brand,2025-02-11
u014641,brand,2025-02-20
u014642,brand,2025-02-23
u014643,brand,2025-02-28
u014644,brand,2025-02-05
u014645,brand,2025-02-09
u014646,brand,2025-02-18
u014647,brand,2025-02-03
u014648,brand,2025-02-15
u014649,brand,2025-02-24
u014650,brand,2025-02-16
u014651,brand,2025-02-03
u014652,brand,2025-02-12
u014653,brand,2025-02-07
u014654,brand,2025-02-15
u014655,brand,2025-02-28
u014656,brand,2025-02-06
u014657,brand,2025-02-21
u014658,brand,2025-02-12
u014659,brand,2025-02-21
u014660,brand,2025-02-20
u014661,brand,2025-02-08
u014662,brand,2025-02-14
u014663,brand,2025-02-17
u014664,brand,2025-02-03
u014665,brand,2025-02-03
u014666,brand,2025-02-19
u014667,brand,2025-02-28
u014668,brand,2025-02-18
u014669,brand,2025-02-05
u014670,brand,2025-02-12
u014671,brand,2025-02-07
u014672,brand,2025-02-22
u014673,brand,2025-02-15
u014674,brand,2025-02-02
u014675,brand,2025-02-24
u014676,brand,2025-02-12
u014677,brand,2025-02-05
u014678,brand,2025-02-22
u014679,brand,2025-02-22
u014680,brand,2025-02-27
u014681,brand,2025-02-12
u014682,brand,2025-02-01
u014683,brand,2025-02-03
u014684,brand,2025-02-15
u014685,brand,2025-02-05
u014686,brand,2025-02-11
u014687,brand,2025-02-27
u014688,brand,2025-02-28
u014689,brand,2025-02-10
u014690,brand,2025-02-15
u014691,brand,2025-02-11
u014692,brand,2025-02-06
u014693,brand,2025-02-18
u014694,brand,2025-02-10
u014695,brand,2025-02-11
u014696,brand,2025-02-17
u014697,brand,2025-02-08
u014698,brand,2025-02-05
u014699,brand,2025-02-03
u014700,brand,2025-02-07
u014701,brand,2025-02-27
u014702,brand,2025-02-24
u014703,brand,2025-02-20
u014704,brand,2025-02-14
u014705,brand,2025-02-09
u014706,brand,2025-02-14
u014707,brand,2025-02-17
u014708,brand,2025-02-08
u014709,brand,2025-02-09
u014710,brand,2025-02-28
u014711,brand,2025-02-27
u014712,brand,2025-02-21
u014713,brand,2025-02-05
u014714,brand,2025-02-14
u014715,brand,2025-02-04
u014716,brand,2025-02-23
u014717,brand,2025-02-03
u014718,brand,2025-02-02
u014719,brand,2025-02-21
u014720,brand,2025-02-27
u014721,brand,2025-02-28
u014722,brand,2025-02-08
u014723,brand,2025-02-14
u014724,brand,2025-02-04
u014725,brand,2025-02-27
u014726,brand,2025-02-25
u014727,brand,2025-02-20
u014728,brand,2025-02-17
u014729,brand,2025-02-28
u014730,brand,2025-02-24
u014731,brand,2025-02-28
u014732,brand,2025-02-27
u014733,brand,2025-02-18
u014734,brand,2025-02-17
u014735,brand,2025-02-02
u014736,brand,2025-02-05
u014737,brand,2025-02-05
u014738,brand,2025-02-14
u014739,brand,2025-02-17
u014740,brand,2025-02-04
u014741,brand,2025-02-14
u014742,brand,2025-02-05
u014743,brand,2025-02-25
u014744,brand,2025-02-03
u014745,brand,2025-02-17
u014746,brand,2025-02-04
u014747,brand,2025-02-10
u014748,brand,2025-02-07
u014749,brand,2025-02-25
u014750,brand,2025-02-15
u014751,brand,2025-02-07
u014752,brand,2025-02-08
u014753,brand,2025-02-28
u014754,brand,2025-02-03
u014755,brand,2025-02-24
u014756,brand,2025-02-21
u014757,brand,2025-02-15
u014758,brand,2025-02-02
u014759,brand,2025-02-16
u014760,brand,2025-02-12
u014761,brand,2025-02-03
u014762,brand,2025-02-06
u014763,brand,2025-02-28
u014764,brand,2025-02-19
u014765,brand,2025-02-16
u014766,brand,2025-02-04
u014767,brand,2025-02-10
u014768,brand,2025-02-16
u014769,brand,2025-02-22
u014770,brand,2025-02-27
u014771,brand,2025-02-17
u014772,brand,2025-02-13
u014773,brand,2025-02-27
u014774,brand,2025-02-28
u014775,brand,2025-02-10
u014776,brand,2025-02-25
u014777,brand,2025-02-28
u014778,brand,2025-02-04
u014779,brand,2025-02-11
u014780,brand,2025-02-15
u014781,brand,2025-02-20
u014782,brand,2025-02-06
u014783,brand,2025-02-25
u014784,brand,2025-02-13
u014785,brand,2025-02-14
u014786,brand,2025-02-28
u014787,brand,2025-02-05
u014788,brand,2025-02-14
u014789,brand,2025-02-08
u014790,brand,2025-02-26
u014791,brand,2025-02-08
u014792,brand,2025-02-12
u014793,brand,2025-02-08
u014794,brand,2025-02-25
u014795,brand,2025-02-08
u014796,brand,2025-02-14
u014797,brand,2025-02-12
u014798,brand,2025-02-03
u014799,brand,2025-02-27
u014800,brand,2025-02-21
u014801,brand,2025-02-14
u014802,brand,2025-02-10
u014803,brand,2025-02-21
u014804,brand,2025-02-10
u014805,brand,2025-02-18
u014806,brand,2025-02-15
u014807,brand,2025-02-04
u014808,brand,2025-02-01
u014809,brand,2025-02-16
u014810,brand,2025-02-02
u014811,brand,2025-02-18
u014812,brand,2025-02-14
u014813,brand,2025-02-07
u014814,brand,2025-02-13
u014815,organic,2025-02-05
u014816,organic,2025-02-05
u014817,organic,2025-02-03
u014818,organic,2025-02-07
u014819,organic,2025-02-03
u014820,organic,2025-02-08
u014821,organic,2025-02-13
u014822,organic,2025-02-12
u014823,organic,2025-02-10
u014824,organic,2025-02-19
u014825,organic,2025-02-08
u014826,organic,2025-02-23
u014827,organic,2025-02-22
u014828,organic,2025-02-23
u014829,organic,2025-02-18
u014830,organic,2025-02-18
u014831,organic,2025-02-10
u014832,organic,2025-02-16
u014833,organic,2025-02-09
u014834,organic,2025-02-01
u014835,organic,2025-02-01
u014836,organic,2025-02-11
u014837,organic,2025-02-17
u014838,organic,2025-02-01
u014839,organic,2025-02-17
u014840,organic,2025-02-10
u014841,organic,2025-02-17
u014842,organic,2025-02-05
u014843,organic,2025-02-17
u014844,organic,2025-02-24
u014845,organic,2025-02-19
u014846,organic,2025-02-24
u014847,organic,2025-02-01
u014848,organic,2025-02-23
u014849,organic,2025-02-01
u014850,organic,2025-02-04
u014851,organic,2025-02-01
u014852,organic,2025-02-08
u014853,organic,2025-02-27
u014854,organic,2025-02-23
u014855,organic,2025-02-02
u014856,organic,2025-02-04
u014857,organic,2025-02-23
u014858,organic,2025-02-18
u014859,organic,2025-02-18
u014860,organic,2025-02-10
u014861,organic,2025-02-01
u014862,organic,2025-02-02
u014863,organic,2025-02-07
u014864,organic,2025-02-16
u014865,organic,2025-02-07
u014866,organic,2025-02-08
u014867,organic,2025-02-01
u014868,organic,2025-02-07
u014869,organic,2025-02-20
u014870,organic,2025-02-26
u014871,organic,2025-02-22
u014872,organic,2025-02-27
u014873,organic,2025-02-13
u014874,organic,2025-02-14
u014875,organic,2025-02-18
u014876,organic,2025-02-10
u014877,organic,2025-02-01
u014878,organic,2025-02-22
u014879,organic,2025-02-06
u014880,organic,2025-02-23
u014881,organic,2025-02-01
u014882,organic,2025-02-20
u014883,organic,2025-02-05
u014884,organic,2025-02-10
u014885,organic,2025-02-13
u014886,organic,2025-02-18
u014887,organic,2025-02-07
u014888,organic,2025-02-19
u014889,organic,2025-02-12
u014890,organic,2025-02-14
u014891,organic,2025-02-15
u014892,organic,2025-02-16
u014893,organic,2025-02-09
u014894,organic,2025-02-22
u014895,organic,2025-02-01
u014896,organic,2025-02-13
u014897,organic,2025-02-14
u014898,organic,2025-02-09
u014899,organic,2025-02-12
u014900,organic,2025-02-02
u014901,organic,2025-02-04
u014902,organic,2025-02-07
u014903,organic,2025-02-20
u014904,organic,2025-02-08
u014905,organic,2025-02-02
u014906,organic,2025-02-16
u014907,organic,2025-02-19
u014908,organic,2025-02-17
u014909,organic,2025-02-25
u014910,organic,2025-02-20
u014911,organic,2025-02-14
u014912,organic,2025-02-17
u014913,organic,2025-02-14
u014914,organic,2025-02-18
u014915,organic,2025-02-16
u014916,organic,2025-02-16
u014917,organic,2025-02-04
u014918,organic,2025-02-26
u014919,organic,2025-02-23
u014920,organic,2025-02-25
u014921,organic,2025-02-03
u014922,organic,2025-02-03
u014923,organic,2025-02-19
u014924,organic,2025-02-28
u014925,organic,2025-02-15
u014926,organic,2025-02-19
u014927,organic,2025-02-10
u014928,organic,2025-02-26
u014929,organic,2025-02-08
u014930,organic,2025-02-07
u014931,organic,2025-02-09
u014932,organic,2025-02-06
u014933,organic,2025-02-02
u014934,organic,2025-02-16
u014935,organic,2025-02-19
u014936,organic,2025-02-26
u014937,organic,2025-02-01
u014938,organic,2025-02-12
u014939,organic,2025-02-15
u014940,organic,2025-02-09
u014941,organic,2025-02-01
u014942,organic,2025-02-13
u014943,organic,2025-02-17
u014944,organic,2025-02-19
u014945,organic,2025-02-14
u014946,organic,2025-02-19
u014947,organic,2025-02-28
u014948,organic,2025-02-27
u014949,organic,2025-02-04
u014950,organic,2025-02-05
u014951,organic,2025-02-15
u014952,organic,2025-02-17
u014953,organic,2025-02-01
u014954,organic,2025-02-02
u014955,organic,2025-02-15
u014956,organic,2025-02-10
u014957,organic,2025-02-23
u014958,organic,2025-02-10
u014959,organic,2025-02-05
u014960,organic,2025-02-27
u014961,organic,2025-02-01
u014962,organic,2025-02-28
u014963,organic,2025-02-12
u014964,organic,2025-02-10
u014965,organic,2025-02-07
u014966,organic,2025-02-28
u014967,organic,2025-02-14
u014968,organic,2025-02-04
u014969,organic,2025-02-25
u014970,organic,2025-02-05
u014971,organic,2025-02-06
u014972,organic,2025-02-02
u014973,organic,2025-02-25
u014974,organic,2025-02-11
u014975,organic,2025-02-13
u014976,organic,2025-02-14
u014977,organic,2025-02-13
u014978,organic,2025-02-11
u014979,organic,2025-02-04
u014980,organic,2025-02-23
u014981,organic,2025-02-01
u014982,organic,2025-02-20
u014983,organic,2025-02-22
u014984,organic,2025-02-24
u014985,organic,2025-02-01
u014986,organic,2025-02-20
u014987,organic,2025-02-20
u014988,organic,2025-02-16
u014989,organic,2025-02-10
u014990,organic,2025-02-16
u014991,organic,2025-02-01
u014992,organic,2025-02-23
u014993,organic,2025-02-21
u014994,organic,2025-02-16
u014995,organic,2025-02-03
u014996,organic,2025-02-13
u014997,organic,2025-02-28
u014998,organic,2025-02-08
u014999,organic,2025-02-23
u015000,organic,2025-02-21
u015001,organic,2025-02-25
u015002,organic,2025-02-19
u015003,organic,2025-02-28
u015004,organic,2025-02-23
u015005,organic,2025-02-09
u015006,organic,2025-02-27
u015007,organic,2025-02-09
u015008,organic,2025-02-21
u015009,organic,2025-02-05
u015010,organic,2025-02-26
u015011,organic,2025-02-13
u015012,organic,2025-02-25
u015013,organic,2025-02-08
u015014,organic,2025-02-16
u015015,organic,2025-02-16
u015016,organic,2025-02-08
u015017,organic,2025-02-03
u015018,organic,2025-02-05
u015019,organic,2025-02-27
u015020,organic,2025-02-21
u015021,organic,2025-02-14
u015022,organic,2025-02-21
u015023,organic,2025-02-22
u015024,organic,2025-02-21
u015025,organic,2025-02-28
u015026,organic,2025-02-24
u015027,organic,2025-02-19
u015028,organic,2025-02-13
u015029,organic,2025-02-13
u015030,organic,2025-02-04
u015031,organic,2025-02-09
u015032,organic,2025-02-26
u015033,organic,2025-02-23
u015034,organic,2025-02-02
u015035,organic,2025-02-12
u015036,organic,2025-02-15
u015037,organic,2025-02-16
u015038,organic,2025-02-19
u015039,organic,2025-02-26
u015040,organic,2025-02-05
u015041,organic,2025-02-03
u015042,organic,2025-02-26
u015043,organic,2025-02-01
u015044,organic,2025-02-07
u015045,organic,2025-02-11
u015046,organic,2025-02-28
u015047,organic,2025-02-09
u015048,organic,2025-02-08
u015049,organic,2025-02-09
u015050,organic,2025-02-23
u015051,organic,2025-02-14
u015052,organic,2025-02-01
u015053,organic,2025-02-28
u015054,organic,2025-02-12
u015055,organic,2025-02-04
u015056,organic,2025-02-09
u015057,organic,2025-02-02
u015058,organic,2025-02-05
u015059,organic,2025-02-15
u015060,organic,2025-02-12
u015061,organic,2025-02-11
u015062,organic,2025-02-14
u015063,organic,2025-02-27
u015064,organic,2025-02-18
u015065,organic,2025-02-06
u015066,organic,2025-02-22
u015067,organic,2025-02-05
u015068,organic,2025-02-23
u015069,organic,2025-02-23
u015070,organic,2025-02-27
u015071,organic,2025-02-02
u015072,organic,2025-02-19
u015073,organic,2025-02-26
u015074,organic,2025-02-06
u015075,organic,2025-02-28
u015076,organic,2025-02-26
u015077,organic,2025-02-03
u015078,organic,2025-02-21
u015079,organic,2025-02-06
u015080,organic,2025-02-22
u015081,organic,2025-02-11
u015082,organic,2025-02-15
u015083,organic,2025-02-19
u015084,organic,2025-02-02
u015085,organic,2025-02-10
u015086,organic,2025-02-14
u015087,organic,2025-02-26
u015088,organic,2025-02-16
u015089,organic,2025-02-22
u015090,organic,2025-02-07
u015091,organic,2025-02-15
u015092,organic,2025-02-19
u015093,organic,2025-02-28
u015094,organic,2025-02-01
u015095,organic,2025-02-05
u015096,organic,2025-02-26
u015097,organic,2025-02-27
u015098,organic,2025-02-25
u015099,organic,2025-02-15
u015100,organic,2025-02-14
u015101,organic,2025-02-24
u015102,organic,2025-02-03
u015103,organic,2025-02-01
u015104,organic,2025-02-11
u015105,organic,2025-02-23
u015106,organic,2025-02-24
u015107,organic,2025-02-10
u015108,organic,2025-02-12
u015109,organic,2025-02-19
u015110,organic,2025-02-10
u015111,organic,2025-02-16
u015112,organic,2025-02-15
u015113,organic,2025-02-15
u015114,organic,2025-02-06
u015115,organic,2025-02-19
u015116,organic,2025-02-28
u015117,organic,2025-02-13
u015118,organic,2025-02-19
u015119,organic,2025-02-27
u015120,organic,2025-02-23
u015121,organic,2025-02-12
u015122,organic,2025-02-22
u015123,organic,2025-02-20
u015124,organic,2025-02-25
u015125,organic,2025-02-19
u015126,organic,2025-02-10
u015127,organic,2025-02-07
u015128,organic,2025-02-27
u015129,organic,2025-02-22
u015130,organic,2025-02-08
u015131,organic,2025-02-01
u015132,organic,2025-02-04
u015133,organic,2025-02-26
u015134,organic,2025-02-28
u015135,organic,2025-02-20
u015136,organic,2025-02-01
u015137,organic,2025-02-25
u015138,organic,2025-02-08
u015139,organic,2025-02-26
u015140,organic,2025-02-21
u015141,organic,2025-02-19
u015142,organic,2025-02-17
u015143,organic,2025-02-08
u015144,organic,2025-02-24
u015145,organic,2025-02-20
u015146,organic,2025-02-16
u015147,organic,2025-02-21
u015148,organic,2025-02-18
u015149,organic,2025-02-24
u015150,organic,2025-02-11
u015151,organic,2025-02-20
u015152,organic,2025-02-21
u015153,organic,2025-02-02
u015154,organic,2025-02-15
u015155,organic,2025-02-22
u015156,organic,2025-02-26
u015157,organic,2025-02-28
u015158,organic,2025-02-03
u015159,organic,2025-02-18
u015160,organic,2025-02-13
u015161,organic,2025-02-04
u015162,organic,2025-02-08
u015163,organic,2025-02-28
u015164,organic,2025-02-01
u015165,search,2025-03-30
u015166,search,2025-03-22
u015167,search,2025-03-22
u015168,search,2025-03-07
u015169,search,2025-03-09
u015170,search,2025-03-02
u015171,search,2025-03-07
u015172,search,2025-03-29
u015173,search,2025-03-29
u015174,search,2025-03-06
u015175,search,2025-03-23
u015176,search,2025-03-21
u015177,search,2025-03-22
u015178,search,2025-03-31
u015179,search,2025-03-27
u015180,search,2025-03-10
u015181,search,2025-03-26
u015182,search,2025-03-04
u015183,search,2025-03-20
u015184,search,2025-03-12
u015185,search,2025-03-15
u015186,search,2025-03-06
u015187,search,2025-03-11
u015188,search,2025-03-02
u015189,search,2025-03-13
u015190,search,2025-03-18
u015191,search,2025-03-17
u015192,search,2025-03-22
u015193,search,2025-03-08
u015194,search,2025-03-08
u015195,search,2025-03-06
u015196,search,2025-03-02
u015197,search,2025-03-09
u015198,search,2025-03-06
u015199,search,2025-03-26
u015200,search,2025-03-15
u015201,search,2025-03-02
u015202,search,2025-03-19
u015203,search,2025-03-09
u015204,search,2025-03-13
u015205,search,2025-03-15
u015206,search,2025-03-25
u015207,search,2025-03-11
u015208,search,2025-03-07
u015209,search,2025-03-20
u015210,search,2025-03-17
u015211,search,2025-03-03
u015212,search,2025-03-04
u015213,search,2025-03-11
u015214,search,2025-03-11
u015215,search,2025-03-11
u015216,search,2025-03-15
u015217,search,2025-03-03
u015218,search,2025-03-07
u015219,search,2025-03-20
u015220,search,2025-03-07
u015221,search,2025-03-11
u015222,search,2025-03-20
u015223,search,2025-03-05
u015224,search,2025-03-21
u015225,search,2025-03-06
u015226,search,2025-03-06
u015227,search,2025-03-29
u015228,search,2025-03-23
u015229,search,2025-03-25
u015230,search,2025-03-08
u015231,search,2025-03-04
u015232,search,2025-03-11
u015233,search,2025-03-06
u015234,search,2025-03-20
u015235,search,2025-03-26
u015236,search,2025-03-07
u015237,search,2025-03-04
u015238,search,2025-03-10
u015239,search,2025-03-24
u015240,search,2025-03-17
u015241,search,2025-03-13
u015242,search,2025-03-19
u015243,search,2025-03-04
u015244,search,2025-03-08
u015245,search,2025-03-07
u015246,search,2025-03-11
u015247,search,2025-03-16
u015248,search,2025-03-21
u015249,search,2025-03-20
u015250,search,2025-03-02
u015251,search,2025-03-09
u015252,search,2025-03-07
u015253,search,2025-03-27
u015254,search,2025-03-17
u015255,search,2025-03-24
u015256,search,2025-03-17
u015257,search,2025-03-22
u015258,search,2025-03-05
u015259,search,2025-03-26
u015260,search,2025-03-26
u015261,search,2025-03-31
u015262,search,2025-03-29
u015263,search,2025-03-27
u015264,search,2025-03-09
u015265,search,2025-03-22
u015266,search,2025-03-23
u015267,search,2025-03-01
u015268,search,2025-03-12
u015269,search,2025-03-12
u015270,search,2025-03-17
u015271,search,2025-03-14
u015272,search,2025-03-27
u015273,search,2025-03-08
u015274,search,2025-03-22
u015275,search,2025-03-09
u015276,search,2025-03-31
u015277,search,2025-03-28
u015278,search,2025-03-27
u015279,search,2025-03-25
u015280,search,2025-03-23
u015281,search,2025-03-31
u015282,search,2025-03-08
u015283,search,2025-03-11
u015284,search,2025-03-14
u015285,search,2025-03-12
u015286,search,2025-03-12
u015287,search,2025-03-03
u015288,search,2025-03-01
u015289,search,2025-03-17
u015290,search,2025-03-09
u015291,search,2025-03-18
u015292,search,2025-03-11
u015293,search,2025-03-07
u015294,search,2025-03-10
u015295,search,2025-03-14
u015296,search,2025-03-23
u015297,search,2025-03-12
u015298,search,2025-03-14
u015299,search,2025-03-24
u015300,search,2025-03-19
u015301,search,2025-03-27
u015302,search,2025-03-04
u015303,search,2025-03-28
u015304,search,2025-03-16
u015305,search,2025-03-05
u015306,search,2025-03-28
u015307,search,2025-03-14
u015308,search,2025-03-29
u015309,search,2025-03-27
u015310,search,2025-03-17
u015311,search,2025-03-29
u015312,search,2025-03-02
u015313,search,2025-03-21
u015314,search,2025-03-18
u015315,search,2025-03-08
u015316,search,2025-03-14
u015317,search,2025-03-24
u015318,search,2025-03-19
u015319,search,2025-03-02
u015320,search,2025-03-19
u015321,search,2025-03-17
u015322,search,2025-03-24
u015323,search,2025-03-19
u015324,search,2025-03-30
u015325,search,2025-03-07
u015326,search,2025-03-08
u015327,search,2025-03-05
u015328,search,2025-03-04
u015329,search,2025-03-26
u015330,search,2025-03-24
u015331,search,2025-03-01
u015332,search,2025-03-28
u015333,search,2025-03-06
u015334,search,2025-03-31
u015335,search,2025-03-12
u015336,search,2025-03-14
u015337,search,2025-03-17
u015338,search,2025-03-23
u015339,search,2025-03-13
u015340,search,2025-03-27
u015341,search,2025-03-10
u015342,search,2025-03-02
u015343,search,2025-03-29
u015344,search,2025-03-26
u015345,search,2025-03-11
u015346,search,2025-03-14
u015347,search,2025-03-26
u015348,search,2025-03-03
u015349,search,2025-03-12
u015350,search,2025-03-24
u015351,search,2025-03-12
u015352,search,2025-03-24
u015353,search,2025-03-08
u015354,search,2025-03-29
u015355,search,2025-03-28
u015356,search,2025-03-01
u015357,search,2025-03-09
u015358,search,2025-03-27
u015359,search,2025-03-03
u015360,search,2025-03-02
u015361,search,2025-03-30
u015362,search,2025-03-22
u015363,search,2025-03-20
u015364,search,2025-03-01
u015365,search,2025-03-14
u015366,search,2025-03-31
u015367,search,2025-03-13
u015368,search,2025-03-18
u015369,search,2025-03-23
u015370,search,2025-03-30
u015371,search,2025-03-29
u015372,search,2025-03-14
u015373,search,2025-03-18
u015374,search,2025-03-05
u015375,search,2025-03-10
u015376,search,2025-03-22
u015377,search,2025-03-29
u015378,search,2025-03-24
u015379,search,2025-03-06
u015380,search,2025-03-24
u015381,search,2025-03-11
u015382,search,2025-03-12
u015383,search,2025-03-09
u015384,search,2025-03-23
u015385,search,2025-03-24
u015386,search,2025-03-26
u015387,search,2025-03-31
u015388,search,2025-03-30
u015389,search,2025-03-03
u015390,search,2025-03-03
u015391,search,2025-03-04
u015392,search,2025-03-28
u015393,search,2025-03-21
u015394,search,2025-03-25
u015395,search,2025-03-06
u015396,search,2025-03-13
u015397,search,2025-03-03
u015398,search,2025-03-22
u015399,search,2025-03-02
u015400,search,2025-03-17
u015401,search,2025-03-28
u015402,search,2025-03-29
u015403,search,2025-03-27
u015404,search,2025-03-26
u015405,search,2025-03-21
u015406,search,2025-03-29
u015407,search,2025-03-24
u015408,search,2025-03-19
u015409,search,2025-03-13
u015410,search,2025-03-01
u015411,search,2025-03-23
u015412,search,2025-03-13
u015413,search,2025-03-08
u015414,search,2025-03-14
u015415,search,2025-03-12
u015416,search,2025-03-10
u015417,search,2025-03-16
u015418,search,2025-03-23
u015419,search,2025-03-09
u015420,search,2025-03-21
u015421,search,2025-03-19
u015422,search,2025-03-05
u015423,search,2025-03-07
u015424,search,2025-03-09
u015425,search,2025-03-09
u015426,search,2025-03-14
u015427,search,2025-03-10
u015428,search,2025-03-18
u015429,search,2025-03-16
u015430,search,2025-03-26
u015431,search,2025-03-18
u015432,search,2025-03-29
u015433,search,2025-03-05
u015434,search,2025-03-24
u015435,search,2025-03-24
u015436,search,2025-03-08
u015437,search,2025-03-26
u015438,search,2025-03-13
u015439,search,2025-03-27
u015440,search,2025-03-06
u015441,search,2025-03-26
u015442,search,2025-03-26
u015443,search,2025-03-05
u015444,search,2025-03-25
u015445,search,2025-03-13
u015446,search,2025-03-25
u015447,search,2025-03-09
u015448,search,2025-03-29
u015449,search,2025-03-27
u015450,search,2025-03-14
u015451,search,2025-03-08
u015452,search,2025-03-20
u015453,search,2025-03-21
u015454,search,2025-03-22
u015455,search,2025-03-09
u015456,search,2025-03-21
u015457,search,2025-03-19
u015458,search,2025-03-17
u015459,search,2025-03-28
u015460,search,2025-03-01
u015461,search,2025-03-04
u015462,search,2025-03-10
u015463,search,2025-03-12
u015464,search,2025-03-16
u015465,search,2025-03-20
u015466,search,2025-03-30
u015467,search,2025-03-24
u015468,search,2025-03-26
u015469,search,2025-03-25
u015470,search,2025-03-29
u015471,search,2025-03-13
u015472,search,2025-03-17
u015473,search,2025-03-27
u015474,search,2025-03-21
u015475,search,2025-03-27
u015476,search,2025-03-01
u015477,search,2025-03-29
u015478,search,2025-03-18
u015479,search,2025-03-29
u015480,search,2025-03-14
u015481,search,2025-03-17
u015482,search,2025-03-09
u015483,search,2025-03-24
u015484,search,2025-03-16
u015485,search,2025-03-03
u015486,search,2025-03-23
u015487,search,2025-03-13
u015488,search,2025-03-29
u015489,search,2025-03-07
u015490,search,2025-03-09
u015491,search,2025-03-26
u015492,search,2025-03-19
u015493,search,2025-03-08
u015494,search,2025-03-28
u015495,search,2025-03-08
u015496,search,2025-03-29
u015497,search,2025-03-04
u015498,search,2025-03-18
u015499,search,2025-03-29
u015500,search,2025-03-14
u015501,search,2025-03-08
u015502,search,2025-03-02
u015503,search,2025-03-01
u015504,search,2025-03-10
u015505,search,2025-03-10
u015506,search,2025-03-17
u015507,search,2025-03-21
u015508,search,2025-03-23
u015509,search,2025-03-28
u015510,search,2025-03-10
u015511,search,2025-03-16
u015512,search,2025-03-26
u015513,search,2025-03-26
u015514,search,2025-03-04
u015515,search,2025-03-23
u015516,search,2025-03-30
u015517,search,2025-03-23
u015518,search,2025-03-20
u015519,search,2025-03-01
u015520,search,2025-03-07
u015521,search,2025-03-01
u015522,search,2025-03-30
u015523,search,2025-03-19
u015524,search,2025-03-07
u015525,search,2025-03-16
u015526,search,2025-03-01
u015527,search,2025-03-02
u015528,search,2025-03-13
u015529,search,2025-03-10
u015530,search,2025-03-22
u015531,search,2025-03-03
u015532,search,2025-03-18
u015533,search,2025-03-19
u015534,search,2025-03-04
u015535,search,2025-03-28
u015536,search,2025-03-19
u015537,search,2025-03-18
u015538,search,2025-03-18
u015539,search,2025-03-29
u015540,search,2025-03-25
u015541,search,2025-03-10
u015542,search,2025-03-15
u015543,search,2025-03-31
u015544,search,2025-03-04
u015545,search,2025-03-16
u015546,search,2025-03-19
u015547,search,2025-03-20
u015548,search,2025-03-09
u015549,search,2025-03-24
u015550,search,2025-03-07
u015551,search,2025-03-18
u015552,search,2025-03-28
u015553,search,2025-03-09
u015554,search,2025-03-13
u015555,search,2025-03-26
u015556,search,2025-03-02
u015557,search,2025-03-27
u015558,search,2025-03-24
u015559,search,2025-03-03
u015560,search,2025-03-17
u015561,search,2025-03-02
u015562,search,2025-03-13
u015563,search,2025-03-08
u015564,search,2025-03-09
u015565,search,2025-03-01
u015566,search,2025-03-20
u015567,search,2025-03-23
u015568,search,2025-03-28
u015569,search,2025-03-02
u015570,search,2025-03-01
u015571,search,2025-03-31
u015572,search,2025-03-06
u015573,search,2025-03-20
u015574,search,2025-03-25
u015575,search,2025-03-26
u015576,search,2025-03-12
u015577,search,2025-03-06
u015578,search,2025-03-18
u015579,search,2025-03-25
u015580,search,2025-03-20
u015581,search,2025-03-09
u015582,search,2025-03-16
u015583,search,2025-03-01
u015584,search,2025-03-09
u015585,search,2025-03-04
u015586,search,2025-03-03
u015587,search,2025-03-08
u015588,search,2025-03-17
u015589,search,2025-03-02
u015590,search,2025-03-27
u015591,search,2025-03-07
u015592,search,2025-03-11
u015593,search,2025-03-11
u015594,search,2025-03-03
u015595,search,2025-03-14
u015596,search,2025-03-23
u015597,search,2025-03-21
u015598,search,2025-03-20
u015599,search,2025-03-12
u015600,search,2025-03-26
u015601,search,2025-03-19
u015602,search,2025-03-13
u015603,search,2025-03-17
u015604,search,2025-03-30
u015605,search,2025-03-18
u015606,search,2025-03-25
u015607,search,2025-03-26
u015608,search,2025-03-12
u015609,search,2025-03-07
u015610,search,2025-03-14
u015611,search,2025-03-05
u015612,search,2025-03-04
u015613,search,2025-03-14
u015614,search,2025-03-16
u015615,search,2025-03-05
u015616,search,2025-03-29
u015617,search,2025-03-29
u015618,search,2025-03-31
u015619,search,2025-03-30
u015620,search,2025-03-23
u015621,search,2025-03-23
u015622,search,2025-03-12
u015623,search,2025-03-03
u015624,search,2025-03-29
u015625,search,2025-03-20
u015626,search,2025-03-02
u015627,search,2025-03-19
u015628,search,2025-03-10
u015629,search,2025-03-28
u015630,search,2025-03-21
u015631,search,2025-03-21
u015632,search,2025-03-09
u015633,search,2025-03-11
u015634,search,2025-03-13
u015635,search,2025-03-27
u015636,search,2025-03-30
u015637,search,2025-03-18
u015638,search,2025-03-17
u015639,search,2025-03-04
u015640,search,2025-03-30
u015641,search,2025-03-17
u015642,search,2025-03-27
u015643,search,2025-03-02
u015644,search,2025-03-26
u015645,search,2025-03-22
u015646,search,2025-03-01
u015647,search,2025-03-23
u015648,search,2025-03-18
u015649,search,2025-03-30
u015650,search,2025-03-01
u015651,search,2025-03-07
u015652,search,2025-03-26
u015653,search,2025-03-07
u015654,search,2025-03-28
u015655,search,2025-03-16
u015656,search,2025-03-21
u015657,search,2025-03-30
u015658,search,2025-03-06
u015659,search,2025-03-05
u015660,search,2025-03-03
u015661,search,2025-03-06
u015662,search,2025-03-18
u015663,search,2025-03-25
u015664,search,2025-03-29
u015665,search,2025-03-16
u015666,search,2025-03-18
u015667,search,2025-03-16
u015668,search,2025-03-10
u015669,search,2025-03-08
u015670,search,2025-03-12
u015671,search,2025-03-15
u015672,search,2025-03-25
u015673,search,2025-03-28
u015674,search,2025-03-11
u015675,search,2025-03-18
u015676,search,2025-03-05
u015677,search,2025-03-31
u015678,search,2025-03-30
u015679,search,2025-03-21
u015680,search,2025-03-29
u015681,search,2025-03-21
u015682,search,2025-03-17
u015683,search,2025-03-23
u015684,search,2025-03-18
u015685,search,2025-03-03
u015686,search,2025-03-12
u015687,search,2025-03-01
u015688,search,2025-03-20
u015689,search,2025-03-12
u015690,search,2025-03-15
u015691,search,2025-03-19
u015692,search,2025-03-23
u015693,search,2025-03-27
u015694,search,2025-03-20
u015695,search,2025-03-03
u015696,search,2025-03-28
u015697,search,2025-03-05
u015698,search,2025-03-04
u015699,search,2025-03-27
u015700,search,2025-03-13
u015701,search,2025-03-18
u015702,search,2025-03-05
u015703,search,2025-03-23
u015704,search,2025-03-11
u015705,search,2025-03-24
u015706,search,2025-03-31
u015707,search,2025-03-27
u015708,search,2025-03-03
u015709,search,2025-03-08
u015710,search,2025-03-14
u015711,search,2025-03-23
u015712,search,2025-03-24
u015713,search,2025-03-25
u015714,search,2025-03-26
u015715,search,2025-03-09
u015716,search,2025-03-23
u015717,search,2025-03-14
u015718,search,2025-03-10
u015719,search,2025-03-19
u015720,search,2025-03-09
u015721,search,2025-03-27
u015722,search,2025-03-30
u015723,search,2025-03-03
u015724,search,2025-03-31
u015725,search,2025-03-07
u015726,search,2025-03-08
u015727,search,2025-03-03
u015728,search,2025-03-28
u015729,search,2025-03-20
u015730,search,2025-03-07
u015731,search,2025-03-20
u015732,search,2025-03-15
u015733,search,2025-03-30
u015734,search,2025-03-04
u015735,search,2025-03-14
u015736,search,2025-03-05
u015737,search,2025-03-28
u015738,search,2025-03-21
u015739,search,2025-03-10
u015740,search,2025-03-04
u015741,search,2025-03-02
u015742,search,2025-03-09
u015743,search,2025-03-31
u015744,search,2025-03-23
u015745,search,2025-03-03
u015746,search,2025-03-23
u015747,search,2025-03-23
u015748,search,2025-03-08
u015749,search,2025-03-23
u015750,search,2025-03-19
u015751,search,2025-03-10
u015752,search,2025-03-03
u015753,search,2025-03-04
u015754,search,2025-03-16
u015755,search,2025-03-13
u015756,search,2025-03-09
u015757,search,2025-03-10
u015758,search,2025-03-02
u015759,search,2025-03-04
u015760,search,2025-03-31
u015761,search,2025-03-10
u015762,search,2025-03-16
u015763,search,2025-03-13
u015764,search,2025-03-21
u015765,search,2025-03-31
u015766,search,2025-03-23
u015767,search,2025-03-12
u015768,search,2025-03-27
u015769,search,2025-03-08
u015770,search,2025-03-31
u015771,search,2025-03-02
u015772,search,2025-03-17
u015773,search,2025-03-14
u015774,search,2025-03-21
u015775,search,2025-03-11
u015776,search,2025-03-10
u015777,search,2025-03-05
u015778,search,2025-03-26
u015779,search,2025-03-28
u015780,search,2025-03-07
u015781,search,2025-03-23
u015782,search,2025-03-02
u015783,search,2025-03-03
u015784,search,2025-03-10
u015785,search,2025-03-24
u015786,search,2025-03-11
u015787,search,2025-03-26
u015788,search,2025-03-17
u015789,search,2025-03-29
u015790,search,2025-03-29
u015791,search,2025-03-11
u015792,search,2025-03-26
u015793,search,2025-03-08
u015794,search,2025-03-27
u015795,search,2025-03-13
u015796,search,2025-03-07
u015797,search,2025-03-06
u015798,search,2025-03-31
u015799,search,2025-03-10
u015800,search,2025-03-19
u015801,search,2025-03-14
u015802,search,2025-03-12
u015803,search,2025-03-13
u015804,search,2025-03-26
u015805,search,2025-03-01
u015806,search,2025-03-14
u015807,search,2025-03-19
u015808,search,2025-03-24
u015809,search,2025-03-16
u015810,search,2025-03-02
u015811,search,2025-03-08
u015812,search,2025-03-29
u015813,search,2025-03-17
u015814,search,2025-03-09
u015815,search,2025-03-01
u015816,search,2025-03-27
u015817,search,2025-03-31
u015818,search,2025-03-14
u015819,search,2025-03-03
u015820,search,2025-03-01
u015821,search,2025-03-21
u015822,search,2025-03-03
u015823,search,2025-03-10
u015824,search,2025-03-10
u015825,search,2025-03-31
u015826,search,2025-03-14
u015827,search,2025-03-12
u015828,search,2025-03-18
u015829,search,2025-03-26
u015830,search,2025-03-27
u015831,search,2025-03-06
u015832,search,2025-03-30
u015833,search,2025-03-01
u015834,search,2025-03-08
u015835,search,2025-03-27
u015836,search,2025-03-23
u015837,search,2025-03-27
u015838,search,2025-03-09
u015839,search,2025-03-20
u015840,search,2025-03-09
u015841,search,2025-03-18
u015842,search,2025-03-24
u015843,search,2025-03-11
u015844,search,2025-03-06
u015845,search,2025-03-13
u015846,search,2025-03-05
u015847,search,2025-03-02
u015848,search,2025-03-04
u015849,search,2025-03-15
u015850,search,2025-03-27
u015851,search,2025-03-07
u015852,search,2025-03-01
u015853,search,2025-03-02
u015854,search,2025-03-31
u015855,search,2025-03-13
u015856,search,2025-03-19
u015857,search,2025-03-01
u015858,search,2025-03-06
u015859,search,2025-03-19
u015860,search,2025-03-18
u015861,search,2025-03-27
u015862,search,2025-03-22
u015863,search,2025-03-17
u015864,search,2025-03-18
u015865,search,2025-03-24
u015866,search,2025-03-29
u015867,search,2025-03-07
u015868,search,2025-03-29
u015869,search,2025-03-20
u015870,search,2025-03-10
u015871,search,2025-03-30
u015872,search,2025-03-23
u015873,search,2025-03-11
u015874,search,2025-03-08
u015875,search,2025-03-09
u015876,search,2025-03-01
u015877,search,2025-03-22
u015878,search,2025-03-02
u015879,search,2025-03-22
u015880,search,2025-03-11
u015881,search,2025-03-21
u015882,search,2025-03-26
u015883,search,2025-03-01
u015884,search,2025-03-04
u015885,search,2025-03-16
u015886,search,2025-03-18
u015887,search,2025-03-12
u015888,search,2025-03-26
u015889,search,2025-03-01
u015890,search,2025-03-06
u015891,search,2025-03-02
u015892,search,2025-03-31
u015893,search,2025-03-28
u015894,search,2025-03-27
u015895,search,2025-03-21
u015896,search,2025-03-29
u015897,search,2025-03-29
u015898,search,2025-03-05
u015899,search,2025-03-15
u015900,search,2025-03-28
u015901,search,2025-03-23
u015902,search,2025-03-18
u015903,search,2025-03-16
u015904,search,2025-03-10
u015905,search,2025-03-10
u015906,search,2025-03-06
u015907,search,2025-03-06
u015908,search,2025-03-07
u015909,search,2025-03-27
u015910,search,2025-03-06
u015911,search,2025-03-13
u015912,search,2025-03-30
u015913,search,2025-03-22
u015914,search,2025-03-24
u015915,search,2025-03-21
u015916,search,2025-03-21
u015917,search,2025-03-06
u015918,search,2025-03-02
u015919,search,2025-03-15
u015920,search,2025-03-05
u015921,search,2025-03-15
u015922,search,2025-03-18
u015923,search,2025-03-04
u015924,search,2025-03-14
u015925,search,2025-03-22
u015926,search,2025-03-15
u015927,search,2025-03-09
u015928,search,2025-03-27
u015929,search,2025-03-31
u015930,search,2025-03-18
u015931,search,2025-03-13
u015932,search,2025-03-28
u015933,search,2025-03-22
u015934,search,2025-03-14
u015935,search,2025-03-30
u015936,search,2025-03-16
u015937,search,2025-03-23
u015938,search,2025-03-15
u015939,search,2025-03-14
u015940,search,2025-03-30
u015941,search,2025-03-10
u015942,search,2025-03-23
u015943,search,2025-03-03
u015944,search,2025-03-07
u015945,search,2025-03-19
u015946,search,2025-03-31
u015947,search,2025-03-01
u015948,search,2025-03-21
u015949,search,2025-03-31
u015950,search,2025-03-10
u015951,search,2025-03-13
u015952,search,2025-03-03
u015953,search,2025-03-28
u015954,search,2025-03-31
u015955,search,2025-03-29
u015956,search,2025-03-30
u015957,search,2025-03-10
u015958,search,2025-03-14
u015959,search,2025-03-04
u015960,search,2025-03-20
u015961,search,2025-03-01
u015962,search,2025-03-02
u015963,search,2025-03-29
u015964,search,2025-03-15
u015965,search,2025-03-25
u015966,search,2025-03-19
u015967,search,2025-03-14
u015968,search,2025-03-05
u015969,search,2025-03-20
u015970,search,2025-03-16
u015971,search,2025-03-29
u015972,search,2025-03-05
u015973,search,2025-03-13
u015974,search,2025-03-03
u015975,search,2025-03-30
u015976,search,2025-03-02
u015977,search,2025-03-22
u015978,search,2025-03-05
u015979,search,2025-03-01
u015980,search,2025-03-21
u015981,search,2025-03-08
u015982,search,2025-03-13
u015983,search,2025-03-11
u015984,search,2025-03-23
u015985,search,2025-03-05
u015986,search,2025-03-03
u015987,search,2025-03-20
u015988,search,2025-03-17
u015989,search,2025-03-22
u015990,search,2025-03-28
u015991,search,2025-03-29
u015992,search,2025-03-30
u015993,search,2025-03-17
u015994,search,2025-03-17
u015995,search,2025-03-29
u015996,search,2025-03-07
u015997,search,2025-03-29
u015998,search,2025-03-25
u015999,search,2025-03-16
u016000,search,2025-03-12
u016001,search,2025-03-11
u016002,search,2025-03-21
u016003,search,2025-03-15
u016004,search,2025-03-19
u016005,search,2025-03-02
u016006,search,2025-03-07
u016007,search,2025-03-07
u016008,search,2025-03-08
u016009,search,2025-03-30
u016010,search,2025-03-18
u016011,search,2025-03-26
u016012,search,2025-03-31
u016013,search,2025-03-03
u016014,search,2025-03-14
u016015,search,2025-03-05
u016016,search,2025-03-11
u016017,search,2025-03-21
u016018,search,2025-03-12
u016019,search,2025-03-08
u016020,search,2025-03-15
u016021,search,2025-03-30
u016022,search,2025-03-20
u016023,search,2025-03-19
u016024,search,2025-03-08
u016025,search,2025-03-20
u016026,search,2025-03-16
u016027,search,2025-03-19
u016028,search,2025-03-25
u016029,search,2025-03-19
u016030,search,2025-03-13
u016031,search,2025-03-16
u016032,search,2025-03-13
u016033,search,2025-03-28
u016034,search,2025-03-13
u016035,display,2025-03-28
u016036,display,2025-03-23
u016037,display,2025-03-14
u016038,display,2025-03-06
u016039,display,2025-03-15
u016040,display,2025-03-23
u016041,display,2025-03-16
u016042,display,2025-03-12
u016043,display,2025-03-12
u016044,display,2025-03-27
u016045,display,2025-03-18
u016046,display,2025-03-08
u016047,display,2025-03-01
u016048,display,2025-03-01
u016049,display,2025-03-06
u016050,display,2025-03-22
u016051,display,2025-03-26
u016052,display,2025-03-01
u016053,display,2025-03-17
u016054,display,2025-03-17
u016055,display,2025-03-06
u016056,display,2025-03-26
u016057,display,2025-03-27
u016058,display,2025-03-06
u016059,display,2025-03-21
u016060,display,2025-03-10
u016061,display,2025-03-31
u016062,display,2025-03-07
u016063,display,2025-03-23
u016064,display,2025-03-31
u016065,display,2025-03-25
u016066,display,2025-03-27
u016067,display,2025-03-10
u016068,display,2025-03-15
u016069,display,2025-03-23
u016070,display,2025-03-16
u016071,display,2025-03-07
u016072,display,2025-03-15
u016073,display,2025-03-24
u016074,display,2025-03-28
u016075,display,2025-03-08
u016076,display,2025-03-25
u016077,display,2025-03-28
u016078,display,2025-03-28
u016079,display,2025-03-26
u016080,display,2025-03-16
u016081,display,2025-03-19
u016082,display,2025-03-11
u016083,display,2025-03-05
u016084,display,2025-03-16
u016085,display,2025-03-08
u016086,display,2025-03-29
u016087,display,2025-03-14
u016088,display,2025-03-21
u016089,display,2025-03-30
u016090,display,2025-03-20
u016091,display,2025-03-17
u016092,display,2025-03-17
u016093,display,2025-03-05
u016094,display,2025-03-10
u016095,display,2025-03-07
u016096,display,2025-03-07
u016097,display,2025-03-04
u016098,display,2025-03-20
u016099,display,2025-03-18
u016100,display,2025-03-19
u016101,display,2025-03-20
u016102,display,2025-03-14
u016103,display,2025-03-29
u016104,display,2025-03-25
u016105,display,2025-03-10
u016106,display,2025-03-04
u016107,display,2025-03-09
u016108,display,2025-03-01
u016109,display,2025-03-15
u016110,display,2025-03-16
u016111,display,2025-03-31
u016112,display,2025-03-04
u016113,display,2025-03-16
u016114,display,2025-03-05
u016115,display,2025-03-29
u016116,display,2025-03-12
u016117,display,2025-03-29
u016118,display,2025-03-06
u016119,display,2025-03-05
u016120,display,2025-03-25
u016121,display,2025-03-06
u016122,display,2025-03-30
u016123,display,2025-03-18
u016124,display,2025-03-17
u016125,display,2025-03-23
u016126,display,2025-03-18
u016127,display,2025-03-23
u016128,display,2025-03-28
u016129,display,2025-03-07
u016130,display,2025-03-23
u016131,display,2025-03-25
u016132,display,2025-03-11
u016133,display,2025-03-02
u016134,display,2025-03-02
u016135,display,2025-03-28
u016136,display,2025-03-17
u016137,display,2025-03-05
u016138,display,2025-03-20
u016139,display,2025-03-14
u016140,display,2025-03-03
u016141,display,2025-03-20
u016142,display,2025-03-05
u016143,display,2025-03-21
u016144,display,2025-03-11
u016145,display,2025-03-16
u016146,display,2025-03-20
u016147,display,2025-03-04
u016148,display,2025-03-31
u016149,display,2025-03-28
u016150,display,2025-03-26
u016151,display,2025-03-06
u016152,display,2025-03-23
u016153,display,2025-03-25
u016154,display,2025-03-20
u016155,display,2025-03-18
u016156,display,2025-03-04
u016157,display,2025-03-05
u016158,display,2025-03-05
u016159,display,2025-03-29
u016160,display,2025-03-27
u016161,display,2025-03-09
u016162,display,2025-03-18
u016163,display,2025-03-22
u016164,display,2025-03-22
u016165,display,2025-03-30
u016166,display,2025-03-04
u016167,display,2025-03-18
u016168,display,2025-03-13
u016169,display,2025-03-28
u016170,display,2025-03-13
u016171,display,2025-03-09
u016172,display,2025-03-15
u016173,display,2025-03-06
u016174,display,2025-03-23
u016175,display,2025-03-29
u016176,display,2025-03-26
u016177,display,2025-03-15
u016178,display,2025-03-25
u016179,display,2025-03-20
u016180,display,2025-03-17
u016181,display,2025-03-12
u016182,display,2025-03-19
u016183,display,2025-03-14
u016184,display,2025-03-15
u016185,display,2025-03-22
u016186,display,2025-03-04
u016187,display,2025-03-09
u016188,display,2025-03-04
u016189,display,2025-03-02
u016190,display,2025-03-13
u016191,display,2025-03-13
u016192,display,2025-03-24
u016193,display,2025-03-18
u016194,display,2025-03-28
u016195,display,2025-03-29
u016196,display,2025-03-31
u016197,display,2025-03-19
u016198,display,2025-03-27
u016199,display,2025-03-23
u016200,display,2025-03-27
u016201,display,2025-03-06
u016202,display,2025-03-05
u016203,display,2025-03-19
u016204,display,2025-03-24
u016205,display,2025-03-10
u016206,display,2025-03-26
u016207,display,2025-03-08
u016208,display,2025-03-26
u016209,display,2025-03-29
u016210,display,2025-03-31
u016211,display,2025-03-31
u016212,display,2025-03-30
u016213,display,2025-03-14
u016214,display,2025-03-07
u016215,display,2025-03-16
u016216,display,2025-03-12
u016217,display,2025-03-12
u016218,display,2025-03-07
u016219,display,2025-03-31
u016220,display,2025-03-25
u016221,display,2025-03-03
u016222,display,2025-03-20
u016223,display,2025-03-18
u016224,display,2025-03-21
u016225,display,2025-03-20
u016226,display,2025-03-24
u016227,display,2025-03-06
u016228,display,2025-03-02
u016229,display,2025-03-05
u016230,display,2025-03-11
u016231,display,2025-03-30
u016232,display,2025-03-29
u016233,display,2025-03-07
u016234,display,2025-03-06
u016235,display,2025-03-10
u016236,display,2025-03-15
u016237,display,2025-03-31
u016238,display,2025-03-29
u016239,display,2025-03-24
u016240,display,2025-03-03
u016241,display,2025-03-15
u016242,display,2025-03-06
u016243,display,2025-03-20
u016244,display,2025-03-13
u016245,display,2025-03-02
u016246,display,2025-03-08
u016247,display,2025-03-23
u016248,display,2025-03-05
u016249,display,2025-03-03
u016250,display,2025-03-03
u016251,display,2025-03-25
u016252,display,2025-03-31
u016253,display,2025-03-29
u016254,display,2025-03-08
u016255,display,2025-03-17
u016256,display,2025-03-06
u016257,display,2025-03-07
u016258,display,2025-03-04
u016259,display,2025-03-28
u016260,display,2025-03-02
u016261,display,2025-03-03
u016262,display,2025-03-30
u016263,display,2025-03-14
u016264,display,2025-03-12
u016265,display,2025-03-16
u016266,display,2025-03-21
u016267,display,2025-03-17
u016268,display,2025-03-28
u016269,display,2025-03-12
u016270,display,2025-03-16
u016271,display,2025-03-14
u016272,display,2025-03-18
u016273,display,2025-03-02
u016274,display,2025-03-25
u016275,display,2025-03-02
u016276,display,2025-03-04
u016277,display,2025-03-26
u016278,display,2025-03-17
u016279,display,2025-03-19
u016280,display,2025-03-02
u016281,display,2025-03-19
u016282,display,2025-03-07
u016283,display,2025-03-26
u016284,display,2025-03-26
u016285,display,2025-03-11
u016286,display,2025-03-15
u016287,display,2025-03-11
u016288,display,2025-03-07
u016289,display,2025-03-06
u016290,display,2025-03-04
u016291,display,2025-03-08
u016292,display,2025-03-10
u016293,display,2025-03-23
u016294,display,2025-03-21
u016295,display,2025-03-30
u016296,display,2025-03-31
u016297,display,2025-03-12
u016298,display,2025-03-03
u016299,display,2025-03-07
u016300,display,2025-03-25
u016301,display,2025-03-02
u016302,display,2025-03-19
u016303,display,2025-03-27
u016304,display,2025-03-18
u016305,display,2025-03-13
u016306,display,2025-03-14
u016307,display,2025-03-18
u016308,display,2025-03-23
u016309,display,2025-03-01
u016310,display,2025-03-12
u016311,display,2025-03-16
u016312,display,2025-03-20
u016313,display,2025-03-31
u016314,display,2025-03-24
u016315,display,2025-03-24
u016316,display,2025-03-04
u016317,display,2025-03-23
u016318,display,2025-03-17
u016319,display,2025-03-23
u016320,display,2025-03-05
u016321,display,2025-03-23
u016322,display,2025-03-05
u016323,display,2025-03-02
u016324,display,2025-03-06
u016325,display,2025-03-17
u016326,display,2025-03-17
u016327,display,2025-03-01
u016328,display,2025-03-25
u016329,display,2025-03-17
u016330,display,2025-03-31
u016331,display,2025-03-01
u016332,display,2025-03-11
u016333,display,2025-03-13
u016334,display,2025-03-18
u016335,display,2025-03-29
u016336,display,2025-03-13
u016337,display,2025-03-15
u016338,display,2025-03-29
u016339,display,2025-03-01
u016340,display,2025-03-19
u016341,display,2025-03-14
u016342,display,2025-03-29
u016343,display,2025-03-01
u016344,display,2025-03-10
u016345,display,2025-03-15
u016346,display,2025-03-12
u016347,display,2025-03-16
u016348,display,2025-03-10
u016349,display,2025-03-01
u016350,display,2025-03-18
u016351,display,2025-03-11
u016352,display,2025-03-20
u016353,display,2025-03-20
u016354,display,2025-03-18
u016355,display,2025-03-07
u016356,display,2025-03-02
u016357,display,2025-03-24
u016358,display,2025-03-18
u016359,display,2025-03-28
u016360,display,2025-03-06
u016361,display,2025-03-05
u016362,display,2025-03-10
u016363,display,2025-03-23
u016364,display,2025-03-31
u016365,display,2025-03-23
u016366,display,2025-03-17
u016367,display,2025-03-26
u016368,display,2025-03-17
u016369,display,2025-03-21
u016370,display,2025-03-08
u016371,display,2025-03-01
u016372,display,2025-03-15
u016373,display,2025-03-22
u016374,display,2025-03-25
u016375,display,2025-03-03
u016376,display,2025-03-23
u016377,display,2025-03-10
u016378,display,2025-03-13
u016379,display,2025-03-25
u016380,display,2025-03-16
u016381,display,2025-03-16
u016382,display,2025-03-13
u016383,display,2025-03-04
u016384,display,2025-03-25
u016385,display,2025-03-12
u016386,display,2025-03-02
u016387,display,2025-03-28
u016388,display,2025-03-03
u016389,display,2025-03-30
u016390,display,2025-03-09
u016391,display,2025-03-07
u016392,display,2025-03-25
u016393,display,2025-03-16
u016394,display,2025-03-10
u016395,display,2025-03-01
u016396,display,2025-03-23
u016397,display,2025-03-15
u016398,display,2025-03-04
u016399,display,2025-03-02
u016400,display,2025-03-09
u016401,display,2025-03-28
u016402,display,2025-03-06
u016403,display,2025-03-01
u016404,display,2025-03-08
u016405,display,2025-03-26
u016406,display,2025-03-04
u016407,display,2025-03-21
u016408,display,2025-03-11
u016409,display,2025-03-25
u016410,display,2025-03-23
u016411,display,2025-03-17
u016412,display,2025-03-16
u016413,display,2025-03-24
u016414,display,2025-03-21
u016415,display,2025-03-22
u016416,display,2025-03-26
u016417,display,2025-03-26
u016418,display,2025-03-14
u016419,display,2025-03-31
u016420,display,2025-03-23
u016421,display,2025-03-20
u016422,display,2025-03-27
u016423,display,2025-03-09
u016424,display,2025-03-16
u016425,display,2025-03-21
u016426,display,2025-03-25
u016427,display,2025-03-22
u016428,display,2025-03-19
u016429,display,2025-03-21
u016430,display,2025-03-04
u016431,display,2025-03-16
u016432,display,2025-03-13
u016433,display,2025-03-21
u016434,display,2025-03-28
u016435,display,2025-03-23
u016436,display,2025-03-16
u016437,display,2025-03-14
u016438,display,2025-03-13
u016439,display,2025-03-15
u016440,display,2025-03-25
u016441,display,2025-03-10
u016442,display,2025-03-11
u016443,display,2025-03-19
u016444,display,2025-03-30
u016445,display,2025-03-15
u016446,display,2025-03-29
u016447,display,2025-03-03
u016448,display,2025-03-29
u016449,display,2025-03-01
u016450,display,2025-03-26
u016451,display,2025-03-21
u016452,display,2025-03-09
u016453,display,2025-03-29
u016454,display,2025-03-30
u016455,display,2025-03-01
u016456,display,2025-03-05
u016457,display,2025-03-18
u016458,display,2025-03-20
u016459,display,2025-03-30
u016460,display,2025-03-12
u016461,display,2025-03-26
u016462,display,2025-03-02
u016463,display,2025-03-30
u016464,display,2025-03-05
u016465,display,2025-03-18
u016466,display,2025-03-23
u016467,display,2025-03-08
u016468,display,2025-03-03
u016469,display,2025-03-24
u016470,retargeting,2025-03-25
u016471,retargeting,2025-03-08
u016472,retargeting,2025-03-21
u016473,retargeting,2025-03-03
u016474,retargeting,2025-03-18
u016475,retargeting,2025-03-08
u016476,retargeting,2025-03-24
u016477,retargeting,2025-03-06
u016478,retargeting,2025-03-31
u016479,retargeting,2025-03-15
u016480,retargeting,2025-03-25
u016481,retargeting,2025-03-03
u016482,retargeting,2025-03-17
u016483,retargeting,2025-03-22
u016484,retargeting,2025-03-06
u016485,retargeting,2025-03-29
u016486,retargeting,2025-03-09
u016487,retargeting,2025-03-20
u016488,retargeting,2025-03-01
u016489,retargeting,2025-03-13
u016490,retargeting,2025-03-10
u016491,retargeting,2025-03-14
u016492,retargeting,2025-03-07
u016493,retargeting,2025-03-15
u016494,retargeting,2025-03-03
u016495,retargeting,2025-03-16
u016496,retargeting,2025-03-15
u016497,retargeting,2025-03-20
u016498,retargeting,2025-03-07
u016499,retargeting,2025-03-30
u016500,retargeting,2025-03-13
u016501,retargeting,2025-03-27
u016502,retargeting,2025-03-24
u016503,retargeting,2025-03-22
u016504,retargeting,2025-03-15
u016505,retargeting,2025-03-12
u016506,retargeting,2025-03-07
u016507,retargeting,2025-03-07
u016508,retargeting,2025-03-24
u016509,retargeting,2025-03-15
u016510,retargeting,2025-03-16
u016511,retargeting,2025-03-05
u016512,retargeting,2025-03-30
u016513,retargeting,2025-03-03
u016514,retargeting,2025-03-05
u016515,retargeting,2025-03-07
u016516,retargeting,2025-03-07
u016517,retargeting,2025-03-14
u016518,retargeting,2025-03-18
u016519,retargeting,2025-03-02
u016520,retargeting,2025-03-26
u016521,retargeting,2025-03-19
u016522,retargeting,2025-03-29
u016523,retargeting,2025-03-01
u016524,retargeting,2025-03-28
u016525,retargeting,2025-03-01
u016526,retargeting,2025-03-03
u016527,retargeting,2025-03-01
u016528,retargeting,2025-03-29
u016529,retargeting,2025-03-27
u016530,retargeting,2025-03-01
u016531,retargeting,2025-03-21
u016532,retargeting,2025-03-01
u016533,retargeting,2025-03-26
u016534,retargeting,2025-03-22
u016535,retargeting,2025-03-10
u016536,retargeting,2025-03-17
u016537,retargeting,2025-03-09
u016538,retargeting,2025-03-13
u016539,retargeting,2025-03-09
u016540,retargeting,2025-03-30
u016541,retargeting,2025-03-14
u016542,retargeting,2025-03-21
u016543,retargeting,2025-03-09
u016544,retargeting,2025-03-20
u016545,retargeting,2025-03-31
u016546,retargeting,2025-03-07
u016547,retargeting,2025-03-04
u016548,retargeting,2025-03-07
u016549,retargeting,2025-03-26
u016550,retargeting,2025-03-03
u016551,retargeting,2025-03-05
u016552,retargeting,2025-03-15
u016553,retargeting,2025-03-12
u016554,retargeting,2025-03-22
u016555,retargeting,2025-03-01
u016556,retargeting,2025-03-14
u016557,retargeting,2025-03-08
u016558,retargeting,2025-03-28
u016559,retargeting,2025-03-26
u016560,retargeting,2025-03-20
u016561,retargeting,2025-03-11
u016562,retargeting,2025-03-11
u016563,retargeting,2025-03-28
u016564,retargeting,2025-03-28
u016565,retargeting,2025-03-24
u016566,retargeting,2025-03-01
u016567,retargeting,2025-03-14
u016568,retargeting,2025-03-14
u016569,retargeting,2025-03-03
u016570,retargeting,2025-03-13
u016571,retargeting,2025-03-04
u016572,retargeting,2025-03-26
u016573,retargeting,2025-03-28
u016574,retargeting,2025-03-11
u016575,retargeting,2025-03-28
u016576,retargeting,2025-03-15
u016577,retargeting,2025-03-15
u016578,retargeting,2025-03-26
u016579,retargeting,2025-03-07
u016580,retargeting,2025-03-01
u016581,retargeting,2025-03-29
u016582,retargeting,2025-03-30
u016583,retargeting,2025-03-24
u016584,retargeting,2025-03-26
u016585,retargeting,2025-03-08
u016586,retargeting,2025-03-02
u016587,retargeting,2025-03-14
u016588,retargeting,2025-03-27
u016589,retargeting,2025-03-31
u016590,retargeting,2025-03-10
u016591,retargeting,2025-03-06
u016592,retargeting,2025-03-12
u016593,retargeting,2025-03-30
u016594,retargeting,2025-03-26
u016595,retargeting,2025-03-19
u016596,retargeting,2025-03-25
u016597,retargeting,2025-03-08
u016598,retargeting,2025-03-25
u016599,retargeting,2025-03-25
u016600,retargeting,2025-03-14
u016601,retargeting,2025-03-08
u016602,retargeting,2025-03-12
u016603,retargeting,2025-03-30
u016604,retargeting,2025-03-16
u016605,retargeting,2025-03-13
u016606,retargeting,2025-03-30
u016607,retargeting,2025-03-20
u016608,retargeting,2025-03-08
u016609,retargeting,2025-03-23
u016610,retargeting,2025-03-28
u016611,retargeting,2025-03-06
u016612,retargeting,2025-03-08
u016613,retargeting,2025-03-30
u016614,retargeting,2025-03-02
u016615,retargeting,2025-03-08
u016616,retargeting,2025-03-06
u016617,retargeting,2025-03-14
u016618,retargeting,2025-03-16
u016619,retargeting,2025-03-01
u016620,retargeting,2025-03-01
u016621,retargeting,2025-03-24
u016622,retargeting,2025-03-03
u016623,retargeting,2025-03-23
u016624,retargeting,2025-03-07
u016625,retargeting,2025-03-24
u016626,retargeting,2025-03-01
u016627,retargeting,2025-03-23
u016628,retargeting,2025-03-16
u016629,retargeting,2025-03-12
u016630,retargeting,2025-03-31
u016631,retargeting,2025-03-31
u016632,retargeting,2025-03-29
u016633,retargeting,2025-03-08
u016634,retargeting,2025-03-20
u016635,retargeting,2025-03-24
u016636,retargeting,2025-03-26
u016637,retargeting,2025-03-15
u016638,retargeting,2025-03-25
u016639,retargeting,2025-03-25
u016640,retargeting,2025-03-30
u016641,retargeting,2025-03-27
u016642,retargeting,2025-03-11
u016643,retargeting,2025-03-24
u016644,retargeting,2025-03-02
u016645,retargeting,2025-03-24
u016646,retargeting,2025-03-13
u016647,retargeting,2025-03-23
u016648,retargeting,2025-03-09
u016649,retargeting,2025-03-07
u016650,retargeting,2025-03-04
u016651,retargeting,2025-03-03
u016652,retargeting,2025-03-25
u016653,retargeting,2025-03-24
u016654,retargeting,2025-03-06
u016655,retargeting,2025-03-01
u016656,retargeting,2025-03-18
u016657,retargeting,2025-03-02
u016658,retargeting,2025-03-17
u016659,retargeting,2025-03-05
u016660,retargeting,2025-03-22
u016661,retargeting,2025-03-29
u016662,retargeting,2025-03-23
u016663,retargeting,2025-03-01
u016664,retargeting,2025-03-30
u016665,retargeting,2025-03-25
u016666,retargeting,2025-03-20
u016667,retargeting,2025-03-10
u016668,retargeting,2025-03-02
u016669,retargeting,2025-03-07
u016670,retargeting,2025-03-19
u016671,retargeting,2025-03-07
u016672,retargeting,2025-03-06
u016673,retargeting,2025-03-18
u016674,retargeting,2025-03-12
u016675,retargeting,2025-03-03
u016676,retargeting,2025-03-05
u016677,retargeting,2025-03-10
u016678,retargeting,2025-03-07
u016679,retargeting,2025-03-29
u016680,retargeting,2025-03-11
u016681,retargeting,2025-03-14
u016682,retargeting,2025-03-04
u016683,retargeting,2025-03-18
u016684,retargeting,2025-03-18
u016685,retargeting,2025-03-15
u016686,retargeting,2025-03-20
u016687,brand,2025-03-31
u016688,brand,2025-03-11
u016689,brand,2025-03-22
u016690,brand,2025-03-23
u016691,brand,2025-03-10
u016692,brand,2025-03-06
u016693,brand,2025-03-15
u016694,brand,2025-03-23
u016695,brand,2025-03-21
u016696,brand,2025-03-05
u016697,brand,2025-03-06
u016698,brand,2025-03-14
u016699,brand,2025-03-15
u016700,brand,2025-03-17
u016701,brand,2025-03-28
u016702,brand,2025-03-05
u016703,brand,2025-03-04
u016704,brand,2025-03-28
u016705,brand,2025-03-19
u016706,brand,2025-03-25
u016707,brand,2025-03-19
u016708,brand,2025-03-07
u016709,brand,2025-03-19
u016710,brand,2025-03-05
u016711,brand,2025-03-16
u016712,brand,2025-03-28
u016713,brand,2025-03-31
u016714,brand,2025-03-31
u016715,brand,2025-03-04
u016716,brand,2025-03-03
u016717,brand,2025-03-03
u016718,brand,2025-03-20
u016719,brand,2025-03-21
u016720,brand,2025-03-15
u016721,brand,2025-03-09
u016722,brand,2025-03-06
u016723,brand,2025-03-30
u016724,brand,2025-03-30
u016725,brand,2025-03-25
u016726,brand,2025-03-28
u016727,brand,2025-03-20
u016728,brand,2025-03-02
u016729,brand,2025-03-27
u016730,brand,2025-03-14
u016731,brand,2025-03-23
u016732,brand,2025-03-24
u016733,brand,2025-03-08
u016734,brand,2025-03-10
u016735,brand,2025-03-03
u016736,brand,2025-03-03
u016737,brand,2025-03-20
u016738,brand,2025-03-10
u016739,brand,2025-03-28
u016740,brand,2025-03-03
u016741,brand,2025-03-05
u016742,brand,2025-03-10
u016743,brand,2025-03-14
u016744,brand,2025-03-03
u016745,brand,2025-03-08
u016746,brand,2025-03-16
u016747,brand,2025-03-29
u016748,brand,2025-03-07
u016749,brand,2025-03-02
u016750,brand,2025-03-21
u016751,brand,2025-03-25
u016752,brand,2025-03-01
u016753,brand,2025-03-25
u016754,brand,2025-03-13
u016755,brand,2025-03-23
u016756,brand,2025-03-11
u016757,brand,2025-03-08
u016758,brand,2025-03-09
u016759,brand,2025-03-04
u016760,brand,2025-03-20
u016761,brand,2025-03-19
u016762,brand,2025-03-29
u016763,brand,2025-03-23
u016764,brand,2025-03-28
u016765,brand,2025-03-08
u016766,brand,2025-03-15
u016767,brand,2025-03-02
u016768,brand,2025-03-19
u016769,brand,2025-03-08
u016770,brand,2025-03-16
u016771,brand,2025-03-14
u016772,brand,2025-03-13
u016773,brand,2025-03-31
u016774,brand,2025-03-01
u016775,brand,2025-03-04
u016776,brand,2025-03-25
u016777,brand,2025-03-24
u016778,brand,2025-03-13
u016779,brand,2025-03-17
u016780,brand,2025-03-18
u016781,brand,2025-03-06
u016782,brand,2025-03-21
u016783,brand,2025-03-22
u016784,brand,2025-03-18
u016785,brand,2025-03-03
u016786,brand,2025-03-06
u016787,brand,2025-03-05
u016788,brand,2025-03-01
u016789,brand,2025-03-30
u016790,brand,2025-03-31
u016791,brand,2025-03-12
u016792,brand,2025-03-25
u016793,brand,2025-03-14
u016794,brand,2025-03-16
u016795,brand,2025-03-25
u016796,brand,2025-03-05
u016797,brand,2025-03-27
u016798,brand,2025-03-02
u016799,brand,2025-03-30
u016800,brand,2025-03-21
u016801,brand,2025-03-06
u016802,brand,2025-03-08
u016803,brand,2025-03-10
u016804,brand,2025-03-26
u016805,brand,2025-03-06
u016806,brand,2025-03-03
u016807,brand,2025-03-18
u016808,brand,2025-03-13
u016809,brand,2025-03-28
u016810,brand,2025-03-19
u016811,brand,2025-03-25
u016812,brand,2025-03-10
u016813,brand,2025-03-01
u016814,brand,2025-03-05
u016815,brand,2025-03-19
u016816,brand,2025-03-27
u016817,brand,2025-03-16
u016818,brand,2025-03-29
u016819,brand,2025-03-23
u016820,brand,2025-03-22
u016821,brand,2025-03-03
u016822,brand,2025-03-12
u016823,brand,2025-03-29
u016824,brand,2025-03-29
u016825,brand,2025-03-30
u016826,brand,2025-03-04
u016827,brand,2025-03-23
u016828,brand,2025-03-20
u016829,brand,2025-03-10
u016830,brand,2025-03-04
u016831,brand,2025-03-26
u016832,brand,2025-03-18
u016833,brand,2025-03-23
u016834,brand,2025-03-11
u016835,brand,2025-03-05
u016836,brand,2025-03-02
u016837,brand,2025-03-25
u016838,brand,2025-03-28
u016839,brand,2025-03-24
u016840,brand,2025-03-13
u016841,brand,2025-03-10
u016842,brand,2025-03-03
u016843,brand,2025-03-25
u016844,brand,2025-03-20
u016845,brand,2025-03-24
u016846,brand,2025-03-27
u016847,brand,2025-03-23
u016848,brand,2025-03-27
u016849,brand,2025-03-24
u016850,brand,2025-03-15
u016851,brand,2025-03-03
u016852,brand,2025-03-31
u016853,brand,2025-03-21
u016854,brand,2025-03-01
u016855,brand,2025-03-20
u016856,brand,2025-03-28
u016857,brand,2025-03-25
u016858,brand,2025-03-07
u016859,brand,2025-03-19
u016860,brand,2025-03-28
u016861,brand,2025-03-05
u016862,brand,2025-03-21
u016863,brand,2025-03-14
u016864,brand,2025-03-02
u016865,brand,2025-03-14
u016866,brand,2025-03-28
u016867,brand,2025-03-10
u016868,brand,2025-03-19
u016869,brand,2025-03-21
u016870,brand,2025-03-05
u016871,brand,2025-03-28
u016872,brand,2025-03-31
u016873,brand,2025-03-24
u016874,brand,2025-03-06
u016875,brand,2025-03-02
u016876,brand,2025-03-06
u016877,brand,2025-03-22
u016878,brand,2025-03-28
u016879,brand,2025-03-09
u016880,brand,2025-03-24
u016881,brand,2025-03-27
u016882,brand,2025-03-12
u016883,brand,2025-03-18
u016884,brand,2025-03-01
u016885,brand,2025-03-09
u016886,brand,2025-03-18
u016887,brand,2025-03-31
u016888,brand,2025-03-11
u016889,brand,2025-03-23
u016890,brand,2025-03-13
u016891,brand,2025-03-29
u016892,brand,2025-03-08
u016893,brand,2025-03-01
u016894,brand,2025-03-16
u016895,brand,2025-03-02
u016896,brand,2025-03-12
u016897,brand,2025-03-21
u016898,brand,2025-03-10
u016899,brand,2025-03-27
u016900,brand,2025-03-20
u016901,brand,2025-03-30
u016902,brand,2025-03-25
u016903,brand,2025-03-01
u016904,brand,2025-03-31
u016905,brand,2025-03-31
u016906,brand,2025-03-14
u016907,brand,2025-03-25
u016908,brand,2025-03-10
u016909,brand,2025-03-03
u016910,brand,2025-03-14
u016911,brand,2025-03-22
u016912,brand,2025-03-05
u016913,brand,2025-03-28
u016914,brand,2025-03-29
u016915,brand,2025-03-29
u016916,brand,2025-03-04
u016917,brand,2025-03-14
u016918,brand,2025-03-22
u016919,brand,2025-03-06
u016920,brand,2025-03-15
u016921,brand,2025-03-09
u016922,brand,2025-03-02
u016923,brand,2025-03-04
u016924,brand,2025-03-23
u016925,brand,2025-03-26
u016926,brand,2025-03-21
u016927,brand,2025-03-02
u016928,brand,2025-03-17
u016929,brand,2025-03-30
u016930,brand,2025-03-05
u016931,brand,2025-03-20
u016932,brand,2025-03-19
u016933,brand,2025-03-15
u016934,brand,2025-03-26
u016935,brand,2025-03-11
u016936,brand,2025-03-06
u016937,brand,2025-03-06
u016938,brand,2025-03-03
u016939,brand,2025-03-11
u016940,brand,2025-03-07
u016941,brand,2025-03-07
u016942,brand,2025-03-30
u016943,brand,2025-03-21
u016944,brand,2025-03-28
u016945,brand,2025-03-28
u016946,brand,2025-03-27
u016947,brand,2025-03-15
u016948,brand,2025-03-07
u016949,brand,2025-03-18
u016950,brand,2025-03-01
u016951,brand,2025-03-19
u016952,brand,2025-03-15
u016953,brand,2025-03-11
u016954,brand,2025-03-06
u016955,brand,2025-03-06
u016956,brand,2025-03-24
u016957,brand,2025-03-23
u016958,brand,2025-03-27
u016959,brand,2025-03-05
u016960,brand,2025-03-26
u016961,brand,2025-03-27
u016962,brand,2025-03-09
u016963,brand,2025-03-31
u016964,brand,2025-03-21
u016965,brand,2025-03-08
u016966,brand,2025-03-20
u016967,brand,2025-03-16
u016968,brand,2025-03-13
u016969,brand,2025-03-18
u016970,brand,2025-03-03
u016971,brand,2025-03-06
u016972,brand,2025-03-09
u016973,brand,2025-03-14
u016974,brand,2025-03-01
u016975,brand,2025-03-01
u016976,brand,2025-03-05
u016977,brand,2025-03-30
u016978,brand,2025-03-09
u016979,brand,2025-03-02
u016980,brand,2025-03-19
u016981,brand,2025-03-06
u016982,brand,2025-03-11
u016983,brand,2025-03-21
u016984,brand,2025-03-13
u016985,brand,2025-03-12
u016986,brand,2025-03-11
u016987,brand,2025-03-31
u016988,brand,2025-03-04
u016989,brand,2025-03-06
u016990,brand,2025-03-30
u016991,brand,2025-03-27
u016992,brand,2025-03-06
u016993,brand,2025-03-01
u016994,brand,2025-03-25
u016995,brand,2025-03-22
u016996,brand,2025-03-29
u016997,brand,2025-03-25
u016998,brand,2025-03-09
u016999,brand,2025-03-11
u017000,brand,2025-03-08
u017001,brand,2025-03-16
u017002,brand,2025-03-03
u017003,brand,2025-03-20
u017004,brand,2025-03-21
u017005,brand,2025-03-20
u017006,brand,2025-03-21
u017007,brand,2025-03-08
u017008,brand,2025-03-14
u017009,brand,2025-03-26
u017010,brand,2025-03-19
u017011,brand,2025-03-01
u017012,brand,2025-03-29
u017013,brand,2025-03-23
u017014,brand,2025-03-19
u017015,brand,2025-03-25
u017016,brand,2025-03-31
u017017,brand,2025-03-18
u017018,brand,2025-03-23
u017019,brand,2025-03-12
u017020,brand,2025-03-06
u017021,brand,2025-03-16
u017022,brand,2025-03-07
u017023,brand,2025-03-29
u017024,brand,2025-03-20
u017025,brand,2025-03-16
u017026,brand,2025-03-26
u017027,brand,2025-03-16
u017028,brand,2025-03-14
u017029,brand,2025-03-20
u017030,brand,2025-03-07
u017031,brand,2025-03-19
u017032,brand,2025-03-05
u017033,brand,2025-03-01
u017034,brand,2025-03-03
u017035,brand,2025-03-25
u017036,brand,2025-03-24
u017037,brand,2025-03-14
u017038,brand,2025-03-01
u017039,brand,2025-03-21
u017040,brand,2025-03-02
u017041,brand,2025-03-11
u017042,brand,2025-03-11
u017043,brand,2025-03-21
u017044,brand,2025-03-31
u017045,brand,2025-03-31
u017046,brand,2025-03-10
u017047,brand,2025-03-13
u017048,brand,2025-03-31
u017049,brand,2025-03-17
u017050,brand,2025-03-06
u017051,brand,2025-03-27
u017052,brand,2025-03-24
u017053,brand,2025-03-22
u017054,brand,2025-03-16
u017055,brand,2025-03-09
u017056,brand,2025-03-24
u017057,brand,2025-03-19
u017058,brand,2025-03-05
u017059,brand,2025-03-19
u017060,brand,2025-03-02
u017061,brand,2025-03-02
u017062,brand,2025-03-12
u017063,brand,2025-03-08
u017064,brand,2025-03-10
u017065,brand,2025-03-16
u017066,brand,2025-03-20
u017067,brand,2025-03-29
u017068,brand,2025-03-21
u017069,brand,2025-03-02
u017070,brand,2025-03-25
u017071,brand,2025-03-18
u017072,brand,2025-03-06
u017073,brand,2025-03-15
u017074,brand,2025-03-13
u017075,brand,2025-03-05
u017076,brand,2025-03-31
u017077,brand,2025-03-29
u017078,brand,2025-03-05
u017079,brand,2025-03-18
u017080,brand,2025-03-15
u017081,brand,2025-03-12
u017082,brand,2025-03-17
u017083,brand,2025-03-04
u017084,brand,2025-03-07
u017085,brand,2025-03-15
u017086,brand,2025-03-28
u017087,brand,2025-03-20
u017088,brand,2025-03-30
u017089,brand,2025-03-21
u017090,brand,2025-03-11
u017091,brand,2025-03-13
u017092,brand,2025-03-16
u017093,brand,2025-03-01
u017094,brand,2025-03-23
u017095,brand,2025-03-07
u017096,brand,2025-03-15
u017097,brand,2025-03-30
u017098,brand,2025-03-02
u017099,brand,2025-03-03
u017100,brand,2025-03-29
u017101,brand,2025-03-31
u017102,brand,2025-03-21
u017103,brand,2025-03-09
u017104,brand,2025-03-16
u017105,brand,2025-03-17
u017106,brand,2025-03-08
u017107,brand,2025-03-30
u017108,brand,2025-03-09
u017109,brand,2025-03-27
u017110,brand,2025-03-24
u017111,brand,2025-03-22
u017112,brand,2025-03-09
u017113,brand,2025-03-28
u017114,brand,2025-03-11
u017115,brand,2025-03-19
u017116,brand,2025-03-06
u017117,brand,2025-03-16
u017118,brand,2025-03-28
u017119,brand,2025-03-03
u017120,brand,2025-03-23
u017121,brand,2025-03-05
u017122,brand,2025-03-22
u017123,brand,2025-03-14
u017124,brand,2025-03-16
u017125,brand,2025-03-19
u017126,brand,2025-03-14
u017127,brand,2025-03-19
u017128,brand,2025-03-14
u017129,brand,2025-03-04
u017130,brand,2025-03-19
u017131,brand,2025-03-18
u017132,brand,2025-03-17
u017133,brand,2025-03-18
u017134,brand,2025-03-13
u017135,brand,2025-03-24
u017136,brand,2025-03-27
u017137,brand,2025-03-23
u017138,brand,2025-03-24
u017139,brand,2025-03-15
u017140,brand,2025-03-11
u017141,brand,2025-03-20
u017142,brand,2025-03-12
u017143,brand,2025-03-17
u017144,brand,2025-03-19
u017145,brand,2025-03-01
u017146,brand,2025-03-29
u017147,brand,2025-03-26
u017148,brand,2025-03-26
u017149,brand,2025-03-16
u017150,brand,2025-03-07
u017151,brand,2025-03-19
u017152,brand,2025-03-11
u017153,brand,2025-03-14
u017154,brand,2025-03-11
u017155,brand,2025-03-20
u017156,brand,2025-03-30
u017157,brand,2025-03-12
u017158,brand,2025-03-03
u017159,brand,2025-03-06
u017160,brand,2025-03-18
u017161,brand,2025-03-17
u017162,brand,2025-03-12
u017163,brand,2025-03-11
u017164,brand,2025-03-09
u017165,brand,2025-03-10
u017166,brand,2025-03-02
u017167,brand,2025-03-09
u017168,brand,2025-03-21
u017169,brand,2025-03-15
u017170,brand,2025-03-27
u017171,brand,2025-03-03
u017172,brand,2025-03-27
u017173,brand,2025-03-20
u017174,brand,2025-03-20
u017175,brand,2025-03-29
u017176,brand,2025-03-04
u017177,brand,2025-03-12
u017178,brand,2025-03-21
u017179,brand,2025-03-14
u017180,brand,2025-03-16
u017181,brand,2025-03-11
u017182,brand,2025-03-02
u017183,brand,2025-03-04
u017184,brand,2025-03-08
u017185,brand,2025-03-11
u017186,brand,2025-03-25
u017187,brand,2025-03-20
u017188,brand,2025-03-01
u017189,brand,2025-03-10
u017190,brand,2025-03-19
u017191,brand,2025-03-15
u017192,brand,2025-03-16
u017193,brand,2025-03-10
u017194,brand,2025-03-30
u017195,brand,2025-03-26
u017196,brand,2025-03-25
u017197,brand,2025-03-04
u017198,brand,2025-03-16
u017199,brand,2025-03-15
u017200,brand,2025-03-03
u017201,brand,2025-03-14
u017202,brand,2025-03-14
u017203,brand,2025-03-25
u017204,brand,2025-03-03
u017205,brand,2025-03-05
u017206,brand,2025-03-27
u017207,brand,2025-03-02
u017208,brand,2025-03-24
u017209,brand,2025-03-10
u017210,brand,2025-03-22
u017211,brand,2025-03-20
u017212,brand,2025-03-15
u017213,brand,2025-03-06
u017214,brand,2025-03-03
u017215,brand,2025-03-04
u017216,brand,2025-03-18
u017217,brand,2025-03-21
u017218,brand,2025-03-20
u017219,brand,2025-03-03
u017220,brand,2025-03-24
u017221,brand,2025-03-08
u017222,brand,2025-03-23
u017223,brand,2025-03-10
u017224,brand,2025-03-22
u017225,brand,2025-03-04
u017226,brand,2025-03-28
u017227,brand,2025-03-08
u017228,brand,2025-03-14
u017229,brand,2025-03-15
u017230,brand,2025-03-22
u017231,brand,2025-03-30
u017232,brand,2025-03-30
u017233,brand,2025-03-09
u017234,brand,2025-03-15
u017235,brand,2025-03-27
u017236,brand,2025-03-10
u017237,brand,2025-03-09
u017238,brand,2025-03-24
u017239,brand,2025-03-14
u017240,brand,2025-03-21
u017241,brand,2025-03-05
u017242,brand,2025-03-08
u017243,brand,2025-03-30
u017244,brand,2025-03-03
u017245,brand,2025-03-12
u017246,brand,2025-03-24
u017247,brand,2025-03-05
u017248,brand,2025-03-02
u017249,brand,2025-03-05
u017250,brand,2025-03-15
u017251,brand,2025-03-26
u017252,brand,2025-03-27
u017253,brand,2025-03-13
u017254,brand,2025-03-26
u017255,brand,2025-03-26
u017256,brand,2025-03-21
u017257,brand,2025-03-03
u017258,brand,2025-03-30
u017259,brand,2025-03-21
u017260,brand,2025-03-04
u017261,brand,2025-03-08
u017262,brand,2025-03-12
u017263,brand,2025-03-22
u017264,brand,2025-03-14
u017265,brand,2025-03-10
u017266,brand,2025-03-10
u017267,brand,2025-03-12
u017268,brand,2025-03-26
u017269,brand,2025-03-19
u017270,brand,2025-03-27
u017271,brand,2025-03-02
u017272,brand,2025-03-09
u017273,brand,2025-03-02
u017274,brand,2025-03-22
u017275,brand,2025-03-03
u017276,brand,2025-03-26
u017277,brand,2025-03-31
u017278,brand,2025-03-07
u017279,brand,2025-03-31
u017280,brand,2025-03-08
u017281,brand,2025-03-01
u017282,brand,2025-03-06
u017283,brand,2025-03-21
u017284,brand,2025-03-15
u017285,brand,2025-03-16
u017286,brand,2025-03-20
u017287,brand,2025-03-06
u017288,brand,2025-03-11
u017289,brand,2025-03-27
u017290,brand,2025-03-16
u017291,brand,2025-03-19
u017292,brand,2025-03-19
u017293,brand,2025-03-12
u017294,brand,2025-03-01
u017295,brand,2025-03-18
u017296,brand,2025-03-14
u017297,brand,2025-03-06
u017298,brand,2025-03-23
u017299,brand,2025-03-29
u017300,brand,2025-03-15
u017301,brand,2025-03-26
u017302,brand,2025-03-04
u017303,brand,2025-03-21
u017304,brand,2025-03-29
u017305,brand,2025-03-19
u017306,brand,2025-03-25
u017307,brand,2025-03-30
u017308,brand,2025-03-30
u017309,brand,2025-03-03
u017310,brand,2025-03-17
u017311,brand,2025-03-08
u017312,brand,2025-03-15
u017313,brand,2025-03-31
u017314,brand,2025-03-08
u017315,brand,2025-03-29
u017316,brand,2025-03-01
u017317,brand,2025-03-07
u017318,brand,2025-03-22
u017319,brand,2025-03-11
u017320,brand,2025-03-19
u017321,brand,2025-03-26
u017322,brand,2025-03-13
u017323,brand,2025-03-23
u017324,brand,2025-03-09
u017325,brand,2025-03-26
u017326,brand,2025-03-10
u017327,brand,2025-03-31
u017328,brand,2025-03-29
u017329,brand,2025-03-05
u017330,brand,2025-03-06
u017331,brand,2025-03-08
u017332,brand,2025-03-28
u017333,brand,2025-03-31
u017334,brand,2025-03-03
u017335,brand,2025-03-08
u017336,brand,2025-03-28
u017337,brand,2025-03-23
u017338,brand,2025-03-19
u017339,organic,2025-03-10
u017340,organic,2025-03-17
u017341,organic,2025-03-21
u017342,organic,2025-03-10
u017343,organic,2025-03-01
u017344,organic,2025-03-12
u017345,organic,2025-03-07
u017346,organic,2025-03-31
u017347,organic,2025-03-12
u017348,organic,2025-03-29
u017349,organic,2025-03-17
u017350,organic,2025-03-24
u017351,organic,2025-03-08
u017352,organic,2025-03-06
u017353,organic,2025-03-04
u017354,organic,2025-03-13
u017355,organic,2025-03-26
u017356,organic,2025-03-07
u017357,organic,2025-03-10
u017358,organic,2025-03-29
u017359,organic,2025-03-09
u017360,organic,2025-03-20
u017361,organic,2025-03-06
u017362,organic,2025-03-06
u017363,organic,2025-03-29
u017364,organic,2025-03-18
u017365,organic,2025-03-01
u017366,organic,2025-03-09
u017367,organic,2025-03-09
u017368,organic,2025-03-21
u017369,organic,2025-03-24
u017370,organic,2025-03-21
u017371,organic,2025-03-11
u017372,organic,2025-03-25
u017373,organic,2025-03-21
u017374,organic,2025-03-13
u017375,organic,2025-03-21
u017376,organic,2025-03-05
u017377,organic,2025-03-22
u017378,organic,2025-03-01
u017379,organic,2025-03-11
u017380,organic,2025-03-16
u017381,organic,2025-03-22
u017382,organic,2025-03-25
u017383,organic,2025-03-01
u017384,organic,2025-03-10
u017385,organic,2025-03-21
u017386,organic,2025-03-03
u017387,organic,2025-03-08
u017388,organic,2025-03-25
u017389,organic,2025-03-03
u017390,organic,2025-03-11
u017391,organic,2025-03-03
u017392,organic,2025-03-21
u017393,organic,2025-03-16
u017394,organic,2025-03-03
u017395,organic,2025-03-18
u017396,organic,2025-03-09
u017397,organic,2025-03-15
u017398,organic,2025-03-23
u017399,organic,2025-03-21
u017400,organic,2025-03-16
u017401,organic,2025-03-31
u017402,organic,2025-03-10
u017403,organic,2025-03-02
u017404,organic,2025-03-09
u017405,organic,2025-03-26
u017406,organic,2025-03-15
u017407,organic,2025-03-11
u017408,organic,2025-03-26
u017409,organic,2025-03-05
u017410,organic,2025-03-08
u017411,organic,2025-03-07
u017412,organic,2025-03-29
u017413,organic,2025-03-09
u017414,organic,2025-03-10
u017415,organic,2025-03-06
u017416,organic,2025-03-28
u017417,organic,2025-03-26
u017418,organic,2025-03-18
u017419,organic,2025-03-20
u017420,organic,2025-03-27
u017421,organic,2025-03-06
u017422,organic,2025-03-10
u017423,organic,2025-03-30
u017424,organic,2025-03-01
u017425,organic,2025-03-25
u017426,organic,2025-03-20
u017427,organic,2025-03-19
u017428,organic,2025-03-19
u017429,organic,2025-03-25
u017430,organic,2025-03-23
u017431,organic,2025-03-21
u017432,organic,2025-03-21
u017433,organic,2025-03-25
u017434,organic,2025-03-07
u017435,organic,2025-03-14
u017436,organic,2025-03-25
u017437,organic,2025-03-03
u017438,organic,2025-03-26
u017439,organic,2025-03-15
u017440,organic,2025-03-17
u017441,organic,2025-03-11
u017442,organic,2025-03-07
u017443,organic,2025-03-01
u017444,organic,2025-03-30
u017445,organic,2025-03-02
u017446,organic,2025-03-05
u017447,organic,2025-03-03
u017448,organic,2025-03-04
u017449,organic,2025-03-07
u017450,organic,2025-03-23
u017451,organic,2025-03-15
u017452,organic,2025-03-24
u017453,organic,2025-03-07
u017454,organic,2025-03-25
u017455,organic,2025-03-05
u017456,organic,2025-03-01
u017457,organic,2025-03-10
u017458,organic,2025-03-20
u017459,organic,2025-03-18
u017460,organic,2025-03-13
u017461,organic,2025-03-18
u017462,organic,2025-03-08
u017463,organic,2025-03-13
u017464,organic,2025-03-21
u017465,organic,2025-03-27
u017466,organic,2025-03-16
u017467,organic,2025-03-21
u017468,organic,2025-03-18
u017469,organic,2025-03-31
u017470,organic,2025-03-15
u017471,organic,2025-03-14
u017472,organic,2025-03-03
u017473,organic,2025-03-11
u017474,organic,2025-03-01
u017475,organic,2025-03-11
u017476,organic,2025-03-14
u017477,organic,2025-03-07
u017478,organic,2025-03-10
u017479,organic,2025-03-18
u017480,organic,2025-03-06
u017481,organic,2025-03-15
u017482,organic,2025-03-12
u017483,organic,2025-03-07
u017484,organic,2025-03-25
u017485,organic,2025-03-11
u017486,organic,2025-03-06
u017487,organic,2025-03-26
u017488,organic,2025-03-07
u017489,organic,2025-03-31
u017490,organic,2025-03-05
u017491,organic,2025-03-01
u017492,organic,2025-03-14
u017493,organic,2025-03-15
u017494,organic,2025-03-14
u017495,organic,2025-03-22
u017496,organic,2025-03-28
u017497,organic,2025-03-20
u017498,organic,2025-03-11
u017499,organic,2025-03-27
u017500,organic,2025-03-02
u017501,organic,2025-03-28
u017502,organic,2025-03-16
u017503,organic,2025-03-18
u017504,organic,2025-03-21
u017505,organic,2025-03-13
u017506,organic,2025-03-25
u017507,organic,2025-03-21
u017508,organic,2025-03-08
u017509,organic,2025-03-27
u017510,organic,2025-03-28
u017511,organic,2025-03-30
u017512,organic,2025-03-05
u017513,organic,2025-03-28
u017514,organic,2025-03-10
u017515,organic,2025-03-21
u017516,organic,2025-03-01
u017517,organic,2025-03-11
u017518,organic,2025-03-05
u017519,organic,2025-03-17
u017520,organic,2025-03-15
u017521,organic,2025-03-15
u017522,organic,2025-03-29
u017523,organic,2025-03-09
u017524,organic,2025-03-23
u017525,organic,2025-03-01
u017526,organic,2025-03-21
u017527,organic,2025-03-16
u017528,organic,2025-03-13
u017529,organic,2025-03-23
u017530,organic,2025-03-09
u017531,organic,2025-03-16
u017532,organic,2025-03-30
u017533,organic,2025-03-18
u017534,organic,2025-03-27
u017535,organic,2025-03-17
u017536,organic,2025-03-31
u017537,organic,2025-03-18
u017538,organic,2025-03-14
u017539,organic,2025-03-25
u017540,organic,2025-03-31
u017541,organic,2025-03-07
u017542,organic,2025-03-11
u017543,organic,2025-03-04
u017544,organic,2025-03-19
u017545,organic,2025-03-05
u017546,organic,2025-03-31
u017547,organic,2025-03-26
u017548,organic,2025-03-13
u017549,organic,2025-03-30
u017550,organic,2025-03-11
u017551,organic,2025-03-02
u017552,organic,2025-03-26
u017553,organic,2025-03-22
u017554,organic,2025-03-10
u017555,organic,2025-03-14
u017556,organic,2025-03-18
u017557,organic,2025-03-25
u017558,organic,2025-03-13
u017559,organic,2025-03-09
u017560,organic,2025-03-09
u017561,organic,2025-03-02
u017562,organic,2025-03-25
u017563,organic,2025-03-09
u017564,organic,2025-03-12
u017565,organic,2025-03-19
u017566,organic,2025-03-08
u017567,organic,2025-03-10
u017568,organic,2025-03-30
u017569,organic,2025-03-29
u017570,organic,2025-03-18
u017571,organic,2025-03-18
u017572,organic,2025-03-04
u017573,organic,2025-03-30
u017574,organic,2025-03-29
u017575,organic,2025-03-11
u017576,organic,2025-03-02
u017577,organic,2025-03-27
u017578,organic,2025-03-12
u017579,organic,2025-03-02
u017580,organic,2025-03-15
u017581,organic,2025-03-03
u017582,organic,2025-03-26
u017583,organic,2025-03-12
u017584,organic,2025-03-19
u017585,organic,2025-03-26
u017586,organic,2025-03-11
u017587,organic,2025-03-21
u017588,organic,2025-03-21
u017589,organic,2025-03-05
u017590,organic,2025-03-10
u017591,organic,2025-03-06
u017592,organic,2025-03-17
u017593,organic,2025-03-15
u017594,organic,2025-03-24
u017595,organic,2025-03-25
u017596,organic,2025-03-25
u017597,organic,2025-03-16
u017598,organic,2025-03-08
u017599,organic,2025-03-09
u017600,organic,2025-03-15
u017601,organic,2025-03-30
u017602,organic,2025-03-10
u017603,organic,2025-03-07
u017604,organic,2025-03-26
u017605,organic,2025-03-31
u017606,organic,2025-03-13
u017607,organic,2025-03-27
u017608,organic,2025-03-21
u017609,organic,2025-03-16
u017610,organic,2025-03-25
u017611,organic,2025-03-03
u017612,organic,2025-03-10
u017613,organic,2025-03-30
u017614,organic,2025-03-02
u017615,organic,2025-03-10
u017616,organic,2025-03-23
u017617,organic,2025-03-27
u017618,organic,2025-03-30
u017619,organic,2025-03-25
u017620,organic,2025-03-07
u017621,organic,2025-03-23
u017622,organic,2025-03-03
u017623,organic,2025-03-24
u017624,organic,2025-03-17
u017625,organic,2025-03-30
u017626,organic,2025-03-05
u017627,organic,2025-03-17
u017628,organic,2025-03-30
u017629,organic,2025-03-29
u017630,organic,2025-03-07
u017631,organic,2025-03-09
u017632,organic,2025-03-31
u017633,organic,2025-03-26
u017634,organic,2025-03-15
u017635,organic,2025-03-31
u017636,organic,2025-03-14
u017637,organic,2025-03-23
u017638,organic,2025-03-08
u017639,organic,2025-03-05
u017640,organic,2025-03-11
u017641,organic,2025-03-26
u017642,organic,2025-03-27
u017643,organic,2025-03-07
u017644,organic,2025-03-01
u017645,organic,2025-03-26
u017646,organic,2025-03-20
u017647,organic,2025-03-01
u017648,organic,2025-03-05
u017649,organic,2025-03-20
u017650,organic,2025-03-10
u017651,organic,2025-03-22
u017652,organic,2025-03-11
u017653,organic,2025-03-01
u017654,organic,2025-03-18
u017655,organic,2025-03-25
u017656,organic,2025-03-28
u017657,organic,2025-03-18
u017658,organic,2025-03-08
u017659,organic,2025-03-31
u017660,organic,2025-03-19
u017661,organic,2025-03-04
u017662,organic,2025-03-10
u017663,organic,2025-03-27
u017664,organic,2025-03-12
u017665,organic,2025-03-07
u017666,organic,2025-03-16
u017667,organic,2025-03-04
u017668,organic,2025-03-15
u017669,organic,2025-03-23
u017670,organic,2025-03-16
u017671,organic,2025-03-01
u017672,organic,2025-03-04
u017673,organic,2025-03-08
u017674,organic,2025-03-13
u017675,organic,2025-03-21
u017676,organic,2025-03-31
u017677,organic,2025-03-02
u017678,organic,2025-03-06
u017679,organic,2025-03-11
u017680,organic,2025-03-21
u017681,organic,2025-03-03
u017682,organic,2025-03-24
u017683,organic,2025-03-07
u017684,organic,2025-03-03
u017685,organic,2025-03-07
u017686,organic,2025-03-16
u017687,organic,2025-03-21
u017688,organic,2025-03-08
u017689,organic,2025-03-31
u017690,organic,2025-03-06
u017691,organic,2025-03-17
u017692,organic,2025-03-07
u017693,organic,2025-03-24
u017694,organic,2025-03-10
u017695,organic,2025-03-24
u017696,organic,2025-03-07
u017697,organic,2025-03-01
u017698,organic,2025-03-28
u017699,organic,2025-03-17
u017700,organic,2025-03-29
u017701,organic,2025-03-23
u017702,organic,2025-03-27
u017703,organic,2025-03-16
u017704,organic,2025-03-25
u017705,organic,2025-03-29
u017706,organic,2025-03-01
u017707,organic,2025-03-01
u017708,organic,2025-03-04
u017709,organic,2025-03-27
u017710,organic,2025-03-13
u017711,organic,2025-03-12
u017712,organic,2025-03-28
u017713,organic,2025-03-30
u017714,organic,2025-03-09
u017715,organic,2025-03-17
u017716,organic,2025-03-03
u017717,organic,2025-03-20
u017718,organic,2025-03-08
u017719,organic,2025-03-04
u017720,organic,2025-03-02
u017721,organic,2025-03-31
u017722,organic,2025-03-13
u017723,organic,2025-03-09
u017724,organic,2025-03-27
u017725,organic,2025-03-21
u017726,organic,2025-03-27
u017727,organic,2025-03-06
u017728,organic,2025-03-30
u017729,organic,2025-03-23
u017730,organic,2025-03-24
u017731,organic,2025-03-31
u017732,organic,2025-03-20
u017733,organic,2025-03-06
u017734,organic,2025-03-16
u017735,organic,2025-03-21
u017736,organic,2025-03-07
u017737,organic,2025-03-31
u017738,organic,2025-03-05
u017739,organic,2025-03-22
u017740,organic,2025-03-01
u017741,organic,2025-03-30
u017742,organic,2025-03-21
u017743,organic,2025-03-12
u017744,organic,2025-03-15
u017745,organic,2025-03-22
u017746,organic,2025-03-20
u017747,organic,2025-03-20
u017748,organic,2025-03-16
u017749,organic,2025-03-14
u017750,organic,2025-03-07
u017751,organic,2025-03-13
u017752,organic,2025-03-30
u017753,organic,2025-03-22
u017754,organic,2025-03-25
u017755,organic,2025-03-05
u017756,organic,2025-03-04
u017757,organic,2025-03-04
u017758,organic,2025-03-28
u017759,organic,2025-03-22
u017760,organic,2025-03-07
u017761,organic,2025-03-25
u017762,organic,2025-03-21
u017763,organic,2025-03-03
u017764,organic,2025-03-20
u017765,organic,2025-03-29
u017766,organic,2025-03-18
u017767,organic,2025-03-21
u017768,organic,2025-03-05
u017769,organic,2025-03-24
u017770,organic,2025-03-07
u017771,organic,2025-03-01
u017772,organic,2025-03-28
u017773,organic,2025-03-14
u017774,organic,2025-03-28
u017775,organic,2025-03-01
u017776,organic,2025-03-23
u017777,organic,2025-03-04
u017778,organic,2025-03-09
u017779,organic,2025-03-21
u017780,organic,2025-03-17
u017781,organic,2025-03-12
u017782,organic,2025-03-24
u017783,organic,2025-03-24
u017784,organic,2025-03-19
u017785,organic,2025-03-04
u017786,organic,2025-03-19
u017787,organic,2025-03-27
u017788,organic,2025-03-28
u017789,organic,2025-03-28
u017790,organic,2025-03-05
u017791,organic,2025-03-02
u017792,organic,2025-03-21
u017793,organic,2025-03-12
u017794,organic,2025-03-09
u017795,organic,2025-03-20
u017796,organic,2025-03-04
u017797,organic,2025-03-07
u017798,organic,2025-03-07
u017799,organic,2025-03-03
u017800,organic,2025-03-16
u017801,organic,2025-03-15
u017802,organic,2025-03-11
u017803,organic,2025-03-29
u017804,organic,2025-03-25
u017805,organic,2025-03-15
u017806,organic,2025-03-06
u017807,organic,2025-03-30
u017808,organic,2025-03-16
u017809,organic,2025-03-21
u017810,organic,2025-03-17
u017811,organic,2025-03-09
u017812,organic,2025-03-21
u017813,organic,2025-03-21
u017814,organic,2025-03-04
u017815,organic,2025-03-21
u017816,organic,2025-03-03
u017817,organic,2025-03-17
u017818,organic,2025-03-28
u017819,organic,2025-03-16
u017820,organic,2025-03-17
u017821,organic,2025-03-29
u017822,organic,2025-03-29
u017823,organic,2025-03-23
u017824,organic,2025-03-08
u017825,organic,2025-03-23
u017826,organic,2025-03-02
u017827,organic,2025-03-02
u017828,organic,2025-03-18
u017829,organic,2025-03-30
u017830,organic,2025-03-14
u017831,organic,2025-03-08
u017832,organic,2025-03-04
u017833,organic,2025-03-08
u017834,organic,2025-03-04
u017835,organic,2025-03-24
u017836,organic,2025-03-18
u017837,organic,2025-03-13
u017838,organic,2025-03-23
u017839,organic,2025-03-30
u017840,organic,2025-03-05
u017841,organic,2025-03-28
u017842,organic,2025-03-30
u017843,organic,2025-03-08
u017844,organic,2025-03-14
u017845,organic,2025-03-18
u017846,organic,2025-03-01
u017847,organic,2025-03-10
u017848,organic,2025-03-13
u017849,organic,2025-03-05
u017850,organic,2025-03-19
u017851,organic,2025-03-30
u017852,organic,2025-03-30
u017853,organic,2025-03-27
u017854,organic,2025-03-30
u017855,organic,2025-03-02
u017856,organic,2025-03-10
u017857,organic,2025-03-05
u017858,organic,2025-03-08
u017859,organic,2025-03-15
u017860,organic,2025-03-28
u017861,organic,2025-03-30
u017862,organic,2025-03-13
u017863,organic,2025-03-24
u017864,organic,2025-03-11
u017865,organic,2025-03-18
u017866,organic,2025-03-13
u017867,organic,2025-03-11
u017868,organic,2025-03-08
u017869,organic,2025-03-05
u017870,organic,2025-03-28
u017871,organic,2025-03-21
u017872,organic,2025-03-16
u017873,organic,2025-03-16
u017874,organic,2025-03-02
u017875,organic,2025-03-13
u017876,organic,2025-03-31
u017877,organic,2025-03-10
u017878,organic,2025-03-06
u017879,organic,2025-03-18
u017880,organic,2025-03-10
u017881,organic,2025-03-01
u017882,organic,2025-03-10
u017883,organic,2025-03-05
u017884,organic,2025-03-27
u017885,organic,2025-03-30
u017886,organic,2025-03-20
u017887,organic,2025-03-17
u017888,organic,2025-03-06
u017889,organic,2025-03-21
u017890,organic,2025-03-09
u017891,organic,2025-03-22
u017892,organic,2025-03-31
u017893,organic,2025-03-28
u017894,organic,2025-03-18
u017895,organic,2025-03-06
u017896,organic,2025-03-22
u017897,organic,2025-03-24
u017898,organic,2025-03-01
u017899,organic,2025-03-27
u017900,organic,2025-03-13
u017901,organic,2025-03-09
u017902,organic,2025-03-27
u017903,organic,2025-03-10
u017904,organic,2025-03-24
u017905,organic,2025-03-19
u017906,organic,2025-03-28
u017907,organic,2025-03-21
u017908,organic,2025-03-28
u017909,organic,2025-03-30
u017910,organic,2025-03-18
u017911,organic,2025-03-25
u017912,organic,2025-03-19
u017913,organic,2025-03-13
u017914,organic,2025-03-29
u017915,organic,2025-03-18
u017916,organic,2025-03-08
u017917,organic,2025-03-20
u017918,organic,2025-03-03
u017919,organic,2025-03-15
u017920,organic,2025-03-31
u017921,organic,2025-03-07
u017922,organic,2025-03-27
u017923,organic,2025-03-20
u017924,organic,2025-03-24
u017925,organic,2025-03-20
u017926,organic,2025-03-24
u017927,organic,2025-03-19
u017928,organic,2025-03-14
u017929,organic,2025-03-18
u017930,organic,2025-03-13
u017931,organic,2025-03-30
u017932,organic,2025-03-20
u017933,organic,2025-03-14
u017934,organic,2025-03-26
u017935,organic,2025-03-31
u017936,organic,2025-03-12
u017937,organic,2025-03-23
u017938,organic,2025-03-10
u017939,organic,2025-03-04
u017940,organic,2025-03-01
u017941,organic,2025-03-01
u017942,organic,2025-03-02
u017943,organic,2025-03-28
u017944,organic,2025-03-12
u017945,organic,2025-03-26
u017946,organic,2025-03-22
u017947,organic,2025-03-06
u017948,organic,2025-03-07
u017949,organic,2025-03-06
u017950,organic,2025-03-08
u017951,organic,2025-03-21
u017952,organic,2025-03-30
u017953,organic,2025-03-02
u017954,organic,2025-03-04
u017955,organic,2025-03-25
u017956,organic,2025-03-27
u017957,organic,2025-03-29
u017958,organic,2025-03-24
u017959,organic,2025-03-29
u017960,organic,2025-03-12
u017961,organic,2025-03-21
u017962,organic,2025-03-15
u017963,organic,2025-03-21
u017964,organic,2025-03-15
u017965,organic,2025-03-31
u017966,organic,2025-03-12
u017967,organic,2025-03-30
u017968,organic,2025-03-07
u017969,organic,2025-03-28
u017970,organic,2025-03-13
u017971,organic,2025-03-17
u017972,organic,2025-03-21
u017973,organic,2025-03-12
u017974,organic,2025-03-17
u017975,organic,2025-03-22
u017976,organic,2025-03-31
u017977,organic,2025-03-01
u017978,organic,2025-03-03
u017979,organic,2025-03-05
u017980,organic,2025-03-18
u017981,organic,2025-03-23
u017982,organic,2025-03-04
u017983,organic,2025-03-08
u017984,organic,2025-03-28
u017985,organic,2025-03-25
u017986,organic,2025-03-14
u017987,organic,2025-03-06
u017988,organic,2025-03-17
u017989,organic,2025-03-31
u017990,organic,2025-03-01
u017991,organic,2025-03-28
u017992,organic,2025-03-20
u017993,organic,2025-03-18
u017994,organic,2025-03-29
u017995,organic,2025-03-28
u017996,organic,2025-03-27
u017997,organic,2025-03-09
u017998,organic,2025-03-27
u017999,organic,2025-03-23
u018000,organic,2025-03-14
u018001,organic,2025-03-09
u018002,organic,2025-03-24
u018003,organic,2025-03-02
u018004,organic,2025-03-13
u018005,organic,2025-03-31
u018006,organic,2025-03-09
u018007,organic,2025-03-17
u018008,organic,2025-03-18
u018009,organic,2025-03-08
u018010,organic,2025-03-18
u018011,organic,2025-03-17
u018012,organic,2025-03-22
u018013,organic,2025-03-08
u018014,organic,2025-03-12
u018015,organic,2025-03-06
u018016,organic,2025-03-31
u018017,organic,2025-03-20
u018018,organic,2025-03-02
u018019,organic,2025-03-07
u018020,organic,2025-03-12
u018021,organic,2025-03-19
u018022,organic,2025-03-28
u018023,organic,2025-03-31
u018024,organic,2025-03-30
u018025,organic,2025-03-27
u018026,organic,2025-03-28
u018027,organic,2025-03-17
u018028,organic,2025-03-20
u018029,organic,2025-03-01
u018030,organic,2025-03-24
u018031,organic,2025-03-18
u018032,organic,2025-03-22
u018033,organic,2025-03-31
u018034,organic,2025-03-18
u018035,organic,2025-03-11
u018036,organic,2025-03-02
u018037,organic,2025-03-18
u018038,organic,2025-03-08
u018039,search,2025-04-24
u018040,search,2025-04-21
u018041,search,2025-04-08
u018042,search,2025-04-03
u018043,search,2025-04-03
u018044,search,2025-04-03
u018045,search,2025-04-28
u018046,search,2025-04-03
u018047,search,2025-04-28
u018048,search,2025-04-20
u018049,search,2025-04-09
u018050,search,2025-04-06
u018051,search,2025-04-24
u018052,search,2025-04-14
u018053,search,2025-04-20
u018054,search,2025-04-16
u018055,search,2025-04-16
u018056,search,2025-04-25
u018057,search,2025-04-14
u018058,search,2025-04-16
u018059,search,2025-04-30
u018060,search,2025-04-23
u018061,search,2025-04-29
u018062,search,2025-04-19
u018063,search,2025-04-26
u018064,search,2025-04-18
u018065,search,2025-04-24
u018066,search,2025-04-20
u018067,search,2025-04-04
u018068,search,2025-04-25
u018069,search,2025-04-21
u018070,search,2025-04-11
u018071,search,2025-04-03
u018072,search,2025-04-13
u018073,search,2025-04-18
u018074,search,2025-04-01
u018075,search,2025-04-17
u018076,search,2025-04-16
u018077,search,2025-04-25
u018078,search,2025-04-16
u018079,search,2025-04-30
u018080,search,2025-04-04
u018081,search,2025-04-18
u018082,search,2025-04-20
u018083,search,2025-04-01
u018084,search,2025-04-24
u018085,search,2025-04-30
u018086,search,2025-04-11
u018087,search,2025-04-14
u018088,search,2025-04-06
u018089,search,2025-04-27
u018090,search,2025-04-29
u018091,search,2025-04-12
u018092,search,2025-04-19
u018093,search,2025-04-02
u018094,search,2025-04-02
u018095,search,2025-04-28
u018096,search,2025-04-10
u018097,search,2025-04-21
u018098,search,2025-04-29
u018099,search,2025-04-24
u018100,search,2025-04-18
u018101,search,2025-04-24
u018102,search,2025-04-12
u018103,search,2025-04-01
u018104,search,2025-04-15
u018105,search,2025-04-12
u018106,search,2025-04-29
u018107,search,2025-04-08
u018108,search,2025-04-26
u018109,search,2025-04-16
u018110,search,2025-04-12
u018111,search,2025-04-20
u018112,search,2025-04-12
u018113,search,2025-04-20
u018114,search,2025-04-17
u018115,search,2025-04-01
u018116,search,2025-04-06
u018117,search,2025-04-27
u018118,search,2025-04-22
u018119,search,2025-04-01
u018120,search,2025-04-18
u018121,search,2025-04-04
u018122,search,2025-04-20
u018123,search,2025-04-25
u018124,search,2025-04-27
u018125,search,2025-04-14
u018126,search,2025-04-24
u018127,search,2025-04-24
u018128,search,2025-04-11
u018129,search,2025-04-13
u018130,search,2025-04-02
u018131,search,2025-04-02
u018132,search,2025-04-23
u018133,search,2025-04-03
u018134,search,2025-04-25
u018135,search,2025-04-21
u018136,search,2025-04-25
u018137,search,2025-04-14
u018138,search,2025-04-05
u018139,search,2025-04-19
u018140,search,2025-04-22
u018141,search,2025-04-08
u018142,search,2025-04-03
u018143,search,2025-04-12
u018144,search,2025-04-01
u018145,search,2025-04-16
u018146,search,2025-04-27
u018147,search,2025-04-22
u018148,search,2025-04-21
u018149,search,2025-04-27
u018150,search,2025-04-07
u018151,search,2025-04-20
u018152,search,2025-04-20
u018153,search,2025-04-26
u018154,search,2025-04-07
u018155,search,2025-04-28
u018156,search,2025-04-23
u018157,search,2025-04-14
u018158,search,2025-04-04
u018159,search,2025-04-22
u018160,search,2025-04-22
u018161,search,2025-04-02
u018162,search,2025-04-18
u018163,search,2025-04-27
u018164,search,2025-04-03
u018165,search,2025-04-05
u018166,search,2025-04-18
u018167,search,2025-04-14
u018168,search,2025-04-21
u018169,search,2025-04-21
u018170,search,2025-04-25
u018171,search,2025-04-16
u018172,search,2025-04-07
u018173,search,2025-04-28
u018174,search,2025-04-26
u018175,search,2025-04-12
u018176,search,2025-04-23
u018177,search,2025-04-08
u018178,search,2025-04-11
u018179,search,2025-04-14
u018180,search,2025-04-21
u018181,search,2025-04-05
u018182,search,2025-04-06
u018183,search,2025-04-09
u018184,search,2025-04-26
u018185,search,2025-04-06
u018186,search,2025-04-02
u018187,search,2025-04-29
u018188,search,2025-04-03
u018189,search,2025-04-21
u018190,search,2025-04-14
u018191,search,2025-04-14
u018192,search,2025-04-25
u018193,search,2025-04-23
u018194,search,2025-04-27
u018195,search,2025-04-30
u018196,search,2025-04-14
u018197,search,2025-04-09
u018198,search,2025-04-02
u018199,search,2025-04-24
u018200,search,2025-04-27
u018201,search,2025-04-06
u018202,search,2025-04-08
u018203,search,2025-04-12
u018204,search,2025-04-05
u018205,search,2025-04-08
u018206,search,2025-04-01
u018207,search,2025-04-06
u018208,search,2025-04-29
u018209,search,2025-04-22
u018210,search,2025-04-02
u018211,search,2025-04-08
u018212,search,2025-04-30
u018213,search,2025-04-16
u018214,search,2025-04-11
u018215,search,2025-04-04
u018216,search,2025-04-16
u018217,search,2025-04-06
u018218,search,2025-04-25
u018219,search,2025-04-17
u018220,search,2025-04-16
u018221,search,2025-04-23
u018222,search,2025-04-25
u018223,search,2025-04-28
u018224,search,2025-04-18
u018225,search,2025-04-11
u018226,search,2025-04-17
u018227,search,2025-04-07
u018228,search,2025-04-21
u018229,search,2025-04-13
u018230,search,2025-04-16
u018231,search,2025-04-11
u018232,search,2025-04-03
u018233,search,2025-04-12
u018234,search,2025-04-06
u018235,search,2025-04-13
u018236,search,2025-04-04
u018237,search,2025-04-28
u018238,search,2025-04-12
u018239,search,2025-04-23
u018240,search,2025-04-15
u018241,search,2025-04-09
u018242,search,2025-04-01
u018243,search,2025-04-03
u018244,search,2025-04-30
u018245,search,2025-04-11
u018246,search,2025-04-19
u018247,search,2025-04-19
u018248,search,2025-04-15
u018249,search,2025-04-13
u018250,search,2025-04-18
u018251,search,2025-04-15
u018252,search,2025-04-28
u018253,search,2025-04-15
u018254,search,2025-04-25
u018255,search,2025-04-12
u018256,search,2025-04-30
u018257,search,2025-04-23
u018258,search,2025-04-06
u018259,search,2025-04-14
u018260,search,2025-04-01
u018261,search,2025-04-13
u018262,search,2025-04-15
u018263,search,2025-04-06
u018264,search,2025-04-17
u018265,search,2025-04-12
u018266,search,2025-04-03
u018267,search,2025-04-25
u018268,search,2025-04-11
u018269,search,2025-04-30
u018270,search,2025-04-03
u018271,search,2025-04-14
u018272,search,2025-04-06
u018273,search,2025-04-28
u018274,search,2025-04-01
u018275,search,2025-04-08
u018276,search,2025-04-12
u018277,search,2025-04-01
u018278,search,2025-04-25
u018279,search,2025-04-24
u018280,search,2025-04-18
u018281,search,2025-04-06
u018282,search,2025-04-11
u018283,search,2025-04-02
u018284,search,2025-04-29
u018285,search,2025-04-11
u018286,search,2025-04-03
u018287,search,2025-04-07
u018288,search,2025-04-06
u018289,search,2025-04-18
u018290,search,2025-04-01
u018291,search,2025-04-01
u018292,search,2025-04-24
u018293,search,2025-04-05
u018294,search,2025-04-04
u018295,search,2025-04-15
u018296,search,2025-04-04
u018297,search,2025-04-24
u018298,search,2025-04-25
u018299,search,2025-04-28
u018300,search,2025-04-27
u018301,search,2025-04-02
u018302,search,2025-04-17
u018303,search,2025-04-24
u018304,search,2025-04-03
u018305,search,2025-04-08
u018306,search,2025-04-14
u018307,search,2025-04-10
u018308,search,2025-04-14
u018309,search,2025-04-05
u018310,search,2025-04-27
u018311,search,2025-04-16
u018312,search,2025-04-04
u018313,search,2025-04-18
u018314,search,2025-04-27
u018315,search,2025-04-19
u018316,search,2025-04-02
u018317,search,2025-04-12
u018318,search,2025-04-09
u018319,search,2025-04-03
u018320,search,2025-04-22
u018321,search,2025-04-05
u018322,search,2025-04-19
u018323,search,2025-04-08
u018324,search,2025-04-06
u018325,search,2025-04-24
u018326,search,2025-04-17
u018327,search,2025-04-11
u018328,search,2025-04-02
u018329,search,2025-04-28
u018330,search,2025-04-06
u018331,search,2025-04-29
u018332,search,2025-04-03
u018333,search,2025-04-23
u018334,search,2025-04-16
u018335,search,2025-04-04
u018336,search,2025-04-07
u018337,search,2025-04-30
u018338,search,2025-04-18
u018339,search,2025-04-24
u018340,search,2025-04-16
u018341,search,2025-04-29
u018342,search,2025-04-30
u018343,search,2025-04-08
u018344,search,2025-04-21
u018345,search,2025-04-30
u018346,search,2025-04-09
u018347,search,2025-04-28
u018348,search,2025-04-28
u018349,search,2025-04-11
u018350,search,2025-04-17
u018351,search,2025-04-29
u018352,search,2025-04-14
u018353,search,2025-04-04
u018354,search,2025-04-14
u018355,search,2025-04-24
u018356,search,2025-04-27
u018357,search,2025-04-21
u018358,search,2025-04-04
u018359,search,2025-04-29
u018360,search,2025-04-05
u018361,search,2025-04-01
u018362,search,2025-04-25
u018363,search,2025-04-28
u018364,search,2025-04-17
u018365,search,2025-04-13
u018366,search,2025-04-23
u018367,search,2025-04-24
u018368,search,2025-04-02
u018369,search,2025-04-09
u018370,search,2025-04-03
u018371,search,2025-04-12
u018372,search,2025-04-19
u018373,search,2025-04-20
u018374,search,2025-04-02
u018375,search,2025-04-27
u018376,search,2025-04-30
u018377,search,2025-04-28
u018378,search,2025-04-30
u018379,search,2025-04-10
u018380,search,2025-04-15
u018381,search,2025-04-03
u018382,search,2025-04-24
u018383,search,2025-04-28
u018384,search,2025-04-19
u018385,search,2025-04-08
u018386,search,2025-04-03
u018387,search,2025-04-25
u018388,search,2025-04-19
u018389,search,2025-04-10
u018390,search,2025-04-13
u018391,search,2025-04-23
u018392,search,2025-04-16
u018393,search,2025-04-24
u018394,search,2025-04-26
u018395,search,2025-04-28
u018396,search,2025-04-01
u018397,search,2025-04-26
u018398,search,2025-04-02
u018399,search,2025-04-17
u018400,search,2025-04-06
u018401,search,2025-04-15
u018402,search,2025-04-14
u018403,search,2025-04-16
u018404,search,2025-04-28
u018405,search,2025-04-04
u018406,search,2025-04-14
u018407,search,2025-04-26
u018408,search,2025-04-11
u018409,search,2025-04-01
u018410,search,2025-04-22
u018411,search,2025-04-30
u018412,search,2025-04-02
u018413,search,2025-04-03
u018414,search,2025-04-05
u018415,search,2025-04-16
u018416,search,2025-04-05
u018417,search,2025-04-01
u018418,search,2025-04-29
u018419,search,2025-04-03
u018420,search,2025-04-27
u018421,search,2025-04-17
u018422,search,2025-04-15
u018423,search,2025-04-13
u018424,search,2025-04-10
u018425,search,2025-04-06
u018426,search,2025-04-22
u018427,search,2025-04-13
u018428,search,2025-04-05
u018429,search,2025-04-26
u018430,search,2025-04-29
u018431,search,2025-04-17
u018432,search,2025-04-25
u018433,search,2025-04-29
u018434,search,2025-04-14
u018435,search,2025-04-29
u018436,search,2025-04-22
u018437,search,2025-04-09
u018438,search,2025-04-28
u018439,search,2025-04-06
u018440,search,2025-04-11
u018441,search,2025-04-01
u018442,search,2025-04-13
u018443,search,2025-04-07
u018444,search,2025-04-30
u018445,search,2025-04-18
u018446,search,2025-04-24
u018447,search,2025-04-27
u018448,search,2025-04-28
u018449,search,2025-04-05
u018450,search,2025-04-19
u018451,search,2025-04-30
u018452,search,2025-04-14
u018453,search,2025-04-02
u018454,search,2025-04-02
u018455,search,2025-04-22
u018456,search,2025-04-23
u018457,search,2025-04-26
u018458,search,2025-04-15
u018459,search,2025-04-06
u018460,search,2025-04-16
u018461,search,2025-04-23
u018462,search,2025-04-11
u018463,search,2025-04-28
u018464,search,2025-04-12
u018465,search,2025-04-28
u018466,search,2025-04-26
u018467,search,2025-04-17
u018468,search,2025-04-03
u018469,search,2025-04-16
u018470,search,2025-04-01
u018471,search,2025-04-16
u018472,search,2025-04-04
u018473,search,2025-04-16
u018474,search,2025-04-11
u018475,search,2025-04-24
u018476,search,2025-04-17
u018477,search,2025-04-08
u018478,search,2025-04-09
u018479,search,2025-04-07
u018480,search,2025-04-13
u018481,search,2025-04-25
u018482,search,2025-04-06
u018483,search,2025-04-27
u018484,search,2025-04-25
u018485,search,2025-04-28
u018486,search,2025-04-29
u018487,search,2025-04-03
u018488,search,2025-04-08
u018489,search,2025-04-21
u018490,search,2025-04-14
u018491,search,2025-04-09
u018492,search,2025-04-01
u018493,search,2025-04-04
u018494,search,2025-04-13
u018495,search,2025-04-20
u018496,search,2025-04-28
u018497,search,2025-04-20
u018498,search,2025-04-29
u018499,search,2025-04-03
u018500,search,2025-04-14
u018501,search,2025-04-04
u018502,search,2025-04-18
u018503,search,2025-04-14
u018504,search,2025-04-09
u018505,search,2025-04-06
u018506,search,2025-04-06
u018507,search,2025-04-12
u018508,search,2025-04-27
u018509,search,2025-04-04
u018510,search,2025-04-06
u018511,search,2025-04-19
u018512,search,2025-04-15
u018513,search,2025-04-26
u018514,search,2025-04-12
u018515,search,2025-04-29
u018516,search,2025-04-28
u018517,search,2025-04-04
u018518,search,2025-04-12
u018519,search,2025-04-26
u018520,search,2025-04-07
u018521,search,2025-04-25
u018522,search,2025-04-27
u018523,search,2025-04-17
u018524,search,2025-04-16
u018525,search,2025-04-06
u018526,search,2025-04-04
u018527,search,2025-04-16
u018528,search,2025-04-04
u018529,search,2025-04-06
u018530,search,2025-04-05
u018531,search,2025-04-29
u018532,search,2025-04-24
u018533,search,2025-04-15
u018534,search,2025-04-13
u018535,search,2025-04-30
u018536,search,2025-04-17
u018537,search,2025-04-14
u018538,search,2025-04-21
u018539,search,2025-04-02
u018540,search,2025-04-03
u018541,search,2025-04-13
u018542,search,2025-04-24
u018543,search,2025-04-20
u018544,search,2025-04-23
u018545,search,2025-04-29
u018546,search,2025-04-10
u018547,search,2025-04-01
u018548,search,2025-04-17
u018549,search,2025-04-15
u018550,search,2025-04-05
u018551,search,2025-04-14
u018552,search,2025-04-17
u018553,search,2025-04-28
u018554,search,2025-04-04
u018555,search,2025-04-02
u018556,search,2025-04-28
u018557,search,2025-04-15
u018558,search,2025-04-01
u018559,search,2025-04-04
u018560,search,2025-04-23
u018561,search,2025-04-20
u018562,search,2025-04-13
u018563,search,2025-04-19
u018564,search,2025-04-01
u018565,search,2025-04-09
u018566,search,2025-04-25
u018567,search,2025-04-20
u018568,search,2025-04-30
u018569,search,2025-04-23
u018570,search,2025-04-06
u018571,search,2025-04-13
u018572,search,2025-04-16
u018573,search,2025-04-10
u018574,search,2025-04-20
u018575,search,2025-04-26
u018576,search,2025-04-30
u018577,search,2025-04-18
u018578,search,2025-04-03
u018579,search,2025-04-08
u018580,search,2025-04-18
u018581,search,2025-04-26
u018582,search,2025-04-26
u018583,search,2025-04-27
u018584,search,2025-04-25
u018585,search,2025-04-28
u018586,search,2025-04-21
u018587,search,2025-04-19
u018588,search,2025-04-27
u018589,search,2025-04-07
u018590,search,2025-04-01
u018591,search,2025-04-11
u018592,search,2025-04-20
u018593,search,2025-04-02
u018594,search,2025-04-17
u018595,search,2025-04-09
u018596,search,2025-04-06
u018597,search,2025-04-24
u018598,search,2025-04-27
u018599,search,2025-04-28
u018600,search,2025-04-06
u018601,search,2025-04-21
u018602,search,2025-04-18
u018603,search,2025-04-26
u018604,search,2025-04-14
u018605,search,2025-04-16
u018606,search,2025-04-07
u018607,search,2025-04-07
u018608,search,2025-04-08
u018609,search,2025-04-03
u018610,search,2025-04-23
u018611,search,2025-04-16
u018612,search,2025-04-05
u018613,search,2025-04-13
u018614,search,2025-04-04
u018615,search,2025-04-22
u018616,search,2025-04-10
u018617,search,2025-04-27
u018618,search,2025-04-22
u018619,search,2025-04-03
u018620,search,2025-04-03
u018621,search,2025-04-11
u018622,search,2025-04-27
u018623,search,2025-04-29
u018624,search,2025-04-22
u018625,search,2025-04-20
u018626,search,2025-04-08
u018627,search,2025-04-23
u018628,search,2025-04-12
u018629,search,2025-04-04
u018630,search,2025-04-24
u018631,search,2025-04-05
u018632,search,2025-04-26
u018633,search,2025-04-16
u018634,search,2025-04-25
u018635,search,2025-04-26
u018636,search,2025-04-09
u018637,search,2025-04-24
u018638,search,2025-04-01
u018639,search,2025-04-15
u018640,search,2025-04-23
u018641,search,2025-04-29
u018642,search,2025-04-06
u018643,search,2025-04-15
u018644,search,2025-04-24
u018645,search,2025-04-29
u018646,search,2025-04-23
u018647,search,2025-04-21
u018648,search,2025-04-08
u018649,search,2025-04-29
u018650,search,2025-04-16
u018651,search,2025-04-01
u018652,search,2025-04-18
u018653,search,2025-04-16
u018654,search,2025-04-01
u018655,search,2025-04-28
u018656,search,2025-04-05
u018657,search,2025-04-19
u018658,search,2025-04-14
u018659,search,2025-04-16
u018660,search,2025-04-29
u018661,search,2025-04-18
u018662,search,2025-04-26
u018663,search,2025-04-23
u018664,search,2025-04-28
u018665,search,2025-04-22
u018666,search,2025-04-25
u018667,search,2025-04-14
u018668,search,2025-04-15
u018669,search,2025-04-12
u018670,search,2025-04-06
u018671,search,2025-04-04
u018672,search,2025-04-06
u018673,search,2025-04-20
u018674,search,2025-04-04
u018675,search,2025-04-17
u018676,search,2025-04-14
u018677,search,2025-04-17
u018678,search,2025-04-20
u018679,search,2025-04-08
u018680,search,2025-04-23
u018681,search,2025-04-06
u018682,search,2025-04-29
u018683,search,2025-04-11
u018684,search,2025-04-01
u018685,search,2025-04-10
u018686,search,2025-04-30
u018687,search,2025-04-06
u018688,search,2025-04-30
u018689,search,2025-04-29
u018690,search,2025-04-29
u018691,search,2025-04-16
u018692,search,2025-04-04
u018693,search,2025-04-16
u018694,search,2025-04-16
u018695,search,2025-04-12
u018696,search,2025-04-09
u018697,search,2025-04-05
u018698,search,2025-04-04
u018699,search,2025-04-07
u018700,search,2025-04-17
u018701,search,2025-04-02
u018702,search,2025-04-30
u018703,search,2025-04-04
u018704,search,2025-04-08
u018705,search,2025-04-12
u018706,search,2025-04-20
u018707,search,2025-04-27
u018708,search,2025-04-15
u018709,search,2025-04-25
u018710,search,2025-04-01
u018711,search,2025-04-17
u018712,search,2025-04-29
u018713,search,2025-04-04
u018714,search,2025-04-30
u018715,search,2025-04-07
u018716,search,2025-04-05
u018717,search,2025-04-19
u018718,search,2025-04-25
u018719,search,2025-04-13
u018720,search,2025-04-07
u018721,search,2025-04-28
u018722,search,2025-04-20
u018723,search,2025-04-08
u018724,search,2025-04-02
u018725,search,2025-04-24
u018726,search,2025-04-26
u018727,search,2025-04-27
u018728,search,2025-04-05
u018729,search,2025-04-22
u018730,search,2025-04-02
u018731,search,2025-04-25
u018732,search,2025-04-07
u018733,search,2025-04-25
u018734,search,2025-04-08
u018735,search,2025-04-28
u018736,search,2025-04-14
u018737,search,2025-04-30
u018738,search,2025-04-29
u018739,search,2025-04-27
u018740,search,2025-04-28
u018741,search,2025-04-01
u018742,search,2025-04-03
u018743,search,2025-04-26
u018744,search,2025-04-26
u018745,search,2025-04-04
u018746,search,2025-04-22
u018747,search,2025-04-11
u018748,search,2025-04-04
u018749,search,2025-04-11
u018750,search,2025-04-02
u018751,search,2025-04-24
u018752,search,2025-04-26
u018753,search,2025-04-16
u018754,search,2025-04-13
u018755,search,2025-04-16
u018756,search,2025-04-16
u018757,search,2025-04-30
u018758,search,2025-04-16
u018759,search,2025-04-15
u018760,search,2025-04-02
u018761,search,2025-04-30
u018762,search,2025-04-05
u018763,search,2025-04-22
u018764,search,2025-04-22
u018765,search,2025-04-10
u018766,search,2025-04-26
u018767,search,2025-04-08
u018768,search,2025-04-01
u018769,search,2025-04-14
u018770,search,2025-04-06
u018771,search,2025-04-04
u018772,search,2025-04-28
u018773,search,2025-04-07
u018774,search,2025-04-15
u018775,search,2025-04-29
u018776,search,2025-04-22
u018777,search,2025-04-22
u018778,search,2025-04-27
u018779,search,2025-04-01
u018780,search,2025-04-26
u018781,search,2025-04-17
u018782,search,2025-04-13
u018783,search,2025-04-26
u018784,search,2025-04-14
u018785,search,2025-04-05
u018786,search,2025-04-29
u018787,search,2025-04-03
u018788,search,2025-04-27
u018789,search,2025-04-08
u018790,search,2025-04-19
u018791,search,2025-04-28
u018792,search,2025-04-20
u018793,search,2025-04-04
u018794,search,2025-04-04
u018795,search,2025-04-09
u018796,search,2025-04-14
u018797,search,2025-04-03
u018798,search,2025-04-28
u018799,search,2025-04-22
u018800,search,2025-04-26
u018801,search,2025-04-24
u018802,search,2025-04-24
u018803,search,2025-04-22
u018804,search,2025-04-14
u018805,search,2025-04-20
u018806,search,2025-04-04
u018807,search,2025-04-21
u018808,search,2025-04-11
u018809,search,2025-04-11
u018810,search,2025-04-06
u018811,search,2025-04-01
u018812,search,2025-04-21
u018813,search,2025-04-01
u018814,search,2025-04-01
u018815,search,2025-04-11
u018816,search,2025-04-01
u018817,search,2025-04-22
u018818,search,2025-04-15
u018819,search,2025-04-28
u018820,search,2025-04-15
u018821,search,2025-04-03
u018822,search,2025-04-19
u018823,search,2025-04-23
u018824,search,2025-04-28
u018825,search,2025-04-05
u018826,search,2025-04-10
u018827,search,2025-04-08
u018828,search,2025-04-13
u018829,search,2025-04-11
u018830,search,2025-04-06
u018831,search,2025-04-23
u018832,search,2025-04-01
u018833,search,2025-04-03
u018834,search,2025-04-01
u018835,search,2025-04-29
u018836,search,2025-04-21
u018837,search,2025-04-29
u018838,search,2025-04-02
u018839,search,2025-04-28
u018840,search,2025-04-07
u018841,search,2025-04-29
u018842,search,2025-04-23
u018843,search,2025-04-26
u018844,search,2025-04-22
u018845,search,2025-04-25
u018846,search,2025-04-13
u018847,search,2025-04-24
u018848,search,2025-04-17
u018849,search,2025-04-09
u018850,search,2025-04-23
u018851,search,2025-04-05
u018852,search,2025-04-29
u018853,search,2025-04-07
u018854,search,2025-04-08
u018855,search,2025-04-10
u018856,search,2025-04-04
u018857,search,2025-04-01
u018858,search,2025-04-05
u018859,search,2025-04-11
u018860,search,2025-04-03
u018861,search,2025-04-28
u018862,search,2025-04-22
u018863,search,2025-04-05
u018864,search,2025-04-19
u018865,search,2025-04-26
u018866,search,2025-04-07
u018867,search,2025-04-30
u018868,search,2025-04-25
u018869,search,2025-04-10
u018870,search,2025-04-07
u018871,search,2025-04-16
u018872,search,2025-04-10
u018873,search,2025-04-17
u018874,search,2025-04-23
u018875,search,2025-04-02
u018876,search,2025-04-17
u018877,search,2025-04-16
u018878,search,2025-04-22
u018879,search,2025-04-26
u018880,search,2025-04-25
u018881,search,2025-04-08
u018882,search,2025-04-15
u018883,search,2025-04-01
u018884,search,2025-04-23
u018885,search,2025-04-28
u018886,search,2025-04-07
u018887,search,2025-04-27
u018888,search,2025-04-08
u018889,search,2025-04-06
u018890,search,2025-04-18
u018891,search,2025-04-13
u018892,search,2025-04-11
u018893,search,2025-04-22
u018894,search,2025-04-28
u018895,search,2025-04-09
u018896,search,2025-04-04
u018897,search,2025-04-24
u018898,search,2025-04-04
u018899,search,2025-04-26
u018900,search,2025-04-16
u018901,search,2025-04-23
u018902,search,2025-04-11
u018903,search,2025-04-30
u018904,search,2025-04-20
u018905,search,2025-04-13
u018906,search,2025-04-25
u018907,search,2025-04-27
u018908,search,2025-04-29
u018909,search,2025-04-30
u018910,search,2025-04-27
u018911,search,2025-04-06
u018912,search,2025-04-01
u018913,search,2025-04-17
u018914,search,2025-04-10
u018915,search,2025-04-09
u018916,search,2025-04-08
u018917,search,2025-04-04
u018918,search,2025-04-09
u018919,search,2025-04-02
u018920,search,2025-04-01
u018921,search,2025-04-28
u018922,search,2025-04-19
u018923,search,2025-04-18
u018924,search,2025-04-17
u018925,search,2025-04-09
u018926,search,2025-04-02
u018927,search,2025-04-27
u018928,search,2025-04-26
u018929,search,2025-04-01
u018930,search,2025-04-21
u018931,search,2025-04-06
u018932,search,2025-04-16
u018933,search,2025-04-25
u018934,search,2025-04-27
u018935,search,2025-04-06
u018936,search,2025-04-20
u018937,search,2025-04-18
u018938,search,2025-04-03
u018939,search,2025-04-01
u018940,search,2025-04-14
u018941,search,2025-04-12
u018942,search,2025-04-02
u018943,search,2025-04-30
u018944,search,2025-04-20
u018945,search,2025-04-04
u018946,search,2025-04-11
u018947,search,2025-04-14
u018948,search,2025-04-12
u018949,search,2025-04-18
u018950,search,2025-04-13
u018951,search,2025-04-19
u018952,search,2025-04-21
u018953,search,2025-04-08
u018954,search,2025-04-24
u018955,search,2025-04-15
u018956,search,2025-04-11
u018957,search,2025-04-10
u018958,search,2025-04-20
u018959,search,2025-04-08
u018960,search,2025-04-28
u018961,search,2025-04-11
u018962,search,2025-04-01
u018963,search,2025-04-05
u018964,search,2025-04-12
u018965,search,2025-04-29
u018966,search,2025-04-22
u018967,search,2025-04-09
u018968,search,2025-04-12
u018969,search,2025-04-20
u018970,search,2025-04-26
u018971,search,2025-04-14
u018972,search,2025-04-21
u018973,search,2025-04-26
u018974,search,2025-04-26
u018975,search,2025-04-17
u018976,search,2025-04-14
u018977,search,2025-04-21
u018978,search,2025-04-22
u018979,search,2025-04-09
u018980,search,2025-04-18
u018981,search,2025-04-12
u018982,search,2025-04-19
u018983,search,2025-04-08
u018984,search,2025-04-13
u018985,search,2025-04-07
u018986,search,2025-04-20
u018987,search,2025-04-22
u018988,search,2025-04-14
u018989,search,2025-04-01
u018990,search,2025-04-09
u018991,search,2025-04-23
u018992,search,2025-04-03
u018993,search,2025-04-24
u018994,search,2025-04-19
u018995,search,2025-04-18
u018996,search,2025-04-27
u018997,search,2025-04-02
u018998,search,2025-04-09
u018999,search,2025-04-22
u019000,search,2025-04-03
u019001,search,2025-04-08
u019002,search,2025-04-17
u019003,search,2025-04-27
u019004,search,2025-04-18
u019005,search,2025-04-09
u019006,search,2025-04-21
u019007,search,2025-04-15
u019008,search,2025-04-22
u019009,search,2025-04-11
u019010,search,2025-04-03
u019011,search,2025-04-05
u019012,search,2025-04-11
u019013,search,2025-04-05
u019014,search,2025-04-15
u019015,search,2025-04-30
u019016,search,2025-04-16
u019017,search,2025-04-28
u019018,search,2025-04-24
u019019,search,2025-04-15
u019020,search,2025-04-03
u019021,search,2025-04-09
u019022,search,2025-04-14
u019023,search,2025-04-24
u019024,search,2025-04-05
u019025,search,2025-04-18
u019026,search,2025-04-04
u019027,search,2025-04-05
u019028,search,2025-04-01
u019029,search,2025-04-18
u019030,search,2025-04-27
u019031,search,2025-04-17
u019032,search,2025-04-09
u019033,search,2025-04-22
u019034,search,2025-04-26
u019035,search,2025-04-16
u019036,search,2025-04-29
u019037,search,2025-04-03
u019038,search,2025-04-12
u019039,display,2025-04-02
u019040,display,2025-04-26
u019041,display,2025-04-30
u019042,display,2025-04-05
u019043,display,2025-04-07
u019044,display,2025-04-24
u019045,display,2025-04-13
u019046,display,2025-04-09
u019047,display,2025-04-08
u019048,display,2025-04-29
u019049,display,2025-04-29
u019050,display,2025-04-17
u019051,display,2025-04-09
u019052,display,2025-04-19
u019053,display,2025-04-18
u019054,display,2025-04-23
u019055,display,2025-04-14
u019056,display,2025-04-12
u019057,display,2025-04-15
u019058,display,2025-04-23
u019059,display,2025-04-09
u019060,display,2025-04-10
u019061,display,2025-04-18
u019062,display,2025-04-03
u019063,display,2025-04-21
u019064,display,2025-04-11
u019065,display,2025-04-05
u019066,display,2025-04-15
u019067,display,2025-04-15
u019068,display,2025-04-29
u019069,display,2025-04-14
u019070,display,2025-04-03
u019071,display,2025-04-10
u019072,display,2025-04-09
u019073,display,2025-04-06
u019074,display,2025-04-11
u019075,display,2025-04-07
u019076,display,2025-04-17
u019077,display,2025-04-27
u019078,display,2025-04-22
u019079,display,2025-04-06
u019080,display,2025-04-27
u019081,display,2025-04-12
u019082,display,2025-04-14
u019083,display,2025-04-24
u019084,display,2025-04-04
u019085,display,2025-04-08
u019086,display,2025-04-28
u019087,display,2025-04-27
u019088,display,2025-04-25
u019089,display,2025-04-18
u019090,display,2025-04-08
u019091,display,2025-04-11
u019092,display,2025-04-28
u019093,display,2025-04-03
u019094,display,2025-04-15
u019095,display,2025-04-22
u019096,display,2025-04-10
u019097,display,2025-04-04
u019098,display,2025-04-06
u019099,display,2025-04-18
u019100,display,2025-04-04
u019101,display,2025-04-10
u019102,display,2025-04-03
u019103,display,2025-04-13
u019104,display,2025-04-30
u019105,display,2025-04-16
u019106,display,2025-04-20
u019107,display,2025-04-25
u019108,display,2025-04-16
u019109,display,2025-04-19
u019110,display,2025-04-15
u019111,display,2025-04-14
u019112,display,2025-04-10
u019113,display,2025-04-25
u019114,display,2025-04-24
u019115,display,2025-04-19
u019116,display,2025-04-17
u019117,display,2025-04-18
u019118,display,2025-04-03
u019119,display,2025-04-19
u019120,display,2025-04-09
u019121,display,2025-04-18
u019122,display,2025-04-24
u019123,display,2025-04-19
u019124,display,2025-04-21
u019125,display,2025-04-28
u019126,display,2025-04-07
u019127,display,2025-04-29
u019128,display,2025-04-10
u019129,display,2025-04-22
u019130,display,2025-04-30
u019131,display,2025-04-27
u019132,display,2025-04-04
u019133,display,2025-04-05
u019134,display,2025-04-20
u019135,display,2025-04-04
u019136,display,2025-04-21
u019137,display,2025-04-28
u019138,display,2025-04-28
u019139,display,2025-04-26
u019140,display,2025-04-29
u019141,display,2025-04-07
u019142,display,2025-04-05
u019143,display,2025-04-02
u019144,display,2025-04-10
u019145,display,2025-04-27
u019146,display,2025-04-02
u019147,display,2025-04-03
u019148,display,2025-04-26
u019149,display,2025-04-12
u019150,display,2025-04-12
u019151,display,2025-04-19
u019152,display,2025-04-15
u019153,display,2025-04-04
u019154,display,2025-04-10
u019155,display,2025-04-17
u019156,display,2025-04-17
u019157,display,2025-04-30
u019158,display,2025-04-17
u019159,display,2025-04-04
u019160,display,2025-04-29
u019161,display,2025-04-12
u019162,display,2025-04-23
u019163,display,2025-04-05
u019164,display,2025-04-06
u019165,display,2025-04-10
u019166,display,2025-04-19
u019167,display,2025-04-06
u019168,display,2025-04-08
u019169,display,2025-04-03
u019170,display,2025-04-17
u019171,display,2025-04-08
u019172,display,2025-04-12
u019173,display,2025-04-11
u019174,display,2025-04-12
u019175,display,2025-04-15
u019176,display,2025-04-21
u019177,display,2025-04-08
u019178,display,2025-04-28
u019179,display,2025-04-10
u019180,display,2025-04-05
u019181,display,2025-04-15
u019182,display,2025-04-15
u019183,display,2025-04-01
u019184,display,2025-04-14
u019185,display,2025-04-16
u019186,display,2025-04-20
u019187,display,2025-04-12
u019188,display,2025-04-01
u019189,display,2025-04-20
u019190,display,2025-04-21
u019191,display,2025-04-29
u019192,display,2025-04-07
u019193,display,2025-04-15
u019194,display,2025-04-18
u019195,display,2025-04-20
u019196,display,2025-04-01
u019197,display,2025-04-28
u019198,display,2025-04-04
u019199,display,2025-04-05
u019200,display,2025-04-24
u019201,display,2025-04-02
u019202,display,2025-04-17
u019203,display,2025-04-03
u019204,display,2025-04-19
u019205,display,2025-04-14
u019206,display,2025-04-08
u019207,display,2025-04-08
u019208,display,2025-04-27
u019209,display,2025-04-03
u019210,display,2025-04-29
u019211,display,2025-04-22
u019212,display,2025-04-19
u019213,display,2025-04-13
u019214,display,2025-04-16
u019215,display,2025-04-05
u019216,display,2025-04-24
u019217,display,2025-04-22
u019218,display,2025-04-28
u019219,display,2025-04-28
u019220,display,2025-04-27
u019221,display,2025-04-15
u019222,display,2025-04-19
u019223,display,2025-04-27
u019224,display,2025-04-11
u019225,display,2025-04-06
u019226,display,2025-04-07
u019227,display,2025-04-14
u019228,display,2025-04-21
u019229,display,2025-04-22
u019230,display,2025-04-30
u019231,display,2025-04-16
u019232,display,2025-04-12
u019233,display,2025-04-18
u019234,display,2025-04-04
u019235,display,2025-04-10
u019236,display,2025-04-26
u019237,display,2025-04-06
u019238,display,2025-04-27
u019239,display,2025-04-19
u019240,display,2025-04-03
u019241,display,2025-04-08
u019242,display,2025-04-29
u019243,display,2025-04-25
u019244,display,2025-04-17
u019245,display,2025-04-25
u019246,display,2025-04-19
u019247,display,2025-04-14
u019248,display,2025-04-16
u019249,display,2025-04-16
u019250,display,2025-04-05
u019251,display,2025-04-16
u019252,display,2025-04-10
u019253,display,2025-04-11
u019254,display,2025-04-20
u019255,display,2025-04-17
u019256,display,2025-04-08
u019257,display,2025-04-28
u019258,display,2025-04-20
u019259,display,2025-04-26
u019260,display,2025-04-10
u019261,display,2025-04-02
u019262,display,2025-04-03
u019263,display,2025-04-16
u019264,display,2025-04-03
u019265,display,2025-04-21
u019266,display,2025-04-26
u019267,display,2025-04-20
u019268,display,2025-04-22
u019269,display,2025-04-11
u019270,display,2025-04-04
u019271,display,2025-04-12
u019272,display,2025-04-18
u019273,display,2025-04-15
u019274,display,2025-04-22
u019275,display,2025-04-16
u019276,display,2025-04-06
u019277,display,2025-04-03
u019278,display,2025-04-01
u019279,display,2025-04-12
u019280,display,2025-04-23
u019281,display,2025-04-30
u019282,display,2025-04-22
u019283,display,2025-04-07
u019284,display,2025-04-22
u019285,display,2025-04-10
u019286,display,2025-04-17
u019287,display,2025-04-28
u019288,display,2025-04-19
u019289,display,2025-04-06
u019290,display,2025-04-04
u019291,display,2025-04-03
u019292,display,2025-04-04
u019293,display,2025-04-16
u019294,display,2025-04-08
u019295,display,2025-04-04
u019296,display,2025-04-07
u019297,display,2025-04-17
u019298,display,2025-04-29
u019299,display,2025-04-29
u019300,display,2025-04-02
u019301,display,2025-04-27
u019302,display,2025-04-30
u019303,display,2025-04-14
u019304,display,2025-04-01
u019305,display,2025-04-22
u019306,display,2025-04-10
u019307,display,2025-04-29
u019308,display,2025-04-09
u019309,display,2025-04-04
u019310,display,2025-04-30
u019311,display,2025-04-18
u019312,display,2025-04-13
u019313,display,2025-04-30
u019314,display,2025-04-26
u019315,display,2025-04-23
u019316,display,2025-04-14
u019317,display,2025-04-25
u019318,display,2025-04-17
u019319,display,2025-04-26
u019320,display,2025-04-02
u019321,display,2025-04-12
u019322,display,2025-04-13
u019323,display,2025-04-21
u019324,display,2025-04-11
u019325,display,2025-04-19
u019326,display,2025-04-23
u019327,display,2025-04-07
u019328,display,2025-04-25
u019329,display,2025-04-10
u019330,display,2025-04-19
u019331,display,2025-04-15
u019332,display,2025-04-20
u019333,display,2025-04-17
u019334,display,2025-04-25
u019335,display,2025-04-23
u019336,display,2025-04-28
u019337,display,2025-04-16
u019338,display,2025-04-04
u019339,display,2025-04-26
u019340,display,2025-04-30
u019341,display,2025-04-07
u019342,display,2025-04-18
u019343,display,2025-04-15
u019344,display,2025-04-25
u019345,display,2025-04-05
u019346,display,2025-04-20
u019347,display,2025-04-15
u019348,display,2025-04-25
u019349,display,2025-04-27
u019350,display,2025-04-12
u019351,display,2025-04-25
u019352,display,2025-04-21
u019353,display,2025-04-11
u019354,display,2025-04-22
u019355,display,2025-04-04
u019356,display,2025-04-21
u019357,display,2025-04-29
u019358,display,2025-04-17
u019359,display,2025-04-29
u019360,display,2025-04-21
u019361,display,2025-04-05
u019362,display,2025-04-20
u019363,display,2025-04-11
u019364,display,2025-04-08
u019365,display,2025-04-25
u019366,display,2025-04-24
u019367,display,2025-04-25
u019368,display,2025-04-16
u019369,display,2025-04-30
u019370,display,2025-04-27
u019371,display,2025-04-01
u019372,display,2025-04-07
u019373,display,2025-04-17
u019374,display,2025-04-23
u019375,display,2025-04-06
u019376,display,2025-04-04
u019377,display,2025-04-13
u019378,display,2025-04-27
u019379,display,2025-04-22
u019380,display,2025-04-30
u019381,display,2025-04-26
u019382,display,2025-04-18
u019383,display,2025-04-15
u019384,display,2025-04-05
u019385,display,2025-04-16
u019386,display,2025-04-05
u019387,display,2025-04-29
u019388,display,2025-04-23
u019389,display,2025-04-15
u019390,display,2025-04-17
u019391,display,2025-04-07
u019392,display,2025-04-26
u019393,display,2025-04-27
u019394,display,2025-04-21
u019395,display,2025-04-27
u019396,display,2025-04-15
u019397,display,2025-04-05
u019398,display,2025-04-18
u019399,display,2025-04-19
u019400,display,2025-04-26
u019401,display,2025-04-30
u019402,display,2025-04-11
u019403,display,2025-04-26
u019404,display,2025-04-26
u019405,display,2025-04-02
u019406,display,2025-04-30
u019407,display,2025-04-21
u019408,display,2025-04-08
u019409,display,2025-04-22
u019410,display,2025-04-07
u019411,display,2025-04-22
u019412,display,2025-04-09
u019413,display,2025-04-03
u019414,display,2025-04-27
u019415,display,2025-04-04
u019416,display,2025-04-05
u019417,display,2025-04-19
u019418,display,2025-04-26
u019419,display,2025-04-30
u019420,display,2025-04-16
u019421,display,2025-04-09
u019422,display,2025-04-15
u019423,display,2025-04-19
u019424,display,2025-04-24
u019425,display,2025-04-25
u019426,display,2025-04-13
u019427,display,2025-04-22
u019428,display,2025-04-16
u019429,display,2025-04-04
u019430,display,2025-04-12
u019431,display,2025-04-30
u019432,display,2025-04-02
u019433,display,2025-04-17
u019434,display,2025-04-06
u019435,display,2025-04-06
u019436,display,2025-04-21
u019437,display,2025-04-17
u019438,display,2025-04-16
u019439,display,2025-04-23
u019440,display,2025-04-19
u019441,display,2025-04-16
u019442,display,2025-04-12
u019443,display,2025-04-21
u019444,display,2025-04-06
u019445,display,2025-04-28
u019446,display,2025-04-19
u019447,display,2025-04-09
u019448,display,2025-04-26
u019449,display,2025-04-12
u019450,display,2025-04-09
u019451,display,2025-04-26
u019452,display,2025-04-17
u019453,display,2025-04-28
u019454,display,2025-04-27
u019455,display,2025-04-09
u019456,display,2025-04-26
u019457,display,2025-04-29
u019458,display,2025-04-18
u019459,display,2025-04-19
u019460,display,2025-04-12
u019461,display,2025-04-21
u019462,display,2025-04-12
u019463,display,2025-04-19
u019464,display,2025-04-03
u019465,display,2025-04-14
u019466,display,2025-04-15
u019467,display,2025-04-10
u019468,display,2025-04-22
u019469,display,2025-04-12
u019470,display,2025-04-22
u019471,display,2025-04-07
u019472,display,2025-04-12
u019473,display,2025-04-09
u019474,display,2025-04-12
u019475,display,2025-04-17
u019476,display,2025-04-24
u019477,display,2025-04-30
u019478,display,2025-04-15
u019479,display,2025-04-20
u019480,display,2025-04-23
u019481,display,2025-04-06
u019482,display,2025-04-11
u019483,display,2025-04-23
u019484,display,2025-04-05
u019485,display,2025-04-23
u019486,display,2025-04-27
u019487,display,2025-04-15
u019488,display,2025-04-08
u019489,display,2025-04-26
u019490,display,2025-04-15
u019491,display,2025-04-16
u019492,display,2025-04-21
u019493,display,2025-04-02
u019494,display,2025-04-29
u019495,display,2025-04-18
u019496,display,2025-04-08
u019497,display,2025-04-06
u019498,display,2025-04-27
u019499,display,2025-04-29
u019500,display,2025-04-01
u019501,display,2025-04-07
u019502,display,2025-04-10
u019503,display,2025-04-21
u019504,display,2025-04-08
u019505,display,2025-04-02
u019506,display,2025-04-18
u019507,display,2025-04-29
u019508,display,2025-04-26
u019509,display,2025-04-02
u019510,display,2025-04-06
u019511,display,2025-04-26
u019512,display,2025-04-10
u019513,display,2025-04-16
u019514,display,2025-04-03
u019515,display,2025-04-22
u019516,display,2025-04-06
u019517,display,2025-04-27
u019518,display,2025-04-14
u019519,display,2025-04-05
u019520,display,2025-04-22
u019521,display,2025-04-02
u019522,display,2025-04-18
u019523,display,2025-04-15
u019524,display,2025-04-18
u019525,display,2025-04-30
u019526,display,2025-04-09
u019527,display,2025-04-23
u019528,display,2025-04-14
u019529,display,2025-04-10
u019530,display,2025-04-15
u019531,display,2025-04-02
u019532,display,2025-04-08
u019533,display,2025-04-29
u019534,display,2025-04-06
u019535,display,2025-04-05
u019536,display,2025-04-10
u019537,display,2025-04-15
u019538,display,2025-04-09
u019539,retargeting,2025-04-08
u019540,retargeting,2025-04-10
u019541,retargeting,2025-04-04
u019542,retargeting,2025-04-07
u019543,retargeting,2025-04-20
u019544,retargeting,2025-04-23
u019545,retargeting,2025-04-16
u019546,retargeting,2025-04-15
u019547,retargeting,2025-04-15
u019548,retargeting,2025-04-24
u019549,retargeting,2025-04-29
u019550,retargeting,2025-04-20
u019551,retargeting,2025-04-26
u019552,retargeting,2025-04-30
u019553,retargeting,2025-04-20
u019554,retargeting,2025-04-16
u019555,retargeting,2025-04-30
u019556,retargeting,2025-04-20
u019557,retargeting,2025-04-07
u019558,retargeting,2025-04-17
u019559,retargeting,2025-04-11
u019560,retargeting,2025-04-17
u019561,retargeting,2025-04-19
u019562,retargeting,2025-04-14
u019563,retargeting,2025-04-29
u019564,retargeting,2025-04-20
u019565,retargeting,2025-04-05
u019566,retargeting,2025-04-20
u019567,retargeting,2025-04-19
u019568,retargeting,2025-04-30
u019569,retargeting,2025-04-26
u019570,retargeting,2025-04-28
u019571,retargeting,2025-04-27
u019572,retargeting,2025-04-21
u019573,retargeting,2025-04-03
u019574,retargeting,2025-04-17
u019575,retargeting,2025-04-12
u019576,retargeting,2025-04-17
u019577,retargeting,2025-04-02
u019578,retargeting,2025-04-18
u019579,retargeting,2025-04-27
u019580,retargeting,2025-04-26
u019581,retargeting,2025-04-18
u019582,retargeting,2025-04-23
u019583,retargeting,2025-04-04
u019584,retargeting,2025-04-26
u019585,retargeting,2025-04-03
u019586,retargeting,2025-04-10
u019587,retargeting,2025-04-25
u019588,retargeting,2025-04-10
u019589,retargeting,2025-04-07
u019590,retargeting,2025-04-15
u019591,retargeting,2025-04-14
u019592,retargeting,2025-04-15
u019593,retargeting,2025-04-09
u019594,retargeting,2025-04-26
u019595,retargeting,2025-04-09
u019596,retargeting,2025-04-23
u019597,retargeting,2025-04-15
u019598,retargeting,2025-04-30
u019599,retargeting,2025-04-17
u019600,retargeting,2025-04-05
u019601,retargeting,2025-04-24
u019602,retargeting,2025-04-09
u019603,retargeting,2025-04-05
u019604,retargeting,2025-04-16
u019605,retargeting,2025-04-03
u019606,retargeting,2025-04-17
u019607,retargeting,2025-04-28
u019608,retargeting,2025-04-18
u019609,retargeting,2025-04-21
u019610,retargeting,2025-04-18
u019611,retargeting,2025-04-18
u019612,retargeting,2025-04-08
u019613,retargeting,2025-04-21
u019614,retargeting,2025-04-18
u019615,retargeting,2025-04-27
u019616,retargeting,2025-04-27
u019617,retargeting,2025-04-27
u019618,retargeting,2025-04-29
u019619,retargeting,2025-04-16
u019620,retargeting,2025-04-14
u019621,retargeting,2025-04-10
u019622,retargeting,2025-04-04
u019623,retargeting,2025-04-05
u019624,retargeting,2025-04-07
u019625,retargeting,2025-04-20
u019626,retargeting,2025-04-14
u019627,retargeting,2025-04-21
u019628,retargeting,2025-04-09
u019629,retargeting,2025-04-08
u019630,retargeting,2025-04-16
u019631,retargeting,2025-04-16
u019632,retargeting,2025-04-13
u019633,retargeting,2025-04-18
u019634,retargeting,2025-04-10
u019635,retargeting,2025-04-18
u019636,retargeting,2025-04-25
u019637,retargeting,2025-04-16
u019638,retargeting,2025-04-24
u019639,retargeting,2025-04-21
u019640,retargeting,2025-04-09
u019641,retargeting,2025-04-12
u019642,retargeting,2025-04-18
u019643,retargeting,2025-04-14
u019644,retargeting,2025-04-05
u019645,retargeting,2025-04-30
u019646,retargeting,2025-04-03
u019647,retargeting,2025-04-13
u019648,retargeting,2025-04-29
u019649,retargeting,2025-04-29
u019650,retargeting,2025-04-29
u019651,retargeting,2025-04-17
u019652,retargeting,2025-04-07
u019653,retargeting,2025-04-23
u019654,retargeting,2025-04-25
u019655,retargeting,2025-04-15
u019656,retargeting,2025-04-24
u019657,retargeting,2025-04-20
u019658,retargeting,2025-04-06
u019659,retargeting,2025-04-28
u019660,retargeting,2025-04-17
u019661,retargeting,2025-04-16
u019662,retargeting,2025-04-28
u019663,retargeting,2025-04-05
u019664,retargeting,2025-04-05
u019665,retargeting,2025-04-29
u019666,retargeting,2025-04-12
u019667,retargeting,2025-04-11
u019668,retargeting,2025-04-25
u019669,retargeting,2025-04-26
u019670,retargeting,2025-04-17
u019671,retargeting,2025-04-15
u019672,retargeting,2025-04-10
u019673,retargeting,2025-04-14
u019674,retargeting,2025-04-24
u019675,retargeting,2025-04-25
u019676,retargeting,2025-04-12
u019677,retargeting,2025-04-03
u019678,retargeting,2025-04-30
u019679,retargeting,2025-04-29
u019680,retargeting,2025-04-15
u019681,retargeting,2025-04-25
u019682,retargeting,2025-04-28
u019683,retargeting,2025-04-18
u019684,retargeting,2025-04-13
u019685,retargeting,2025-04-27
u019686,retargeting,2025-04-08
u019687,retargeting,2025-04-22
u019688,retargeting,2025-04-14
u019689,retargeting,2025-04-18
u019690,retargeting,2025-04-22
u019691,retargeting,2025-04-30
u019692,retargeting,2025-04-23
u019693,retargeting,2025-04-19
u019694,retargeting,2025-04-27
u019695,retargeting,2025-04-21
u019696,retargeting,2025-04-19
u019697,retargeting,2025-04-24
u019698,retargeting,2025-04-13
u019699,retargeting,2025-04-15
u019700,retargeting,2025-04-24
u019701,retargeting,2025-04-17
u019702,retargeting,2025-04-21
u019703,retargeting,2025-04-24
u019704,retargeting,2025-04-28
u019705,retargeting,2025-04-24
u019706,retargeting,2025-04-30
u019707,retargeting,2025-04-26
u019708,retargeting,2025-04-14
u019709,retargeting,2025-04-20
u019710,retargeting,2025-04-03
u019711,retargeting,2025-04-27
u019712,retargeting,2025-04-21
u019713,retargeting,2025-04-05
u019714,retargeting,2025-04-13
u019715,retargeting,2025-04-02
u019716,retargeting,2025-04-16
u019717,retargeting,2025-04-27
u019718,retargeting,2025-04-14
u019719,retargeting,2025-04-03
u019720,retargeting,2025-04-30
u019721,retargeting,2025-04-14
u019722,retargeting,2025-04-06
u019723,retargeting,2025-04-26
u019724,retargeting,2025-04-01
u019725,retargeting,2025-04-01
u019726,retargeting,2025-04-11
u019727,retargeting,2025-04-27
u019728,retargeting,2025-04-28
u019729,retargeting,2025-04-08
u019730,retargeting,2025-04-04
u019731,retargeting,2025-04-13
u019732,retargeting,2025-04-09
u019733,retargeting,2025-04-17
u019734,retargeting,2025-04-04
u019735,retargeting,2025-04-03
u019736,retargeting,2025-04-07
u019737,retargeting,2025-04-28
u019738,retargeting,2025-04-11
u019739,retargeting,2025-04-27
u019740,retargeting,2025-04-09
u019741,retargeting,2025-04-20
u019742,retargeting,2025-04-06
u019743,retargeting,2025-04-03
u019744,retargeting,2025-04-23
u019745,retargeting,2025-04-13
u019746,retargeting,2025-04-12
u019747,retargeting,2025-04-23
u019748,retargeting,2025-04-14
u019749,retargeting,2025-04-30
u019750,retargeting,2025-04-23
u019751,retargeting,2025-04-07
u019752,retargeting,2025-04-12
u019753,retargeting,2025-04-12
u019754,retargeting,2025-04-09
u019755,retargeting,2025-04-01
u019756,retargeting,2025-04-14
u019757,retargeting,2025-04-10
u019758,retargeting,2025-04-03
u019759,retargeting,2025-04-23
u019760,retargeting,2025-04-30
u019761,retargeting,2025-04-14
u019762,retargeting,2025-04-30
u019763,retargeting,2025-04-25
u019764,retargeting,2025-04-14
u019765,retargeting,2025-04-26
u019766,retargeting,2025-04-01
u019767,retargeting,2025-04-19
u019768,retargeting,2025-04-10
u019769,retargeting,2025-04-08
u019770,retargeting,2025-04-10
u019771,retargeting,2025-04-15
u019772,retargeting,2025-04-08
u019773,retargeting,2025-04-15
u019774,retargeting,2025-04-14
u019775,retargeting,2025-04-11
u019776,retargeting,2025-04-18
u019777,retargeting,2025-04-25
u019778,retargeting,2025-04-04
u019779,retargeting,2025-04-03
u019780,retargeting,2025-04-29
u019781,retargeting,2025-04-13
u019782,retargeting,2025-04-17
u019783,retargeting,2025-04-21
u019784,retargeting,2025-04-12
u019785,retargeting,2025-04-13
u019786,retargeting,2025-04-10
u019787,retargeting,2025-04-10
u019788,retargeting,2025-04-17
u019789,brand,2025-04-11
u019790,brand,2025-04-24
u019791,brand,2025-04-06
u019792,brand,2025-04-14
u019793,brand,2025-04-15
u019794,brand,2025-04-26
u019795,brand,2025-04-01
u019796,brand,2025-04-20
u019797,brand,2025-04-29
u019798,brand,2025-04-21
u019799,brand,2025-04-03
u019800,brand,2025-04-15
u019801,brand,2025-04-02
u019802,brand,2025-04-11
u019803,brand,2025-04-06
u019804,brand,2025-04-26
u019805,brand,2025-04-03
u019806,brand,2025-04-27
u019807,brand,2025-04-03
u019808,brand,2025-04-24
u019809,brand,2025-04-20
u019810,brand,2025-04-06
u019811,brand,2025-04-29
u019812,brand,2025-04-22
u019813,brand,2025-04-15
u019814,brand,2025-04-20
u019815,brand,2025-04-17
u019816,brand,2025-04-04
u019817,brand,2025-04-07
u019818,brand,2025-04-01
u019819,brand,2025-04-28
u019820,brand,2025-04-21
u019821,brand,2025-04-09
u019822,brand,2025-04-24
u019823,brand,2025-04-09
u019824,brand,2025-04-04
u019825,brand,2025-04-21
u019826,brand,2025-04-18
u019827,brand,2025-04-13
u019828,brand,2025-04-21
u019829,brand,2025-04-23
u019830,brand,2025-04-24
u019831,brand,2025-04-06
u019832,brand,2025-04-02
u019833,brand,2025-04-12
u019834,brand,2025-04-15
u019835,brand,2025-04-06
u019836,brand,2025-04-19
u019837,brand,2025-04-26
u019838,brand,2025-04-04
u019839,brand,2025-04-05
u019840,brand,2025-04-27
u019841,brand,2025-04-13
u019842,brand,2025-04-15
u019843,brand,2025-04-20
u019844,brand,2025-04-03
u019845,brand,2025-04-19
u019846,brand,2025-04-07
u019847,brand,2025-04-15
u019848,brand,2025-04-07
u019849,brand,2025-04-29
u019850,brand,2025-04-19
u019851,brand,2025-04-24
u019852,brand,2025-04-13
u019853,brand,2025-04-28
u019854,brand,2025-04-15
u019855,brand,2025-04-09
u019856,brand,2025-04-20
u019857,brand,2025-04-15
u019858,brand,2025-04-09
u019859,brand,2025-04-14
u019860,brand,2025-04-16
u019861,brand,2025-04-21
u019862,brand,2025-04-27
u019863,brand,2025-04-20
u019864,brand,2025-04-01
u019865,brand,2025-04-30
u019866,brand,2025-04-21
u019867,brand,2025-04-26
u019868,brand,2025-04-28
u019869,brand,2025-04-28
u019870,brand,2025-04-21
u019871,brand,2025-04-03
u019872,brand,2025-04-04
u019873,brand,2025-04-30
u019874,brand,2025-04-04
u019875,brand,2025-04-24
u019876,brand,2025-04-30
u019877,brand,2025-04-02
u019878,brand,2025-04-02
u019879,brand,2025-04-17
u019880,brand,2025-04-04
u019881,brand,2025-04-24
u019882,brand,2025-04-04
u019883,brand,2025-04-16
u019884,brand,2025-04-12
u019885,brand,2025-04-17
u019886,brand,2025-04-16
u019887,brand,2025-04-24
u019888,brand,2025-04-20
u019889,brand,2025-04-29
u019890,brand,2025-04-30
u019891,brand,2025-04-03
u019892,brand,2025-04-04
u019893,brand,2025-04-05
u019894,brand,2025-04-15
u019895,brand,2025-04-17
u019896,brand,2025-04-07
u019897,brand,2025-04-12
u019898,brand,2025-04-06
u019899,brand,2025-04-25
u019900,brand,2025-04-26
u019901,brand,2025-04-01
u019902,brand,2025-04-10
u019903,brand,2025-04-16
u019904,brand,2025-04-26
u019905,brand,2025-04-14
u019906,brand,2025-04-26
u019907,brand,2025-04-09
u019908,brand,2025-04-23
u019909,brand,2025-04-15
u019910,brand,2025-04-15
u019911,brand,2025-04-20
u019912,brand,2025-04-02
u019913,brand,2025-04-12
u019914,brand,2025-04-23
u019915,brand,2025-04-27
u019916,brand,2025-04-25
u019917,brand,2025-04-06
u019918,brand,2025-04-10
u019919,brand,2025-04-13
u019920,brand,2025-04-29
u019921,brand,2025-04-29
u019922,brand,2025-04-05
u019923,brand,2025-04-08
u019924,brand,2025-04-20
u019925,brand,2025-04-14
u019926,brand,2025-04-19
u019927,brand,2025-04-26
u019928,brand,2025-04-09
u019929,brand,2025-04-15
u019930,brand,2025-04-14
u019931,brand,2025-04-05
u019932,brand,2025-04-12
u019933,brand,2025-04-13
u019934,brand,2025-04-07
u019935,brand,2025-04-26
u019936,brand,2025-04-23
u019937,brand,2025-04-01
u019938,brand,2025-04-23
u019939,brand,2025-04-08
u019940,brand,2025-04-20
u019941,brand,2025-04-22
u019942,brand,2025-04-21
u019943,brand,2025-04-28
u019944,brand,2025-04-22
u019945,brand,2025-04-08
u019946,brand,2025-04-05
u019947,brand,2025-04-19
u019948,brand,2025-04-07
u019949,brand,2025-04-11
u019950,brand,2025-04-28
u019951,brand,2025-04-25
u019952,brand,2025-04-07
u019953,brand,2025-04-04
u019954,brand,2025-04-16
u019955,brand,2025-04-12
u019956,brand,2025-04-12
u019957,brand,2025-04-02
u019958,brand,2025-04-13
u019959,brand,2025-04-01
u019960,brand,2025-04-15
u019961,brand,2025-04-27
u019962,brand,2025-04-27
u019963,brand,2025-04-15
u019964,brand,2025-04-30
u019965,brand,2025-04-08
u019966,brand,2025-04-17
u019967,brand,2025-04-21
u019968,brand,2025-04-11
u019969,brand,2025-04-10
u019970,brand,2025-04-14
u019971,brand,2025-04-25
u019972,brand,2025-04-10
u019973,brand,2025-04-27
u019974,brand,2025-04-25
u019975,brand,2025-04-26
u019976,brand,2025-04-29
u019977,brand,2025-04-11
u019978,brand,2025-04-19
u019979,brand,2025-04-10
u019980,brand,2025-04-14
u019981,brand,2025-04-10
u019982,brand,2025-04-27
u019983,brand,2025-04-25
u019984,brand,2025-04-19
u019985,brand,2025-04-30
u019986,brand,2025-04-20
u019987,brand,2025-04-29
u019988,brand,2025-04-26
u019989,brand,2025-04-02
u019990,brand,2025-04-20
u019991,brand,2025-04-21
u019992,brand,2025-04-16
u019993,brand,2025-04-08
u019994,brand,2025-04-19
u019995,brand,2025-04-18
u019996,brand,2025-04-14
u019997,brand,2025-04-25
u019998,brand,2025-04-26
u019999,brand,2025-04-18
u020000,brand,2025-04-13
u020001,brand,2025-04-26
u020002,brand,2025-04-27
u020003,brand,2025-04-29
u020004,brand,2025-04-08
u020005,brand,2025-04-04
u020006,brand,2025-04-24
u020007,brand,2025-04-30
u020008,brand,2025-04-21
u020009,brand,2025-04-02
u020010,brand,2025-04-29
u020011,brand,2025-04-09
u020012,brand,2025-04-04
u020013,brand,2025-04-28
u020014,brand,2025-04-02
u020015,brand,2025-04-02
u020016,brand,2025-04-27
u020017,brand,2025-04-16
u020018,brand,2025-04-05
u020019,brand,2025-04-11
u020020,brand,2025-04-01
u020021,brand,2025-04-13
u020022,brand,2025-04-21
u020023,brand,2025-04-24
u020024,brand,2025-04-18
u020025,brand,2025-04-06
u020026,brand,2025-04-07
u020027,brand,2025-04-22
u020028,brand,2025-04-10
u020029,brand,2025-04-01
u020030,brand,2025-04-19
u020031,brand,2025-04-01
u020032,brand,2025-04-01
u020033,brand,2025-04-06
u020034,brand,2025-04-16
u020035,brand,2025-04-11
u020036,brand,2025-04-15
u020037,brand,2025-04-07
u020038,brand,2025-04-20
u020039,brand,2025-04-21
u020040,brand,2025-04-30
u020041,brand,2025-04-13
u020042,brand,2025-04-05
u020043,brand,2025-04-18
u020044,brand,2025-04-10
u020045,brand,2025-04-07
u020046,brand,2025-04-27
u020047,brand,2025-04-21
u020048,brand,2025-04-11
u020049,brand,2025-04-27
u020050,brand,2025-04-13
u020051,brand,2025-04-08
u020052,brand,2025-04-15
u020053,brand,2025-04-01
u020054,brand,2025-04-03
u020055,brand,2025-04-10
u020056,brand,2025-04-19
u020057,brand,2025-04-13
u020058,brand,2025-04-23
u020059,brand,2025-04-21
u020060,brand,2025-04-29
u020061,brand,2025-04-07
u020062,brand,2025-04-11
u020063,brand,2025-04-07
u020064,brand,2025-04-30
u020065,brand,2025-04-14
u020066,brand,2025-04-17
u020067,brand,2025-04-17
u020068,brand,2025-04-20
u020069,brand,2025-04-18
u020070,brand,2025-04-23
u020071,brand,2025-04-14
u020072,brand,2025-04-11
u020073,brand,2025-04-11
u020074,brand,2025-04-24
u020075,brand,2025-04-24
u020076,brand,2025-04-21
u020077,brand,2025-04-29
u020078,brand,2025-04-15
u020079,brand,2025-04-02
u020080,brand,2025-04-30
u020081,brand,2025-04-12
u020082,brand,2025-04-19
u020083,brand,2025-04-19
u020084,brand,2025-04-09
u020085,brand,2025-04-10
u020086,brand,2025-04-10
u020087,brand,2025-04-01
u020088,brand,2025-04-08
u020089,brand,2025-04-28
u020090,brand,2025-04-06
u020091,brand,2025-04-09
u020092,brand,2025-04-05
u020093,brand,2025-04-02
u020094,brand,2025-04-18
u020095,brand,2025-04-20
u020096,brand,2025-04-23
u020097,brand,2025-04-10
u020098,brand,2025-04-10
u020099,brand,2025-04-23
u020100,brand,2025-04-03
u020101,brand,2025-04-13
u020102,brand,2025-04-05
u020103,brand,2025-04-14
u020104,brand,2025-04-08
u020105,brand,2025-04-15
u020106,brand,2025-04-01
u020107,brand,2025-04-11
u020108,brand,2025-04-04
u020109,brand,2025-04-04
u020110,brand,2025-04-25
u020111,brand,2025-04-19
u020112,brand,2025-04-11
u020113,brand,2025-04-11
u020114,brand,2025-04-22
u020115,brand,2025-04-17
u020116,brand,2025-04-26
u020117,brand,2025-04-03
u020118,brand,2025-04-18
u020119,brand,2025-04-04
u020120,brand,2025-04-07
u020121,brand,2025-04-29
u020122,brand,2025-04-12
u020123,brand,2025-04-17
u020124,brand,2025-04-07
u020125,brand,2025-04-23
u020126,brand,2025-04-23
u020127,brand,2025-04-16
u020128,brand,2025-04-05
u020129,brand,2025-04-24
u020130,brand,2025-04-07
u020131,brand,2025-04-08
u020132,brand,2025-04-19
u020133,brand,2025-04-19
u020134,brand,2025-04-10
u020135,brand,2025-04-14
u020136,brand,2025-04-17
u020137,brand,2025-04-11
u020138,brand,2025-04-17
u020139,brand,2025-04-22
u020140,brand,2025-04-20
u020141,brand,2025-04-24
u020142,brand,2025-04-02
u020143,brand,2025-04-04
u020144,brand,2025-04-16
u020145,brand,2025-04-13
u020146,brand,2025-04-27
u020147,brand,2025-04-05
u020148,brand,2025-04-29
u020149,brand,2025-04-03
u020150,brand,2025-04-14
u020151,brand,2025-04-01
u020152,brand,2025-04-13
u020153,brand,2025-04-16
u020154,brand,2025-04-02
u020155,brand,2025-04-20
u020156,brand,2025-04-13
u020157,brand,2025-04-03
u020158,brand,2025-04-17
u020159,brand,2025-04-09
u020160,brand,2025-04-05
u020161,brand,2025-04-18
u020162,brand,2025-04-15
u020163,brand,2025-04-08
u020164,brand,2025-04-01
u020165,brand,2025-04-27
u020166,brand,2025-04-18
u020167,brand,2025-04-28
u020168,brand,2025-04-02
u020169,brand,2025-04-22
u020170,brand,2025-04-10
u020171,brand,2025-04-01
u020172,brand,2025-04-21
u020173,brand,2025-04-19
u020174,brand,2025-04-07
u020175,brand,2025-04-27
u020176,brand,2025-04-14
u020177,brand,2025-04-23
u020178,brand,2025-04-14
u020179,brand,2025-04-06
u020180,brand,2025-04-20
u020181,brand,2025-04-02
u020182,brand,2025-04-02
u020183,brand,2025-04-20
u020184,brand,2025-04-19
u020185,brand,2025-04-02
u020186,brand,2025-04-28
u020187,brand,2025-04-02
u020188,brand,2025-04-15
u020189,brand,2025-04-23
u020190,brand,2025-04-08
u020191,brand,2025-04-01
u020192,brand,2025-04-26
u020193,brand,2025-04-20
u020194,brand,2025-04-16
u020195,brand,2025-04-19
u020196,brand,2025-04-28
u020197,brand,2025-04-29
u020198,brand,2025-04-13
u020199,brand,2025-04-05
u020200,brand,2025-04-23
u020201,brand,2025-04-30
u020202,brand,2025-04-18
u020203,brand,2025-04-25
u020204,brand,2025-04-08
u020205,brand,2025-04-16
u020206,brand,2025-04-18
u020207,brand,2025-04-08
u020208,brand,2025-04-02
u020209,brand,2025-04-21
u020210,brand,2025-04-17
u020211,brand,2025-04-09
u020212,brand,2025-04-03
u020213,brand,2025-04-15
u020214,brand,2025-04-28
u020215,brand,2025-04-13
u020216,brand,2025-04-20
u020217,brand,2025-04-09
u020218,brand,2025-04-07
u020219,brand,2025-04-01
u020220,brand,2025-04-25
u020221,brand,2025-04-01
u020222,brand,2025-04-01
u020223,brand,2025-04-24
u020224,brand,2025-04-20
u020225,brand,2025-04-16
u020226,brand,2025-04-17
u020227,brand,2025-04-30
u020228,brand,2025-04-30
u020229,brand,2025-04-15
u020230,brand,2025-04-17
u020231,brand,2025-04-12
u020232,brand,2025-04-08
u020233,brand,2025-04-28
u020234,brand,2025-04-24
u020235,brand,2025-04-07
u020236,brand,2025-04-06
u020237,brand,2025-04-20
u020238,brand,2025-04-26
u020239,brand,2025-04-15
u020240,brand,2025-04-23
u020241,brand,2025-04-20
u020242,brand,2025-04-13
u020243,brand,2025-04-13
u020244,brand,2025-04-15
u020245,brand,2025-04-05
u020246,brand,2025-04-18
u020247,brand,2025-04-20
u020248,brand,2025-04-28
u020249,brand,2025-04-24
u020250,brand,2025-04-09
u020251,brand,2025-04-02
u020252,brand,2025-04-01
u020253,brand,2025-04-04
u020254,brand,2025-04-10
u020255,brand,2025-04-13
u020256,brand,2025-04-01
u020257,brand,2025-04-20
u020258,brand,2025-04-09
u020259,brand,2025-04-15
u020260,brand,2025-04-15
u020261,brand,2025-04-10
u020262,brand,2025-04-30
u020263,brand,2025-04-22
u020264,brand,2025-04-07
u020265,brand,2025-04-25
u020266,brand,2025-04-14
u020267,brand,2025-04-19
u020268,brand,2025-04-06
u020269,brand,2025-04-19
u020270,brand,2025-04-22
u020271,brand,2025-04-05
u020272,brand,2025-04-02
u020273,brand,2025-04-14
u020274,brand,2025-04-29
u020275,brand,2025-04-01
u020276,brand,2025-04-22
u020277,brand,2025-04-10
u020278,brand,2025-04-03
u020279,brand,2025-04-07
u020280,brand,2025-04-18
u020281,brand,2025-04-11
u020282,brand,2025-04-23
u020283,brand,2025-04-30
u020284,brand,2025-04-13
u020285,brand,2025-04-01
u020286,brand,2025-04-01
u020287,brand,2025-04-06
u020288,brand,2025-04-26
u020289,brand,2025-04-26
u020290,brand,2025-04-28
u020291,brand,2025-04-13
u020292,brand,2025-04-05
u020293,brand,2025-04-30
u020294,brand,2025-04-13
u020295,brand,2025-04-03
u020296,brand,2025-04-08
u020297,brand,2025-04-15
u020298,brand,2025-04-07
u020299,brand,2025-04-02
u020300,brand,2025-04-15
u020301,brand,2025-04-14
u020302,brand,2025-04-04
u020303,brand,2025-04-15
u020304,brand,2025-04-14
u020305,brand,2025-04-22
u020306,brand,2025-04-10
u020307,brand,2025-04-13
u020308,brand,2025-04-23
u020309,brand,2025-04-24
u020310,brand,2025-04-08
u020311,brand,2025-04-29
u020312,brand,2025-04-06
u020313,brand,2025-04-15
u020314,brand,2025-04-22
u020315,brand,2025-04-22
u020316,brand,2025-04-27
u020317,brand,2025-04-28
u020318,brand,2025-04-01
u020319,brand,2025-04-14
u020320,brand,2025-04-12
u020321,brand,2025-04-16
u020322,brand,2025-04-14
u020323,brand,2025-04-30
u020324,brand,2025-04-17
u020325,brand,2025-04-17
u020326,brand,2025-04-30
u020327,brand,2025-04-22
u020328,brand,2025-04-17
u020329,brand,2025-04-09
u020330,brand,2025-04-28
u020331,brand,2025-04-24
u020332,brand,2025-04-02
u020333,brand,2025-04-12
u020334,brand,2025-04-15
u020335,brand,2025-04-23
u020336,brand,2025-04-01
u020337,brand,2025-04-16
u020338,brand,2025-04-22
u020339,brand,2025-04-30
u020340,brand,2025-04-02
u020341,brand,2025-04-28
u020342,brand,2025-04-22
u020343,brand,2025-04-15
u020344,brand,2025-04-23
u020345,brand,2025-04-05
u020346,brand,2025-04-21
u020347,brand,2025-04-09
u020348,brand,2025-04-16
u020349,brand,2025-04-17
u020350,brand,2025-04-03
u020351,brand,2025-04-15
u020352,brand,2025-04-22
u020353,brand,2025-04-12
u020354,brand,2025-04-12
u020355,brand,2025-04-05
u020356,brand,2025-04-04
u020357,brand,2025-04-07
u020358,brand,2025-04-13
u020359,brand,2025-04-02
u020360,brand,2025-04-21
u020361,brand,2025-04-29
u020362,brand,2025-04-13
u020363,brand,2025-04-10
u020364,brand,2025-04-15
u020365,brand,2025-04-20
u020366,brand,2025-04-23
u020367,brand,2025-04-24
u020368,brand,2025-04-10
u020369,brand,2025-04-02
u020370,brand,2025-04-08
u020371,brand,2025-04-09
u020372,brand,2025-04-05
u020373,brand,2025-04-12
u020374,brand,2025-04-08
u020375,brand,2025-04-25
u020376,brand,2025-04-23
u020377,brand,2025-04-19
u020378,brand,2025-04-12
u020379,brand,2025-04-04
u020380,brand,2025-04-02
u020381,brand,2025-04-07
u020382,brand,2025-04-26
u020383,brand,2025-04-08
u020384,brand,2025-04-09
u020385,brand,2025-04-04
u020386,brand,2025-04-07
u020387,brand,2025-04-21
u020388,brand,2025-04-09
u020389,brand,2025-04-23
u020390,brand,2025-04-13
u020391,brand,2025-04-23
u020392,brand,2025-04-20
u020393,brand,2025-04-24
u020394,brand,2025-04-07
u020395,brand,2025-04-21
u020396,brand,2025-04-19
u020397,brand,2025-04-07
u020398,brand,2025-04-05
u020399,brand,2025-04-16
u020400,brand,2025-04-02
u020401,brand,2025-04-29
u020402,brand,2025-04-06
u020403,brand,2025-04-09
u020404,brand,2025-04-04
u020405,brand,2025-04-19
u020406,brand,2025-04-30
u020407,brand,2025-04-18
u020408,brand,2025-04-10
u020409,brand,2025-04-22
u020410,brand,2025-04-22
u020411,brand,2025-04-08
u020412,brand,2025-04-16
u020413,brand,2025-04-05
u020414,brand,2025-04-26
u020415,brand,2025-04-07
u020416,brand,2025-04-22
u020417,brand,2025-04-25
u020418,brand,2025-04-17
u020419,brand,2025-04-08
u020420,brand,2025-04-17
u020421,brand,2025-04-12
u020422,brand,2025-04-14
u020423,brand,2025-04-20
u020424,brand,2025-04-24
u020425,brand,2025-04-09
u020426,brand,2025-04-23
u020427,brand,2025-04-06
u020428,brand,2025-04-02
u020429,brand,2025-04-20
u020430,brand,2025-04-30
u020431,brand,2025-04-30
u020432,brand,2025-04-25
u020433,brand,2025-04-18
u020434,brand,2025-04-04
u020435,brand,2025-04-24
u020436,brand,2025-04-28
u020437,brand,2025-04-14
u020438,brand,2025-04-07
u020439,brand,2025-04-18
u020440,brand,2025-04-13
u020441,brand,2025-04-18
u020442,brand,2025-04-27
u020443,brand,2025-04-18
u020444,brand,2025-04-23
u020445,brand,2025-04-18
u020446,brand,2025-04-18
u020447,brand,2025-04-19
u020448,brand,2025-04-10
u020449,brand,2025-04-28
u020450,brand,2025-04-24
u020451,brand,2025-04-05
u020452,brand,2025-04-18
u020453,brand,2025-04-19
u020454,brand,2025-04-24
u020455,brand,2025-04-25
u020456,brand,2025-04-02
u020457,brand,2025-04-19
u020458,brand,2025-04-16
u020459,brand,2025-04-25
u020460,brand,2025-04-29
u020461,brand,2025-04-15
u020462,brand,2025-04-06
u020463,brand,2025-04-30
u020464,brand,2025-04-28
u020465,brand,2025-04-22
u020466,brand,2025-04-27
u020467,brand,2025-04-29
u020468,brand,2025-04-27
u020469,brand,2025-04-04
u020470,brand,2025-04-16
u020471,brand,2025-04-03
u020472,brand,2025-04-21
u020473,brand,2025-04-23
u020474,brand,2025-04-26
u020475,brand,2025-04-17
u020476,brand,2025-04-29
u020477,brand,2025-04-29
u020478,brand,2025-04-23
u020479,brand,2025-04-11
u020480,brand,2025-04-14
u020481,brand,2025-04-16
u020482,brand,2025-04-05
u020483,brand,2025-04-28
u020484,brand,2025-04-27
u020485,brand,2025-04-12
u020486,brand,2025-04-07
u020487,brand,2025-04-20
u020488,brand,2025-04-10
u020489,brand,2025-04-19
u020490,brand,2025-04-09
u020491,brand,2025-04-18
u020492,brand,2025-04-13
u020493,brand,2025-04-18
u020494,brand,2025-04-25
u020495,brand,2025-04-10
u020496,brand,2025-04-15
u020497,brand,2025-04-21
u020498,brand,2025-04-19
u020499,brand,2025-04-24
u020500,brand,2025-04-28
u020501,brand,2025-04-29
u020502,brand,2025-04-28
u020503,brand,2025-04-08
u020504,brand,2025-04-16
u020505,brand,2025-04-28
u020506,brand,2025-04-07
u020507,brand,2025-04-02
u020508,brand,2025-04-01
u020509,brand,2025-04-15
u020510,brand,2025-04-06
u020511,brand,2025-04-18
u020512,brand,2025-04-07
u020513,brand,2025-04-10
u020514,brand,2025-04-26
u020515,brand,2025-04-26
u020516,brand,2025-04-27
u020517,brand,2025-04-04
u020518,brand,2025-04-25
u020519,brand,2025-04-03
u020520,brand,2025-04-19
u020521,brand,2025-04-09
u020522,brand,2025-04-28
u020523,brand,2025-04-02
u020524,brand,2025-04-25
u020525,brand,2025-04-03
u020526,brand,2025-04-13
u020527,brand,2025-04-14
u020528,brand,2025-04-27
u020529,brand,2025-04-24
u020530,brand,2025-04-24
u020531,brand,2025-04-12
u020532,brand,2025-04-08
u020533,brand,2025-04-01
u020534,brand,2025-04-24
u020535,brand,2025-04-13
u020536,brand,2025-04-23
u020537,brand,2025-04-05
u020538,brand,2025-04-02
u020539,organic,2025-04-05
u020540,organic,2025-04-18
u020541,organic,2025-04-16
u020542,organic,2025-04-27
u020543,organic,2025-04-20
u020544,organic,2025-04-15
u020545,organic,2025-04-08
u020546,organic,2025-04-26
u020547,organic,2025-04-10
u020548,organic,2025-04-15
u020549,organic,2025-04-25
u020550,organic,2025-04-30
u020551,organic,2025-04-15
u020552,organic,2025-04-29
u020553,organic,2025-04-22
u020554,organic,2025-04-19
u020555,organic,2025-04-22
u020556,organic,2025-04-08
u020557,organic,2025-04-19
u020558,organic,2025-04-07
u020559,organic,2025-04-02
u020560,organic,2025-04-27
u020561,organic,2025-04-20
u020562,organic,2025-04-23
u020563,organic,2025-04-29
u020564,organic,2025-04-10
u020565,organic,2025-04-06
u020566,organic,2025-04-07
u020567,organic,2025-04-09
u020568,organic,2025-04-10
u020569,organic,2025-04-17
u020570,organic,2025-04-28
u020571,organic,2025-04-18
u020572,organic,2025-04-24
u020573,organic,2025-04-14
u020574,organic,2025-04-13
u020575,organic,2025-04-17
u020576,organic,2025-04-01
u020577,organic,2025-04-27
u020578,organic,2025-04-03
u020579,organic,2025-04-13
u020580,organic,2025-04-24
u020581,organic,2025-04-07
u020582,organic,2025-04-11
u020583,organic,2025-04-25
u020584,organic,2025-04-12
u020585,organic,2025-04-30
u020586,organic,2025-04-17
u020587,organic,2025-04-12
u020588,organic,2025-04-19
u020589,organic,2025-04-03
u020590,organic,2025-04-15
u020591,organic,2025-04-16
u020592,organic,2025-04-08
u020593,organic,2025-04-11
u020594,organic,2025-04-28
u020595,organic,2025-04-07
u020596,organic,2025-04-07
u020597,organic,2025-04-14
u020598,organic,2025-04-12
u020599,organic,2025-04-20
u020600,organic,2025-04-01
u020601,organic,2025-04-20
u020602,organic,2025-04-20
u020603,organic,2025-04-15
u020604,organic,2025-04-28
u020605,organic,2025-04-28
u020606,organic,2025-04-07
u020607,organic,2025-04-10
u020608,organic,2025-04-14
u020609,organic,2025-04-30
u020610,organic,2025-04-29
u020611,organic,2025-04-20
u020612,organic,2025-04-07
u020613,organic,2025-04-25
u020614,organic,2025-04-26
u020615,organic,2025-04-21
u020616,organic,2025-04-01
u020617,organic,2025-04-19
u020618,organic,2025-04-15
u020619,organic,2025-04-25
u020620,organic,2025-04-03
u020621,organic,2025-04-18
u020622,organic,2025-04-06
u020623,organic,2025-04-08
u020624,organic,2025-04-14
u020625,organic,2025-04-25
u020626,organic,2025-04-27
u020627,organic,2025-04-04
u020628,organic,2025-04-26
u020629,organic,2025-04-08
u020630,organic,2025-04-02
u020631,organic,2025-04-05
u020632,organic,2025-04-23
u020633,organic,2025-04-29
u020634,organic,2025-04-27
u020635,organic,2025-04-19
u020636,organic,2025-04-12
u020637,organic,2025-04-27
u020638,organic,2025-04-04
u020639,organic,2025-04-24
u020640,organic,2025-04-16
u020641,organic,2025-04-19
u020642,organic,2025-04-23
u020643,organic,2025-04-24
u020644,organic,2025-04-29
u020645,organic,2025-04-06
u020646,organic,2025-04-25
u020647,organic,2025-04-08
u020648,organic,2025-04-04
u020649,organic,2025-04-19
u020650,organic,2025-04-17
u020651,organic,2025-04-21
u020652,organic,2025-04-18
u020653,organic,2025-04-09
u020654,organic,2025-04-06
u020655,organic,2025-04-23
u020656,organic,2025-04-24
u020657,organic,2025-04-30
u020658,organic,2025-04-24
u020659,organic,2025-04-22
u020660,organic,2025-04-06
u020661,organic,2025-04-19
u020662,organic,2025-04-18
u020663,organic,2025-04-21
u020664,organic,2025-04-09
u020665,organic,2025-04-17
u020666,organic,2025-04-29
u020667,organic,2025-04-16
u020668,organic,2025-04-17
u020669,organic,2025-04-26
u020670,organic,2025-04-25
u020671,organic,2025-04-18
u020672,organic,2025-04-26
u020673,organic,2025-04-07
u020674,organic,2025-04-14
u020675,organic,2025-04-02
u020676,organic,2025-04-23
u020677,organic,2025-04-01
u020678,organic,2025-04-10
u020679,organic,2025-04-17
u020680,organic,2025-04-25
u020681,organic,2025-04-28
u020682,organic,2025-04-20
u020683,organic,2025-04-23
u020684,organic,2025-04-08
u020685,organic,2025-04-16
u020686,organic,2025-04-25
u020687,organic,2025-04-15
u020688,organic,2025-04-21
u020689,organic,2025-04-08
u020690,organic,2025-04-13
u020691,organic,2025-04-30
u020692,organic,2025-04-15
u020693,organic,2025-04-04
u020694,organic,2025-04-03
u020695,organic,2025-04-06
u020696,organic,2025-04-02
u020697,organic,2025-04-28
u020698,organic,2025-04-28
u020699,organic,2025-04-17
u020700,organic,2025-04-15
u020701,organic,2025-04-20
u020702,organic,2025-04-12
u020703,organic,2025-04-06
u020704,organic,2025-04-15
u020705,organic,2025-04-19
u020706,organic,2025-04-17
u020707,organic,2025-04-23
u020708,organic,2025-04-25
u020709,organic,2025-04-04
u020710,organic,2025-04-16
u020711,organic,2025-04-01
u020712,organic,2025-04-24
u020713,organic,2025-04-19
u020714,organic,2025-04-05
u020715,organic,2025-04-10
u020716,organic,2025-04-25
u020717,organic,2025-04-28
u020718,organic,2025-04-17
u020719,organic,2025-04-22
u020720,organic,2025-04-21
u020721,organic,2025-04-16
u020722,organic,2025-04-05
u020723,organic,2025-04-11
u020724,organic,2025-04-20
u020725,organic,2025-04-20
u020726,organic,2025-04-15
u020727,organic,2025-04-04
u020728,organic,2025-04-17
u020729,organic,2025-04-25
u020730,organic,2025-04-22
u020731,organic,2025-04-11
u020732,organic,2025-04-17
u020733,organic,2025-04-17
u020734,organic,2025-04-25
u020735,organic,2025-04-02
u020736,organic,2025-04-19
u020737,organic,2025-04-03
u020738,organic,2025-04-12
u020739,organic,2025-04-29
u020740,organic,2025-04-14
u020741,organic,2025-04-07
u020742,organic,2025-04-01
u020743,organic,2025-04-30
u020744,organic,2025-04-28
u020745,organic,2025-04-25
u020746,organic,2025-04-05
u020747,organic,2025-04-24
u020748,organic,2025-04-24
u020749,organic,2025-04-13
u020750,organic,2025-04-14
u020751,organic,2025-04-30
u020752,organic,2025-04-20
u020753,organic,2025-04-13
u020754,organic,2025-04-05
u020755,organic,2025-04-14
u020756,organic,2025-04-04
u020757,organic,2025-04-20
u020758,organic,2025-04-03
u020759,organic,2025-04-11
u020760,organic,2025-04-22
u020761,organic,2025-04-26
u020762,organic,2025-04-12
u020763,organic,2025-04-09
u020764,organic,2025-04-13
u020765,organic,2025-04-13
u020766,organic,2025-04-02
u020767,organic,2025-04-13
u020768,organic,2025-04-13
u020769,organic,2025-04-15
u020770,organic,2025-04-02
u020771,organic,2025-04-13
u020772,organic,2025-04-13
u020773,organic,2025-04-26
u020774,organic,2025-04-28
u020775,organic,2025-04-30
u020776,organic,2025-04-06
u020777,organic,2025-04-15
u020778,organic,2025-04-06
u020779,organic,2025-04-28
u020780,organic,2025-04-08
u020781,organic,2025-04-11
u020782,organic,2025-04-20
u020783,organic,2025-04-13
u020784,organic,2025-04-29
u020785,organic,2025-04-07
u020786,organic,2025-04-06
u020787,organic,2025-04-10
u020788,organic,2025-04-16
u020789,organic,2025-04-21
u020790,organic,2025-04-12
u020791,organic,2025-04-02
u020792,organic,2025-04-17
u020793,organic,2025-04-13
u020794,organic,2025-04-14
u020795,organic,2025-04-10
u020796,organic,2025-04-12
u020797,organic,2025-04-24
u020798,organic,2025-04-15
u020799,organic,2025-04-17
u020800,organic,2025-04-16
u020801,organic,2025-04-02
u020802,organic,2025-04-19
u020803,organic,2025-04-07
u020804,organic,2025-04-15
u020805,organic,2025-04-04
u020806,organic,2025-04-01
u020807,organic,2025-04-15
u020808,organic,2025-04-25
u020809,organic,2025-04-13
u020810,organic,2025-04-29
u020811,organic,2025-04-30
u020812,organic,2025-04-02
u020813,organic,2025-04-26
u020814,organic,2025-04-19
u020815,organic,2025-04-27
u020816,organic,2025-04-22
u020817,organic,2025-04-02
u020818,organic,2025-04-02
u020819,organic,2025-04-24
u020820,organic,2025-04-17
u020821,organic,2025-04-22
u020822,organic,2025-04-05
u020823,organic,2025-04-09
u020824,organic,2025-04-05
u020825,organic,2025-04-29
u020826,organic,2025-04-12
u020827,organic,2025-04-30
u020828,organic,2025-04-16
u020829,organic,2025-04-01
u020830,organic,2025-04-07
u020831,organic,2025-04-01
u020832,organic,2025-04-30
u020833,organic,2025-04-23
u020834,organic,2025-04-26
u020835,organic,2025-04-25
u020836,organic,2025-04-11
u020837,organic,2025-04-23
u020838,organic,2025-04-09
u020839,organic,2025-04-08
u020840,organic,2025-04-26
u020841,organic,2025-04-28
u020842,organic,2025-04-25
u020843,organic,2025-04-27
u020844,organic,2025-04-09
u020845,organic,2025-04-25
u020846,organic,2025-04-03
u020847,organic,2025-04-15
u020848,organic,2025-04-21
u020849,organic,2025-04-27
u020850,organic,2025-04-13
u020851,organic,2025-04-19
u020852,organic,2025-04-11
u020853,organic,2025-04-10
u020854,organic,2025-04-15
u020855,organic,2025-04-09
u020856,organic,2025-04-20
u020857,organic,2025-04-23
u020858,organic,2025-04-07
u020859,organic,2025-04-25
u020860,organic,2025-04-14
u020861,organic,2025-04-19
u020862,organic,2025-04-08
u020863,organic,2025-04-06
u020864,organic,2025-04-19
u020865,organic,2025-04-09
u020866,organic,2025-04-01
u020867,organic,2025-04-29
u020868,organic,2025-04-06
u020869,organic,2025-04-01
u020870,organic,2025-04-07
u020871,organic,2025-04-12
u020872,organic,2025-04-26
u020873,organic,2025-04-05
u020874,organic,2025-04-20
u020875,organic,2025-04-13
u020876,organic,2025-04-16
u020877,organic,2025-04-04
u020878,organic,2025-04-26
u020879,organic,2025-04-05
u020880,organic,2025-04-25
u020881,organic,2025-04-28
u020882,organic,2025-04-17
u020883,organic,2025-04-03
u020884,organic,2025-04-16
u020885,organic,2025-04-20
u020886,organic,2025-04-14
u020887,organic,2025-04-25
u020888,organic,2025-04-26
u020889,organic,2025-04-12
u020890,organic,2025-04-30
u020891,organic,2025-04-01
u020892,organic,2025-04-11
u020893,organic,2025-04-28
u020894,organic,2025-04-24
u020895,organic,2025-04-24
u020896,organic,2025-04-22
u020897,organic,2025-04-20
u020898,organic,2025-04-24
u020899,organic,2025-04-01
u020900,organic,2025-04-13
u020901,organic,2025-04-20
u020902,organic,2025-04-13
u020903,organic,2025-04-25
u020904,organic,2025-04-13
u020905,organic,2025-04-24
u020906,organic,2025-04-27
u020907,organic,2025-04-24
u020908,organic,2025-04-09
u020909,organic,2025-04-11
u020910,organic,2025-04-11
u020911,organic,2025-04-19
u020912,organic,2025-04-21
u020913,organic,2025-04-13
u020914,organic,2025-04-30
u020915,organic,2025-04-14
u020916,organic,2025-04-03
u020917,organic,2025-04-15
u020918,organic,2025-04-03
u020919,organic,2025-04-03
u020920,organic,2025-04-30
u020921,organic,2025-04-20
u020922,organic,2025-04-14
u020923,organic,2025-04-27
u020924,organic,2025-04-25
u020925,organic,2025-04-12
u020926,organic,2025-04-18
u020927,organic,2025-04-09
u020928,organic,2025-04-22
u020929,organic,2025-04-21
u020930,organic,2025-04-17
u020931,organic,2025-04-14
u020932,organic,2025-04-09
u020933,organic,2025-04-24
u020934,organic,2025-04-24
u020935,organic,2025-04-12
u020936,organic,2025-04-10
u020937,organic,2025-04-19
u020938,organic,2025-04-08
u020939,organic,2025-04-10
u020940,organic,2025-04-23
u020941,organic,2025-04-03
u020942,organic,2025-04-27
u020943,organic,2025-04-19
u020944,organic,2025-04-21
u020945,organic,2025-04-19
u020946,organic,2025-04-27
u020947,organic,2025-04-04
u020948,organic,2025-04-13
u020949,organic,2025-04-09
u020950,organic,2025-04-09
u020951,organic,2025-04-15
u020952,organic,2025-04-01
u020953,organic,2025-04-03
u020954,organic,2025-04-11
u020955,organic,2025-04-20
u020956,organic,2025-04-18
u020957,organic,2025-04-14
u020958,organic,2025-04-03
u020959,organic,2025-04-16
u020960,organic,2025-04-15
u020961,organic,2025-04-06
u020962,organic,2025-04-27
u020963,organic,2025-04-03
u020964,organic,2025-04-24
u020965,organic,2025-04-21
u020966,organic,2025-04-17
u020967,organic,2025-04-04
u020968,organic,2025-04-12
u020969,organic,2025-04-16
u020970,organic,2025-04-21
u020971,organic,2025-04-14
u020972,organic,2025-04-30
u020973,organic,2025-04-24
u020974,organic,2025-04-14
u020975,organic,2025-04-15
u020976,organic,2025-04-24
u020977,organic,2025-04-01
u020978,organic,2025-04-10
u020979,organic,2025-04-09
u020980,organic,2025-04-30
u020981,organic,2025-04-03
u020982,organic,2025-04-27
u020983,organic,2025-04-06
u020984,organic,2025-04-10
u020985,organic,2025-04-04
u020986,organic,2025-04-30
u020987,organic,2025-04-18
u020988,organic,2025-04-12
u020989,organic,2025-04-04
u020990,organic,2025-04-17
u020991,organic,2025-04-10
u020992,organic,2025-04-19
u020993,organic,2025-04-20
u020994,organic,2025-04-05
u020995,organic,2025-04-18
u020996,organic,2025-04-26
u020997,organic,2025-04-15
u020998,organic,2025-04-12
u020999,organic,2025-04-12
u021000,organic,2025-04-09
u021001,organic,2025-04-16
u021002,organic,2025-04-09
u021003,organic,2025-04-23
u021004,organic,2025-04-24
u021005,organic,2025-04-19
u021006,organic,2025-04-21
u021007,organic,2025-04-22
u021008,organic,2025-04-01
u021009,organic,2025-04-15
u021010,organic,2025-04-24
u021011,organic,2025-04-01
u021012,organic,2025-04-07
u021013,organic,2025-04-15
u021014,organic,2025-04-08
u021015,organic,2025-04-13
u021016,organic,2025-04-10
u021017,organic,2025-04-27
u021018,organic,2025-04-17
u021019,organic,2025-04-12
u021020,organic,2025-04-19
u021021,organic,2025-04-02
u021022,organic,2025-04-06
u021023,organic,2025-04-30
u021024,organic,2025-04-27
u021025,organic,2025-04-07
u021026,organic,2025-04-10
u021027,organic,2025-04-07
u021028,organic,2025-04-03
u021029,organic,2025-04-24
u021030,organic,2025-04-15
u021031,organic,2025-04-02
u021032,organic,2025-04-25
u021033,organic,2025-04-16
u021034,organic,2025-04-28
u021035,organic,2025-04-28
u021036,organic,2025-04-13
u021037,organic,2025-04-24
u021038,organic,2025-04-15
u021039,organic,2025-04-14
u021040,organic,2025-04-11
u021041,organic,2025-04-13
u021042,organic,2025-04-15
u021043,organic,2025-04-13
u021044,organic,2025-04-02
u021045,organic,2025-04-26
u021046,organic,2025-04-18
u021047,organic,2025-04-24
u021048,organic,2025-04-21
u021049,organic,2025-04-29
u021050,organic,2025-04-14
u021051,organic,2025-04-20
u021052,organic,2025-04-16
u021053,organic,2025-04-28
u021054,organic,2025-04-10
u021055,organic,2025-04-12
u021056,organic,2025-04-04
u021057,organic,2025-04-21
u021058,organic,2025-04-09
u021059,organic,2025-04-14
u021060,organic,2025-04-14
u021061,organic,2025-04-16
u021062,organic,2025-04-03
u021063,organic,2025-04-21
u021064,organic,2025-04-17
u021065,organic,2025-04-09
u021066,organic,2025-04-26
u021067,organic,2025-04-15
u021068,organic,2025-04-03
u021069,organic,2025-04-09
u021070,organic,2025-04-15
u021071,organic,2025-04-07
u021072,organic,2025-04-02
u021073,organic,2025-04-13
u021074,organic,2025-04-15
u021075,organic,2025-04-28
u021076,organic,2025-04-21
u021077,organic,2025-04-23
u021078,organic,2025-04-15
u021079,organic,2025-04-01
u021080,organic,2025-04-23
u021081,organic,2025-04-05
u021082,organic,2025-04-22
u021083,organic,2025-04-22
u021084,organic,2025-04-12
u021085,organic,2025-04-21
u021086,organic,2025-04-04
u021087,organic,2025-04-26
u021088,organic,2025-04-04
u021089,organic,2025-04-01
u021090,organic,2025-04-12
u021091,organic,2025-04-24
u021092,organic,2025-04-06
u021093,organic,2025-04-23
u021094,organic,2025-04-13
u021095,organic,2025-04-08
u021096,organic,2025-04-04
u021097,organic,2025-04-20
u021098,organic,2025-04-26
u021099,organic,2025-04-25
u021100,organic,2025-04-13
u021101,organic,2025-04-25
u021102,organic,2025-04-09
u021103,organic,2025-04-04
u021104,organic,2025-04-26
u021105,organic,2025-04-01
u021106,organic,2025-04-29
u021107,organic,2025-04-29
u021108,organic,2025-04-23
u021109,organic,2025-04-02
u021110,organic,2025-04-16
u021111,organic,2025-04-09
u021112,organic,2025-04-03
u021113,organic,2025-04-24
u021114,organic,2025-04-04
u021115,organic,2025-04-09
u021116,organic,2025-04-10
u021117,organic,2025-04-28
u021118,organic,2025-04-24
u021119,organic,2025-04-01
u021120,organic,2025-04-06
u021121,organic,2025-04-03
u021122,organic,2025-04-12
u021123,organic,2025-04-20
u021124,organic,2025-04-11
u021125,organic,2025-04-09
u021126,organic,2025-04-01
u021127,organic,2025-04-28
u021128,organic,2025-04-19
u021129,organic,2025-04-29
u021130,organic,2025-04-05
u021131,organic,2025-04-16
u021132,organic,2025-04-10
u021133,organic,2025-04-21
u021134,organic,2025-04-01
u021135,organic,2025-04-30
u021136,organic,2025-04-17
u021137,organic,2025-04-21
u021138,organic,2025-04-05
u021139,organic,2025-04-27
u021140,organic,2025-04-10
u021141,organic,2025-04-17
u021142,organic,2025-04-13
u021143,organic,2025-04-12
u021144,organic,2025-04-07
u021145,organic,2025-04-12
u021146,organic,2025-04-27
u021147,organic,2025-04-14
u021148,organic,2025-04-26
u021149,organic,2025-04-17
u021150,organic,2025-04-30
u021151,organic,2025-04-23
u021152,organic,2025-04-09
u021153,organic,2025-04-04
u021154,organic,2025-04-19
u021155,organic,2025-04-20
u021156,organic,2025-04-06
u021157,organic,2025-04-04
u021158,organic,2025-04-22
u021159,organic,2025-04-19
u021160,organic,2025-04-13
u021161,organic,2025-04-12
u021162,organic,2025-04-21
u021163,organic,2025-04-22
u021164,organic,2025-04-24
u021165,organic,2025-04-14
u021166,organic,2025-04-12
u021167,organic,2025-04-25
u021168,organic,2025-04-27
u021169,organic,2025-04-09
u021170,organic,2025-04-25
u021171,organic,2025-04-27
u021172,organic,2025-04-11
u021173,organic,2025-04-10
u021174,organic,2025-04-24
u021175,organic,2025-04-09
u021176,organic,2025-04-07
u021177,organic,2025-04-19
u021178,organic,2025-04-25
u021179,organic,2025-04-26
u021180,organic,2025-04-29
u021181,organic,2025-04-12
u021182,organic,2025-04-26
u021183,organic,2025-04-08
u021184,organic,2025-04-23
u021185,organic,2025-04-11
u021186,organic,2025-04-08
u021187,organic,2025-04-19
u021188,organic,2025-04-18
u021189,organic,2025-04-21
u021190,organic,2025-04-10
u021191,organic,2025-04-30
u021192,organic,2025-04-20
u021193,organic,2025-04-19
u021194,organic,2025-04-16
u021195,organic,2025-04-21
u021196,organic,2025-04-18
u021197,organic,2025-04-14
u021198,organic,2025-04-16
u021199,organic,2025-04-02
u021200,organic,2025-04-26
u021201,organic,2025-04-02
u021202,organic,2025-04-07
u021203,organic,2025-04-15
u021204,organic,2025-04-05
u021205,organic,2025-04-30
u021206,organic,2025-04-24
u021207,organic,2025-04-27
u021208,organic,2025-04-18
u021209,organic,2025-04-24
u021210,organic,2025-04-28
u021211,organic,2025-04-18
u021212,organic,2025-04-04
u021213,organic,2025-04-15
u021214,organic,2025-04-24
u021215,organic,2025-04-24
u021216,organic,2025-04-16
u021217,organic,2025-04-29
u021218,organic,2025-04-18
u021219,organic,2025-04-11
u021220,organic,2025-04-05
u021221,organic,2025-04-26
u021222,organic,2025-04-11
u021223,organic,2025-04-13
u021224,organic,2025-04-08
u021225,organic,2025-04-10
u021226,organic,2025-04-16
u021227,organic,2025-04-07
u021228,organic,2025-04-27
u021229,organic,2025-04-01
u021230,organic,2025-04-19
u021231,organic,2025-04-09
u021232,organic,2025-04-08
u021233,organic,2025-04-30
u021234,organic,2025-04-05
u021235,organic,2025-04-21
u021236,organic,2025-04-07
u021237,organic,2025-04-01
u021238,organic,2025-04-29
u021239,organic,2025-04-13
u021240,organic,2025-04-22
u021241,organic,2025-04-23
u021242,organic,2025-04-08
u021243,organic,2025-04-27
u021244,organic,2025-04-06
u021245,organic,2025-04-30
u021246,organic,2025-04-29
u021247,organic,2025-04-30
u021248,organic,2025-04-24
u021249,organic,2025-04-04
u021250,organic,2025-04-08
u021251,organic,2025-04-30
u021252,organic,2025-04-02
u021253,organic,2025-04-30
u021254,organic,2025-04-12
u021255,organic,2025-04-19
u021256,organic,2025-04-22
u021257,organic,2025-04-19
u021258,organic,2025-04-09
u021259,organic,2025-04-22
u021260,organic,2025-04-07
u021261,organic,2025-04-09
u021262,organic,2025-04-27
u021263,organic,2025-04-22
u021264,organic,2025-04-16
u021265,organic,2025-04-03
u021266,organic,2025-04-06
u021267,organic,2025-04-08
u021268,organic,2025-04-27
u021269,organic,2025-04-02
u021270,organic,2025-04-23
u021271,organic,2025-04-14
u021272,organic,2025-04-19
u021273,organic,2025-04-05
u021274,organic,2025-04-14
u021275,organic,2025-04-14
u021276,organic,2025-04-18
u021277,organic,2025-04-07
u021278,organic,2025-04-15
u021279,organic,2025-04-09
u021280,organic,2025-04-20
u021281,organic,2025-04-25
u021282,organic,2025-04-16
u021283,organic,2025-04-03
u021284,organic,2025-04-22
u021285,organic,2025-04-21
u021286,organic,2025-04-01
u021287,organic,2025-04-13
u021288,organic,2025-04-08
u021289,organic,2025-04-21
u021290,organic,2025-04-05
u021291,organic,2025-04-16
u021292,organic,2025-04-26
u021293,organic,2025-04-19
u021294,organic,2025-04-11
u021295,organic,2025-04-27
u021296,organic,2025-04-10
u021297,organic,2025-04-06
u021298,organic,2025-04-26
u021299,organic,2025-04-20
u021300,organic,2025-04-16
u021301,organic,2025-04-13
u021302,organic,2025-04-20
u021303,organic,2025-04-14
u021304,organic,2025-04-27
u021305,organic,2025-04-26
u021306,organic,2025-04-13
u021307,organic,2025-04-03
u021308,organic,2025-04-21
u021309,organic,2025-04-25
u021310,organic,2025-04-17
u021311,organic,2025-04-26
u021312,organic,2025-04-27
u021313,organic,2025-04-19
u021314,organic,2025-04-14
u021315,organic,2025-04-21
u021316,organic,2025-04-03
u021317,organic,2025-04-13
u021318,organic,2025-04-05
u021319,organic,2025-04-20
u021320,organic,2025-04-08
u021321,organic,2025-04-27
u021322,organic,2025-04-08
u021323,organic,2025-04-13
u021324,organic,2025-04-23
u021325,organic,2025-04-28
u021326,organic,2025-04-15
u021327,organic,2025-04-26
u021328,organic,2025-04-13
u021329,organic,2025-04-10
u021330,organic,2025-04-08
u021331,organic,2025-04-30
u021332,organic,2025-04-21
u021333,organic,2025-04-30
u021334,organic,2025-04-04
u021335,organic,2025-04-05
u021336,organic,2025-04-04
u021337,organic,2025-04-07
u021338,organic,2025-04-05
u021339,search,2025-05-02
u021340,search,2025-05-31
u021341,search,2025-05-01
u021342,search,2025-05-15
u021343,search,2025-05-26
u021344,search,2025-05-17
u021345,search,2025-05-16
u021346,search,2025-05-04
u021347,search,2025-05-27
u021348,search,2025-05-31
u021349,search,2025-05-18
u021350,search,2025-05-07
u021351,search,2025-05-23
u021352,search,2025-05-09
u021353,search,2025-05-03
u021354,search,2025-05-13
u021355,search,2025-05-17
u021356,search,2025-05-28
u021357,search,2025-05-13
u021358,search,2025-05-19
u021359,search,2025-05-23
u021360,search,2025-05-25
u021361,search,2025-05-21
u021362,search,2025-05-22
u021363,search,2025-05-31
u021364,search,2025-05-09
u021365,search,2025-05-31
u021366,search,2025-05-13
u021367,search,2025-05-13
u021368,search,2025-05-22
u021369,search,2025-05-12
u021370,search,2025-05-19
u021371,search,2025-05-10
u021372,search,2025-05-26
u021373,search,2025-05-21
u021374,search,2025-05-22
u021375,search,2025-05-30
u021376,search,2025-05-06
u021377,search,2025-05-29
u021378,search,2025-05-21
u021379,search,2025-05-29
u021380,search,2025-05-30
u021381,search,2025-05-21
u021382,search,2025-05-15
u021383,search,2025-05-09
u021384,search,2025-05-19
u021385,search,2025-05-04
u021386,search,2025-05-07
u021387,search,2025-05-07
u021388,search,2025-05-28
u021389,search,2025-05-29
u021390,search,2025-05-12
u021391,search,2025-05-22
u021392,search,2025-05-14
u021393,search,2025-05-01
u021394,search,2025-05-08
u021395,search,2025-05-05
u021396,search,2025-05-30
u021397,search,2025-05-20
u021398,search,2025-05-19
u021399,search,2025-05-02
u021400,search,2025-05-24
u021401,search,2025-05-11
u021402,search,2025-05-04
u021403,search,2025-05-21
u021404,search,2025-05-27
u021405,search,2025-05-03
u021406,search,2025-05-31
u021407,search,2025-05-28
u021408,search,2025-05-22
u021409,search,2025-05-04
u021410,search,2025-05-07
u021411,search,2025-05-30
u021412,search,2025-05-28
u021413,search,2025-05-05
u021414,search,2025-05-25
u021415,search,2025-05-18
u021416,search,2025-05-10
u021417,search,2025-05-23
u021418,search,2025-05-04
u021419,search,2025-05-27
u021420,search,2025-05-18
u021421,search,2025-05-20
u021422,search,2025-05-17
u021423,search,2025-05-24
u021424,search,2025-05-05
u021425,search,2025-05-02
u021426,search,2025-05-19
u021427,search,2025-05-09
u021428,search,2025-05-04
u021429,search,2025-05-07
u021430,search,2025-05-12
u021431,search,2025-05-07
u021432,search,2025-05-31
u021433,search,2025-05-27
u021434,search,2025-05-18
u021435,search,2025-05-14
u021436,search,2025-05-06
u021437,search,2025-05-19
u021438,search,2025-05-24
u021439,search,2025-05-28
u021440,search,2025-05-26
u021441,search,2025-05-27
u021442,search,2025-05-11
u021443,search,2025-05-17
u021444,search,2025-05-25
u021445,search,2025-05-01
u021446,search,2025-05-19
u021447,search,2025-05-20
u021448,search,2025-05-06
u021449,search,2025-05-30
u021450,search,2025-05-28
u021451,search,2025-05-16
u021452,search,2025-05-03
u021453,search,2025-05-14
u021454,search,2025-05-29
u021455,search,2025-05-15
u021456,search,2025-05-08
u021457,search,2025-05-18
u021458,search,2025-05-24
u021459,search,2025-05-23
u021460,search,2025-05-22
u021461,search,2025-05-20
u021462,search,2025-05-24
u021463,search,2025-05-24
u021464,search,2025-05-26
u021465,search,2025-05-06
u021466,search,2025-05-18
u021467,search,2025-05-02
u021468,search,2025-05-21
u021469,search,2025-05-23
u021470,search,2025-05-17
u021471,search,2025-05-27
u021472,search,2025-05-01
u021473,search,2025-05-25
u021474,search,2025-05-11
u021475,search,2025-05-08
u021476,search,2025-05-03
u021477,search,2025-05-07
u021478,search,2025-05-14
u021479,search,2025-05-22
u021480,search,2025-05-19
u021481,search,2025-05-08
u021482,search,2025-05-06
u021483,search,2025-05-08
u021484,search,2025-05-12
u021485,search,2025-05-02
u021486,search,2025-05-10
u021487,search,2025-05-18
u021488,search,2025-05-01
u021489,search,2025-05-14
u021490,search,2025-05-02
u021491,search,2025-05-13
u021492,search,2025-05-02
u021493,search,2025-05-22
u021494,search,2025-05-07
u021495,search,2025-05-28
u021496,search,2025-05-31
u021497,search,2025-05-06
u021498,search,2025-05-01
u021499,search,2025-05-25
u021500,search,2025-05-23
u021501,search,2025-05-09
u021502,search,2025-05-13
u021503,search,2025-05-09
u021504,search,2025-05-29
u021505,search,2025-05-20
u021506,search,2025-05-13
u021507,search,2025-05-25
u021508,search,2025-05-06
u021509,search,2025-05-19
u021510,search,2025-05-20
u021511,search,2025-05-10
u021512,search,2025-05-22
u021513,search,2025-05-03
u021514,search,2025-05-15
u021515,search,2025-05-24
u021516,search,2025-05-28
u021517,search,2025-05-31
u021518,search,2025-05-07
u021519,search,2025-05-30
u021520,search,2025-05-16
u021521,search,2025-05-21
u021522,search,2025-05-23
u021523,search,2025-05-30
u021524,search,2025-05-17
u021525,search,2025-05-14
u021526,search,2025-05-31
u021527,search,2025-05-20
u021528,search,2025-05-16
u021529,search,2025-05-05
u021530,search,2025-05-17
u021531,search,2025-05-13
u021532,search,2025-05-11
u021533,search,2025-05-21
u021534,search,2025-05-30
u021535,search,2025-05-15
u021536,search,2025-05-30
u021537,search,2025-05-01
u021538,search,2025-05-28
u021539,search,2025-05-24
u021540,search,2025-05-03
u021541,search,2025-05-03
u021542,search,2025-05-14
u021543,search,2025-05-24
u021544,search,2025-05-08
u021545,search,2025-05-29
u021546,search,2025-05-26
u021547,search,2025-05-19
u021548,search,2025-05-30
u021549,search,2025-05-13
u021550,search,2025-05-11
u021551,search,2025-05-15
u021552,search,2025-05-29
u021553,search,2025-05-24
u021554,search,2025-05-16
u021555,search,2025-05-07
u021556,search,2025-05-31
u021557,search,2025-05-20
u021558,search,2025-05-14
u021559,search,2025-05-28
u021560,search,2025-05-19
u021561,search,2025-05-02
u021562,search,2025-05-02
u021563,search,2025-05-16
u021564,search,2025-05-15
u021565,search,2025-05-29
u021566,search,2025-05-03
u021567,search,2025-05-29
u021568,search,2025-05-11
u021569,search,2025-05-10
u021570,search,2025-05-22
u021571,search,2025-05-25
u021572,search,2025-05-23
u021573,search,2025-05-05
u021574,search,2025-05-29
u021575,search,2025-05-17
u021576,search,2025-05-09
u021577,search,2025-05-02
u021578,search,2025-05-04
u021579,search,2025-05-04
u021580,search,2025-05-16
u021581,search,2025-05-06
u021582,search,2025-05-29
u021583,search,2025-05-09
u021584,search,2025-05-08
u021585,search,2025-05-24
u021586,search,2025-05-03
u021587,search,2025-05-30
u021588,search,2025-05-19
u021589,search,2025-05-02
u021590,search,2025-05-18
u021591,search,2025-05-04
u021592,search,2025-05-26
u021593,search,2025-05-27
u021594,search,2025-05-06
u021595,search,2025-05-26
u021596,search,2025-05-26
u021597,search,2025-05-07
u021598,search,2025-05-08
u021599,search,2025-05-13
u021600,search,2025-05-31
u021601,search,2025-05-21
u021602,search,2025-05-03
u021603,search,2025-05-04
u021604,search,2025-05-05
u021605,search,2025-05-20
u021606,search,2025-05-01
u021607,search,2025-05-19
u021608,search,2025-05-29
u021609,search,2025-05-20
u021610,search,2025-05-20
u021611,search,2025-05-20
u021612,search,2025-05-02
u021613,search,2025-05-19
u021614,search,2025-05-25
u021615,search,2025-05-01
u021616,search,2025-05-20
u021617,search,2025-05-18
u021618,search,2025-05-25
u021619,search,2025-05-03
u021620,search,2025-05-14
u021621,search,2025-05-06
u021622,search,2025-05-01
u021623,search,2025-05-28
u021624,search,2025-05-27
u021625,search,2025-05-04
u021626,search,2025-05-27
u021627,search,2025-05-16
u021628,search,2025-05-26
u021629,search,2025-05-28
u021630,search,2025-05-08
u021631,search,2025-05-28
u021632,search,2025-05-16
u021633,search,2025-05-02
u021634,search,2025-05-24
u021635,search,2025-05-30
u021636,search,2025-05-05
u021637,search,2025-05-19
u021638,search,2025-05-22
u021639,search,2025-05-09
u021640,search,2025-05-10
u021641,search,2025-05-12
u021642,search,2025-05-23
u021643,search,2025-05-03
u021644,search,2025-05-28
u021645,search,2025-05-08
u021646,search,2025-05-15
u021647,search,2025-05-31
u021648,search,2025-05-08
u021649,search,2025-05-23
u021650,search,2025-05-09
u021651,search,2025-05-19
u021652,search,2025-05-17
u021653,search,2025-05-30
u021654,search,2025-05-03
u021655,search,2025-05-11
u021656,search,2025-05-17
u021657,search,2025-05-20
u021658,search,2025-05-20
u021659,search,2025-05-09
u021660,search,2025-05-28
u021661,search,2025-05-24
u021662,search,2025-05-25
u021663,search,2025-05-10
u021664,search,2025-05-11
u021665,search,2025-05-08
u021666,search,2025-05-04
u021667,search,2025-05-29
u021668,search,2025-05-29
u021669,search,2025-05-24
u021670,search,2025-05-17
u021671,search,2025-05-14
u021672,search,2025-05-25
u021673,search,2025-05-11
u021674,search,2025-05-23
u021675,search,2025-05-30
u021676,search,2025-05-06
u021677,search,2025-05-16
u021678,search,2025-05-19
u021679,search,2025-05-24
u021680,search,2025-05-25
u021681,search,2025-05-26
u021682,search,2025-05-03
u021683,search,2025-05-30
u021684,search,2025-05-14
u021685,search,2025-05-16
u021686,search,2025-05-12
u021687,search,2025-05-11
u021688,search,2025-05-31
u021689,search,2025-05-15
u021690,search,2025-05-24
u021691,search,2025-05-25
u021692,search,2025-05-12
u021693,search,2025-05-29
u021694,search,2025-05-16
u021695,search,2025-05-21
u021696,search,2025-05-27
u021697,search,2025-05-23
u021698,search,2025-05-18
u021699,search,2025-05-13
u021700,search,2025-05-19
u021701,search,2025-05-10
u021702,search,2025-05-05
u021703,search,2025-05-01
u021704,search,2025-05-10
u021705,search,2025-05-05
u021706,search,2025-05-27
u021707,search,2025-05-17
u021708,search,2025-05-02
u021709,search,2025-05-02
u021710,search,2025-05-27
u021711,search,2025-05-25
u021712,search,2025-05-01
u021713,search,2025-05-06
u021714,search,2025-05-15
u021715,search,2025-05-20
u021716,search,2025-05-27
u021717,search,2025-05-05
u021718,search,2025-05-17
u021719,search,2025-05-07
u021720,search,2025-05-05
u021721,search,2025-05-30
u021722,search,2025-05-31
u021723,search,2025-05-25
u021724,search,2025-05-10
u021725,search,2025-05-28
u021726,search,2025-05-11
u021727,search,2025-05-08
u021728,search,2025-05-10
u021729,search,2025-05-28
u021730,search,2025-05-06
u021731,search,2025-05-09
u021732,search,2025-05-03
u021733,search,2025-05-16
u021734,search,2025-05-16
u021735,search,2025-05-13
u021736,search,2025-05-24
u021737,search,2025-05-09
u021738,search,2025-05-01
u021739,search,2025-05-23
u021740,search,2025-05-04
u021741,search,2025-05-22
u021742,search,2025-05-06
u021743,search,2025-05-05
u021744,search,2025-05-27
u021745,search,2025-05-16
u021746,search,2025-05-27
u021747,search,2025-05-26
u021748,search,2025-05-20
u021749,search,2025-05-28
u021750,search,2025-05-30
u021751,search,2025-05-11
u021752,search,2025-05-13
u021753,search,2025-05-12
u021754,search,2025-05-10
u021755,search,2025-05-03
u021756,search,2025-05-23
u021757,search,2025-05-30
u021758,search,2025-05-05
u021759,search,2025-05-16
u021760,search,2025-05-03
u021761,search,2025-05-16
u021762,search,2025-05-15
u021763,search,2025-05-11
u021764,search,2025-05-15
u021765,search,2025-05-11
u021766,search,2025-05-25
u021767,search,2025-05-06
u021768,search,2025-05-16
u021769,search,2025-05-17
u021770,search,2025-05-22
u021771,search,2025-05-05
u021772,search,2025-05-25
u021773,search,2025-05-28
u021774,search,2025-05-28
u021775,search,2025-05-13
u021776,search,2025-05-11
u021777,search,2025-05-23
u021778,search,2025-05-15
u021779,search,2025-05-01
u021780,search,2025-05-08
u021781,search,2025-05-20
u021782,search,2025-05-10
u021783,search,2025-05-31
u021784,search,2025-05-28
u021785,search,2025-05-09
u021786,search,2025-05-21
u021787,search,2025-05-31
u021788,search,2025-05-14
u021789,search,2025-05-12
u021790,search,2025-05-13
u021791,search,2025-05-30
u021792,search,2025-05-10
u021793,search,2025-05-10
u021794,search,2025-05-20
u021795,search,2025-05-15
u021796,search,2025-05-14
u021797,search,2025-05-25
u021798,search,2025-05-25
u021799,search,2025-05-17
u021800,search,2025-05-11
u021801,search,2025-05-18
u021802,search,2025-05-28
u021803,search,2025-05-12
u021804,search,2025-05-31
u021805,search,2025-05-22
u021806,search,2025-05-07
u021807,search,2025-05-16
u021808,search,2025-05-24
u021809,search,2025-05-06
u021810,search,2025-05-30
u021811,search,2025-05-18
u021812,search,2025-05-20
u021813,search,2025-05-30
u021814,search,2025-05-26
u021815,search,2025-05-20
u021816,search,2025-05-11
u021817,search,2025-05-09
u021818,search,2025-05-11
u021819,search,2025-05-12
u021820,search,2025-05-26
u021821,search,2025-05-16
u021822,search,2025-05-13
u021823,search,2025-05-07
u021824,search,2025-05-10
u021825,search,2025-05-12
u021826,search,2025-05-05
u021827,search,2025-05-17
u021828,search,2025-05-06
u021829,search,2025-05-26
u021830,search,2025-05-16
u021831,search,2025-05-10
u021832,search,2025-05-18
u021833,search,2025-05-24
u021834,search,2025-05-18
u021835,search,2025-05-01
u021836,search,2025-05-07
u021837,search,2025-05-09
u021838,search,2025-05-31
u021839,search,2025-05-24
u021840,search,2025-05-25
u021841,search,2025-05-29
u021842,search,2025-05-20
u021843,search,2025-05-26
u021844,search,2025-05-09
u021845,search,2025-05-03
u021846,search,2025-05-31
u021847,search,2025-05-04
u021848,search,2025-05-29
u021849,search,2025-05-08
u021850,search,2025-05-11
u021851,search,2025-05-18
u021852,search,2025-05-14
u021853,search,2025-05-21
u021854,search,2025-05-19
u021855,search,2025-05-24
u021856,search,2025-05-22
u021857,search,2025-05-09
u021858,search,2025-05-22
u021859,display,2025-05-11
u021860,display,2025-05-06
u021861,display,2025-05-19
u021862,display,2025-05-28
u021863,display,2025-05-15
u021864,display,2025-05-25
u021865,display,2025-05-01
u021866,display,2025-05-21
u021867,display,2025-05-01
u021868,display,2025-05-03
u021869,display,2025-05-29
u021870,display,2025-05-28
u021871,display,2025-05-01
u021872,display,2025-05-22
u021873,display,2025-05-10
u021874,display,2025-05-27
u021875,display,2025-05-04
u021876,display,2025-05-22
u021877,display,2025-05-11
u021878,display,2025-05-31
u021879,display,2025-05-26
u021880,display,2025-05-31
u021881,display,2025-05-25
u021882,display,2025-05-08
u021883,display,2025-05-18
u021884,display,2025-05-31
u021885,display,2025-05-02
u021886,display,2025-05-04
u021887,display,2025-05-27
u021888,display,2025-05-21
u021889,display,2025-05-11
u021890,display,2025-05-20
u021891,display,2025-05-05
u021892,display,2025-05-15
u021893,display,2025-05-25
u021894,display,2025-05-18
u021895,display,2025-05-07
u021896,display,2025-05-16
u021897,display,2025-05-25
u021898,display,2025-05-03
u021899,display,2025-05-27
u021900,display,2025-05-05
u021901,display,2025-05-13
u021902,display,2025-05-18
u021903,display,2025-05-12
u021904,display,2025-05-30
u021905,display,2025-05-06
u021906,display,2025-05-26
u021907,display,2025-05-05
u021908,display,2025-05-24
u021909,display,2025-05-28
u021910,display,2025-05-10
u021911,display,2025-05-08
u021912,display,2025-05-12
u021913,display,2025-05-17
u021914,display,2025-05-15
u021915,display,2025-05-22
u021916,display,2025-05-06
u021917,display,2025-05-23
u021918,display,2025-05-11
u021919,display,2025-05-13
u021920,display,2025-05-09
u021921,display,2025-05-16
u021922,display,2025-05-01
u021923,display,2025-05-03
u021924,display,2025-05-19
u021925,display,2025-05-18
u021926,display,2025-05-18
u021927,display,2025-05-03
u021928,display,2025-05-15
u021929,display,2025-05-18
u021930,display,2025-05-05
u021931,display,2025-05-16
u021932,display,2025-05-27
u021933,display,2025-05-31
u021934,display,2025-05-11
u021935,display,2025-05-01
u021936,display,2025-05-11
u021937,display,2025-05-13
u021938,display,2025-05-23
u021939,display,2025-05-13
u021940,display,2025-05-13
u021941,display,2025-05-16
u021942,display,2025-05-05
u021943,display,2025-05-01
u021944,display,2025-05-09
u021945,display,2025-05-05
u021946,display,2025-05-17
u021947,display,2025-05-16
u021948,display,2025-05-03
u021949,display,2025-05-09
u021950,display,2025-05-19
u021951,display,2025-05-01
u021952,display,2025-05-25
u021953,display,2025-05-20
u021954,display,2025-05-26
u021955,display,2025-05-02
u021956,display,2025-05-15
u021957,display,2025-05-01
u021958,display,2025-05-26
u021959,display,2025-05-01
u021960,display,2025-05-20
u021961,display,2025-05-30
u021962,display,2025-05-11
u021963,display,2025-05-06
u021964,display,2025-05-24
u021965,display,2025-05-28
u021966,display,2025-05-27
u021967,display,2025-05-08
u021968,display,2025-05-23
u021969,display,2025-05-11
u021970,display,2025-05-16
u021971,display,2025-05-24
u021972,display,2025-05-30
u021973,display,2025-05-13
u021974,display,2025-05-16
u021975,display,2025-05-05
u021976,display,2025-05-23
u021977,display,2025-05-02
u021978,display,2025-05-19
u021979,display,2025-05-02
u021980,display,2025-05-17
u021981,display,2025-05-23
u021982,display,2025-05-03
u021983,display,2025-05-16
u021984,display,2025-05-15
u021985,display,2025-05-02
u021986,display,2025-05-09
u021987,display,2025-05-15
u021988,display,2025-05-24
u021989,display,2025-05-02
u021990,display,2025-05-24
u021991,display,2025-05-15
u021992,display,2025-05-07
u021993,display,2025-05-07
u021994,display,2025-05-03
u021995,display,2025-05-08
u021996,display,2025-05-11
u021997,display,2025-05-03
u021998,display,2025-05-31
u021999,display,2025-05-29
u022000,display,2025-05-31
u022001,display,2025-05-16
u022002,display,2025-05-27
u022003,display,2025-05-16
u022004,display,2025-05-26
u022005,display,2025-05-18
u022006,display,2025-05-27
u022007,display,2025-05-18
u022008,display,2025-05-01
u022009,display,2025-05-09
u022010,display,2025-05-27
u022011,display,2025-05-06
u022012,display,2025-05-21
u022013,display,2025-05-30
u022014,display,2025-05-06
u022015,display,2025-05-07
u022016,display,2025-05-20
u022017,display,2025-05-22
u022018,display,2025-05-17
u022019,display,2025-05-23
u022020,display,2025-05-25
u022021,display,2025-05-07
u022022,display,2025-05-02
u022023,display,2025-05-25
u022024,display,2025-05-25
u022025,display,2025-05-07
u022026,display,2025-05-23
u022027,display,2025-05-28
u022028,display,2025-05-14
u022029,display,2025-05-13
u022030,display,2025-05-21
u022031,display,2025-05-31
u022032,display,2025-05-21
u022033,display,2025-05-23
u022034,display,2025-05-19
u022035,display,2025-05-15
u022036,display,2025-05-29
u022037,display,2025-05-06
u022038,display,2025-05-14
u022039,display,2025-05-24
u022040,display,2025-05-23
u022041,display,2025-05-30
u022042,display,2025-05-30
u022043,display,2025-05-15
u022044,display,2025-05-02
u022045,display,2025-05-25
u022046,display,2025-05-31
u022047,display,2025-05-25
u022048,display,2025-05-22
u022049,display,2025-05-27
u022050,display,2025-05-02
u022051,display,2025-05-27
u022052,display,2025-05-05
u022053,display,2025-05-24
u022054,display,2025-05-08
u022055,display,2025-05-23
u022056,display,2025-05-26
u022057,display,2025-05-29
u022058,display,2025-05-25
u022059,display,2025-05-15
u022060,display,2025-05-06
u022061,display,2025-05-31
u022062,display,2025-05-04
u022063,display,2025-05-31
u022064,display,2025-05-29
u022065,display,2025-05-30
u022066,display,2025-05-02
u022067,display,2025-05-08
u022068,display,2025-05-04
u022069,display,2025-05-10
u022070,display,2025-05-01
u022071,display,2025-05-25
u022072,display,2025-05-22
u022073,display,2025-05-09
u022074,display,2025-05-05
u022075,display,2025-05-18
u022076,display,2025-05-08
u022077,display,2025-05-11
u022078,display,2025-05-22
u022079,display,2025-05-30
u022080,display,2025-05-29
u022081,display,2025-05-14
u022082,display,2025-05-18
u022083,display,2025-05-22
u022084,display,2025-05-04
u022085,display,2025-05-13
u022086,display,2025-05-18
u022087,display,2025-05-11
u022088,display,2025-05-08
u022089,display,2025-05-13
u022090,display,2025-05-17
u022091,display,2025-05-20
u022092,display,2025-05-17
u022093,display,2025-05-15
u022094,display,2025-05-22
u022095,display,2025-05-29
u022096,display,2025-05-24
u022097,display,2025-05-26
u022098,display,2025-05-04
u022099,display,2025-05-26
u022100,display,2025-05-15
u022101,display,2025-05-30
u022102,display,2025-05-26
u022103,display,2025-05-08
u022104,display,2025-05-23
u022105,display,2025-05-05
u022106,display,2025-05-29
u022107,display,2025-05-25
u022108,display,2025-05-02
u022109,display,2025-05-15
u022110,display,2025-05-04
u022111,display,2025-05-27
u022112,display,2025-05-25
u022113,display,2025-05-17
u022114,display,2025-05-03
u022115,display,2025-05-29
u022116,display,2025-05-14
u022117,display,2025-05-15
u022118,display,2025-05-22
u022119,retargeting,2025-05-17
u022120,retargeting,2025-05-05
u022121,retargeting,2025-05-11
u022122,retargeting,2025-05-13
u022123,retargeting,2025-05-19
u022124,retargeting,2025-05-22
u022125,retargeting,2025-05-12
u022126,retargeting,2025-05-20
u022127,retargeting,2025-05-21
u022128,retargeting,2025-05-24
u022129,retargeting,2025-05-23
u022130,retargeting,2025-05-05
u022131,retargeting,2025-05-26
u022132,retargeting,2025-05-14
u022133,retargeting,2025-05-24
u022134,retargeting,2025-05-12
u022135,retargeting,2025-05-14
u022136,retargeting,2025-05-20
u022137,retargeting,2025-05-18
u022138,retargeting,2025-05-21
u022139,retargeting,2025-05-22
u022140,retargeting,2025-05-11
u022141,retargeting,2025-05-09
u022142,retargeting,2025-05-20
u022143,retargeting,2025-05-17
u022144,retargeting,2025-05-31
u022145,retargeting,2025-05-10
u022146,retargeting,2025-05-09
u022147,retargeting,2025-05-25
u022148,retargeting,2025-05-29
u022149,retargeting,2025-05-05
u022150,retargeting,2025-05-22
u022151,retargeting,2025-05-17
u022152,retargeting,2025-05-05
u022153,retargeting,2025-05-22
u022154,retargeting,2025-05-17
u022155,retargeting,2025-05-20
u022156,retargeting,2025-05-18
u022157,retargeting,2025-05-16
u022158,retargeting,2025-05-09
u022159,retargeting,2025-05-02
u022160,retargeting,2025-05-29
u022161,retargeting,2025-05-26
u022162,retargeting,2025-05-06
u022163,retargeting,2025-05-31
u022164,retargeting,2025-05-10
u022165,retargeting,2025-05-16
u022166,retargeting,2025-05-03
u022167,retargeting,2025-05-05
u022168,retargeting,2025-05-09
u022169,retargeting,2025-05-31
u022170,retargeting,2025-05-18
u022171,retargeting,2025-05-07
u022172,retargeting,2025-05-18
u022173,retargeting,2025-05-22
u022174,retargeting,2025-05-15
u022175,retargeting,2025-05-31
u022176,retargeting,2025-05-24
u022177,retargeting,2025-05-16
u022178,retargeting,2025-05-24
u022179,retargeting,2025-05-20
u022180,retargeting,2025-05-30
u022181,retargeting,2025-05-13
u022182,retargeting,2025-05-19
u022183,retargeting,2025-05-04
u022184,retargeting,2025-05-31
u022185,retargeting,2025-05-25
u022186,retargeting,2025-05-06
u022187,retargeting,2025-05-06
u022188,retargeting,2025-05-17
u022189,retargeting,2025-05-27
u022190,retargeting,2025-05-31
u022191,retargeting,2025-05-07
u022192,retargeting,2025-05-07
u022193,retargeting,2025-05-08
u022194,retargeting,2025-05-06
u022195,retargeting,2025-05-13
u022196,retargeting,2025-05-11
u022197,retargeting,2025-05-28
u022198,retargeting,2025-05-07
u022199,retargeting,2025-05-15
u022200,retargeting,2025-05-19
u022201,retargeting,2025-05-13
u022202,retargeting,2025-05-17
u022203,retargeting,2025-05-21
u022204,retargeting,2025-05-22
u022205,retargeting,2025-05-21
u022206,retargeting,2025-05-19
u022207,retargeting,2025-05-09
u022208,retargeting,2025-05-06
u022209,retargeting,2025-05-29
u022210,retargeting,2025-05-04
u022211,retargeting,2025-05-08
u022212,retargeting,2025-05-10
u022213,retargeting,2025-05-30
u022214,retargeting,2025-05-26
u022215,retargeting,2025-05-28
u022216,retargeting,2025-05-31
u022217,retargeting,2025-05-17
u022218,retargeting,2025-05-29
u022219,retargeting,2025-05-30
u022220,retargeting,2025-05-03
u022221,retargeting,2025-05-16
u022222,retargeting,2025-05-24
u022223,retargeting,2025-05-20
u022224,retargeting,2025-05-31
u022225,retargeting,2025-05-11
u022226,retargeting,2025-05-22
u022227,retargeting,2025-05-23
u022228,retargeting,2025-05-05
u022229,retargeting,2025-05-08
u022230,retargeting,2025-05-12
u022231,retargeting,2025-05-12
u022232,retargeting,2025-05-22
u022233,retargeting,2025-05-10
u022234,retargeting,2025-05-12
u022235,retargeting,2025-05-13
u022236,retargeting,2025-05-03
u022237,retargeting,2025-05-01
u022238,retargeting,2025-05-12
u022239,retargeting,2025-05-14
u022240,retargeting,2025-05-25
u022241,retargeting,2025-05-30
u022242,retargeting,2025-05-22
u022243,retargeting,2025-05-07
u022244,retargeting,2025-05-15
u022245,retargeting,2025-05-14
u022246,retargeting,2025-05-06
u022247,retargeting,2025-05-03
u022248,retargeting,2025-05-03
u022249,brand,2025-05-21
u022250,brand,2025-05-17
u022251,brand,2025-05-25
u022252,brand,2025-05-17
u022253,brand,2025-05-20
u022254,brand,2025-05-22
u022255,brand,2025-05-04
u022256,brand,2025-05-25
u022257,brand,2025-05-11
u022258,brand,2025-05-24
u022259,brand,2025-05-08
u022260,brand,2025-05-21
u022261,brand,2025-05-31
u022262,brand,2025-05-27
u022263,brand,2025-05-17
u022264,brand,2025-05-09
u022265,brand,2025-05-03
u022266,brand,2025-05-19
u022267,brand,2025-05-11
u022268,brand,2025-05-25
u022269,brand,2025-05-20
u022270,brand,2025-05-26
u022271,brand,2025-05-12
u022272,brand,2025-05-14
u022273,brand,2025-05-29
u022274,brand,2025-05-21
u022275,brand,2025-05-14
u022276,brand,2025-05-07
u022277,brand,2025-05-18
u022278,brand,2025-05-16
u022279,brand,2025-05-07
u022280,brand,2025-05-20
u022281,brand,2025-05-07
u022282,brand,2025-05-12
u022283,brand,2025-05-25
u022284,brand,2025-05-27
u022285,brand,2025-05-06
u022286,brand,2025-05-09
u022287,brand,2025-05-31
u022288,brand,2025-05-20
u022289,brand,2025-05-04
u022290,brand,2025-05-24
u022291,brand,2025-05-14
u022292,brand,2025-05-26
u022293,brand,2025-05-17
u022294,brand,2025-05-11
u022295,brand,2025-05-13
u022296,brand,2025-05-31
u022297,brand,2025-05-04
u022298,brand,2025-05-20
u022299,brand,2025-05-27
u022300,brand,2025-05-22
u022301,brand,2025-05-05
u022302,brand,2025-05-12
u022303,brand,2025-05-04
u022304,brand,2025-05-05
u022305,brand,2025-05-04
u022306,brand,2025-05-18
u022307,brand,2025-05-23
u022308,brand,2025-05-31
u022309,brand,2025-05-28
u022310,brand,2025-05-06
u022311,brand,2025-05-08
u022312,brand,2025-05-03
u022313,brand,2025-05-31
u022314,brand,2025-05-28
u022315,brand,2025-05-01
u022316,brand,2025-05-13
u022317,brand,2025-05-18
u022318,brand,2025-05-30
u022319,brand,2025-05-22
u022320,brand,2025-05-04
u022321,brand,2025-05-09
u022322,brand,2025-05-10
u022323,brand,2025-05-18
u022324,brand,2025-05-25
u022325,brand,2025-05-15
u022326,brand,2025-05-11
u022327,brand,2025-05-24
u022328,brand,2025-05-07
u022329,brand,2025-05-14
u022330,brand,2025-05-06
u022331,brand,2025-05-05
u022332,brand,2025-05-06
u022333,brand,2025-05-24
u022334,brand,2025-05-02
u022335,brand,2025-05-27
u022336,brand,2025-05-20
u022337,brand,2025-05-25
u022338,brand,2025-05-17
u022339,brand,2025-05-28
u022340,brand,2025-05-10
u022341,brand,2025-05-09
u022342,brand,2025-05-06
u022343,brand,2025-05-09
u022344,brand,2025-05-12
u022345,brand,2025-05-16
u022346,brand,2025-05-27
u022347,brand,2025-05-22
u022348,brand,2025-05-06
u022349,brand,2025-05-31
u022350,brand,2025-05-01
u022351,brand,2025-05-18
u022352,brand,2025-05-22
u022353,brand,2025-05-28
u022354,brand,2025-05-15
u022355,brand,2025-05-09
u022356,brand,2025-05-17
u022357,brand,2025-05-03
u022358,brand,2025-05-05
u022359,brand,2025-05-23
u022360,brand,2025-05-14
u022361,brand,2025-05-26
u022362,brand,2025-05-19
u022363,brand,2025-05-31
u022364,brand,2025-05-19
u022365,brand,2025-05-31
u022366,brand,2025-05-30
u022367,brand,2025-05-16
u022368,brand,2025-05-22
u022369,brand,2025-05-20
u022370,brand,2025-05-27
u022371,brand,2025-05-02
u022372,brand,2025-05-09
u022373,brand,2025-05-18
u022374,brand,2025-05-22
u022375,brand,2025-05-08
u022376,brand,2025-05-02
u022377,brand,2025-05-03
u022378,brand,2025-05-11
u022379,brand,2025-05-27
u022380,brand,2025-05-11
u022381,brand,2025-05-07
u022382,brand,2025-05-05
u022383,brand,2025-05-06
u022384,brand,2025-05-09
u022385,brand,2025-05-24
u022386,brand,2025-05-25
u022387,brand,2025-05-28
u022388,brand,2025-05-14
u022389,brand,2025-05-17
u022390,brand,2025-05-29
u022391,brand,2025-05-30
u022392,brand,2025-05-24
u022393,brand,2025-05-31
u022394,brand,2025-05-12
u022395,brand,2025-05-21
u022396,brand,2025-05-28
u022397,brand,2025-05-24
u022398,brand,2025-05-12
u022399,brand,2025-05-30
u022400,brand,2025-05-12
u022401,brand,2025-05-08
u022402,brand,2025-05-07
u022403,brand,2025-05-03
u022404,brand,2025-05-09
u022405,brand,2025-05-24
u022406,brand,2025-05-29
u022407,brand,2025-05-20
u022408,brand,2025-05-25
u022409,brand,2025-05-28
u022410,brand,2025-05-14
u022411,brand,2025-05-23
u022412,brand,2025-05-18
u022413,brand,2025-05-27
u022414,brand,2025-05-26
u022415,brand,2025-05-07
u022416,brand,2025-05-25
u022417,brand,2025-05-08
u022418,brand,2025-05-06
u022419,brand,2025-05-29
u022420,brand,2025-05-15
u022421,brand,2025-05-06
u022422,brand,2025-05-08
u022423,brand,2025-05-24
u022424,brand,2025-05-23
u022425,brand,2025-05-30
u022426,brand,2025-05-17
u022427,brand,2025-05-19
u022428,brand,2025-05-09
u022429,brand,2025-05-03
u022430,brand,2025-05-02
u022431,brand,2025-05-19
u022432,brand,2025-05-17
u022433,brand,2025-05-26
u022434,brand,2025-05-24
u022435,brand,2025-05-07
u022436,brand,2025-05-27
u022437,brand,2025-05-27
u022438,brand,2025-05-15
u022439,brand,2025-05-23
u022440,brand,2025-05-07
u022441,brand,2025-05-26
u022442,brand,2025-05-06
u022443,brand,2025-05-09
u022444,brand,2025-05-15
u022445,brand,2025-05-24
u022446,brand,2025-05-31
u022447,brand,2025-05-08
u022448,brand,2025-05-26
u022449,brand,2025-05-17
u022450,brand,2025-05-12
u022451,brand,2025-05-22
u022452,brand,2025-05-16
u022453,brand,2025-05-18
u022454,brand,2025-05-27
u022455,brand,2025-05-20
u022456,brand,2025-05-27
u022457,brand,2025-05-24
u022458,brand,2025-05-04
u022459,brand,2025-05-23
u022460,brand,2025-05-06
u022461,brand,2025-05-03
u022462,brand,2025-05-01
u022463,brand,2025-05-16
u022464,brand,2025-05-16
u022465,brand,2025-05-17
u022466,brand,2025-05-31
u022467,brand,2025-05-19
u022468,brand,2025-05-14
u022469,brand,2025-05-17
u022470,brand,2025-05-12
u022471,brand,2025-05-10
u022472,brand,2025-05-17
u022473,brand,2025-05-13
u022474,brand,2025-05-19
u022475,brand,2025-05-19
u022476,brand,2025-05-18
u022477,brand,2025-05-12
u022478,brand,2025-05-13
u022479,brand,2025-05-10
u022480,brand,2025-05-21
u022481,brand,2025-05-07
u022482,brand,2025-05-26
u022483,brand,2025-05-26
u022484,brand,2025-05-22
u022485,brand,2025-05-07
u022486,brand,2025-05-28
u022487,brand,2025-05-19
u022488,brand,2025-05-18
u022489,brand,2025-05-21
u022490,brand,2025-05-03
u022491,brand,2025-05-02
u022492,brand,2025-05-06
u022493,brand,2025-05-23
u022494,brand,2025-05-19
u022495,brand,2025-05-24
u022496,brand,2025-05-06
u022497,brand,2025-05-23
u022498,brand,2025-05-02
u022499,brand,2025-05-10
u022500,brand,2025-05-15
u022501,brand,2025-05-18
u022502,brand,2025-05-17
u022503,brand,2025-05-27
u022504,brand,2025-05-18
u022505,brand,2025-05-18
u022506,brand,2025-05-01
u022507,brand,2025-05-03
u022508,brand,2025-05-26
u022509,brand,2025-05-31
u022510,brand,2025-05-19
u022511,brand,2025-05-10
u022512,brand,2025-05-15
u022513,brand,2025-05-10
u022514,brand,2025-05-30
u022515,brand,2025-05-13
u022516,brand,2025-05-08
u022517,brand,2025-05-22
u022518,brand,2025-05-22
u022519,brand,2025-05-16
u022520,brand,2025-05-23
u022521,brand,2025-05-04
u022522,brand,2025-05-03
u022523,brand,2025-05-26
u022524,brand,2025-05-28
u022525,brand,2025-05-06
u022526,brand,2025-05-07
u022527,brand,2025-05-06
u022528,brand,2025-05-28
u022529,brand,2025-05-26
u022530,brand,2025-05-23
u022531,brand,2025-05-24
u022532,brand,2025-05-23
u022533,brand,2025-05-29
u022534,brand,2025-05-16
u022535,brand,2025-05-05
u022536,brand,2025-05-21
u022537,brand,2025-05-23
u022538,brand,2025-05-22
u022539,brand,2025-05-06
u022540,brand,2025-05-06
u022541,brand,2025-05-14
u022542,brand,2025-05-23
u022543,brand,2025-05-13
u022544,brand,2025-05-06
u022545,brand,2025-05-04
u022546,brand,2025-05-28
u022547,brand,2025-05-29
u022548,brand,2025-05-16
u022549,brand,2025-05-26
u022550,brand,2025-05-28
u022551,brand,2025-05-23
u022552,brand,2025-05-10
u022553,brand,2025-05-24
u022554,brand,2025-05-29
u022555,brand,2025-05-15
u022556,brand,2025-05-22
u022557,brand,2025-05-16
u022558,brand,2025-05-03
u022559,brand,2025-05-16
u022560,brand,2025-05-07
u022561,brand,2025-05-11
u022562,brand,2025-05-05
u022563,brand,2025-05-16
u022564,brand,2025-05-12
u022565,brand,2025-05-09
u022566,brand,2025-05-23
u022567,brand,2025-05-31
u022568,brand,2025-05-12
u022569,brand,2025-05-09
u022570,brand,2025-05-26
u022571,brand,2025-05-28
u022572,brand,2025-05-18
u022573,brand,2025-05-03
u022574,brand,2025-05-16
u022575,brand,2025-05-31
u022576,brand,2025-05-08
u022577,brand,2025-05-05
u022578,brand,2025-05-19
u022579,brand,2025-05-15
u022580,brand,2025-05-21
u022581,brand,2025-05-23
u022582,brand,2025-05-07
u022583,brand,2025-05-13
u022584,brand,2025-05-25
u022585,brand,2025-05-08
u022586,brand,2025-05-02
u022587,brand,2025-05-14
u022588,brand,2025-05-14
u022589,brand,2025-05-01
u022590,brand,2025-05-08
u022591,brand,2025-05-05
u022592,brand,2025-05-22
u022593,brand,2025-05-10
u022594,brand,2025-05-19
u022595,brand,2025-05-04
u022596,brand,2025-05-11
u022597,brand,2025-05-12
u022598,brand,2025-05-19
u022599,brand,2025-05-09
u022600,brand,2025-05-18
u022601,brand,2025-05-06
u022602,brand,2025-05-31
u022603,brand,2025-05-24
u022604,brand,2025-05-04
u022605,brand,2025-05-21
u022606,brand,2025-05-28
u022607,brand,2025-05-06
u022608,brand,2025-05-28
u022609,brand,2025-05-16
u022610,brand,2025-05-05
u022611,brand,2025-05-01
u022612,brand,2025-05-31
u022613,brand,2025-05-28
u022614,brand,2025-05-02
u022615,brand,2025-05-09
u022616,brand,2025-05-26
u022617,brand,2025-05-10
u022618,brand,2025-05-06
u022619,brand,2025-05-19
u022620,brand,2025-05-01
u022621,brand,2025-05-09
u022622,brand,2025-05-26
u022623,brand,2025-05-25
u022624,brand,2025-05-24
u022625,brand,2025-05-24
u022626,brand,2025-05-24
u022627,brand,2025-05-18
u022628,brand,2025-05-15
u022629,brand,2025-05-28
u022630,brand,2025-05-04
u022631,brand,2025-05-07
u022632,brand,2025-05-08
u022633,brand,2025-05-18
u022634,brand,2025-05-25
u022635,brand,2025-05-16
u022636,brand,2025-05-18
u022637,brand,2025-05-12
u022638,brand,2025-05-25
u022639,organic,2025-05-16
u022640,organic,2025-05-25
u022641,organic,2025-05-31
u022642,organic,2025-05-10
u022643,organic,2025-05-26
u022644,organic,2025-05-31
u022645,organic,2025-05-15
u022646,organic,2025-05-28
u022647,organic,2025-05-02
u022648,organic,2025-05-06
u022649,organic,2025-05-09
u022650,organic,2025-05-01
u022651,organic,2025-05-01
u022652,organic,2025-05-11
u022653,organic,2025-05-19
u022654,organic,2025-05-21
u022655,organic,2025-05-22
u022656,organic,2025-05-01
u022657,organic,2025-05-06
u022658,organic,2025-05-23
u022659,organic,2025-05-04
u022660,organic,2025-05-07
u022661,organic,2025-05-31
u022662,organic,2025-05-21
u022663,organic,2025-05-06
u022664,organic,2025-05-15
u022665,organic,2025-05-02
u022666,organic,2025-05-23
u022667,organic,2025-05-23
u022668,organic,2025-05-03
u022669,organic,2025-05-15
u022670,organic,2025-05-22
u022671,organic,2025-05-12
u022672,organic,2025-05-22
u022673,organic,2025-05-23
u022674,organic,2025-05-03
u022675,organic,2025-05-14
u022676,organic,2025-05-17
u022677,organic,2025-05-08
u022678,organic,2025-05-24
u022679,organic,2025-05-05
u022680,organic,2025-05-23
u022681,organic,2025-05-02
u022682,organic,2025-05-16
u022683,organic,2025-05-06
u022684,organic,2025-05-07
u022685,organic,2025-05-14
u022686,organic,2025-05-29
u022687,organic,2025-05-14
u022688,organic,2025-05-16
u022689,organic,2025-05-03
u022690,organic,2025-05-15
u022691,organic,2025-05-20
u022692,organic,2025-05-30
u022693,organic,2025-05-10
u022694,organic,2025-05-14
u022695,organic,2025-05-28
u022696,organic,2025-05-14
u022697,organic,2025-05-06
u022698,organic,2025-05-05
u022699,organic,2025-05-07
u022700,organic,2025-05-16
u022701,organic,2025-05-12
u022702,organic,2025-05-18
u022703,organic,2025-05-02
u022704,organic,2025-05-31
u022705,organic,2025-05-08
u022706,organic,2025-05-26
u022707,organic,2025-05-04
u022708,organic,2025-05-07
u022709,organic,2025-05-11
u022710,organic,2025-05-27
u022711,organic,2025-05-15
u022712,organic,2025-05-11
u022713,organic,2025-05-19
u022714,organic,2025-05-04
u022715,organic,2025-05-17
u022716,organic,2025-05-03
u022717,organic,2025-05-18
u022718,organic,2025-05-09
u022719,organic,2025-05-26
u022720,organic,2025-05-28
u022721,organic,2025-05-22
u022722,organic,2025-05-01
u022723,organic,2025-05-21
u022724,organic,2025-05-22
u022725,organic,2025-05-04
u022726,organic,2025-05-03
u022727,organic,2025-05-09
u022728,organic,2025-05-08
u022729,organic,2025-05-17
u022730,organic,2025-05-17
u022731,organic,2025-05-01
u022732,organic,2025-05-17
u022733,organic,2025-05-01
u022734,organic,2025-05-28
u022735,organic,2025-05-30
u022736,organic,2025-05-05
u022737,organic,2025-05-29
u022738,organic,2025-05-08
u022739,organic,2025-05-21
u022740,organic,2025-05-11
u022741,organic,2025-05-02
u022742,organic,2025-05-23
u022743,organic,2025-05-05
u022744,organic,2025-05-17
u022745,organic,2025-05-22
u022746,organic,2025-05-16
u022747,organic,2025-05-18
u022748,organic,2025-05-28
u022749,organic,2025-05-21
u022750,organic,2025-05-04
u022751,organic,2025-05-01
u022752,organic,2025-05-04
u022753,organic,2025-05-07
u022754,organic,2025-05-17
u022755,organic,2025-05-23
u022756,organic,2025-05-17
u022757,organic,2025-05-19
u022758,organic,2025-05-25
u022759,organic,2025-05-26
u022760,organic,2025-05-05
u022761,organic,2025-05-31
u022762,organic,2025-05-23
u022763,organic,2025-05-12
u022764,organic,2025-05-27
u022765,organic,2025-05-28
u022766,organic,2025-05-11
u022767,organic,2025-05-01
u022768,organic,2025-05-12
u022769,organic,2025-05-29
u022770,organic,2025-05-21
u022771,organic,2025-05-22
u022772,organic,2025-05-13
u022773,organic,2025-05-11
u022774,organic,2025-05-14
u022775,organic,2025-05-11
u022776,organic,2025-05-18
u022777,organic,2025-05-17
u022778,organic,2025-05-02
u022779,organic,2025-05-26
u022780,organic,2025-05-07
u022781,organic,2025-05-24
u022782,organic,2025-05-23
u022783,organic,2025-05-17
u022784,organic,2025-05-06
u022785,organic,2025-05-10
u022786,organic,2025-05-05
u022787,organic,2025-05-05
u022788,organic,2025-05-13
u022789,organic,2025-05-24
u022790,organic,2025-05-20
u022791,organic,2025-05-17
u022792,organic,2025-05-03
u022793,organic,2025-05-20
u022794,organic,2025-05-20
u022795,organic,2025-05-14
u022796,organic,2025-05-05
u022797,organic,2025-05-19
u022798,organic,2025-05-10
u022799,organic,2025-05-21
u022800,organic,2025-05-30
u022801,organic,2025-05-04
u022802,organic,2025-05-13
u022803,organic,2025-05-12
u022804,organic,2025-05-18
u022805,organic,2025-05-28
u022806,organic,2025-05-22
u022807,organic,2025-05-18
u022808,organic,2025-05-08
u022809,organic,2025-05-10
u022810,organic,2025-05-27
u022811,organic,2025-05-13
u022812,organic,2025-05-27
u022813,organic,2025-05-02
u022814,organic,2025-05-17
u022815,organic,2025-05-25
u022816,organic,2025-05-27
u022817,organic,2025-05-23
u022818,organic,2025-05-10
u022819,organic,2025-05-06
u022820,organic,2025-05-06
u022821,organic,2025-05-05
u022822,organic,2025-05-18
u022823,organic,2025-05-28
u022824,organic,2025-05-17
u022825,organic,2025-05-10
u022826,organic,2025-05-18
u022827,organic,2025-05-17
u022828,organic,2025-05-13
u022829,organic,2025-05-13
u022830,organic,2025-05-26
u022831,organic,2025-05-17
u022832,organic,2025-05-15
u022833,organic,2025-05-29
u022834,organic,2025-05-29
u022835,organic,2025-05-16
u022836,organic,2025-05-24
u022837,organic,2025-05-08
u022838,organic,2025-05-24
u022839,organic,2025-05-21
u022840,organic,2025-05-03
u022841,organic,2025-05-03
u022842,organic,2025-05-07
u022843,organic,2025-05-17
u022844,organic,2025-05-07
u022845,organic,2025-05-25
u022846,organic,2025-05-05
u022847,organic,2025-05-28
u022848,organic,2025-05-21
u022849,organic,2025-05-20
u022850,organic,2025-05-09
u022851,organic,2025-05-14
u022852,organic,2025-05-24
u022853,organic,2025-05-19
u022854,organic,2025-05-26
u022855,organic,2025-05-18
u022856,organic,2025-05-23
u022857,organic,2025-05-21
u022858,organic,2025-05-17
u022859,organic,2025-05-08
u022860,organic,2025-05-31
u022861,organic,2025-05-07
u022862,organic,2025-05-01
u022863,organic,2025-05-24
u022864,organic,2025-05-08
u022865,organic,2025-05-07
u022866,organic,2025-05-31
u022867,organic,2025-05-31
u022868,organic,2025-05-09
u022869,organic,2025-05-09
u022870,organic,2025-05-19
u022871,organic,2025-05-18
u022872,organic,2025-05-08
u022873,organic,2025-05-17
u022874,organic,2025-05-22
u022875,organic,2025-05-30
u022876,organic,2025-05-04
u022877,organic,2025-05-04
u022878,organic,2025-05-06
u022879,organic,2025-05-08
u022880,organic,2025-05-20
u022881,organic,2025-05-14
u022882,organic,2025-05-24
u022883,organic,2025-05-11
u022884,organic,2025-05-08
u022885,organic,2025-05-06
u022886,organic,2025-05-06
u022887,organic,2025-05-29
u022888,organic,2025-05-15
u022889,organic,2025-05-08
u022890,organic,2025-05-09
u022891,organic,2025-05-09
u022892,organic,2025-05-09
u022893,organic,2025-05-27
u022894,organic,2025-05-16
u022895,organic,2025-05-16
u022896,organic,2025-05-17
u022897,organic,2025-05-17
u022898,organic,2025-05-20
u022899,organic,2025-05-24
u022900,organic,2025-05-21
u022901,organic,2025-05-30
u022902,organic,2025-05-17
u022903,organic,2025-05-31
u022904,organic,2025-05-09
u022905,organic,2025-05-24
u022906,organic,2025-05-13
u022907,organic,2025-05-22
u022908,organic,2025-05-08
u022909,organic,2025-05-26
u022910,organic,2025-05-05
u022911,organic,2025-05-14
u022912,organic,2025-05-11
u022913,organic,2025-05-06
u022914,organic,2025-05-04
u022915,organic,2025-05-27
u022916,organic,2025-05-18
u022917,organic,2025-05-29
u022918,organic,2025-05-24
u022919,organic,2025-05-07
u022920,organic,2025-05-26
u022921,organic,2025-05-29
u022922,organic,2025-05-29
u022923,organic,2025-05-21
u022924,organic,2025-05-12
u022925,organic,2025-05-28
u022926,organic,2025-05-08
u022927,organic,2025-05-20
u022928,organic,2025-05-04
u022929,organic,2025-05-07
u022930,organic,2025-05-16
u022931,organic,2025-05-01
u022932,organic,2025-05-22
u022933,organic,2025-05-16
u022934,organic,2025-05-27
u022935,organic,2025-05-16
u022936,organic,2025-05-15
u022937,organic,2025-05-04
u022938,organic,2025-05-19
u022939,organic,2025-05-19
u022940,organic,2025-05-23
u022941,organic,2025-05-05
u022942,organic,2025-05-13
u022943,organic,2025-05-18
u022944,organic,2025-05-24
u022945,organic,2025-05-12
u022946,organic,2025-05-21
u022947,organic,2025-05-11
u022948,organic,2025-05-02
u022949,organic,2025-05-31
u022950,organic,2025-05-15
u022951,organic,2025-05-13
u022952,organic,2025-05-18
u022953,organic,2025-05-06
u022954,organic,2025-05-06
u022955,organic,2025-05-27
u022956,organic,2025-05-15
u022957,organic,2025-05-06
u022958,organic,2025-05-03
u022959,organic,2025-05-25
u022960,organic,2025-05-13
u022961,organic,2025-05-27
u022962,organic,2025-05-02
u022963,organic,2025-05-07
u022964,organic,2025-05-12
u022965,organic,2025-05-16
u022966,organic,2025-05-28
u022967,organic,2025-05-16
u022968,organic,2025-05-22
u022969,organic,2025-05-24
u022970,organic,2025-05-03
u022971,organic,2025-05-15
u022972,organic,2025-05-01
u022973,organic,2025-05-22
u022974,organic,2025-05-22
u022975,organic,2025-05-07
u022976,organic,2025-05-18
u022977,organic,2025-05-07
u022978,organic,2025-05-08
u022979,organic,2025-05-11
u022980,organic,2025-05-13
u022981,organic,2025-05-03
u022982,organic,2025-05-30
u022983,organic,2025-05-27
u022984,organic,2025-05-25
u022985,organic,2025-05-03
u022986,organic,2025-05-26
u022987,organic,2025-05-11
u022988,organic,2025-05-23
u022989,organic,2025-05-28
u022990,organic,2025-05-17
u022991,organic,2025-05-12
u022992,organic,2025-05-04
u022993,organic,2025-05-21
u022994,organic,2025-05-20
u022995,organic,2025-05-16
u022996,organic,2025-05-01
u022997,organic,2025-05-21
u022998,organic,2025-05-15
u022999,organic,2025-05-10
u023000,organic,2025-05-07
u023001,organic,2025-05-21
u023002,organic,2025-05-16
u023003,organic,2025-05-02
u023004,organic,2025-05-03
u023005,organic,2025-05-04
u023006,organic,2025-05-19
u023007,organic,2025-05-03
u023008,organic,2025-05-07
u023009,organic,2025-05-19
u023010,organic,2025-05-14
u023011,organic,2025-05-19
u023012,organic,2025-05-08
u023013,organic,2025-05-29
u023014,organic,2025-05-27
u023015,organic,2025-05-27
u023016,organic,2025-05-06
u023017,organic,2025-05-15
u023018,organic,2025-05-19
u023019,organic,2025-05-24
u023020,organic,2025-05-31
u023021,organic,2025-05-13
u023022,organic,2025-05-09
u023023,organic,2025-05-25
u023024,organic,2025-05-08
u023025,organic,2025-05-31
u023026,organic,2025-05-11
u023027,organic,2025-05-04
u023028,organic,2025-05-05
u023029,organic,2025-05-17
u023030,organic,2025-05-26
u023031,organic,2025-05-12
u023032,organic,2025-05-10
u023033,organic,2025-05-11
u023034,organic,2025-05-21
u023035,organic,2025-05-20
u023036,organic,2025-05-04
u023037,organic,2025-05-14
u023038,organic,2025-05-21
u023039,organic,2025-05-06
u023040,organic,2025-05-11
u023041,organic,2025-05-31
u023042,organic,2025-05-05
u023043,organic,2025-05-20
u023044,organic,2025-05-31
u023045,organic,2025-05-26
u023046,organic,2025-05-29
u023047,organic,2025-05-17
u023048,organic,2025-05-16
u023049,organic,2025-05-01
u023050,organic,2025-05-11
u023051,organic,2025-05-13
u023052,organic,2025-05-07
u023053,organic,2025-05-31
u023054,organic,2025-05-06
u023055,organic,2025-05-15
u023056,organic,2025-05-30
u023057,organic,2025-05-01
u023058,organic,2025-05-23
u023059,organic,2025-05-27
u023060,organic,2025-05-24
u023061,organic,2025-05-01
u023062,organic,2025-05-30
u023063,organic,2025-05-23
u023064,organic,2025-05-29
u023065,organic,2025-05-02
u023066,organic,2025-05-12
u023067,organic,2025-05-05
u023068,organic,2025-05-20
u023069,organic,2025-05-13
u023070,organic,2025-05-18
u023071,organic,2025-05-14
u023072,organic,2025-05-10
u023073,organic,2025-05-07
u023074,organic,2025-05-01
u023075,organic,2025-05-27
u023076,organic,2025-05-03
u023077,organic,2025-05-07
u023078,organic,2025-05-19
u023079,organic,2025-05-16
u023080,organic,2025-05-23
u023081,organic,2025-05-14
u023082,organic,2025-05-15
u023083,organic,2025-05-19
u023084,organic,2025-05-29
u023085,organic,2025-05-25
u023086,organic,2025-05-04
u023087,organic,2025-05-04
u023088,organic,2025-05-02
u023089,search,2025-06-03
u023090,search,2025-06-22
u023091,search,2025-06-28
u023092,search,2025-06-22
u023093,search,2025-06-04
u023094,search,2025-06-03
u023095,search,2025-06-26
u023096,search,2025-06-09
u023097,search,2025-06-23
u023098,search,2025-06-07
u023099,search,2025-06-16
u023100,search,2025-06-19
u023101,search,2025-06-07
u023102,search,2025-06-25
u023103,search,2025-06-08
u023104,search,2025-06-23
u023105,search,2025-06-30
u023106,search,2025-06-05
u023107,search,2025-06-15
u023108,search,2025-06-02
u023109,search,2025-06-30
u023110,search,2025-06-11
u023111,search,2025-06-21
u023112,search,2025-06-10
u023113,search,2025-06-02
u023114,search,2025-06-12
u023115,search,2025-06-10
u023116,search,2025-06-14
u023117,search,2025-06-27
u023118,search,2025-06-27
u023119,search,2025-06-10
u023120,search,2025-06-26
u023121,search,2025-06-04
u023122,search,2025-06-14
u023123,search,2025-06-03
u023124,search,2025-06-16
u023125,search,2025-06-25
u023126,search,2025-06-30
u023127,search,2025-06-12
u023128,search,2025-06-10
u023129,search,2025-06-19
u023130,search,2025-06-27
u023131,search,2025-06-30
u023132,search,2025-06-15
u023133,search,2025-06-22
u023134,search,2025-06-21
u023135,search,2025-06-06
u023136,search,2025-06-25
u023137,search,2025-06-18
u023138,search,2025-06-19
u023139,search,2025-06-24
u023140,search,2025-06-10
u023141,search,2025-06-10
u023142,search,2025-06-10
u023143,search,2025-06-18
u023144,search,2025-06-17
u023145,search,2025-06-28
u023146,search,2025-06-02
u023147,search,2025-06-06
u023148,search,2025-06-30
u023149,search,2025-06-06
u023150,search,2025-06-05
u023151,search,2025-06-07
u023152,search,2025-06-18
u023153,search,2025-06-03
u023154,search,2025-06-04
u023155,search,2025-06-12
u023156,search,2025-06-30
u023157,search,2025-06-29
u023158,search,2025-06-22
u023159,search,2025-06-06
u023160,search,2025-06-28
u023161,search,2025-06-09
u023162,search,2025-06-11
u023163,search,2025-06-18
u023164,search,2025-06-21
u023165,search,2025-06-10
u023166,search,2025-06-28
u023167,search,2025-06-21
u023168,search,2025-06-01
u023169,search,2025-06-04
u023170,search,2025-06-12
u023171,search,2025-06-08
u023172,search,2025-06-24
u023173,search,2025-06-30
u023174,search,2025-06-16
u023175,search,2025-06-04
u023176,search,2025-06-30
u023177,search,2025-06-25
u023178,search,2025-06-05
u023179,search,2025-06-19
u023180,search,2025-06-17
u023181,search,2025-06-07
u023182,search,2025-06-16
u023183,search,2025-06-18
u023184,search,2025-06-13
u023185,search,2025-06-14
u023186,search,2025-06-29
u023187,search,2025-06-23
u023188,search,2025-06-03
u023189,search,2025-06-10
u023190,search,2025-06-07
u023191,search,2025-06-28
u023192,search,2025-06-08
u023193,search,2025-06-14
u023194,search,2025-06-15
u023195,search,2025-06-21
u023196,search,2025-06-26
u023197,search,2025-06-18
u023198,search,2025-06-27
u023199,search,2025-06-30
u023200,search,2025-06-12
u023201,search,2025-06-05
u023202,search,2025-06-17
u023203,search,2025-06-04
u023204,search,2025-06-24
u023205,search,2025-06-03
u023206,search,2025-06-20
u023207,search,2025-06-14
u023208,search,2025-06-23
u023209,search,2025-06-12
u023210,search,2025-06-05
u023211,search,2025-06-24
u023212,search,2025-06-13
u023213,search,2025-06-10
u023214,search,2025-06-23
u023215,search,2025-06-16
u023216,search,2025-06-11
u023217,search,2025-06-23
u023218,search,2025-06-30
u023219,search,2025-06-03
u023220,search,2025-06-06
u023221,search,2025-06-12
u023222,search,2025-06-20
u023223,search,2025-06-20
u023224,search,2025-06-29
u023225,search,2025-06-24
u023226,search,2025-06-19
u023227,search,2025-06-23
u023228,search,2025-06-09
u023229,search,2025-06-15
u023230,search,2025-06-18
u023231,search,2025-06-12
u023232,search,2025-06-29
u023233,search,2025-06-26
u023234,search,2025-06-14
u023235,search,2025-06-08
u023236,search,2025-06-21
u023237,search,2025-06-29
u023238,search,2025-06-27
u023239,search,2025-06-02
u023240,search,2025-06-10
u023241,search,2025-06-05
u023242,search,2025-06-05
u023243,search,2025-06-01
u023244,search,2025-06-21
u023245,search,2025-06-16
u023246,search,2025-06-18
u023247,search,2025-06-01
u023248,search,2025-06-11
u023249,search,2025-06-19
u023250,search,2025-06-17
u023251,search,2025-06-04
u023252,search,2025-06-29
u023253,search,2025-06-12
u023254,search,2025-06-13
u023255,search,2025-06-18
u023256,search,2025-06-26
u023257,search,2025-06-11
u023258,search,2025-06-30
u023259,search,2025-06-21
u023260,search,2025-06-02
u023261,search,2025-06-17
u023262,search,2025-06-07
u023263,search,2025-06-21
u023264,search,2025-06-25
u023265,search,2025-06-07
u023266,search,2025-06-08
u023267,search,2025-06-22
u023268,search,2025-06-29
u023269,search,2025-06-30
u023270,search,2025-06-11
u023271,search,2025-06-16
u023272,search,2025-06-13
u023273,search,2025-06-21
u023274,search,2025-06-21
u023275,search,2025-06-21
u023276,search,2025-06-10
u023277,search,2025-06-05
u023278,search,2025-06-06
u023279,search,2025-06-12
u023280,search,2025-06-28
u023281,search,2025-06-12
u023282,search,2025-06-15
u023283,search,2025-06-02
u023284,search,2025-06-27
u023285,search,2025-06-27
u023286,search,2025-06-24
u023287,search,2025-06-29
u023288,search,2025-06-12
u023289,search,2025-06-17
u023290,search,2025-06-23
u023291,search,2025-06-21
u023292,search,2025-06-28
u023293,search,2025-06-28
u023294,search,2025-06-06
u023295,search,2025-06-09
u023296,search,2025-06-29
u023297,search,2025-06-27
u023298,search,2025-06-11
u023299,search,2025-06-26
u023300,search,2025-06-05
u023301,search,2025-06-13
u023302,search,2025-06-24
u023303,search,2025-06-16
u023304,search,2025-06-03
u023305,search,2025-06-26
u023306,search,2025-06-15
u023307,search,2025-06-06
u023308,search,2025-06-07
u023309,search,2025-06-04
u023310,search,2025-06-29
u023311,search,2025-06-25
u023312,search,2025-06-12
u023313,search,2025-06-10
u023314,search,2025-06-05
u023315,search,2025-06-17
u023316,search,2025-06-15
u023317,search,2025-06-24
u023318,search,2025-06-07
u023319,search,2025-06-16
u023320,search,2025-06-03
u023321,search,2025-06-28
u023322,search,2025-06-05
u023323,search,2025-06-28
u023324,search,2025-06-24
u023325,search,2025-06-01
u023326,search,2025-06-13
u023327,search,2025-06-05
u023328,search,2025-06-20
u023329,search,2025-06-12
u023330,search,2025-06-04
u023331,search,2025-06-28
u023332,search,2025-06-09
u023333,search,2025-06-02
u023334,search,2025-06-07
u023335,search,2025-06-10
u023336,search,2025-06-25
u023337,search,2025-06-07
u023338,search,2025-06-25
u023339,search,2025-06-24
u023340,search,2025-06-01
u023341,search,2025-06-29
u023342,search,2025-06-03
u023343,search,2025-06-14
u023344,search,2025-06-17
u023345,search,2025-06-03
u023346,search,2025-06-19
u023347,search,2025-06-13
u023348,search,2025-06-14
u023349,search,2025-06-02
u023350,search,2025-06-07
u023351,search,2025-06-13
u023352,search,2025-06-16
u023353,search,2025-06-13
u023354,search,2025-06-28
u023355,search,2025-06-25
u023356,search,2025-06-29
u023357,search,2025-06-29
u023358,search,2025-06-14
u023359,search,2025-06-25
u023360,search,2025-06-22
u023361,search,2025-06-19
u023362,search,2025-06-03
u023363,search,2025-06-20
u023364,search,2025-06-13
u023365,search,2025-06-08
u023366,search,2025-06-20
u023367,search,2025-06-27
u023368,search,2025-06-29
u023369,search,2025-06-03
u023370,search,2025-06-25
u023371,search,2025-06-13
u023372,search,2025-06-21
u023373,search,2025-06-05
u023374,search,2025-06-23
u023375,search,2025-06-13
u023376,search,2025-06-26
u023377,search,2025-06-26
u023378,search,2025-06-25
u023379,search,2025-06-28
u023380,search,2025-06-10
u023381,search,2025-06-29
u023382,search,2025-06-18
u023383,search,2025-06-04
u023384,search,2025-06-09
u023385,search,2025-06-26
u023386,search,2025-06-30
u023387,search,2025-06-21
u023388,search,2025-06-20
u023389,search,2025-06-14
u023390,search,2025-06-19
u023391,search,2025-06-08
u023392,search,2025-06-09
u023393,search,2025-06-08
u023394,search,2025-06-08
u023395,search,2025-06-10
u023396,search,2025-06-28
u023397,search,2025-06-10
u023398,search,2025-06-12
u023399,search,2025-06-04
u023400,search,2025-06-09
u023401,search,2025-06-05
u023402,search,2025-06-06
u023403,search,2025-06-04
u023404,search,2025-06-17
u023405,search,2025-06-23
u023406,search,2025-06-26
u023407,search,2025-06-13
u023408,search,2025-06-03
u023409,search,2025-06-08
u023410,search,2025-06-06
u023411,search,2025-06-18
u023412,search,2025-06-22
u023413,search,2025-06-12
u023414,search,2025-06-16
u023415,search,2025-06-30
u023416,search,2025-06-25
u023417,search,2025-06-16
u023418,search,2025-06-19
u023419,search,2025-06-26
u023420,search,2025-06-05
u023421,search,2025-06-08
u023422,search,2025-06-04
u023423,search,2025-06-29
u023424,search,2025-06-14
u023425,search,2025-06-05
u023426,search,2025-06-02
u023427,search,2025-06-11
u023428,search,2025-06-26
u023429,search,2025-06-02
u023430,search,2025-06-24
u023431,search,2025-06-07
u023432,search,2025-06-05
u023433,search,2025-06-12
u023434,search,2025-06-29
u023435,search,2025-06-07
u023436,search,2025-06-26
u023437,search,2025-06-04
u023438,search,2025-06-07
u023439,search,2025-06-16
u023440,search,2025-06-19
u023441,search,2025-06-12
u023442,search,2025-06-21
u023443,search,2025-06-14
u023444,search,2025-06-27
u023445,search,2025-06-14
u023446,search,2025-06-13
u023447,search,2025-06-26
u023448,search,2025-06-28
u023449,search,2025-06-12
u023450,search,2025-06-01
u023451,search,2025-06-23
u023452,search,2025-06-26
u023453,search,2025-06-23
u023454,search,2025-06-20
u023455,search,2025-06-02
u023456,search,2025-06-13
u023457,search,2025-06-10
u023458,search,2025-06-16
u023459,search,2025-06-20
u023460,search,2025-06-16
u023461,search,2025-06-28
u023462,search,2025-06-12
u023463,search,2025-06-20
u023464,search,2025-06-03
u023465,search,2025-06-25
u023466,search,2025-06-27
u023467,search,2025-06-05
u023468,search,2025-06-22
u023469,search,2025-06-06
u023470,search,2025-06-13
u023471,search,2025-06-21
u023472,search,2025-06-01
u023473,search,2025-06-12
u023474,search,2025-06-03
u023475,search,2025-06-08
u023476,search,2025-06-16
u023477,search,2025-06-29
u023478,search,2025-06-16
u023479,search,2025-06-23
u023480,search,2025-06-18
u023481,search,2025-06-22
u023482,search,2025-06-21
u023483,search,2025-06-18
u023484,search,2025-06-19
u023485,search,2025-06-16
u023486,search,2025-06-11
u023487,search,2025-06-15
u023488,search,2025-06-03
u023489,search,2025-06-09
u023490,search,2025-06-18
u023491,search,2025-06-14
u023492,search,2025-06-13
u023493,search,2025-06-21
u023494,search,2025-06-09
u023495,search,2025-06-23
u023496,search,2025-06-23
u023497,search,2025-06-13
u023498,search,2025-06-16
u023499,search,2025-06-25
u023500,search,2025-06-28
u023501,search,2025-06-17
u023502,search,2025-06-14
u023503,search,2025-06-02
u023504,search,2025-06-19
u023505,search,2025-06-20
u023506,search,2025-06-09
u023507,search,2025-06-28
u023508,search,2025-06-06
u023509,search,2025-06-03
u023510,search,2025-06-02
u023511,search,2025-06-01
u023512,search,2025-06-28
u023513,search,2025-06-27
u023514,search,2025-06-28
u023515,search,2025-06-14
u023516,search,2025-06-07
u023517,search,2025-06-27
u023518,search,2025-06-05
u023519,search,2025-06-03
u023520,search,2025-06-01
u023521,search,2025-06-21
u023522,search,2025-06-02
u023523,search,2025-06-19
u023524,search,2025-06-17
u023525,search,2025-06-11
u023526,search,2025-06-11
u023527,search,2025-06-26
u023528,search,2025-06-14
u023529,search,2025-06-30
u023530,search,2025-06-10
u023531,search,2025-06-08
u023532,search,2025-06-18
u023533,search,2025-06-17
u023534,search,2025-06-27
u023535,search,2025-06-04
u023536,search,2025-06-08
u023537,search,2025-06-04
u023538,search,2025-06-21
u023539,search,2025-06-16
u023540,search,2025-06-25
u023541,search,2025-06-03
u023542,search,2025-06-02
u023543,search,2025-06-11
u023544,search,2025-06-19
u023545,search,2025-06-01
u023546,search,2025-06-07
u023547,search,2025-06-06
u023548,search,2025-06-17
u023549,search,2025-06-23
u023550,search,2025-06-25
u023551,search,2025-06-08
u023552,search,2025-06-10
u023553,search,2025-06-23
u023554,search,2025-06-22
u023555,search,2025-06-30
u023556,search,2025-06-06
u023557,search,2025-06-18
u023558,search,2025-06-06
u023559,search,2025-06-18
u023560,search,2025-06-22
u023561,search,2025-06-11
u023562,search,2025-06-02
u023563,search,2025-06-21
u023564,search,2025-06-03
u023565,search,2025-06-24
u023566,search,2025-06-14
u023567,search,2025-06-21
u023568,search,2025-06-19
u023569,display,2025-06-27
u023570,display,2025-06-19
u023571,display,2025-06-27
u023572,display,2025-06-06
u023573,display,2025-06-30
u023574,display,2025-06-28
u023575,display,2025-06-23
u023576,display,2025-06-19
u023577,display,2025-06-17
u023578,display,2025-06-14
u023579,display,2025-06-23
u023580,display,2025-06-15
u023581,display,2025-06-02
u023582,display,2025-06-08
u023583,display,2025-06-16
u023584,display,2025-06-06
u023585,display,2025-06-16
u023586,display,2025-06-21
u023587,display,2025-06-28
u023588,display,2025-06-17
u023589,display,2025-06-26
u023590,display,2025-06-06
u023591,display,2025-06-08
u023592,display,2025-06-19
u023593,display,2025-06-22
u023594,display,2025-06-13
u023595,display,2025-06-30
u023596,display,2025-06-22
u023597,display,2025-06-26
u023598,display,2025-06-16
u023599,display,2025-06-02
u023600,display,2025-06-29
u023601,display,2025-06-25
u023602,display,2025-06-26
u023603,display,2025-06-08
u023604,display,2025-06-18
u023605,display,2025-06-02
u023606,display,2025-06-30
u023607,display,2025-06-11
u023608,display,2025-06-16
u023609,display,2025-06-12
u023610,display,2025-06-21
u023611,display,2025-06-25
u023612,display,2025-06-07
u023613,display,2025-06-08
u023614,display,2025-06-02
u023615,display,2025-06-11
u023616,display,2025-06-01
u023617,display,2025-06-05
u023618,display,2025-06-07
u023619,display,2025-06-05
u023620,display,2025-06-25
u023621,display,2025-06-01
u023622,display,2025-06-27
u023623,display,2025-06-22
u023624,display,2025-06-29
u023625,display,2025-06-26
u023626,display,2025-06-28
u023627,display,2025-06-27
u023628,display,2025-06-22
u023629,display,2025-06-06
u023630,display,2025-06-07
u023631,display,2025-06-18
u023632,display,2025-06-06
u023633,display,2025-06-27
u023634,display,2025-06-01
u023635,display,2025-06-28
u023636,display,2025-06-29
u023637,display,2025-06-10
u023638,display,2025-06-11
u023639,display,2025-06-02
u023640,display,2025-06-08
u023641,display,2025-06-07
u023642,display,2025-06-09
u023643,display,2025-06-02
u023644,display,2025-06-25
u023645,display,2025-06-04
u023646,display,2025-06-26
u023647,display,2025-06-21
u023648,display,2025-06-26
u023649,display,2025-06-07
u023650,display,2025-06-28
u023651,display,2025-06-13
u023652,display,2025-06-11
u023653,display,2025-06-20
u023654,display,2025-06-29
u023655,display,2025-06-02
u023656,display,2025-06-12
u023657,display,2025-06-10
u023658,display,2025-06-22
u023659,display,2025-06-25
u023660,display,2025-06-21
u023661,display,2025-06-09
u023662,display,2025-06-26
u023663,display,2025-06-12
u023664,display,2025-06-28
u023665,display,2025-06-08
u023666,display,2025-06-16
u023667,display,2025-06-18
u023668,display,2025-06-28
u023669,display,2025-06-10
u023670,display,2025-06-09
u023671,display,2025-06-28
u023672,display,2025-06-04
u023673,display,2025-06-23
u023674,display,2025-06-22
u023675,display,2025-06-30
u023676,display,2025-06-25
u023677,display,2025-06-25
u023678,display,2025-06-27
u023679,display,2025-06-28
u023680,display,2025-06-10
u023681,display,2025-06-24
u023682,display,2025-06-06
u023683,display,2025-06-10
u023684,display,2025-06-15
u023685,display,2025-06-06
u023686,display,2025-06-08
u023687,display,2025-06-01
u023688,display,2025-06-01
u023689,display,2025-06-17
u023690,display,2025-06-15
u023691,display,2025-06-13
u023692,display,2025-06-29
u023693,display,2025-06-21
u023694,display,2025-06-12
u023695,display,2025-06-08
u023696,display,2025-06-25
u023697,display,2025-06-04
u023698,display,2025-06-13
u023699,display,2025-06-17
u023700,display,2025-06-05
u023701,display,2025-06-30
u023702,display,2025-06-11
u023703,display,2025-06-29
u023704,display,2025-06-09
u023705,display,2025-06-24
u023706,display,2025-06-24
u023707,display,2025-06-04
u023708,display,2025-06-24
u023709,display,2025-06-04
u023710,display,2025-06-27
u023711,display,2025-06-09
u023712,display,2025-06-08
u023713,display,2025-06-03
u023714,display,2025-06-29
u023715,display,2025-06-07
u023716,display,2025-06-30
u023717,display,2025-06-06
u023718,display,2025-06-14
u023719,display,2025-06-18
u023720,display,2025-06-19
u023721,display,2025-06-09
u023722,display,2025-06-23
u023723,display,2025-06-23
u023724,display,2025-06-27
u023725,display,2025-06-28
u023726,display,2025-06-06
u023727,display,2025-06-04
u023728,display,2025-06-08
u023729,display,2025-06-26
u023730,display,2025-06-27
u023731,display,2025-06-09
u023732,display,2025-06-24
u023733,display,2025-06-30
u023734,display,2025-06-18
u023735,display,2025-06-11
u023736,display,2025-06-09
u023737,display,2025-06-10
u023738,display,2025-06-20
u023739,display,2025-06-03
u023740,display,2025-06-27
u023741,display,2025-06-23
u023742,display,2025-06-25
u023743,display,2025-06-24
u023744,display,2025-06-07
u023745,display,2025-06-01
u023746,display,2025-06-21
u023747,display,2025-06-16
u023748,display,2025-06-29
u023749,display,2025-06-11
u023750,display,2025-06-30
u023751,display,2025-06-13
u023752,display,2025-06-02
u023753,display,2025-06-21
u023754,display,2025-06-20
u023755,display,2025-06-10
u023756,display,2025-06-16
u023757,display,2025-06-12
u023758,display,2025-06-03
u023759,display,2025-06-17
u023760,display,2025-06-10
u023761,display,2025-06-05
u023762,display,2025-06-11
u023763,display,2025-06-25
u023764,display,2025-06-04
u023765,display,2025-06-22
u023766,display,2025-06-24
u023767,display,2025-06-25
u023768,display,2025-06-03
u023769,display,2025-06-27
u023770,display,2025-06-19
u023771,display,2025-06-29
u023772,display,2025-06-03
u023773,display,2025-06-05
u023774,display,2025-06-24
u023775,display,2025-06-10
u023776,display,2025-06-23
u023777,display,2025-06-01
u023778,display,2025-06-07
u023779,display,2025-06-03
u023780,display,2025-06-19
u023781,display,2025-06-23
u023782,display,2025-06-21
u023783,display,2025-06-04
u023784,display,2025-06-27
u023785,display,2025-06-26
u023786,display,2025-06-02
u023787,display,2025-06-05
u023788,display,2025-06-11
u023789,display,2025-06-03
u023790,display,2025-06-30
u023791,display,2025-06-14
u023792,display,2025-06-22
u023793,display,2025-06-30
u023794,display,2025-06-04
u023795,display,2025-06-28
u023796,display,2025-06-21
u023797,display,2025-06-25
u023798,display,2025-06-17
u023799,display,2025-06-22
u023800,display,2025-06-13
u023801,display,2025-06-11
u023802,display,2025-06-06
u023803,display,2025-06-12
u023804,display,2025-06-14
u023805,display,2025-06-14
u023806,display,2025-06-25
u023807,display,2025-06-07
u023808,display,2025-06-25
u023809,retargeting,2025-06-15
u023810,retargeting,2025-06-10
u023811,retargeting,2025-06-05
u023812,retargeting,2025-06-24
u023813,retargeting,2025-06-27
u023814,retargeting,2025-06-03
u023815,retargeting,2025-06-14
u023816,retargeting,2025-06-08
u023817,retargeting,2025-06-30
u023818,retargeting,2025-06-07
u023819,retargeting,2025-06-17
u023820,retargeting,2025-06-26
u023821,retargeting,2025-06-16
u023822,retargeting,2025-06-30
u023823,retargeting,2025-06-22
u023824,retargeting,2025-06-13
u023825,retargeting,2025-06-14
u023826,retargeting,2025-06-03
u023827,retargeting,2025-06-24
u023828,retargeting,2025-06-21
u023829,retargeting,2025-06-06
u023830,retargeting,2025-06-14
u023831,retargeting,2025-06-15
u023832,retargeting,2025-06-07
u023833,retargeting,2025-06-28
u023834,retargeting,2025-06-05
u023835,retargeting,2025-06-08
u023836,retargeting,2025-06-26
u023837,retargeting,2025-06-13
u023838,retargeting,2025-06-06
u023839,retargeting,2025-06-01
u023840,retargeting,2025-06-23
u023841,retargeting,2025-06-15
u023842,retargeting,2025-06-28
u023843,retargeting,2025-06-10
u023844,retargeting,2025-06-12
u023845,retargeting,2025-06-01
u023846,retargeting,2025-06-20
u023847,retargeting,2025-06-09
u023848,retargeting,2025-06-04
u023849,retargeting,2025-06-16
u023850,retargeting,2025-06-08
u023851,retargeting,2025-06-10
u023852,retargeting,2025-06-01
u023853,retargeting,2025-06-25
u023854,retargeting,2025-06-04
u023855,retargeting,2025-06-16
u023856,retargeting,2025-06-16
u023857,retargeting,2025-06-20
u023858,retargeting,2025-06-21
u023859,retargeting,2025-06-13
u023860,retargeting,2025-06-02
u023861,retargeting,2025-06-04
u023862,retargeting,2025-06-30
u023863,retargeting,2025-06-25
u023864,retargeting,2025-06-24
u023865,retargeting,2025-06-01
u023866,retargeting,2025-06-12
u023867,retargeting,2025-06-29
u023868,retargeting,2025-06-23
u023869,retargeting,2025-06-06
u023870,retargeting,2025-06-02
u023871,retargeting,2025-06-30
u023872,retargeting,2025-06-27
u023873,retargeting,2025-06-10
u023874,retargeting,2025-06-27
u023875,retargeting,2025-06-15
u023876,retargeting,2025-06-02
u023877,retargeting,2025-06-20
u023878,retargeting,2025-06-05
u023879,retargeting,2025-06-06
u023880,retargeting,2025-06-17
u023881,retargeting,2025-06-14
u023882,retargeting,2025-06-15
u023883,retargeting,2025-06-22
u023884,retargeting,2025-06-30
u023885,retargeting,2025-06-23
u023886,retargeting,2025-06-20
u023887,retargeting,2025-06-21
u023888,retargeting,2025-06-21
u023889,retargeting,2025-06-09
u023890,retargeting,2025-06-29
u023891,retargeting,2025-06-17
u023892,retargeting,2025-06-26
u023893,retargeting,2025-06-12
u023894,retargeting,2025-06-14
u023895,retargeting,2025-06-24
u023896,retargeting,2025-06-22
u023897,retargeting,2025-06-16
u023898,retargeting,2025-06-08
u023899,retargeting,2025-06-07
u023900,retargeting,2025-06-24
u023901,retargeting,2025-06-21
u023902,retargeting,2025-06-07
u023903,retargeting,2025-06-27
u023904,retargeting,2025-06-05
u023905,retargeting,2025-06-02
u023906,retargeting,2025-06-07
u023907,retargeting,2025-06-28
u023908,retargeting,2025-06-01
u023909,retargeting,2025-06-27
u023910,retargeting,2025-06-14
u023911,retargeting,2025-06-12
u023912,retargeting,2025-06-15
u023913,retargeting,2025-06-05
u023914,retargeting,2025-06-10
u023915,retargeting,2025-06-28
u023916,retargeting,2025-06-09
u023917,retargeting,2025-06-03
u023918,retargeting,2025-06-10
u023919,retargeting,2025-06-20
u023920,retargeting,2025-06-13
u023921,retargeting,2025-06-06
u023922,retargeting,2025-06-09
u023923,retargeting,2025-06-20
u023924,retargeting,2025-06-21
u023925,retargeting,2025-06-04
u023926,retargeting,2025-06-14
u023927,retargeting,2025-06-14
u023928,retargeting,2025-06-08
u023929,brand,2025-06-15
u023930,brand,2025-06-02
u023931,brand,2025-06-14
u023932,brand,2025-06-14
u023933,brand,2025-06-22
u023934,brand,2025-06-14
u023935,brand,2025-06-13
u023936,brand,2025-06-15
u023937,brand,2025-06-28
u023938,brand,2025-06-23
u023939,brand,2025-06-26
u023940,brand,2025-06-27
u023941,brand,2025-06-13
u023942,brand,2025-06-10
u023943,brand,2025-06-11
u023944,brand,2025-06-26
u023945,brand,2025-06-02
u023946,brand,2025-06-18
u023947,brand,2025-06-10
u023948,brand,2025-06-23
u023949,brand,2025-06-10
u023950,brand,2025-06-04
u023951,brand,2025-06-18
u023952,brand,2025-06-07
u023953,brand,2025-06-28
u023954,brand,2025-06-07
u023955,brand,2025-06-25
u023956,brand,2025-06-06
u023957,brand,2025-06-15
u023958,brand,2025-06-25
u023959,brand,2025-06-08
u023960,brand,2025-06-08
u023961,brand,2025-06-05
u023962,brand,2025-06-29
u023963,brand,2025-06-03
u023964,brand,2025-06-19
u023965,brand,2025-06-03
u023966,brand,2025-06-27
u023967,brand,2025-06-17
u023968,brand,2025-06-15
u023969,brand,2025-06-05
u023970,brand,2025-06-16
u023971,brand,2025-06-15
u023972,brand,2025-06-11
u023973,brand,2025-06-03
u023974,brand,2025-06-01
u023975,brand,2025-06-07
u023976,brand,2025-06-19
u023977,brand,2025-06-28
u023978,brand,2025-06-03
u023979,brand,2025-06-22
u023980,brand,2025-06-14
u023981,brand,2025-06-08
u023982,brand,2025-06-24
u023983,brand,2025-06-21
u023984,brand,2025-06-29
u023985,brand,2025-06-30
u023986,brand,2025-06-21
u023987,brand,2025-06-20
u023988,brand,2025-06-06
u023989,brand,2025-06-24
u023990,brand,2025-06-03
u023991,brand,2025-06-07
u023992,brand,2025-06-11
u023993,brand,2025-06-04
u023994,brand,2025-06-17
u023995,brand,2025-06-29
u023996,brand,2025-06-03
u023997,brand,2025-06-06
u023998,brand,2025-06-19
u023999,brand,2025-06-27
u024000,brand,2025-06-02
u024001,brand,2025-06-21
u024002,brand,2025-06-06
u024003,brand,2025-06-23
u024004,brand,2025-06-21
u024005,brand,2025-06-15
u024006,brand,2025-06-11
u024007,brand,2025-06-25
u024008,brand,2025-06-15
u024009,brand,2025-06-26
u024010,brand,2025-06-03
u024011,brand,2025-06-13
u024012,brand,2025-06-04
u024013,brand,2025-06-28
u024014,brand,2025-06-19
u024015,brand,2025-06-17
u024016,brand,2025-06-14
u024017,brand,2025-06-20
u024018,brand,2025-06-04
u024019,brand,2025-06-23
u024020,brand,2025-06-17
u024021,brand,2025-06-05
u024022,brand,2025-06-29
u024023,brand,2025-06-20
u024024,brand,2025-06-08
u024025,brand,2025-06-28
u024026,brand,2025-06-22
u024027,brand,2025-06-16
u024028,brand,2025-06-22
u024029,brand,2025-06-01
u024030,brand,2025-06-14
u024031,brand,2025-06-23
u024032,brand,2025-06-05
u024033,brand,2025-06-05
u024034,brand,2025-06-06
u024035,brand,2025-06-19
u024036,brand,2025-06-17
u024037,brand,2025-06-26
u024038,brand,2025-06-19
u024039,brand,2025-06-01
u024040,brand,2025-06-07
u024041,brand,2025-06-01
u024042,brand,2025-06-19
u024043,brand,2025-06-26
u024044,brand,2025-06-12
u024045,brand,2025-06-08
u024046,brand,2025-06-15
u024047,brand,2025-06-23
u024048,brand,2025-06-29
u024049,brand,2025-06-29
u024050,brand,2025-06-21
u024051,brand,2025-06-13
u024052,brand,2025-06-19
u024053,brand,2025-06-21
u024054,brand,2025-06-27
u024055,brand,2025-06-13
u024056,brand,2025-06-10
u024057,brand,2025-06-23
u024058,brand,2025-06-29
u024059,brand,2025-06-01
u024060,brand,2025-06-19
u024061,brand,2025-06-07
u024062,brand,2025-06-17
u024063,brand,2025-06-12
u024064,brand,2025-06-17
u024065,brand,2025-06-24
u024066,brand,2025-06-01
u024067,brand,2025-06-09
u024068,brand,2025-06-03
u024069,brand,2025-06-05
u024070,brand,2025-06-02
u024071,brand,2025-06-08
u024072,brand,2025-06-09
u024073,brand,2025-06-29
u024074,brand,2025-06-19
u024075,brand,2025-06-19
u024076,brand,2025-06-05
u024077,brand,2025-06-24
u024078,brand,2025-06-14
u024079,brand,2025-06-13
u024080,brand,2025-06-29
u024081,brand,2025-06-09
u024082,brand,2025-06-04
u024083,brand,2025-06-07
u024084,brand,2025-06-19
u024085,brand,2025-06-24
u024086,brand,2025-06-24
u024087,brand,2025-06-01
u024088,brand,2025-06-17
u024089,brand,2025-06-12
u024090,brand,2025-06-09
u024091,brand,2025-06-21
u024092,brand,2025-06-27
u024093,brand,2025-06-29
u024094,brand,2025-06-08
u024095,brand,2025-06-01
u024096,brand,2025-06-07
u024097,brand,2025-06-17
u024098,brand,2025-06-10
u024099,brand,2025-06-23
u024100,brand,2025-06-19
u024101,brand,2025-06-10
u024102,brand,2025-06-18
u024103,brand,2025-06-11
u024104,brand,2025-06-24
u024105,brand,2025-06-19
u024106,brand,2025-06-23
u024107,brand,2025-06-12
u024108,brand,2025-06-10
u024109,brand,2025-06-13
u024110,brand,2025-06-26
u024111,brand,2025-06-30
u024112,brand,2025-06-03
u024113,brand,2025-06-11
u024114,brand,2025-06-25
u024115,brand,2025-06-17
u024116,brand,2025-06-30
u024117,brand,2025-06-20
u024118,brand,2025-06-23
u024119,brand,2025-06-24
u024120,brand,2025-06-02
u024121,brand,2025-06-23
u024122,brand,2025-06-10
u024123,brand,2025-06-11
u024124,brand,2025-06-29
u024125,brand,2025-06-30
u024126,brand,2025-06-28
u024127,brand,2025-06-24
u024128,brand,2025-06-15
u024129,brand,2025-06-02
u024130,brand,2025-06-25
u024131,brand,2025-06-26
u024132,brand,2025-06-18
u024133,brand,2025-06-04
u024134,brand,2025-06-18
u024135,brand,2025-06-27
u024136,brand,2025-06-28
u024137,brand,2025-06-17
u024138,brand,2025-06-14
u024139,brand,2025-06-20
u024140,brand,2025-06-19
u024141,brand,2025-06-02
u024142,brand,2025-06-27
u024143,brand,2025-06-01
u024144,brand,2025-06-19
u024145,brand,2025-06-24
u024146,brand,2025-06-18
u024147,brand,2025-06-24
u024148,brand,2025-06-17
u024149,brand,2025-06-19
u024150,brand,2025-06-27
u024151,brand,2025-06-06
u024152,brand,2025-06-03
u024153,brand,2025-06-09
u024154,brand,2025-06-20
u024155,brand,2025-06-30
u024156,brand,2025-06-05
u024157,brand,2025-06-06
u024158,brand,2025-06-07
u024159,brand,2025-06-01
u024160,brand,2025-06-01
u024161,brand,2025-06-27
u024162,brand,2025-06-13
u024163,brand,2025-06-21
u024164,brand,2025-06-04
u024165,brand,2025-06-22
u024166,brand,2025-06-30
u024167,brand,2025-06-10
u024168,brand,2025-06-27
u024169,brand,2025-06-10
u024170,brand,2025-06-10
u024171,brand,2025-06-29
u024172,brand,2025-06-25
u024173,brand,2025-06-17
u024174,brand,2025-06-05
u024175,brand,2025-06-19
u024176,brand,2025-06-26
u024177,brand,2025-06-19
u024178,brand,2025-06-16
u024179,brand,2025-06-20
u024180,brand,2025-06-13
u024181,brand,2025-06-10
u024182,brand,2025-06-08
u024183,brand,2025-06-15
u024184,brand,2025-06-05
u024185,brand,2025-06-21
u024186,brand,2025-06-13
u024187,brand,2025-06-23
u024188,brand,2025-06-25
u024189,brand,2025-06-19
u024190,brand,2025-06-24
u024191,brand,2025-06-19
u024192,brand,2025-06-08
u024193,brand,2025-06-29
u024194,brand,2025-06-01
u024195,brand,2025-06-30
u024196,brand,2025-06-25
u024197,brand,2025-06-29
u024198,brand,2025-06-27
u024199,brand,2025-06-22
u024200,brand,2025-06-05
u024201,brand,2025-06-07
u024202,brand,2025-06-27
u024203,brand,2025-06-07
u024204,brand,2025-06-19
u024205,brand,2025-06-01
u024206,brand,2025-06-21
u024207,brand,2025-06-28
u024208,brand,2025-06-24
u024209,brand,2025-06-12
u024210,brand,2025-06-16
u024211,brand,2025-06-03
u024212,brand,2025-06-09
u024213,brand,2025-06-08
u024214,brand,2025-06-02
u024215,brand,2025-06-06
u024216,brand,2025-06-11
u024217,brand,2025-06-24
u024218,brand,2025-06-14
u024219,brand,2025-06-09
u024220,brand,2025-06-23
u024221,brand,2025-06-19
u024222,brand,2025-06-13
u024223,brand,2025-06-09
u024224,brand,2025-06-16
u024225,brand,2025-06-27
u024226,brand,2025-06-02
u024227,brand,2025-06-11
u024228,brand,2025-06-26
u024229,brand,2025-06-18
u024230,brand,2025-06-24
u024231,brand,2025-06-13
u024232,brand,2025-06-04
u024233,brand,2025-06-04
u024234,brand,2025-06-25
u024235,brand,2025-06-30
u024236,brand,2025-06-26
u024237,brand,2025-06-27
u024238,brand,2025-06-19
u024239,brand,2025-06-22
u024240,brand,2025-06-28
u024241,brand,2025-06-27
u024242,brand,2025-06-27
u024243,brand,2025-06-01
u024244,brand,2025-06-03
u024245,brand,2025-06-05
u024246,brand,2025-06-10
u024247,brand,2025-06-30
u024248,brand,2025-06-15
u024249,brand,2025-06-08
u024250,brand,2025-06-24
u024251,brand,2025-06-10
u024252,brand,2025-06-07
u024253,brand,2025-06-30
u024254,brand,2025-06-23
u024255,brand,2025-06-01
u024256,brand,2025-06-03
u024257,brand,2025-06-07
u024258,brand,2025-06-18
u024259,brand,2025-06-11
u024260,brand,2025-06-26
u024261,brand,2025-06-16
u024262,brand,2025-06-23
u024263,brand,2025-06-27
u024264,brand,2025-06-19
u024265,brand,2025-06-15
u024266,brand,2025-06-16
u024267,brand,2025-06-15
u024268,brand,2025-06-25
u024269,brand,2025-06-19
u024270,brand,2025-06-29
u024271,brand,2025-06-08
u024272,brand,2025-06-29
u024273,brand,2025-06-01
u024274,brand,2025-06-02
u024275,brand,2025-06-18
u024276,brand,2025-06-05
u024277,brand,2025-06-10
u024278,brand,2025-06-04
u024279,brand,2025-06-29
u024280,brand,2025-06-27
u024281,brand,2025-06-03
u024282,brand,2025-06-25
u024283,brand,2025-06-03
u024284,brand,2025-06-30
u024285,brand,2025-06-21
u024286,brand,2025-06-27
u024287,brand,2025-06-26
u024288,brand,2025-06-26
u024289,organic,2025-06-15
u024290,organic,2025-06-10
u024291,organic,2025-06-05
u024292,organic,2025-06-05
u024293,organic,2025-06-28
u024294,organic,2025-06-16
u024295,organic,2025-06-27
u024296,organic,2025-06-22
u024297,organic,2025-06-18
u024298,organic,2025-06-08
u024299,organic,2025-06-15
u024300,organic,2025-06-13
u024301,organic,2025-06-12
u024302,organic,2025-06-03
u024303,organic,2025-06-13
u024304,organic,2025-06-18
u024305,organic,2025-06-14
u024306,organic,2025-06-21
u024307,organic,2025-06-10
u024308,organic,2025-06-06
u024309,organic,2025-06-25
u024310,organic,2025-06-25
u024311,organic,2025-06-03
u024312,organic,2025-06-08
u024313,organic,2025-06-22
u024314,organic,2025-06-17
u024315,organic,2025-06-05
u024316,organic,2025-06-20
u024317,organic,2025-06-17
u024318,organic,2025-06-20
u024319,organic,2025-06-06
u024320,organic,2025-06-15
u024321,organic,2025-06-10
u024322,organic,2025-06-26
u024323,organic,2025-06-09
u024324,organic,2025-06-30
u024325,organic,2025-06-24
u024326,organic,2025-06-30
u024327,organic,2025-06-19
u024328,organic,2025-06-08
u024329,organic,2025-06-23
u024330,organic,2025-06-08
u024331,organic,2025-06-02
u024332,organic,2025-06-17
u024333,organic,2025-06-10
u024334,organic,2025-06-04
u024335,organic,2025-06-21
u024336,organic,2025-06-17
u024337,organic,2025-06-24
u024338,organic,2025-06-21
u024339,organic,2025-06-29
u024340,organic,2025-06-08
u024341,organic,2025-06-07
u024342,organic,2025-06-06
u024343,organic,2025-06-23
u024344,organic,2025-06-17
u024345,organic,2025-06-25
u024346,organic,2025-06-01
u024347,organic,2025-06-15
u024348,organic,2025-06-23
u024349,organic,2025-06-03
u024350,organic,2025-06-29
u024351,organic,2025-06-28
u024352,organic,2025-06-18
u024353,organic,2025-06-01
u024354,organic,2025-06-29
u024355,organic,2025-06-09
u024356,organic,2025-06-30
u024357,organic,2025-06-21
u024358,organic,2025-06-30
u024359,organic,2025-06-08
u024360,organic,2025-06-06
u024361,organic,2025-06-28
u024362,organic,2025-06-30
u024363,organic,2025-06-15
u024364,organic,2025-06-22
u024365,organic,2025-06-04
u024366,organic,2025-06-28
u024367,organic,2025-06-06
u024368,organic,2025-06-16
u024369,organic,2025-06-01
u024370,organic,2025-06-06
u024371,organic,2025-06-27
u024372,organic,2025-06-17
u024373,organic,2025-06-29
u024374,organic,2025-06-29
u024375,organic,2025-06-27
u024376,organic,2025-06-17
u024377,organic,2025-06-10
u024378,organic,2025-06-25
u024379,organic,2025-06-12
u024380,organic,2025-06-19
u024381,organic,2025-06-17
u024382,organic,2025-06-10
u024383,organic,2025-06-07
u024384,organic,2025-06-19
u024385,organic,2025-06-20
u024386,organic,2025-06-03
u024387,organic,2025-06-28
u024388,organic,2025-06-02
u024389,organic,2025-06-06
u024390,organic,2025-06-02
u024391,organic,2025-06-23
u024392,organic,2025-06-22
u024393,organic,2025-06-06
u024394,organic,2025-06-26
u024395,organic,2025-06-14
u024396,organic,2025-06-04
u024397,organic,2025-06-18
u024398,organic,2025-06-20
u024399,organic,2025-06-14
u024400,organic,2025-06-04
u024401,organic,2025-06-29
u024402,organic,2025-06-19
u024403,organic,2025-06-11
u024404,organic,2025-06-15
u024405,organic,2025-06-28
u024406,organic,2025-06-26
u024407,organic,2025-06-24
u024408,organic,2025-06-09
u024409,organic,2025-06-10
u024410,organic,2025-06-19
u024411,organic,2025-06-25
u024412,organic,2025-06-13
u024413,organic,2025-06-26
u024414,organic,2025-06-19
u024415,organic,2025-06-28
u024416,organic,2025-06-10
u024417,organic,2025-06-13
u024418,organic,2025-06-19
u024419,organic,2025-06-14
u024420,organic,2025-06-06
u024421,organic,2025-06-17
u024422,organic,2025-06-04
u024423,organic,2025-06-09
u024424,organic,2025-06-15
u024425,organic,2025-06-08
u024426,organic,2025-06-16
u024427,organic,2025-06-19
u024428,organic,2025-06-08
u024429,organic,2025-06-17
u024430,organic,2025-06-22
u024431,organic,2025-06-15
u024432,organic,2025-06-21
u024433,organic,2025-06-09
u024434,organic,2025-06-20
u024435,organic,2025-06-29
u024436,organic,2025-06-18
u024437,organic,2025-06-05
u024438,organic,2025-06-20
u024439,organic,2025-06-11
u024440,organic,2025-06-07
u024441,organic,2025-06-06
u024442,organic,2025-06-22
u024443,organic,2025-06-27
u024444,organic,2025-06-17
u024445,organic,2025-06-01
u024446,organic,2025-06-25
u024447,organic,2025-06-15
u024448,organic,2025-06-30
u024449,organic,2025-06-17
u024450,organic,2025-06-17
u024451,organic,2025-06-15
u024452,organic,2025-06-10
u024453,organic,2025-06-30
u024454,organic,2025-06-09
u024455,organic,2025-06-11
u024456,organic,2025-06-13
u024457,organic,2025-06-26
u024458,organic,2025-06-22
u024459,organic,2025-06-24
u024460,organic,2025-06-07
u024461,organic,2025-06-05
u024462,organic,2025-06-18
u024463,organic,2025-06-14
u024464,organic,2025-06-16
u024465,organic,2025-06-17
u024466,organic,2025-06-06
u024467,organic,2025-06-04
u024468,organic,2025-06-04
u024469,organic,2025-06-29
u024470,organic,2025-06-19
u024471,organic,2025-06-06
u024472,organic,2025-06-19
u024473,organic,2025-06-17
u024474,organic,2025-06-08
u024475,organic,2025-06-26
u024476,organic,2025-06-13
u024477,organic,2025-06-28
u024478,organic,2025-06-05
u024479,organic,2025-06-27
u024480,organic,2025-06-23
u024481,organic,2025-06-09
u024482,organic,2025-06-11
u024483,organic,2025-06-01
u024484,organic,2025-06-04
u024485,organic,2025-06-15
u024486,organic,2025-06-26
u024487,organic,2025-06-26
u024488,organic,2025-06-21
u024489,organic,2025-06-29
u024490,organic,2025-06-21
u024491,organic,2025-06-10
u024492,organic,2025-06-01
u024493,organic,2025-06-24
u024494,organic,2025-06-02
u024495,organic,2025-06-18
u024496,organic,2025-06-09
u024497,organic,2025-06-14
u024498,organic,2025-06-18
u024499,organic,2025-06-05
u024500,organic,2025-06-14
u024501,organic,2025-06-08
u024502,organic,2025-06-28
u024503,organic,2025-06-24
u024504,organic,2025-06-05
u024505,organic,2025-06-15
u024506,organic,2025-06-13
u024507,organic,2025-06-15
u024508,organic,2025-06-16
u024509,organic,2025-06-05
u024510,organic,2025-06-04
u024511,organic,2025-06-30
u024512,organic,2025-06-22
u024513,organic,2025-06-16
u024514,organic,2025-06-16
u024515,organic,2025-06-15
u024516,organic,2025-06-30
u024517,organic,2025-06-11
u024518,organic,2025-06-02
u024519,organic,2025-06-04
u024520,organic,2025-06-11
u024521,organic,2025-06-12
u024522,organic,2025-06-10
u024523,organic,2025-06-02
u024524,organic,2025-06-20
u024525,organic,2025-06-05
u024526,organic,2025-06-09
u024527,organic,2025-06-24
u024528,organic,2025-06-26
u024529,organic,2025-06-22
u024530,organic,2025-06-14
u024531,organic,2025-06-05
u024532,organic,2025-06-27
u024533,organic,2025-06-18
u024534,organic,2025-06-12
u024535,organic,2025-06-24
u024536,organic,2025-06-30
u024537,organic,2025-06-07
u024538,organic,2025-06-10
u024539,organic,2025-06-15
u024540,organic,2025-06-04
u024541,organic,2025-06-30
u024542,organic,2025-06-07
u024543,organic,2025-06-16
u024544,organic,2025-06-04
u024545,organic,2025-06-11
u024546,organic,2025-06-17
u024547,organic,2025-06-27
u024548,organic,2025-06-06
u024549,organic,2025-06-08
u024550,organic,2025-06-18
u024551,organic,2025-06-14
u024552,organic,2025-06-07
u024553,organic,2025-06-15
u024554,organic,2025-06-11
u024555,organic,2025-06-30
u024556,organic,2025-06-19
u024557,organic,2025-06-20
u024558,organic,2025-06-24
u024559,organic,2025-06-15
u024560,organic,2025-06-23
u024561,organic,2025-06-05
u024562,organic,2025-06-30
u024563,organic,2025-06-19
u024564,organic,2025-06-20
u024565,organic,2025-06-11
u024566,organic,2025-06-14
u024567,organic,2025-06-26
u024568,organic,2025-06-19
u024569,organic,2025-06-02
u024570,organic,2025-06-10
u024571,organic,2025-06-20
u024572,organic,2025-06-02
u024573,organic,2025-06-21
u024574,organic,2025-06-09
u024575,organic,2025-06-12
u024576,organic,2025-06-04
u024577,organic,2025-06-23
u024578,organic,2025-06-15
u024579,organic,2025-06-27
u024580,organic,2025-06-11
u024581,organic,2025-06-11
u024582,organic,2025-06-10
u024583,organic,2025-06-25
u024584,organic,2025-06-20
u024585,organic,2025-06-15
u024586,organic,2025-06-20
u024587,organic,2025-06-30
u024588,organic,2025-06-11
u024589,organic,2025-06-21
u024590,organic,2025-06-13
u024591,organic,2025-06-06
u024592,organic,2025-06-17
u024593,organic,2025-06-12
u024594,organic,2025-06-12
u024595,organic,2025-06-03
u024596,organic,2025-06-28
u024597,organic,2025-06-04
u024598,organic,2025-06-03
u024599,organic,2025-06-01
u024600,organic,2025-06-02
u024601,organic,2025-06-09
u024602,organic,2025-06-10
u024603,organic,2025-06-30
u024604,organic,2025-06-22
u024605,organic,2025-06-07
u024606,organic,2025-06-24
u024607,organic,2025-06-21
u024608,organic,2025-06-20
u024609,organic,2025-06-28
u024610,organic,2025-06-19
u024611,organic,2025-06-03
u024612,organic,2025-06-22
u024613,organic,2025-06-15
u024614,organic,2025-06-06
u024615,organic,2025-06-08
u024616,organic,2025-06-07
u024617,organic,2025-06-27
u024618,organic,2025-06-12
u024619,organic,2025-06-21
u024620,organic,2025-06-01
u024621,organic,2025-06-14
u024622,organic,2025-06-19
u024623,organic,2025-06-27
u024624,organic,2025-06-08
u024625,organic,2025-06-01
u024626,organic,2025-06-05
u024627,organic,2025-06-05
u024628,organic,2025-06-03
u024629,organic,2025-06-27
u024630,organic,2025-06-08
u024631,organic,2025-06-27
u024632,organic,2025-06-17
u024633,organic,2025-06-18
u024634,organic,2025-06-26
u024635,organic,2025-06-20
u024636,organic,2025-06-25
u024637,organic,2025-06-04
u024638,organic,2025-06-04
u024639,organic,2025-06-16
u024640,organic,2025-06-07
u024641,organic,2025-06-22
u024642,organic,2025-06-11
u024643,organic,2025-06-18
u024644,organic,2025-06-25
u024645,organic,2025-06-03
u024646,organic,2025-06-14
u024647,organic,2025-06-05
u024648,organic,2025-06-18
u024649,organic,2025-06-04
u024650,organic,2025-06-12
u024651,organic,2025-06-29
u024652,organic,2025-06-20
u024653,organic,2025-06-18
u024654,organic,2025-06-17
u024655,organic,2025-06-04
u024656,organic,2025-06-02
u024657,organic,2025-06-29
u024658,organic,2025-06-05
u024659,organic,2025-06-02
u024660,organic,2025-06-05
u024661,organic,2025-06-16
u024662,organic,2025-06-25
u024663,organic,2025-06-24
u024664,organic,2025-06-25
u024665,organic,2025-06-08
u024666,organic,2025-06-27
u024667,organic,2025-06-04
u024668,organic,2025-06-10
u024669,organic,2025-06-29
u024670,organic,2025-06-13
u024671,organic,2025-06-11
u024672,organic,2025-06-07
u024673,organic,2025-06-01
u024674,organic,2025-06-07
u024675,organic,2025-06-02
u024676,organic,2025-06-03
u024677,organic,2025-06-04
u024678,organic,2025-06-15
u024679,organic,2025-06-02
u024680,organic,2025-06-05
u024681,organic,2025-06-29
u024682,organic,2025-06-12
u024683,organic,2025-06-08
u024684,organic,2025-06-01
u024685,organic,2025-06-17
u024686,organic,2025-06-23
u024687,organic,2025-06-23
u024688,organic,2025-06-19
u024689,organic,2025-06-01
u024690,organic,2025-06-21
u024691,organic,2025-06-25
u024692,organic,2025-06-27
u024693,organic,2025-06-15
u024694,organic,2025-06-12
u024695,organic,2025-06-28
u024696,organic,2025-06-12
u024697,organic,2025-06-22
u024698,organic,2025-06-20
u024699,organic,2025-06-08
u024700,organic,2025-06-08
u024701,organic,2025-06-23
u024702,organic,2025-06-08
u024703,organic,2025-06-30
u024704,organic,2025-06-27
u024705,organic,2025-06-23
u024706,organic,2025-06-13
u024707,organic,2025-06-09
u024708,organic,2025-06-09
